O*NET-SOC Code,Title,dv_rating_alpha,dv_rating_beta,dv_rating_gamma,human_rating_alpha,human_rating_beta,human_rating_gamma,alpha_new,beta_new,gamma_new,dv_rating_new,time_based_score
11-1011.00,Chief Executives,0.1,0.46,0.8200000000000001,0.18,0.35,0.52,0.2790697674418604,0.4302325581395348,0.5813953488372093,0.4302325581395348,
11-1011.03,Chief Sustainability Officers,0.1666666666666666,0.5555555555555556,0.9444444444444444,0.0555555555555555,0.3888888888888888,0.7222222222222222,0.6666666666666666,0.8055555555555556,0.9444444444444444,0.8055555555555556,0.5506226298378181
11-1021.00,General and Operations Managers,0.0,0.4807692307692308,0.9615384615384616,0.1153846153846153,0.3846153846153846,0.6538461538461539,0.2,0.56,0.92,0.56,
11-1031.00,Legislators,0.0333333333333333,0.4,0.7666666666666666,0.2666666666666666,0.5166666666666666,0.7666666666666666,0.3666666666666666,0.3666666666666666,0.3666666666666666,0.3666666666666666,
11-2011.00,Advertising and Promotions Managers,0.0,0.4767441860465116,0.9534883720930232,0.2558139534883721,0.5465116279069767,0.8372093023255813,0.5526315789473685,0.6052631578947368,0.6578947368421053,0.6052631578947368,
11-2021.00,Marketing Managers,0.0625,0.5,0.9375,0.21875,0.578125,0.9375,0.6428571428571429,0.6785714285714286,0.7142857142857143,0.6785714285714286,
11-2022.00,Sales Managers,0.0,0.45,0.9,0.1,0.4833333333333333,0.8666666666666667,0.3809523809523809,0.5952380952380952,0.8095238095238095,0.5952380952380952,0.5079577000475907
11-2032.00,Public Relations Managers,0.15,0.55,0.95,0.25,0.5750000000000001,0.9,0.65,0.75,0.85,0.75,
11-2033.00,Fundraising Managers,0.125,0.5625,1.0,0.25,0.5,0.75,0.6875,0.78125,0.875,0.78125,
11-3012.00,Administrative Services Managers,0.0869565217391304,0.3913043478260869,0.6956521739130435,0.2608695652173913,0.5,0.7391304347826086,0.4761904761904761,0.5714285714285714,0.6666666666666666,0.5714285714285714,
11-3013.00,Facilities Managers,0.0,0.3181818181818182,0.6363636363636364,0.0909090909090909,0.2727272727272727,0.4545454545454546,0.1818181818181818,0.3181818181818182,0.4545454545454545,0.3181818181818182,
11-3013.01,Security Managers,0.0714285714285714,0.4821428571428571,0.8928571428571428,0.25,0.5357142857142857,0.8214285714285714,0.4642857142857143,0.6071428571428571,0.75,0.6071428571428571,0.6204778355261946
11-3021.00,Computer and Information Systems Managers,0.1212121212121212,0.5303030303030303,0.9393939393939394,0.303030303030303,0.5606060606060607,0.8181818181818182,0.3888888888888889,0.6388888888888888,0.8888888888888888,0.6388888888888888,
11-3031.00,Financial Managers,0.0,0.4814814814814814,0.9629629629629628,0.037037037037037,0.4259259259259259,0.8148148148148148,0.1944444444444444,0.4583333333333333,0.7222222222222222,0.4583333333333333,
11-3031.01,Treasurers and Controllers,0.0,0.4736842105263157,0.9473684210526316,0.1578947368421052,0.4078947368421052,0.6578947368421052,0.2857142857142857,0.5357142857142857,0.7857142857142857,0.5357142857142857,0.4147900927693676
11-3031.03,Investment Fund Managers,0.0,0.5,1.0,0.1714285714285714,0.5285714285714286,0.8857142857142857,0.44,0.68,0.92,0.68,
11-3051.00,Industrial Production Managers,0.0606060606060606,0.4848484848484848,0.9090909090909092,0.1515151515151515,0.3484848484848485,0.5454545454545454,0.1363636363636363,0.4772727272727273,0.8181818181818182,0.4772727272727273,
11-3051.01,Quality Control Systems Managers,0.0754716981132075,0.5094339622641509,0.9433962264150944,0.1886792452830188,0.4716981132075472,0.7547169811320754,0.6071428571428571,0.6964285714285714,0.7857142857142857,0.6964285714285714,
11-3051.02,Geothermal Production Managers,0.2,0.4833333333333333,0.7666666666666666,0.1333333333333333,0.3833333333333333,0.6333333333333333,0.1428571428571428,0.3809523809523809,0.6190476190476191,0.3809523809523809,0.2788092044108454
11-3051.03,Biofuels Production Managers,0.0,0.2857142857142857,0.5714285714285714,0.0714285714285714,0.1785714285714285,0.2857142857142857,0.0714285714285714,0.2142857142857142,0.3571428571428571,0.2142857142857142,0.16047658289656608
11-3051.04,Biomass Power Plant Managers,0.03125,0.328125,0.625,0.125,0.28125,0.4375,0.16,0.32,0.48,0.32,0.3236138415481488
11-3051.06,Hydroelectric Production Managers,0.0571428571428571,0.3428571428571428,0.6285714285714286,0.1142857142857142,0.3142857142857143,0.5142857142857142,0.2727272727272727,0.4090909090909091,0.5454545454545454,0.4090909090909091,
11-3061.00,Purchasing Managers,0.2285714285714285,0.5857142857142857,0.9428571428571428,0.1142857142857142,0.4714285714285714,0.8285714285714285,0.3684210526315789,0.631578947368421,0.8947368421052632,0.631578947368421,0.5639428611217525
11-3071.00,"Transportation, Storage, and Distribution Managers",0.0357142857142857,0.4821428571428571,0.9285714285714284,0.1785714285714285,0.4732142857142857,0.7678571428571428,0.2666666666666666,0.5666666666666667,0.8666666666666667,0.5666666666666667,
11-3071.04,Supply Chain Managers,0.0,0.4909090909090909,0.9818181818181818,0.1454545454545454,0.4727272727272727,0.7999999999999999,0.2857142857142857,0.6,0.9142857142857144,0.6,0.5898311760675867
11-3111.00,Compensation and Benefits Managers,0.131578947368421,0.513157894736842,0.894736842105263,0.1842105263157894,0.4605263157894737,0.7368421052631579,0.2941176470588235,0.5147058823529411,0.7352941176470589,0.5147058823529411,
11-3121.00,Human Resources Managers,0.04,0.48,0.92,0.14,0.45,0.76,0.2857142857142857,0.5357142857142857,0.7857142857142857,0.5357142857142857,0.41426355297810463
11-3131.00,Training and Development Managers,0.0909090909090909,0.5,0.9090909090909092,0.0454545454545454,0.4772727272727273,0.9090909090909092,0.6428571428571429,0.6785714285714286,0.7142857142857143,0.6785714285714286,0.5516316600134854
11-9013.00,"Farmers, Ranchers, and Other Agricultural Managers",0.0408163265306122,0.3673469387755101,0.6938775510204082,0.1020408163265306,0.2448979591836734,0.3877551020408163,0.3548387096774194,0.3870967741935484,0.4193548387096774,0.3870967741935484,
11-9021.00,Construction Managers,0.0444444444444444,0.4444444444444445,0.8444444444444444,0.2,0.4,0.6,0.4666666666666667,0.6,0.7333333333333333,0.6,0.426505157616084
11-9031.00,"Education and Childcare Administrators, Preschool and Daycare",0.0625,0.46875,0.875,0.28125,0.515625,0.75,0.4736842105263157,0.5526315789473685,0.631578947368421,0.5526315789473685,0.2992389179430063
11-9032.00,"Education Administrators, Kindergarten through Secondary",0.0181818181818181,0.4181818181818181,0.8181818181818181,0.2727272727272727,0.4545454545454545,0.6363636363636364,0.2682926829268293,0.4268292682926829,0.5853658536585366,0.4268292682926829,
11-9033.00,"Education Administrators, Postsecondary",0.024390243902439,0.4390243902439024,0.8536585365853658,0.3414634146341463,0.475609756097561,0.6097560975609756,0.3043478260869565,0.4565217391304347,0.6086956521739131,0.4565217391304347,
11-9041.00,Architectural and Engineering Managers,0.0,0.4714285714285714,0.9428571428571428,0.1142857142857142,0.3857142857142857,0.6571428571428571,0.3928571428571428,0.5178571428571429,0.6428571428571429,0.5178571428571429,
11-9041.01,Biofuels/Biodiesel Technology and Product Development Managers,0.1034482758620689,0.4137931034482758,0.7241379310344828,0.0,0.2758620689655172,0.5517241379310345,0.5357142857142857,0.5714285714285714,0.6071428571428571,0.5714285714285714,
11-9051.00,Food Service Managers,0.0625,0.4166666666666666,0.7708333333333333,0.1875,0.3958333333333333,0.6041666666666666,0.25,0.4305555555555556,0.6111111111111112,0.4305555555555556,
11-9071.00,Gambling Managers,0.3235294117647059,0.5735294117647058,0.8235294117647058,0.2647058823529412,0.4852941176470588,0.7058823529411764,0.1739130434782608,0.391304347826087,0.6086956521739131,0.391304347826087,
11-9072.00,"Entertainment and Recreation Managers, Except Gambling",0.1764705882352941,0.3529411764705882,0.5294117647058824,0.2352941176470588,0.3823529411764705,0.5294117647058824,0.1176470588235294,0.2352941176470588,0.3529411764705882,0.2352941176470588,
11-9081.00,Lodging Managers,0.0434782608695652,0.4565217391304347,0.8695652173913043,0.2608695652173913,0.3804347826086956,0.5,0.2307692307692307,0.4038461538461538,0.5769230769230769,0.4038461538461538,0.38816584511270746
11-9111.00,Medical and Health Services Managers,0.0,0.4285714285714285,0.8571428571428571,0.1142857142857142,0.3714285714285714,0.6285714285714286,0.2105263157894736,0.4210526315789473,0.631578947368421,0.4210526315789473,0.4328062368948811
11-9121.00,Natural Sciences Managers,0.1333333333333333,0.5666666666666667,1.0,0.3666666666666666,0.5666666666666667,0.7666666666666666,0.5555555555555556,0.5833333333333334,0.6111111111111112,0.5833333333333334,0.559042361957536
11-9121.01,Clinical Research Coordinators,0.1525423728813559,0.5254237288135593,0.8983050847457628,0.2203389830508474,0.4661016949152542,0.711864406779661,0.375,0.6,0.825,0.6,0.48561191209889865
11-9121.02,Water Resource Specialists,0.048780487804878,0.5,0.951219512195122,0.1463414634146341,0.4268292682926829,0.7073170731707318,0.5454545454545454,0.7045454545454546,0.8636363636363636,0.7045454545454546,0.7453436098443745
11-9131.00,Postmasters and Mail Superintendents,0.1428571428571428,0.5238095238095237,0.9047619047619048,0.238095238095238,0.4523809523809523,0.6666666666666666,0.1666666666666666,0.3611111111111111,0.5555555555555556,0.3611111111111111,
11-9141.00,"Property, Real Estate, and Community Association Managers",0.0,0.4431818181818182,0.8863636363636364,0.2045454545454545,0.4318181818181818,0.6590909090909091,0.2972972972972973,0.4594594594594595,0.6216216216216216,0.4594594594594595,0.3327586312162484
11-9151.00,Social and Community Service Managers,0.0714285714285714,0.3928571428571428,0.7142857142857142,0.25,0.4464285714285714,0.6428571428571428,0.45,0.55,0.65,0.55,
11-9161.00,Emergency Management Directors,0.0,0.4222222222222222,0.8444444444444444,0.4,0.6,0.8,0.5,0.5416666666666666,0.5833333333333334,0.5416666666666666,0.6914459645309293
11-9171.00,Funeral Home Managers,0.1428571428571428,0.4285714285714285,0.7142857142857142,0.2857142857142857,0.5357142857142857,0.7857142857142857,0.4583333333333333,0.5208333333333334,0.5833333333333334,0.5208333333333334,
11-9179.01,Fitness and Wellness Coordinators,0.0869565217391304,0.3804347826086956,0.6739130434782609,0.0869565217391304,0.2934782608695652,0.5,0.5384615384615384,0.5576923076923077,0.5769230769230769,0.5576923076923077,0.5596780884783736
11-9179.02,Spa Managers,0.238095238095238,0.5238095238095237,0.8095238095238095,0.1428571428571428,0.3571428571428571,0.5714285714285714,0.3809523809523809,0.5238095238095238,0.6666666666666666,0.5238095238095238,
11-9199.01,Regulatory Affairs Managers,0.1153846153846153,0.5576923076923077,1.0,0.1923076923076923,0.5384615384615385,0.8846153846153847,0.5862068965517241,0.7586206896551724,0.9310344827586208,0.7586206896551724,0.7808694860474741
11-9199.02,Compliance Managers,0.08,0.52,0.96,0.34,0.54,0.74,0.6,0.7125,0.825,0.7125,
11-9199.08,Loss Prevention Managers,0.0566037735849056,0.4339622641509433,0.8113207547169811,0.1132075471698113,0.3679245283018867,0.6226415094339622,0.1785714285714285,0.4285714285714285,0.6785714285714286,0.4285714285714285,0.48281475665070595
11-9199.09,Wind Energy Operations Managers,0.0625,0.4375,0.8125,0.1875,0.40625,0.625,0.25,0.53125,0.8125,0.53125,0.4137508397453619
11-9199.10,Wind Energy Development Managers,0.0666666666666666,0.5333333333333333,1.0,0.2666666666666666,0.5333333333333333,0.8,0.5333333333333333,0.7333333333333333,0.9333333333333332,0.7333333333333333,0.7250901690253643
11-9199.11,Brownfield Redevelopment Specialists and Site Managers,0.0465116279069767,0.4651162790697674,0.8837209302325582,0.2093023255813953,0.4069767441860465,0.6046511627906976,0.3846153846153846,0.5769230769230769,0.7692307692307693,0.5769230769230769,0.6644199077025897
13-1011.00,"Agents and Business Managers of Artists, Performers, and Athletes",0.1739130434782608,0.5434782608695652,0.9130434782608696,0.3043478260869565,0.3695652173913043,0.4347826086956521,0.4736842105263157,0.631578947368421,0.7894736842105263,0.631578947368421,
13-1021.00,"Buyers and Purchasing Agents, Farm Products",0.0555555555555555,0.5277777777777778,1.0,0.0555555555555555,0.25,0.4444444444444444,0.2222222222222222,0.4444444444444444,0.6666666666666666,0.4444444444444444,0.46702081650753274
13-1022.00,"Wholesale and Retail Buyers, Except Farm Products",0.0333333333333333,0.4666666666666667,0.9,0.1,0.4,0.7,0.4666666666666667,0.6666666666666666,0.8666666666666667,0.6666666666666666,
13-1023.00,"Purchasing Agents, Except Wholesale, Retail, and Farm Products",0.0526315789473684,0.4736842105263157,0.894736842105263,0.1578947368421052,0.3684210526315789,0.5789473684210527,0.3684210526315789,0.6052631578947368,0.8421052631578947,0.6052631578947368,0.698630133658238
13-1031.00,"Claims Adjusters, Examiners, and Investigators",0.08,0.52,0.96,0.18,0.49,0.8,0.1714285714285714,0.5428571428571428,0.9142857142857144,0.5428571428571428,
13-1032.00,"Insurance Appraisers, Auto Damage",0.0,0.5,1.0,0.1428571428571428,0.5,0.8571428571428571,0.4285714285714285,0.6428571428571429,0.8571428571428571,0.6428571428571429,0.5486652965621027
13-1041.00,Compliance Officers,0.4545454545454546,0.6818181818181819,0.9090909090909092,0.4545454545454546,0.6136363636363636,0.7727272727272727,0.3636363636363636,0.5227272727272727,0.6818181818181818,0.5227272727272727,
13-1041.01,Environmental Compliance Inspectors,0.1707317073170731,0.4512195121951219,0.7317073170731707,0.2926829268292683,0.4878048780487805,0.6829268292682927,0.5675675675675675,0.6216216216216216,0.6756756756756757,0.6216216216216216,0.500927766873517
13-1041.03,Equal Opportunity Representatives and Officers,0.4,0.6,0.8,0.3666666666666667,0.5,0.6333333333333333,0.3703703703703703,0.4629629629629629,0.5555555555555556,0.4629629629629629,
13-1041.04,Government Property Inspectors and Investigators,0.1176470588235294,0.4411764705882353,0.7647058823529411,0.1764705882352941,0.3529411764705882,0.5294117647058824,0.08,0.24,0.4,0.24,
13-1041.06,Coroners,0.1351351351351351,0.3378378378378378,0.5405405405405406,0.3243243243243243,0.4594594594594595,0.5945945945945946,0.1739130434782608,0.3260869565217391,0.4782608695652174,0.3260869565217391,0.28175270784994294
13-1041.07,Regulatory Affairs Specialists,0.0892857142857142,0.5357142857142857,0.9821428571428572,0.4285714285714285,0.6696428571428571,0.9107142857142856,0.5,0.675,0.85,0.675,
13-1041.08,Customs Brokers,0.2727272727272727,0.6363636363636364,1.0,0.3181818181818182,0.6022727272727273,0.8863636363636364,0.44,0.66,0.88,0.66,0.6803377390495499
13-1051.00,Cost Estimators,0.0,0.5,1.0,0.1538461538461538,0.4807692307692308,0.8076923076923077,0.3125,0.53125,0.75,0.53125,0.507405407592663
13-1071.00,Human Resources Specialists,0.3333333333333333,0.6444444444444445,0.9555555555555556,0.3777777777777777,0.5888888888888889,0.8,0.6666666666666666,0.8181818181818182,0.9696969696969696,0.8181818181818182,
13-1074.00,Farm Labor Contractors,0.0,0.1428571428571428,0.2857142857142857,0.0,0.0,0.0,0.0,0.15,0.3,0.15,
13-1075.00,Labor Relations Specialists,0.1698113207547169,0.5471698113207547,0.9245283018867924,0.1132075471698113,0.4433962264150943,0.7735849056603773,0.5483870967741935,0.6935483870967742,0.8387096774193549,0.6935483870967742,0.5816513923542176
13-1081.00,Logisticians,0.0909090909090909,0.5,0.9090909090909092,0.1818181818181818,0.4545454545454546,0.7272727272727273,0.5,0.6590909090909091,0.8181818181818182,0.6590909090909091,0.5033994014769559
13-1081.01,Logistics Engineers,0.0350877192982456,0.5175438596491228,1.0,0.4736842105263157,0.6842105263157894,0.894736842105263,0.6666666666666666,0.803030303030303,0.9393939393939394,0.803030303030303,0.7059560785605284
13-1081.02,Logistics Analysts,0.1320754716981132,0.5660377358490566,1.0,0.3962264150943396,0.6509433962264151,0.9056603773584906,0.5,0.75,1.0,0.75,0.694095496193895
13-1082.00,Project Management Specialists,0.1,0.55,1.0,0.05,0.4,0.75,0.7,0.85,1.0,0.85,
13-1111.00,Management Analysts,0.0952380952380952,0.4047619047619047,0.7142857142857142,0.1904761904761904,0.5,0.8095238095238095,0.5833333333333334,0.7083333333333334,0.8333333333333334,0.7083333333333334,0.7225433415514224
13-1121.00,"Meeting, Convention, and Event Planners",0.1081081081081081,0.4864864864864865,0.8648648648648649,0.081081081081081,0.3648648648648649,0.6486486486486487,0.5,0.6153846153846154,0.7307692307692307,0.6153846153846154,
13-1131.00,Fundraisers,0.1538461538461538,0.5192307692307693,0.8846153846153847,0.25,0.4903846153846154,0.7307692307692308,0.59375,0.671875,0.75,0.671875,0.4818037250703446
13-1141.00,"Compensation, Benefits, and Job Analysis Specialists",0.0789473684210526,0.4736842105263157,0.8684210526315789,0.3157894736842105,0.4736842105263157,0.631578947368421,0.3529411764705882,0.5,0.6470588235294118,0.5,
13-1151.00,Training and Development Specialists,0.1052631578947368,0.5526315789473684,1.0,0.4210526315789473,0.5921052631578947,0.763157894736842,0.5909090909090909,0.7272727272727273,0.8636363636363636,0.7272727272727273,0.6584904405144688
13-1161.00,Market Research Analysts and Marketing Specialists,0.0,0.5,1.0,0.2307692307692307,0.576923076923077,0.9230769230769232,0.5384615384615384,0.6923076923076923,0.8461538461538461,0.6923076923076923,0.8310840096508253
13-1161.01,Search Marketing Strategists,0.0983606557377049,0.5491803278688525,1.0,0.0163934426229508,0.5081967213114754,1.0,0.6595744680851063,0.8297872340425532,1.0,0.8297872340425532,0.8341614000447722
13-1199.04,Business Continuity Planners,0.1463414634146341,0.5731707317073171,1.0,0.1951219512195122,0.5,0.8048780487804879,0.5,0.7272727272727273,0.9545454545454546,0.7272727272727273,0.7081454632745605
13-1199.05,Sustainability Specialists,0.2142857142857142,0.6071428571428571,1.0,0.4285714285714285,0.6785714285714285,0.9285714285714284,0.7142857142857143,0.8214285714285714,0.9285714285714286,0.8214285714285714,0.8613675474728345
13-1199.06,Online Merchants,0.3620689655172414,0.6293103448275862,0.896551724137931,0.3103448275862069,0.5603448275862069,0.8103448275862069,0.6363636363636364,0.7840909090909091,0.9318181818181818,0.7840909090909091,
13-1199.07,Security Management Specialists,0.1739130434782608,0.5217391304347826,0.8695652173913043,0.1304347826086956,0.4130434782608695,0.6956521739130435,0.4347826086956521,0.5,0.5652173913043478,0.5,0.49045874729726174
13-2011.00,Accountants and Auditors,0.12,0.56,1.0,0.2,0.52,0.84,0.3055555555555556,0.5833333333333334,0.8611111111111112,0.5833333333333334,
13-2022.00,Appraisers of Personal and Business Property,0.1428571428571428,0.5714285714285714,1.0,0.3571428571428571,0.5714285714285714,0.7857142857142857,0.5714285714285714,0.6071428571428571,0.6428571428571429,0.6071428571428571,0.6514578084311007
13-2023.00,Appraisers and Assessors of Real Estate,0.0178571428571428,0.4910714285714285,0.9642857142857142,0.1964285714285714,0.4642857142857142,0.7321428571428571,0.5454545454545454,0.6060606060606061,0.6666666666666666,0.6060606060606061,
13-2031.00,Budget Analysts,0.08,0.52,0.96,0.32,0.64,0.96,0.1428571428571428,0.5,0.8571428571428571,0.5,0.5288625123184797
13-2041.00,Credit Analysts,0.1111111111111111,0.5555555555555556,1.0,0.2222222222222222,0.5555555555555556,0.8888888888888888,0.1333333333333333,0.5666666666666667,1.0,0.5666666666666667,0.6220730397574852
13-2051.00,Financial and Investment Analysts,0.0,0.4615384615384615,0.9230769230769232,0.1538461538461538,0.5,0.8461538461538463,0.7307692307692307,0.7884615384615384,0.8461538461538461,0.7884615384615384,
13-2052.00,Personal Financial Advisors,0.0526315789473684,0.5,0.9473684210526316,0.3947368421052631,0.6710526315789473,0.9473684210526316,0.44,0.62,0.8,0.62,0.6613841067165362
13-2053.00,Insurance Underwriters,0.1428571428571428,0.5714285714285714,1.0,0.1428571428571428,0.5,0.8571428571428571,0.1428571428571428,0.5714285714285714,1.0,0.5714285714285714,0.6056567801270871
13-2054.00,Financial Risk Specialists,0.0666666666666666,0.5333333333333333,1.0,0.2333333333333333,0.5833333333333334,0.9333333333333332,0.8,0.8833333333333333,0.9666666666666668,0.8833333333333333,
13-2061.00,Financial Examiners,0.0606060606060606,0.5,0.9393939393939394,0.303030303030303,0.5757575757575758,0.8484848484848485,0.3333333333333333,0.5,0.6666666666666666,0.5,0.43201606794740544
13-2071.00,Credit Counselors,0.2727272727272727,0.625,0.9772727272727272,0.4545454545454546,0.6931818181818182,0.931818181818182,0.6,0.74,0.88,0.74,0.7628852502485722
13-2072.00,Loan Officers,0.2045454545454545,0.5909090909090909,0.9772727272727272,0.3409090909090909,0.6477272727272727,0.9545454545454546,0.3333333333333333,0.6212121212121212,0.9090909090909092,0.6212121212121212,
13-2081.00,"Tax Examiners and Collectors, and Revenue Agents",0.1935483870967742,0.5806451612903225,0.967741935483871,0.4516129032258064,0.6774193548387096,0.9032258064516128,0.0454545454545454,0.4090909090909091,0.7727272727272727,0.4090909090909091,
13-2082.00,Tax Preparers,0.25,0.625,1.0,0.25,0.625,1.0,1.0,1.0,1.0,1.0,1.0000000000000002
13-2099.01,Financial Quantitative Analysts,0.3783783783783784,0.6891891891891893,1.0,0.3243243243243243,0.6621621621621622,1.0,0.5769230769230769,0.7884615384615384,1.0,0.7884615384615384,0.9294452557089473
13-2099.04,"Fraud Examiners, Investigators and Analysts",0.0909090909090909,0.4772727272727273,0.8636363636363636,0.1818181818181818,0.5227272727272727,0.8636363636363636,0.44,0.56,0.68,0.56,0.7793033812911868
15-1211.00,Computer Systems Analysts,0.5882352941176471,0.75,0.9117647058823528,0.1176470588235294,0.4705882352941176,0.8235294117647058,0.5625,0.671875,0.78125,0.671875,
15-1211.01,Health Informatics Specialists,0.0,0.4848484848484848,0.9696969696969696,0.3636363636363636,0.6363636363636364,0.9090909090909092,0.4444444444444444,0.6388888888888888,0.8333333333333334,0.6388888888888888,0.6905709610295157
15-1212.00,Information Security Analysts,0.3478260869565217,0.6521739130434783,0.9565217391304348,0.0869565217391304,0.5434782608695652,1.0,0.3076923076923077,0.5769230769230769,0.8461538461538461,0.5769230769230769,
15-1221.00,Computer and Information Research Scientists,0.3846153846153846,0.6346153846153847,0.8846153846153847,0.2307692307692307,0.5,0.7692307692307693,0.4736842105263157,0.6842105263157895,0.8947368421052632,0.6842105263157895,
15-1231.00,Computer Network Support Specialists,0.4615384615384615,0.6346153846153847,0.8076923076923077,0.2307692307692307,0.5384615384615385,0.8461538461538463,0.2307692307692307,0.5,0.7692307692307693,0.5,0.518605131157564
15-1232.00,Computer User Support Specialists,0.4444444444444444,0.611111111111111,0.7777777777777777,0.4814814814814814,0.6666666666666666,0.8518518518518519,0.3809523809523809,0.5476190476190477,0.7142857142857143,0.5476190476190477,
15-1241.00,Computer Network Architects,0.390625,0.6640625,0.9375,0.203125,0.5546875,0.90625,0.5142857142857142,0.6285714285714286,0.7428571428571429,0.6285714285714286,0.6472957535012954
15-1241.01,Telecommunications Engineering Specialists,0.3191489361702128,0.6063829787234043,0.8936170212765957,0.2553191489361702,0.5319148936170213,0.8085106382978723,0.2903225806451613,0.5,0.7096774193548387,0.5,0.584236284833152
15-1242.00,Database Administrators,0.8709677419354839,0.935483870967742,1.0,0.2903225806451612,0.5967741935483871,0.9032258064516128,0.4736842105263157,0.7368421052631579,1.0,0.7368421052631579,
15-1243.00,Database Architects,0.7560975609756098,0.8780487804878049,1.0,0.2439024390243902,0.5975609756097561,0.951219512195122,0.8,0.9,1.0,0.9,0.9600366037859849
15-1243.01,Data Warehousing Specialists,0.8888888888888888,0.9444444444444444,1.0,0.3888888888888888,0.6944444444444444,1.0,0.6111111111111112,0.8055555555555556,1.0,0.8055555555555556,0.8014459576489136
15-1244.00,Network and Computer Systems Administrators,0.5405405405405406,0.7297297297297298,0.918918918918919,0.1621621621621621,0.5135135135135136,0.8648648648648649,0.2608695652173913,0.4782608695652174,0.6956521739130435,0.4782608695652174,
15-1251.00,Computer Programmers,0.9,0.95,1.0,0.4333333333333333,0.6833333333333333,0.9333333333333332,0.8571428571428571,0.9285714285714286,1.0,0.9285714285714286,
15-1252.00,Software Developers,0.7894736842105263,0.8684210526315789,0.9473684210526316,0.0526315789473684,0.4473684210526315,0.8421052631578947,0.6842105263157895,0.7105263157894737,0.7368421052631579,0.7105263157894737,
15-1253.00,Software Quality Assurance Analysts and Testers,0.8070175438596491,0.8771929824561403,0.9473684210526316,0.3157894736842105,0.6140350877192982,0.912280701754386,0.6333333333333333,0.8,0.9666666666666668,0.8,
15-1254.00,Web Developers,0.8653846153846154,0.9326923076923076,1.0,0.3076923076923077,0.6346153846153847,0.9615384615384616,0.7878787878787878,0.8787878787878788,0.9696969696969696,0.8787878787878788,
15-1255.00,Web and Digital Interface Designers,0.6666666666666666,0.8333333333333333,1.0,0.3666666666666666,0.6833333333333333,1.0,0.8333333333333334,0.9166666666666666,1.0,0.9166666666666666,
15-1255.01,Video Game Designers,0.3333333333333333,0.6666666666666666,1.0,0.1666666666666666,0.5833333333333333,1.0,0.5416666666666666,0.6875,0.8333333333333334,0.6875,0.7721489462147508
15-1299.01,Web Administrators,0.8260869565217391,0.9130434782608696,1.0,0.4347826086956521,0.6739130434782609,0.9130434782608696,0.6111111111111112,0.8055555555555556,1.0,0.8055555555555556,0.8083716624372292
15-1299.02,Geographic Information Systems Technologists and Technicians,0.1851851851851851,0.5925925925925926,1.0,0.2407407407407407,0.6018518518518519,0.9629629629629628,0.3666666666666666,0.6666666666666666,0.9666666666666668,0.6666666666666666,
15-1299.03,Document Management Specialists,0.2222222222222222,0.6111111111111112,1.0,0.3555555555555555,0.6777777777777778,1.0,0.5416666666666666,0.7291666666666666,0.9166666666666666,0.7291666666666666,0.6826869074838419
15-1299.04,Penetration Testers,0.6363636363636364,0.7954545454545455,0.9545454545454546,0.3181818181818182,0.5909090909090909,0.8636363636363636,0.5909090909090909,0.75,0.9090909090909092,0.75,
15-1299.05,Information Security Engineers,0.35,0.675,1.0,0.3,0.625,0.95,0.35,0.675,1.0,0.675,0.6265718647228613
15-1299.06,Digital Forensics Analysts,0.45,0.7250000000000001,1.0,0.35,0.65,0.95,0.45,0.7,0.95,0.7,
15-1299.07,Blockchain Engineers,0.9411764705882352,0.9705882352941176,1.0,0.2352941176470588,0.5294117647058824,0.8235294117647058,0.8823529411764706,0.9411764705882352,1.0,0.9411764705882352,
15-1299.08,Computer Systems Engineers/Architects,0.5357142857142857,0.7678571428571428,1.0,0.2142857142857142,0.5714285714285714,0.9285714285714284,0.6071428571428571,0.7678571428571429,0.9285714285714286,0.7678571428571429,0.7842514318141129
15-1299.09,Information Technology Project Managers,0.1428571428571428,0.5714285714285714,1.0,0.0476190476190476,0.4523809523809523,0.8571428571428571,0.4285714285714285,0.6904761904761905,0.9523809523809524,0.6904761904761905,0.6622644550397003
15-2011.00,Actuaries,0.0,0.5,1.0,0.2222222222222222,0.537037037037037,0.8518518518518519,0.3333333333333333,0.6111111111111112,0.8888888888888888,0.6111111111111112,0.7023927582440258
15-2021.00,Mathematicians,1.0,1.0,1.0,0.3809523809523809,0.6904761904761905,1.0,1.0,1.0,1.0,1.0,1.0000000000000002
15-2031.00,Operations Research Analysts,0.2580645161290322,0.6290322580645161,1.0,0.2580645161290322,0.6290322580645161,1.0,0.8235294117647058,0.9117647058823528,1.0,0.9117647058823528,0.8722903681243587
15-2041.00,Statisticians,0.5789473684210527,0.7894736842105263,1.0,0.4736842105263157,0.7105263157894737,0.9473684210526316,0.8421052631578947,0.868421052631579,0.8947368421052632,0.868421052631579,0.9456374384581651
15-2041.01,Biostatisticians,0.32,0.66,1.0,0.6,0.74,0.88,0.76,0.8,0.84,0.8,0.8435845658090123
15-2051.00,Data Scientists,0.5,0.75,1.0,0.25,0.59375,0.9375,0.9375,0.9375,0.9375,0.9375,
15-2051.01,Business Intelligence Analysts,0.3939393939393939,0.696969696969697,1.0,0.2121212121212121,0.5757575757575758,0.9393939393939394,0.6111111111111112,0.8055555555555556,1.0,0.8055555555555556,0.6795618095147784
15-2051.02,Clinical Data Managers,0.275,0.6375000000000001,1.0,0.4,0.5750000000000001,0.75,0.6521739130434783,0.782608695652174,0.9130434782608696,0.782608695652174,0.6243627169767646
15-2099.01,Bioinformatics Technicians,0.7666666666666666,0.8666666666666667,0.9666666666666668,0.3333333333333333,0.65,0.9666666666666668,0.7407407407407407,0.8148148148148148,0.8888888888888888,0.8148148148148148,
17-1011.00,"Architects, Except Landscape and Naval",0.0697674418604651,0.4883720930232558,0.9069767441860463,0.1627906976744186,0.4302325581395348,0.6976744186046512,0.3448275862068966,0.5862068965517241,0.8275862068965517,0.5862068965517241,0.5625045277679068
17-1012.00,Landscape Architects,0.0,0.4210526315789473,0.8421052631578947,0.0526315789473684,0.3684210526315789,0.6842105263157894,0.2631578947368421,0.4473684210526316,0.631578947368421,0.4473684210526316,0.4126249383531687
17-1021.00,Cartographers and Photogrammetrists,0.04,0.52,1.0,0.08,0.46,0.84,0.2941176470588235,0.5882352941176471,0.8823529411764706,0.5882352941176471,0.5607707904924969
17-1022.00,Surveyors,0.1111111111111111,0.4888888888888889,0.8666666666666667,0.1333333333333333,0.4333333333333333,0.7333333333333334,0.4814814814814814,0.5555555555555556,0.6296296296296297,0.5555555555555556,0.6059365939978766
17-1022.01,Geodetic Surveyors,0.1875,0.53125,0.875,0.1875,0.40625,0.625,0.6875,0.78125,0.875,0.78125,0.7875626893018746
17-2011.00,Aerospace Engineers,0.2142857142857142,0.5714285714285714,0.9285714285714284,0.1428571428571428,0.5178571428571428,0.8928571428571428,0.5416666666666666,0.6666666666666666,0.7916666666666666,0.6666666666666666,
17-2021.00,Agricultural Engineers,0.074074074074074,0.4259259259259259,0.7777777777777777,0.0,0.3333333333333333,0.6666666666666666,0.0666666666666666,0.2,0.3333333333333333,0.2,0.21023701572446887
17-2031.00,Bioengineers and Biomedical Engineers,0.2307692307692307,0.5897435897435898,0.9487179487179488,0.2564102564102564,0.5384615384615384,0.8205128205128205,0.6666666666666666,0.75,0.8333333333333334,0.75,0.7451036584847396
17-2041.00,Chemical Engineers,0.0769230769230769,0.4615384615384615,0.8461538461538463,0.0769230769230769,0.3461538461538461,0.6153846153846154,0.4615384615384615,0.6153846153846154,0.7692307692307693,0.6153846153846154,0.48400740251774915
17-2051.00,Civil Engineers,0.0714285714285714,0.4464285714285714,0.8214285714285714,0.1428571428571428,0.375,0.6071428571428571,0.2608695652173913,0.4565217391304347,0.6521739130434783,0.4565217391304347,
17-2051.01,Transportation Engineers,0.0227272727272727,0.5,0.9772727272727272,0.2272727272727273,0.4886363636363636,0.75,0.2352941176470588,0.4705882352941176,0.7058823529411765,0.4705882352941176,0.44128375121888685
17-2051.02,Water/Wastewater Engineers,0.0727272727272727,0.5,0.9272727272727272,0.1454545454545454,0.5,0.8545454545454545,0.3448275862068966,0.6379310344827587,0.9310344827586208,0.6379310344827587,0.39977433921503097
17-2061.00,Computer Hardware Engineers,0.5454545454545454,0.7272727272727273,0.9090909090909092,0.1818181818181818,0.3181818181818182,0.4545454545454546,0.7142857142857143,0.7380952380952381,0.7619047619047619,0.7380952380952381,0.6950597542024195
17-2071.00,Electrical Engineers,0.28125,0.5625,0.84375,0.15625,0.40625,0.65625,0.2941176470588235,0.5294117647058824,0.7647058823529411,0.5294117647058824,
17-2072.00,"Electronics Engineers, Except Computer",0.2941176470588235,0.5735294117647058,0.8529411764705882,0.3529411764705882,0.5147058823529411,0.6764705882352942,0.5517241379310345,0.6551724137931034,0.7586206896551724,0.6551724137931034,
17-2072.01,Radio Frequency Identification Device Specialists,0.4285714285714285,0.6666666666666666,0.9047619047619048,0.0952380952380952,0.3809523809523809,0.6666666666666666,0.5714285714285714,0.6428571428571429,0.7142857142857143,0.6428571428571429,0.6470338146782032
17-2081.00,Environmental Engineers,0.1296296296296296,0.5555555555555556,0.9814814814814814,0.2407407407407407,0.5,0.7592592592592592,0.5333333333333333,0.6833333333333333,0.8333333333333334,0.6833333333333333,0.673349599119494
17-2111.00,"Health and Safety Engineers, Except Mining Safety Engineers and Inspectors",0.12,0.47,0.8200000000000001,0.4,0.52,0.64,0.4827586206896552,0.5172413793103449,0.5517241379310345,0.5172413793103449,
17-2111.02,Fire-Prevention and Protection Engineers,0.0769230769230769,0.5384615384615385,1.0,0.5384615384615385,0.6153846153846154,0.6923076923076923,0.3076923076923077,0.3461538461538461,0.3846153846153846,0.3461538461538461,0.5710669294755489
17-2112.00,Industrial Engineers,0.0526315789473684,0.5263157894736842,1.0,0.3157894736842105,0.6052631578947368,0.894736842105263,0.4545454545454545,0.6590909090909091,0.8636363636363636,0.6590909090909091,
17-2112.01,Human Factors Engineers and Ergonomists,0.14,0.51,0.88,0.32,0.52,0.72,0.6071428571428571,0.6785714285714286,0.75,0.6785714285714286,0.4882244027977377
17-2112.02,Validation Engineers,0.5,0.7023809523809523,0.9047619047619048,0.2857142857142857,0.4761904761904761,0.6666666666666666,0.5833333333333334,0.6875,0.7916666666666666,0.6875,
17-2112.03,Manufacturing Engineers,0.0425531914893617,0.4787234042553191,0.9148936170212766,0.2553191489361702,0.4787234042553191,0.7021276595744681,0.24,0.52,0.8,0.52,0.47170232674433404
17-2121.00,Marine Engineers and Naval Architects,0.1052631578947368,0.4210526315789473,0.7368421052631579,0.2631578947368421,0.4035087719298245,0.5438596491228069,0.2258064516129032,0.4193548387096774,0.6129032258064516,0.4193548387096774,0.4392101020065539
17-2131.00,Materials Engineers,0.1463414634146341,0.4878048780487805,0.8292682926829269,0.1463414634146341,0.3170731707317073,0.4878048780487805,0.4545454545454545,0.5,0.5454545454545454,0.5,0.5705776476717227
17-2141.00,Mechanical Engineers,0.0232558139534883,0.4534883720930232,0.8837209302325582,0.1860465116279069,0.3720930232558139,0.5581395348837209,0.2682926829268293,0.5,0.7317073170731707,0.5,
17-2141.01,Fuel Cell Engineers,0.2352941176470588,0.4803921568627451,0.7254901960784313,0.2941176470588235,0.4901960784313725,0.6862745098039216,0.5185185185185185,0.6111111111111112,0.7037037037037037,0.6111111111111112,0.4987986732529684
17-2141.02,Automotive Engineers,0.36,0.66,0.96,0.44,0.64,0.84,0.48,0.72,0.96,0.72,0.7100136422097548
17-2151.00,"Mining and Geological Engineers, Including Mining Safety Engineers",0.1111111111111111,0.4814814814814814,0.8518518518518519,0.4074074074074074,0.5,0.5925925925925926,0.3703703703703703,0.4814814814814814,0.5925925925925926,0.4814814814814814,
17-2161.00,Nuclear Engineers,0.25,0.55,0.8500000000000001,0.25,0.475,0.7000000000000001,0.45,0.625,0.8,0.625,0.4713765436538937
17-2171.00,Petroleum Engineers,0.1666666666666666,0.5277777777777778,0.8888888888888888,0.0833333333333333,0.4305555555555555,0.7777777777777777,0.2121212121212121,0.3939393939393939,0.5757575757575758,0.3939393939393939,
17-2199.03,"Energy Engineers, Except Wind and Solar",0.0975609756097561,0.5487804878048781,1.0,0.2439024390243902,0.5,0.7560975609756098,0.4545454545454545,0.6136363636363636,0.7727272727272727,0.6136363636363636,0.5966820947456277
17-2199.05,Mechatronics Engineers,0.1842105263157894,0.5263157894736842,0.8684210526315789,0.0,0.3026315789473684,0.6052631578947368,0.2903225806451613,0.6129032258064516,0.935483870967742,0.6129032258064516,
17-2199.06,Microsystems Engineers,0.2307692307692307,0.5128205128205128,0.7948717948717948,0.3076923076923077,0.5256410256410257,0.7435897435897436,0.2916666666666667,0.5,0.7083333333333334,0.5,
17-2199.07,Photonics Engineers,0.2,0.4777777777777778,0.7555555555555555,0.1333333333333333,0.2888888888888889,0.4444444444444445,0.4848484848484848,0.6060606060606061,0.7272727272727273,0.6060606060606061,0.572142210761584
17-2199.08,Robotics Engineers,0.4090909090909091,0.5909090909090909,0.7727272727272727,0.2272727272727273,0.4772727272727273,0.7272727272727273,0.3214285714285714,0.5535714285714286,0.7857142857142857,0.5535714285714286,0.5876826607686492
17-2199.09,Nanosystems Engineers,0.2727272727272727,0.5909090909090909,0.9090909090909092,0.1818181818181818,0.4886363636363636,0.7954545454545455,0.7419354838709677,0.8064516129032258,0.8709677419354839,0.8064516129032258,0.5288257571602325
17-2199.10,Wind Energy Engineers,0.1052631578947368,0.4736842105263157,0.8421052631578947,0.3157894736842105,0.5263157894736842,0.7368421052631579,0.4137931034482758,0.5344827586206896,0.6551724137931034,0.5344827586206896,
17-2199.11,Solar Energy Systems Engineers,0.08,0.46,0.8400000000000001,0.24,0.46,0.68,0.3571428571428571,0.6071428571428571,0.8571428571428571,0.6071428571428571,0.6112620171357032
17-3011.00,Architectural and Civil Drafters,0.12,0.54,0.96,0.18,0.52,0.86,0.3548387096774194,0.5483870967741935,0.7419354838709677,0.5483870967741935,
17-3012.00,Electrical and Electronics Drafters,0.1914893617021276,0.5744680851063829,0.9574468085106382,0.2553191489361702,0.4893617021276595,0.7234042553191489,0.25,0.475,0.7,0.475,
17-3013.00,Mechanical Drafters,0.0689655172413793,0.5,0.9310344827586208,0.0689655172413793,0.4655172413793103,0.8620689655172413,0.125,0.4375,0.75,0.4375,0.5342892560259708
17-3021.00,Aerospace Engineering and Operations Technologists and Technicians,0.1,0.325,0.55,0.0,0.225,0.45,0.0,0.125,0.25,0.125,
17-3022.00,Civil Engineering Technologists and Technicians,0.1818181818181818,0.5909090909090909,1.0,0.2727272727272727,0.4772727272727273,0.6818181818181819,0.3478260869565217,0.4782608695652174,0.6086956521739131,0.4782608695652174,
17-3023.00,Electrical and Electronic Engineering Technologists and Technicians,0.1886792452830188,0.4056603773584905,0.6226415094339622,0.0943396226415094,0.330188679245283,0.5660377358490566,0.303030303030303,0.4393939393939394,0.5757575757575758,0.4393939393939394,
17-3024.00,Electro-Mechanical and Mechatronics Technologists and Technicians,0.1707317073170731,0.3536585365853659,0.5365853658536586,0.0975609756097561,0.2317073170731707,0.3658536585365853,0.25,0.375,0.5,0.375,
17-3024.01,Robotics Technicians,0.3421052631578947,0.4210526315789473,0.5,0.0,0.2105263157894736,0.4210526315789473,0.2580645161290322,0.3870967741935484,0.5161290322580645,0.3870967741935484,
17-3025.00,Environmental Engineering Technologists and Technicians,0.1052631578947368,0.4078947368421052,0.7105263157894737,0.2368421052631578,0.4342105263157894,0.631578947368421,0.575,0.65,0.725,0.65,
17-3026.00,Industrial Engineering Technologists and Technicians,0.1111111111111111,0.4444444444444444,0.7777777777777777,0.1666666666666666,0.375,0.5833333333333333,0.2903225806451613,0.4516129032258064,0.6129032258064516,0.4516129032258064,
17-3026.01,Nanotechnology Engineering Technologists and Technicians,0.2340425531914893,0.3936170212765957,0.5531914893617021,0.1702127659574468,0.3617021276595744,0.5531914893617021,0.3076923076923077,0.3461538461538461,0.3846153846153846,0.3461538461538461,0.2907586902162702
17-3027.00,Mechanical Engineering Technologists and Technicians,0.1632653061224489,0.4795918367346938,0.7959183673469387,0.2244897959183673,0.4081632653061224,0.5918367346938775,0.2432432432432432,0.4594594594594595,0.6756756756756757,0.4594594594594595,
17-3027.01,Automotive Engineering Technicians,0.0555555555555555,0.2777777777777778,0.5,0.1111111111111111,0.2222222222222222,0.3333333333333333,0.3333333333333333,0.4166666666666667,0.5,0.4166666666666667,0.45723887773516936
17-3028.00,Calibration Technologists and Technicians,0.2,0.4,0.6,0.0666666666666666,0.2666666666666666,0.4666666666666667,0.2666666666666666,0.3666666666666666,0.4666666666666667,0.3666666666666666,
17-3029.01,Non-Destructive Testing Specialists,0.0,0.293103448275862,0.5862068965517241,0.0,0.2758620689655172,0.5517241379310345,0.1578947368421052,0.1842105263157894,0.2105263157894736,0.1842105263157894,0.28846616070308334
17-3029.08,Photonics Technicians,0.1111111111111111,0.2444444444444444,0.3777777777777777,0.0888888888888888,0.2444444444444444,0.4,0.0666666666666666,0.0777777777777777,0.0888888888888888,0.0777777777777777,
17-3031.00,Surveying and Mapping Technicians,0.0851063829787234,0.5,0.9148936170212766,0.1063829787234042,0.5106382978723404,0.9148936170212766,0.28125,0.546875,0.8125,0.546875,
19-1011.00,Animal Scientists,0.125,0.53125,0.9375,0.75,0.84375,0.9375,0.8181818181818182,0.8181818181818182,0.8181818181818182,0.8181818181818182,0.9836977822746955
19-1012.00,Food Scientists and Technologists,0.0,0.3461538461538461,0.6923076923076923,0.2307692307692307,0.5,0.7692307692307693,0.4615384615384615,0.5,0.5384615384615384,0.5,0.47811900177696554
19-1013.00,Soil and Plant Scientists,0.0,0.4891304347826087,0.9782608695652174,0.4347826086956521,0.6304347826086957,0.8260869565217391,0.4285714285714285,0.4571428571428571,0.4857142857142857,0.4571428571428571,0.2807058207264256
19-1021.00,Biochemists and Biophysicists,0.1363636363636363,0.4545454545454546,0.7727272727272727,0.2045454545454545,0.4431818181818182,0.6818181818181819,0.3928571428571428,0.4107142857142857,0.4285714285714285,0.4107142857142857,0.3755796208158809
19-1022.00,Microbiologists,0.0833333333333333,0.3958333333333333,0.7083333333333333,0.0833333333333333,0.3125,0.5416666666666666,0.5,0.5277777777777778,0.5555555555555556,0.5277777777777778,0.2560394705400964
19-1023.00,Zoologists and Wildlife Biologists,0.0952380952380952,0.4523809523809523,0.8095238095238095,0.2857142857142857,0.5238095238095237,0.7619047619047619,0.3333333333333333,0.3809523809523809,0.4285714285714285,0.3809523809523809,
19-1029.01,Bioinformatics Scientists,0.4242424242424242,0.7121212121212122,1.0,0.1515151515151515,0.5454545454545454,0.9393939393939394,0.8148148148148148,0.8518518518518519,0.8888888888888888,0.8518518518518519,
19-1029.02,Molecular and Cellular Biologists,0.1707317073170731,0.4878048780487805,0.8048780487804879,0.1951219512195122,0.4390243902439024,0.6829268292682927,0.52,0.58,0.64,0.58,0.493300210144076
19-1029.03,Geneticists,0.2093023255813953,0.5116279069767442,0.813953488372093,0.1860465116279069,0.4767441860465116,0.7674418604651163,0.4827586206896552,0.603448275862069,0.7241379310344828,0.603448275862069,0.5330400545476414
19-1029.04,Biologists,0.2058823529411764,0.4852941176470588,0.7647058823529411,0.3235294117647059,0.3823529411764705,0.4411764705882353,0.46875,0.46875,0.46875,0.46875,
19-1031.00,Conservation Scientists,0.0,0.4322033898305085,0.864406779661017,0.2711864406779661,0.5508474576271186,0.8305084745762712,0.5161290322580645,0.6129032258064516,0.7096774193548387,0.6129032258064516,0.7198144249409814
19-1031.02,Range Managers,0.0,0.3709677419354839,0.7419354838709677,0.2258064516129032,0.4032258064516129,0.5806451612903225,0.4,0.425,0.45,0.425,
19-1031.03,Park Naturalists,0.1818181818181818,0.5151515151515151,0.8484848484848485,0.1212121212121212,0.4848484848484848,0.8484848484848485,0.3333333333333333,0.3571428571428571,0.3809523809523809,0.3571428571428571,
19-1032.00,Foresters,0.0,0.3676470588235294,0.7352941176470588,0.1764705882352941,0.3676470588235294,0.5588235294117647,0.3658536585365853,0.4878048780487805,0.6097560975609756,0.4878048780487805,
19-1041.00,Epidemiologists,0.0,0.4423076923076923,0.8846153846153847,0.3461538461538461,0.5576923076923077,0.7692307692307693,0.3157894736842105,0.4210526315789473,0.5263157894736842,0.4210526315789473,
19-1042.00,"Medical Scientists, Except Epidemiologists",0.1818181818181818,0.5227272727272727,0.8636363636363636,0.3636363636363636,0.5681818181818182,0.7727272727272727,0.45,0.45,0.45,0.45,
19-2011.00,Astronomers,0.0625,0.4375,0.8125,0.25,0.421875,0.59375,0.4736842105263157,0.5,0.5263157894736842,0.5,0.566885687851208
19-2012.00,Physicists,0.5454545454545454,0.75,0.9545454545454546,0.5,0.6363636363636364,0.7727272727272727,0.3478260869565217,0.3478260869565217,0.3478260869565217,0.3478260869565217,
19-2021.00,Atmospheric and Space Scientists,0.1739130434782608,0.5652173913043478,0.9565217391304348,0.3478260869565217,0.6086956521739131,0.8695652173913043,0.5714285714285714,0.6428571428571429,0.7142857142857143,0.6428571428571429,0.7071111012753848
19-2031.00,Chemists,0.08,0.38,0.68,0.28,0.4,0.52,0.2857142857142857,0.3214285714285714,0.3571428571428571,0.3214285714285714,
19-2032.00,Materials Scientists,0.1379310344827586,0.4827586206896551,0.8275862068965517,0.4482758620689655,0.5172413793103449,0.5862068965517241,0.4736842105263157,0.5,0.5263157894736842,0.5,0.4749059504465476
19-2041.00,"Environmental Scientists and Specialists, Including Health",0.032258064516129,0.5,0.967741935483871,0.4838709677419355,0.7258064516129032,0.967741935483871,0.6571428571428571,0.7285714285714285,0.8,0.7285714285714285,
19-2041.01,Climate Change Policy Analysts,0.0714285714285714,0.5357142857142857,1.0,0.5714285714285714,0.75,0.9285714285714284,0.7857142857142857,0.7857142857142857,0.7857142857142857,0.7857142857142857,0.8451086210246257
19-2041.02,Environmental Restoration Planners,0.0869565217391304,0.5217391304347826,0.9565217391304348,0.3478260869565217,0.6521739130434783,0.9565217391304348,0.6521739130434783,0.7391304347826086,0.8260869565217391,0.7391304347826086,0.6250597214469547
19-2041.03,Industrial Ecologists,0.0588235294117647,0.5294117647058824,1.0,0.4558823529411764,0.7132352941176471,0.9705882352941176,0.7391304347826086,0.7717391304347826,0.8043478260869565,0.7717391304347826,0.9254667892343493
19-2042.00,"Geoscientists, Except Hydrologists and Geographers",0.1111111111111111,0.4666666666666667,0.8222222222222223,0.2888888888888889,0.4777777777777778,0.6666666666666667,0.4705882352941176,0.6666666666666666,0.8627450980392157,0.6666666666666666,0.5231442630589143
19-2043.00,Hydrologists,0.125,0.5,0.875,0.2916666666666666,0.53125,0.7708333333333333,0.4444444444444444,0.5555555555555556,0.6666666666666666,0.5555555555555556,0.574283270880167
19-2099.01,Remote Sensing Scientists and Technologists,0.0,0.4565217391304347,0.9130434782608696,0.1521739130434782,0.4456521739130434,0.7391304347826086,0.3461538461538461,0.5384615384615384,0.7307692307692307,0.5384615384615384,0.5287382665357252
19-3011.00,Economists,0.0,0.5,1.0,0.3333333333333333,0.4583333333333333,0.5833333333333333,0.7333333333333333,0.7333333333333333,0.7333333333333333,0.7333333333333333,0.8590615779710311
19-3011.01,Environmental Economists,0.2105263157894736,0.6052631578947368,1.0,0.5526315789473684,0.7763157894736842,1.0,0.9545454545454546,0.9545454545454546,0.9545454545454546,0.9545454545454546,0.9523132453355672
19-3022.00,Survey Researchers,0.25,0.625,1.0,0.75,0.84375,0.9375,0.8125,0.84375,0.875,0.84375,0.8750269309371929
19-3032.00,Industrial-Organizational Psychologists,0.0888888888888888,0.4888888888888889,0.888888888888889,0.3555555555555555,0.5888888888888889,0.8222222222222223,0.5333333333333333,0.6,0.6666666666666666,0.6,0.71133338497745
19-3033.00,Clinical and Counseling Psychologists,0.0925925925925925,0.3703703703703703,0.6481481481481481,0.3333333333333333,0.5092592592592592,0.6851851851851851,0.4166666666666667,0.4861111111111111,0.5555555555555556,0.4861111111111111,0.3133742114337638
19-3034.00,School Psychologists,0.0,0.3918918918918919,0.7837837837837838,0.3243243243243243,0.5810810810810811,0.8378378378378379,0.35,0.45,0.55,0.45,0.4681172605252743
19-3039.02,Neuropsychologists,0.0714285714285714,0.4642857142857142,0.8571428571428571,0.2142857142857142,0.2857142857142857,0.3571428571428571,0.1428571428571428,0.4285714285714285,0.7142857142857143,0.4285714285714285,0.3901126434170045
19-3039.03,Clinical Neuropsychologists,0.0555555555555555,0.4444444444444444,0.8333333333333333,0.2222222222222222,0.2777777777777778,0.3333333333333333,0.1111111111111111,0.3888888888888889,0.6666666666666666,0.3888888888888889,0.4145681340121408
19-3041.00,Sociologists,0.1538461538461538,0.5384615384615385,0.9230769230769232,0.3846153846153846,0.6153846153846154,0.8461538461538463,0.5384615384615384,0.5384615384615384,0.5384615384615384,0.5384615384615384,0.6351103315792975
19-3051.00,Urban and Regional Planners,0.0,0.4772727272727273,0.9545454545454546,0.2727272727272727,0.5795454545454546,0.8863636363636364,0.56,0.64,0.72,0.64,
19-3091.00,Anthropologists and Archeologists,0.0517241379310344,0.4396551724137931,0.8275862068965517,0.293103448275862,0.5172413793103449,0.7413793103448276,0.3666666666666666,0.4,0.4333333333333333,0.4,0.2936135971991016
19-3092.00,Geographers,0.1666666666666666,0.4999999999999999,0.8333333333333333,0.0833333333333333,0.375,0.6666666666666666,0.3333333333333333,0.5,0.6666666666666666,0.5,0.49240741492718787
19-3093.00,Historians,0.1052631578947368,0.4736842105263157,0.8421052631578947,0.3157894736842105,0.5,0.6842105263157894,0.72,0.76,0.8,0.76,
19-3094.00,Political Scientists,0.0416666666666666,0.4791666666666666,0.9166666666666666,0.25,0.5416666666666666,0.8333333333333333,0.6111111111111112,0.6111111111111112,0.6111111111111112,0.6111111111111112,0.6197651212858688
19-3099.01,Transportation Planners,0.0930232558139534,0.5232558139534884,0.9534883720930232,0.3720930232558139,0.6627906976744186,0.9534883720930232,0.6086956521739131,0.7608695652173914,0.9130434782608696,0.7608695652173914,0.8189800988455447
19-4012.00,Agricultural Technicians,0.1944444444444444,0.3194444444444444,0.4444444444444444,0.1111111111111111,0.1666666666666666,0.2222222222222222,0.1666666666666666,0.1785714285714285,0.1904761904761904,0.1785714285714285,
19-4012.01,Precision Agriculture Technicians,0.0909090909090909,0.5,0.9090909090909092,0.2272727272727273,0.5,0.7727272727272727,0.3181818181818182,0.5909090909090909,0.8636363636363636,0.5909090909090909,0.5536924653881973
19-4013.00,Food Science Technicians,0.2857142857142857,0.3571428571428571,0.4285714285714285,0.1071428571428571,0.2857142857142857,0.4642857142857142,0.2105263157894736,0.3157894736842105,0.4210526315789473,0.3157894736842105,0.3276628079442348
19-4021.00,Biological Technicians,0.2,0.4166666666666666,0.6333333333333333,0.0666666666666666,0.2666666666666666,0.4666666666666667,0.125,0.1875,0.25,0.1875,
19-4031.00,Chemical Technicians,0.1428571428571428,0.3928571428571428,0.6428571428571428,0.2857142857142857,0.3928571428571428,0.5,0.2,0.225,0.25,0.225,
19-4042.00,"Environmental Science and Protection Technicians, Including Health",0.2444444444444444,0.4555555555555556,0.6666666666666667,0.2444444444444444,0.4222222222222222,0.6,0.4242424242424242,0.4848484848484848,0.5454545454545454,0.4848484848484848,
19-4043.00,"Geological Technicians, Except Hydrologic Technicians",0.048780487804878,0.3902439024390244,0.7317073170731707,0.073170731707317,0.3048780487804878,0.5365853658536586,0.2093023255813953,0.3372093023255814,0.4651162790697674,0.3372093023255814,
19-4044.00,Hydrologic Technicians,0.1875,0.5,0.8125,0.25,0.53125,0.8125,0.6875,0.71875,0.75,0.71875,
19-4051.00,Nuclear Technicians,0.0714285714285714,0.1428571428571428,0.2142857142857142,0.0714285714285714,0.25,0.4285714285714285,0.0909090909090909,0.1666666666666666,0.2424242424242424,0.1666666666666666,
19-4051.02,Nuclear Monitoring Technicians,0.1515151515151515,0.2272727272727273,0.303030303030303,0.1515151515151515,0.3181818181818182,0.4848484848484848,0.2083333333333333,0.25,0.2916666666666667,0.25,
19-4061.00,Social Science Research Assistants,0.4242424242424242,0.6666666666666667,0.9090909090909092,0.3939393939393939,0.6212121212121212,0.8484848484848485,0.5277777777777778,0.6666666666666666,0.8055555555555556,0.6666666666666666,
19-4071.00,Forest and Conservation Technicians,0.0769230769230769,0.3269230769230769,0.576923076923077,0.1153846153846153,0.3269230769230769,0.5384615384615385,0.1621621621621621,0.2027027027027027,0.2432432432432432,0.2027027027027027,
19-4092.00,Forensic Science Technicians,0.064516129032258,0.3870967741935484,0.7096774193548387,0.064516129032258,0.1935483870967742,0.3225806451612903,0.125,0.234375,0.34375,0.234375,
19-4099.01,Quality Control Analysts,0.2127659574468085,0.5212765957446809,0.8297872340425532,0.2553191489361702,0.4787234042553191,0.7021276595744681,0.3870967741935484,0.532258064516129,0.6774193548387096,0.532258064516129,0.37523343211662424
19-4099.03,Remote Sensing Technicians,0.0967741935483871,0.5483870967741935,1.0,0.1290322580645161,0.4677419354838709,0.8064516129032258,0.375,0.546875,0.71875,0.546875,
19-5011.00,Occupational Health and Safety Specialists,0.0476190476190476,0.3333333333333333,0.6190476190476191,0.2857142857142857,0.3571428571428571,0.4285714285714285,0.238095238095238,0.3095238095238095,0.3809523809523809,0.3095238095238095,0.5059663393585947
19-5012.00,Occupational Health and Safety Technicians,0.125,0.3958333333333333,0.6666666666666666,0.25,0.4166666666666666,0.5833333333333333,0.2666666666666666,0.3333333333333333,0.4,0.3333333333333333,0.387216506866971
21-1011.00,Substance Abuse and Behavioral Disorder Counselors,0.0888888888888888,0.2,0.3111111111111111,0.1777777777777777,0.2888888888888889,0.4,0.125,0.2916666666666667,0.4583333333333333,0.2916666666666667,0.32429973159598247
21-1012.00,"Educational, Guidance, and Career Counselors and Advisors",0.0526315789473684,0.2894736842105263,0.5263157894736842,0.2456140350877192,0.3245614035087719,0.4035087719298245,0.2666666666666666,0.3333333333333333,0.4,0.3333333333333333,
21-1013.00,Marriage and Family Therapists,0.074074074074074,0.1111111111111111,0.1481481481481481,0.1851851851851851,0.2777777777777778,0.3703703703703703,0.0476190476190476,0.2619047619047619,0.4761904761904761,0.2619047619047619,
21-1014.00,Mental Health Counselors,0.0784313725490196,0.2549019607843137,0.4313725490196078,0.1176470588235294,0.2647058823529412,0.4117647058823529,0.0666666666666666,0.2166666666666666,0.3666666666666666,0.2166666666666666,0.20741105743587263
21-1015.00,Rehabilitation Counselors,0.064516129032258,0.3548387096774194,0.6451612903225806,0.2580645161290322,0.4677419354838709,0.6774193548387096,0.2,0.375,0.55,0.375,0.3469039155823081
21-1021.00,"Child, Family, and School Social Workers",0.0571428571428571,0.2428571428571428,0.4285714285714285,0.1714285714285714,0.3,0.4285714285714285,0.088235294117647,0.1911764705882352,0.2941176470588235,0.1911764705882352,
21-1022.00,Healthcare Social Workers,0.03125,0.34375,0.65625,0.1875,0.421875,0.65625,0.1578947368421052,0.3684210526315789,0.5789473684210527,0.3684210526315789,0.4003210509160703
21-1023.00,Mental Health and Substance Abuse Social Workers,0.0,0.2708333333333333,0.5416666666666666,0.1666666666666666,0.3541666666666666,0.5416666666666666,0.3333333333333333,0.5,0.6666666666666666,0.5,
21-1091.00,Health Education Specialists,0.2580645161290322,0.532258064516129,0.8064516129032258,0.2580645161290322,0.5,0.7419354838709677,0.7647058823529411,0.7941176470588235,0.8235294117647058,0.7941176470588235,
21-1092.00,Probation Officers and Correctional Treatment Specialists,0.1578947368421052,0.3947368421052631,0.631578947368421,0.2894736842105263,0.4473684210526315,0.6052631578947368,0.16,0.4,0.64,0.4,
21-1093.00,Social and Human Service Assistants,0.2142857142857142,0.3928571428571428,0.5714285714285714,0.2857142857142857,0.375,0.4642857142857142,0.34375,0.34375,0.34375,0.34375,
21-1094.00,Community Health Workers,0.0833333333333333,0.3194444444444444,0.5555555555555556,0.2777777777777778,0.3472222222222222,0.4166666666666666,0.2352941176470588,0.3333333333333333,0.4313725490196078,0.3333333333333333,
21-2011.00,Clergy,0.1904761904761904,0.3333333333333333,0.4761904761904761,0.1904761904761904,0.238095238095238,0.2857142857142857,0.238095238095238,0.2619047619047619,0.2857142857142857,0.2619047619047619,
21-2021.00,"Directors, Religious Activities and Education",0.1515151515151515,0.4393939393939394,0.7272727272727273,0.303030303030303,0.4545454545454546,0.6060606060606061,0.4583333333333333,0.4791666666666667,0.5,0.4791666666666667,
23-1011.00,Lawyers,0.0,0.425,0.8500000000000001,0.15,0.475,0.8,0.1923076923076923,0.4423076923076923,0.6923076923076923,0.4423076923076923,
23-1012.00,Judicial Law Clerks,0.1379310344827586,0.5172413793103449,0.896551724137931,0.0,0.4482758620689655,0.896551724137931,0.3571428571428571,0.5,0.6428571428571429,0.5,
23-1021.00,"Administrative Law Judges, Adjudicators, and Hearing Officers",0.1538461538461538,0.5,0.8461538461538463,0.0769230769230769,0.3461538461538461,0.6153846153846154,0.1875,0.46875,0.75,0.46875,0.40530262771482345
23-1022.00,"Arbitrators, Mediators, and Conciliators",0.0967741935483871,0.5,0.9032258064516128,0.0967741935483871,0.3709677419354839,0.6451612903225806,0.1724137931034483,0.3620689655172414,0.5517241379310345,0.3620689655172414,0.4154068901068964
23-1023.00,"Judges, Magistrate Judges, and Magistrates",0.0,0.4166666666666666,0.8333333333333333,0.0555555555555555,0.25,0.4444444444444444,0.1851851851851851,0.2037037037037037,0.2222222222222222,0.2037037037037037,
23-2011.00,Paralegals and Legal Assistants,0.2,0.525,0.8500000000000001,0.05,0.45,0.8500000000000001,0.0,0.15625,0.3125,0.15625,
23-2093.00,"Title Examiners, Abstractors, and Searchers",0.2142857142857142,0.5714285714285714,0.9285714285714284,0.25,0.5535714285714285,0.8571428571428571,0.4782608695652174,0.6956521739130435,0.9130434782608696,0.6956521739130435,
25-1011.00,"Business Teachers, Postsecondary",0.1818181818181818,0.4886363636363636,0.7954545454545455,0.1818181818181818,0.4204545454545454,0.6590909090909091,0.4838709677419355,0.532258064516129,0.5806451612903226,0.532258064516129,
25-1021.00,"Computer Science Teachers, Postsecondary",0.1666666666666666,0.5119047619047619,0.8571428571428571,0.1428571428571428,0.369047619047619,0.5952380952380952,0.3888888888888889,0.4444444444444444,0.5,0.4444444444444444,
25-1022.00,"Mathematical Science Teachers, Postsecondary",0.2972972972972973,0.5405405405405406,0.7837837837837838,0.1891891891891892,0.4324324324324324,0.6756756756756757,0.2857142857142857,0.4142857142857143,0.5428571428571428,0.4142857142857143,
25-1031.00,"Architecture Teachers, Postsecondary",0.1951219512195122,0.4878048780487805,0.7804878048780488,0.2195121951219512,0.426829268292683,0.6341463414634146,0.36,0.4,0.44,0.4,
25-1032.00,"Engineering Teachers, Postsecondary",0.1428571428571428,0.5,0.8571428571428571,0.2142857142857142,0.4166666666666666,0.6190476190476191,0.3,0.3833333333333333,0.4666666666666667,0.3833333333333333,
25-1041.00,"Agricultural Sciences Teachers, Postsecondary",0.2222222222222222,0.5,0.7777777777777778,0.4444444444444445,0.5888888888888889,0.7333333333333334,0.375,0.3958333333333333,0.4166666666666667,0.3958333333333333,
25-1042.00,"Biological Science Teachers, Postsecondary",0.1428571428571428,0.4693877551020408,0.7959183673469387,0.2040816326530612,0.3979591836734693,0.5918367346938775,0.40625,0.484375,0.5625,0.484375,
25-1043.00,"Forestry and Conservation Science Teachers, Postsecondary",0.1956521739130434,0.4782608695652174,0.7608695652173912,0.217391304347826,0.4239130434782608,0.6304347826086957,0.3448275862068966,0.396551724137931,0.4482758620689655,0.396551724137931,
25-1051.00,"Atmospheric, Earth, Marine, and Space Sciences Teachers, Postsecondary",0.175,0.475,0.775,0.15,0.4,0.65,0.5789473684210527,0.6578947368421053,0.7368421052631579,0.6578947368421053,
25-1052.00,"Chemistry Teachers, Postsecondary",0.1764705882352941,0.4313725490196078,0.6862745098039216,0.2352941176470588,0.4019607843137255,0.5686274509803921,0.3636363636363636,0.3787878787878788,0.3939393939393939,0.3787878787878788,
25-1053.00,"Environmental Science Teachers, Postsecondary",0.2608695652173913,0.5217391304347826,0.7826086956521738,0.1956521739130434,0.4239130434782608,0.6521739130434783,0.3448275862068966,0.4137931034482758,0.4827586206896552,0.4137931034482758,
25-1054.00,"Physics Teachers, Postsecondary",0.1162790697674418,0.4186046511627906,0.7209302325581395,0.1627906976744186,0.3720930232558139,0.5813953488372093,0.3793103448275862,0.4655172413793103,0.5517241379310345,0.4655172413793103,
25-1061.00,"Anthropology and Archeology Teachers, Postsecondary",0.2857142857142857,0.520408163265306,0.7551020408163265,0.183673469387755,0.4081632653061224,0.6326530612244897,0.3448275862068966,0.4137931034482758,0.4827586206896552,0.4137931034482758,0.35936214209467915
25-1062.00,"Area, Ethnic, and Cultural Studies Teachers, Postsecondary",0.2222222222222222,0.5,0.7777777777777778,0.2444444444444444,0.4444444444444445,0.6444444444444445,0.5833333333333334,0.625,0.6666666666666666,0.625,
25-1063.00,"Economics Teachers, Postsecondary",0.1463414634146341,0.475609756097561,0.8048780487804879,0.2195121951219512,0.4390243902439024,0.6585365853658537,0.36,0.42,0.48,0.42,
25-1064.00,"Geography Teachers, Postsecondary",0.1818181818181818,0.4772727272727273,0.7727272727272727,0.25,0.4659090909090909,0.6818181818181819,0.3548387096774194,0.4032258064516129,0.4516129032258064,0.4032258064516129,
25-1065.00,"Political Science Teachers, Postsecondary",0.1707317073170731,0.475609756097561,0.7804878048780488,0.1951219512195122,0.4146341463414634,0.6341463414634146,0.48,0.48,0.48,0.48,
25-1066.00,"Psychology Teachers, Postsecondary",0.16,0.48,0.8,0.16,0.39,0.62,0.3783783783783784,0.4324324324324324,0.4864864864864865,0.4324324324324324,
25-1067.00,"Sociology Teachers, Postsecondary",0.1363636363636363,0.4318181818181818,0.7272727272727273,0.2045454545454545,0.3977272727272727,0.5909090909090909,0.3928571428571428,0.4285714285714285,0.4642857142857143,0.4285714285714285,
25-1071.00,"Health Specialties Teachers, Postsecondary",0.125,0.475,0.8250000000000001,0.175,0.3875,0.6000000000000001,0.4137931034482758,0.4655172413793103,0.5172413793103449,0.4655172413793103,
25-1072.00,"Nursing Instructors and Teachers, Postsecondary",0.1568627450980392,0.4019607843137255,0.6470588235294118,0.1372549019607843,0.3725490196078431,0.6078431372549019,0.3888888888888889,0.4583333333333333,0.5277777777777778,0.4583333333333333,
25-1081.00,"Education Teachers, Postsecondary",0.1666666666666666,0.4880952380952381,0.8095238095238095,0.1904761904761904,0.4404761904761904,0.6904761904761905,0.3666666666666666,0.4,0.4333333333333333,0.4,0.4152134012927513
25-1082.00,"Library Science Teachers, Postsecondary",0.2127659574468085,0.5106382978723404,0.8085106382978723,0.2340425531914893,0.425531914893617,0.6170212765957447,0.5357142857142857,0.5357142857142857,0.5357142857142857,0.5357142857142857,
25-1111.00,"Criminal Justice and Law Enforcement Teachers, Postsecondary",0.225,0.5,0.775,0.2,0.4375,0.675,0.5172413793103449,0.5517241379310345,0.5862068965517241,0.5517241379310345,
25-1112.00,"Law Teachers, Postsecondary",0.125,0.45,0.775,0.425,0.5875,0.75,0.4482758620689655,0.4655172413793103,0.4827586206896552,0.4655172413793103,
25-1113.00,"Social Work Teachers, Postsecondary",0.1590909090909091,0.4204545454545454,0.6818181818181819,0.2954545454545454,0.5113636363636364,0.7272727272727273,0.3571428571428571,0.4821428571428571,0.6071428571428571,0.4821428571428571,
25-1121.00,"Art, Drama, and Music Teachers, Postsecondary",0.125,0.4375,0.75,0.375,0.59375,0.8125,0.3333333333333333,0.4166666666666667,0.5,0.4166666666666667,
25-1122.00,"Communications Teachers, Postsecondary",0.125,0.425,0.7250000000000001,0.325,0.5750000000000001,0.8250000000000001,0.4827586206896552,0.5172413793103449,0.5517241379310345,0.5172413793103449,
25-1123.00,"English Language and Literature Teachers, Postsecondary",0.25,0.5267857142857143,0.8035714285714285,0.3571428571428571,0.5714285714285714,0.7857142857142857,0.3720930232558139,0.4418604651162791,0.5116279069767442,0.4418604651162791,
25-1124.00,"Foreign Language and Literature Teachers, Postsecondary",0.2666666666666666,0.5333333333333333,0.8,0.2888888888888889,0.5666666666666667,0.8444444444444444,0.4333333333333333,0.5,0.5666666666666667,0.5,
25-1125.00,"History Teachers, Postsecondary",0.2222222222222222,0.5111111111111112,0.8,0.3555555555555555,0.5888888888888889,0.8222222222222223,0.3666666666666666,0.4333333333333333,0.5,0.4333333333333333,
25-1126.00,"Philosophy and Religion Teachers, Postsecondary",0.25,0.5113636363636364,0.7727272727272727,0.3636363636363636,0.5909090909090909,0.8181818181818182,0.44,0.44,0.44,0.44,
25-1192.00,"Family and Consumer Sciences Teachers, Postsecondary",0.2,0.5375,0.875,0.4,0.65,0.9,0.3103448275862069,0.4655172413793103,0.6206896551724138,0.4655172413793103,
25-1193.00,"Recreation and Fitness Studies Teachers, Postsecondary",0.2790697674418604,0.5581395348837209,0.8372093023255813,0.3720930232558139,0.6162790697674418,0.8604651162790697,0.4137931034482758,0.4482758620689655,0.4827586206896552,0.4482758620689655,
25-1194.00,"Career/Technical Education Teachers, Postsecondary",0.1282051282051282,0.4871794871794871,0.8461538461538461,0.2051282051282051,0.4487179487179487,0.6923076923076923,0.4285714285714285,0.4523809523809524,0.4761904761904761,0.4523809523809524,
25-2011.00,"Preschool Teachers, Except Special Education",0.0606060606060606,0.2272727272727273,0.3939393939393939,0.1515151515151515,0.3106060606060606,0.4696969696969697,0.1388888888888889,0.1527777777777778,0.1666666666666666,0.1527777777777778,
25-2012.00,"Kindergarten Teachers, Except Special Education",0.0547945205479452,0.2328767123287671,0.410958904109589,0.136986301369863,0.2945205479452054,0.4520547945205479,0.1578947368421052,0.1710526315789473,0.1842105263157894,0.1710526315789473,
25-2021.00,"Elementary School Teachers, Except Special Education",0.054054054054054,0.3108108108108108,0.5675675675675675,0.1351351351351351,0.3108108108108108,0.4864864864864865,0.175,0.2125,0.25,0.2125,
25-2022.00,"Middle School Teachers, Except Special and Career/Technical Education",0.072463768115942,0.3478260869565217,0.6231884057971014,0.2028985507246377,0.3405797101449275,0.4782608695652174,0.1944444444444444,0.25,0.3055555555555556,0.25,
25-2023.00,"Career/Technical Education Teachers, Middle School",0.1935483870967742,0.3225806451612903,0.4516129032258064,0.1612903225806451,0.3387096774193548,0.5161290322580645,0.1612903225806451,0.2258064516129032,0.2903225806451613,0.2258064516129032,
25-2031.00,"Secondary School Teachers, Except Special and Career/Technical Education",0.0317460317460317,0.3333333333333333,0.6349206349206349,0.1587301587301587,0.3412698412698413,0.5238095238095237,0.2727272727272727,0.303030303030303,0.3333333333333333,0.303030303030303,
25-2032.00,"Career/Technical Education Teachers, Secondary School",0.1515151515151515,0.3333333333333333,0.5151515151515151,0.1212121212121212,0.3333333333333333,0.5454545454545454,0.1515151515151515,0.2272727272727272,0.303030303030303,0.2272727272727272,
25-2051.00,"Special Education Teachers, Preschool",0.1142857142857142,0.1999999999999999,0.2857142857142857,0.1714285714285714,0.3071428571428571,0.4428571428571428,0.1578947368421052,0.2105263157894736,0.2631578947368421,0.2105263157894736,
25-2055.00,"Special Education Teachers, Kindergarten",0.1,0.25,0.4,0.1666666666666666,0.35,0.5333333333333333,0.2333333333333333,0.2833333333333333,0.3333333333333333,0.2833333333333333,
25-2056.00,"Special Education Teachers, Elementary School",0.1,0.3166666666666666,0.5333333333333333,0.1666666666666666,0.35,0.5333333333333333,0.3,0.3333333333333333,0.3666666666666666,0.3333333333333333,0.290393246346295
25-2057.00,"Special Education Teachers, Middle School",0.0779220779220779,0.3051948051948052,0.5324675324675325,0.1298701298701298,0.3051948051948052,0.4805194805194805,0.1395348837209302,0.1860465116279069,0.2325581395348837,0.1860465116279069,0.1620545187021781
25-2058.00,"Special Education Teachers, Secondary School",0.1025641025641025,0.3012820512820512,0.5,0.1538461538461538,0.2948717948717949,0.4358974358974359,0.1666666666666666,0.2261904761904762,0.2857142857142857,0.2261904761904762,
25-2059.01,Adapted Physical Education Specialists,0.3,0.475,0.65,0.2,0.25,0.3,0.4,0.475,0.55,0.475,0.26615056670508863
25-3011.00,"Adult Basic Education, Adult Secondary Education, and English as a Second Language Instructors",0.1764705882352941,0.4044117647058823,0.6323529411764706,0.2205882352941176,0.4264705882352941,0.6323529411764706,0.3469387755102041,0.3877551020408163,0.4285714285714285,0.3877551020408163,
25-3021.00,Self-Enrichment Teachers,0.16,0.36,0.56,0.2,0.38,0.56,0.325,0.3625,0.4,0.3625,
25-3031.00,"Substitute Teachers, Short-Term",0.2777777777777778,0.3611111111111111,0.4444444444444444,0.0,0.0833333333333333,0.1666666666666666,0.0555555555555555,0.0555555555555555,0.0555555555555555,0.0555555555555555,0.023510706385538618
25-3041.00,Tutors,0.1714285714285714,0.5428571428571428,0.9142857142857144,0.1714285714285714,0.3714285714285714,0.5714285714285714,0.4090909090909091,0.4090909090909091,0.4090909090909091,0.4090909090909091,0.28730181272932315
25-4011.00,Archivists,0.0769230769230769,0.5,0.9230769230769232,0.2307692307692307,0.5,0.7692307692307693,0.5384615384615384,0.6538461538461539,0.7692307692307693,0.6538461538461539,0.5527139660762795
25-4012.00,Curators,0.1481481481481481,0.5,0.8518518518518519,0.2592592592592592,0.5185185185185185,0.7777777777777777,0.2222222222222222,0.4166666666666667,0.6111111111111112,0.4166666666666667,
25-4013.00,Museum Technicians and Conservators,0.0526315789473684,0.2368421052631578,0.4210526315789473,0.1052631578947368,0.2368421052631578,0.3684210526315789,0.175,0.2125,0.25,0.2125,
25-4022.00,Librarians and Media Collections Specialists,0.1578947368421052,0.5350877192982456,0.912280701754386,0.2631578947368421,0.5,0.7368421052631579,0.2580645161290322,0.3548387096774194,0.4516129032258064,0.3548387096774194,
25-4031.00,Library Technicians,0.3846153846153846,0.5673076923076923,0.75,0.2692307692307693,0.5288461538461539,0.7884615384615385,0.1698113207547169,0.330188679245283,0.490566037735849,0.330188679245283,
25-9021.00,Farm and Home Management Educators,0.074074074074074,0.3703703703703703,0.6666666666666666,0.3703703703703703,0.537037037037037,0.7037037037037037,0.3333333333333333,0.3611111111111111,0.3888888888888889,0.3611111111111111,0.4151022992428616
25-9031.00,Instructional Coordinators,0.175,0.4875,0.8,0.275,0.525,0.775,0.7272727272727273,0.7727272727272727,0.8181818181818182,0.7727272727272727,
25-9042.00,"Teaching Assistants, Preschool, Elementary, Middle, and Secondary School, Except Special Education",0.2666666666666666,0.3666666666666666,0.4666666666666667,0.1666666666666666,0.2833333333333333,0.4,0.1,0.1333333333333333,0.1666666666666666,0.1333333333333333,
25-9043.00,"Teaching Assistants, Special Education",0.1666666666666666,0.2666666666666666,0.3666666666666666,0.1333333333333333,0.25,0.3666666666666666,0.0333333333333333,0.05,0.0666666666666666,0.05,
25-9044.00,"Teaching Assistants, Postsecondary",0.3333333333333333,0.5303030303030303,0.7272727272727273,0.1818181818181818,0.3636363636363636,0.5454545454545454,0.2592592592592592,0.2777777777777778,0.2962962962962963,0.2777777777777778,
27-1011.00,Art Directors,0.0689655172413793,0.5,0.9310344827586208,0.0689655172413793,0.4310344827586206,0.7931034482758621,0.1052631578947368,0.4210526315789473,0.7368421052631579,0.4210526315789473,0.4722523787038591
27-1012.00,Craft Artists,0.0,0.2586206896551724,0.5172413793103449,0.0689655172413793,0.2241379310344827,0.3793103448275862,0.375,0.46875,0.5625,0.46875,0.27975606883405757
27-1013.00,"Fine Artists, Including Painters, Sculptors, and Illustrators",0.0,0.425,0.8500000000000001,0.05,0.3125,0.5750000000000001,0.2142857142857142,0.3035714285714285,0.3928571428571428,0.3035714285714285,
27-1014.00,Special Effects Artists and Animators,0.05,0.525,1.0,0.05,0.475,0.9,0.0454545454545454,0.4318181818181818,0.8181818181818182,0.4318181818181818,
27-1021.00,Commercial and Industrial Designers,0.0,0.4655172413793103,0.9310344827586208,0.0689655172413793,0.4137931034482758,0.7586206896551724,0.5,0.6818181818181818,0.8636363636363636,0.6818181818181818,
27-1022.00,Fashion Designers,0.0,0.390625,0.78125,0.125,0.375,0.625,0.4285714285714285,0.5357142857142857,0.6428571428571429,0.5357142857142857,
27-1023.00,Floral Designers,0.0666666666666666,0.1999999999999999,0.3333333333333333,0.1,0.2666666666666666,0.4333333333333333,0.2222222222222222,0.25,0.2777777777777778,0.25,
27-1024.00,Graphic Designers,0.0,0.5,1.0,0.0,0.4107142857142857,0.8214285714285714,0.15,0.5,0.85,0.5,0.5083080404316044
27-1025.00,Interior Designers,0.0,0.5,1.0,0.1379310344827586,0.3620689655172414,0.5862068965517241,0.25,0.59375,0.9375,0.59375,0.6270726184767859
27-1026.00,Merchandise Displayers and Window Trimmers,0.0,0.3048780487804878,0.6097560975609756,0.0975609756097561,0.2682926829268293,0.4390243902439024,0.088235294117647,0.1911764705882352,0.2941176470588235,0.1911764705882352,
27-1027.00,Set and Exhibit Designers,0.0,0.3913043478260869,0.7826086956521738,0.1521739130434782,0.358695652173913,0.5652173913043478,0.2,0.4285714285714285,0.6571428571428571,0.4285714285714285,0.5272620078689855
27-2011.00,Actors,0.15625,0.1875,0.21875,0.125,0.15625,0.1875,0.12,0.12,0.12,0.12,
27-2012.00,Producers and Directors,0.1702127659574468,0.4680851063829787,0.7659574468085106,0.2553191489361702,0.4787234042553191,0.7021276595744681,0.425,0.5875,0.75,0.5875,
27-2012.03,Media Programming Directors,0.1282051282051282,0.4871794871794871,0.8461538461538461,0.4615384615384615,0.6153846153846154,0.7692307692307692,0.4,0.4666666666666667,0.5333333333333333,0.4666666666666667,
27-2012.04,Talent Directors,0.0769230769230769,0.5,0.9230769230769232,0.0769230769230769,0.3461538461538461,0.6153846153846154,0.3157894736842105,0.4473684210526316,0.5789473684210527,0.4473684210526316,
27-2012.05,Media Technical Directors/Managers,0.0,0.4230769230769231,0.8461538461538463,0.0769230769230769,0.3076923076923077,0.5384615384615385,0.2105263157894736,0.2894736842105263,0.3684210526315789,0.2894736842105263,
27-2021.00,Athletes and Sports Competitors,0.0,0.0,0.0,0.0,0.0,0.0,0.0,0.0555555555555555,0.1111111111111111,0.0555555555555555,0.05068436435029317
27-2022.00,Coaches and Scouts,0.0666666666666666,0.3,0.5333333333333333,0.0444444444444444,0.1444444444444444,0.2444444444444444,0.1794871794871795,0.2692307692307692,0.358974358974359,0.2692307692307692,
27-2023.00,"Umpires, Referees, and Other Sports Officials",0.2499999999999999,0.3125,0.375,0.125,0.1666666666666666,0.2083333333333333,0.2916666666666667,0.3333333333333333,0.375,0.3333333333333333,0.13463007241219432
27-2031.00,Dancers,0.0,0.0208333333333333,0.0416666666666666,0.0,0.0416666666666666,0.0833333333333333,0.0555555555555555,0.0555555555555555,0.0555555555555555,0.0555555555555555,
27-2032.00,Choreographers,0.0571428571428571,0.2714285714285714,0.4857142857142857,0.1428571428571428,0.1714285714285714,0.2,0.3684210526315789,0.4210526315789473,0.4736842105263157,0.4210526315789473,0.2363592260023283
27-2041.00,Music Directors and Composers,0.5263157894736842,0.7105263157894737,0.894736842105263,0.175438596491228,0.2807017543859649,0.3859649122807017,0.3548387096774194,0.5806451612903226,0.8064516129032258,0.5806451612903226,
27-2042.00,Musicians and Singers,0.2448979591836734,0.4081632653061224,0.5714285714285714,0.1020408163265306,0.1326530612244897,0.1632653061224489,0.2051282051282051,0.2307692307692307,0.2564102564102564,0.2307692307692307,
27-2091.00,"Disc Jockeys, Except Radio",0.4210526315789473,0.5263157894736842,0.631578947368421,0.1578947368421052,0.3684210526315789,0.5789473684210527,0.4210526315789473,0.4736842105263157,0.5263157894736842,0.4736842105263157,
27-3011.00,Broadcast Announcers and Radio Disc Jockeys,0.4,0.65,0.9,0.475,0.5375,0.6000000000000001,0.25,0.34375,0.4375,0.34375,
27-3023.00,"News Analysts, Reporters, and Journalists",0.3,0.65,1.0,0.4333333333333333,0.6333333333333333,0.8333333333333334,0.6,0.6166666666666667,0.6333333333333333,0.6166666666666667,0.660430905848075
27-3031.00,Public Relations Specialists,0.2424242424242424,0.5909090909090909,0.9393939393939394,0.6363636363636364,0.7878787878787878,0.9393939393939394,0.6666666666666666,0.7380952380952381,0.8095238095238095,0.7380952380952381,0.811581976060465
27-3041.00,Editors,0.3529411764705882,0.6470588235294118,0.9411764705882352,0.5294117647058824,0.6470588235294118,0.7647058823529411,0.4482758620689655,0.603448275862069,0.7586206896551724,0.603448275862069,
27-3042.00,Technical Writers,0.4666666666666667,0.7,0.9333333333333332,0.3333333333333333,0.6333333333333333,0.9333333333333332,0.4666666666666667,0.6333333333333333,0.8,0.6333333333333333,0.744138856625205
27-3043.00,Writers and Authors,0.7307692307692308,0.8653846153846154,1.0,0.6153846153846154,0.8076923076923077,1.0,0.9090909090909092,0.9090909090909092,0.9090909090909092,0.9090909090909092,
27-3043.05,"Poets, Lyricists and Creative Writers",0.8888888888888888,0.8888888888888888,0.8888888888888888,0.6666666666666666,0.7407407407407407,0.8148148148148148,0.8095238095238095,0.8095238095238095,0.8095238095238095,0.8095238095238095,0.9694142383899191
27-3091.00,Interpreters and Translators,0.88,0.88,0.88,0.8,0.84,0.88,0.6923076923076923,0.6923076923076923,0.6923076923076923,0.6923076923076923,
27-3092.00,Court Reporters and Simultaneous Captioners,0.9166666666666666,0.9583333333333331,1.0,0.125,0.5208333333333333,0.9166666666666666,0.5,0.5833333333333334,0.6666666666666666,0.5833333333333334,
27-4011.00,Audio and Video Technicians,0.125,0.4375,0.75,0.125,0.3,0.475,0.3404255319148936,0.5,0.6595744680851063,0.5,
27-4012.00,Broadcast Technicians,0.2857142857142857,0.5238095238095237,0.7619047619047619,0.0952380952380952,0.2142857142857142,0.3333333333333333,0.1333333333333333,0.2555555555555555,0.3777777777777777,0.2555555555555555,
27-4014.00,Sound Engineering Technicians,0.074074074074074,0.4259259259259259,0.7777777777777777,0.0,0.2777777777777778,0.5555555555555556,0.3333333333333333,0.4333333333333333,0.5333333333333333,0.4333333333333333,0.2512788836213721
27-4015.00,Lighting Technicians,0.0625,0.15625,0.25,0.0,0.09375,0.1875,0.0625,0.125,0.1875,0.125,
27-4021.00,Photographers,0.0416666666666666,0.3854166666666666,0.7291666666666666,0.0208333333333333,0.21875,0.4166666666666666,0.2051282051282051,0.2692307692307692,0.3333333333333333,0.2692307692307692,
27-4031.00,"Camera Operators, Television, Video, and Film",0.0606060606060606,0.4242424242424242,0.7878787878787878,0.0303030303030303,0.1818181818181818,0.3333333333333333,0.2051282051282051,0.282051282051282,0.358974358974359,0.282051282051282,
27-4032.00,Film and Video Editors,0.1111111111111111,0.5277777777777778,0.9444444444444444,0.1388888888888889,0.4722222222222222,0.8055555555555555,0.1818181818181818,0.4696969696969697,0.7575757575757576,0.4696969696969697,
29-1011.00,Chiropractors,0.1818181818181818,0.4545454545454546,0.7272727272727273,0.0909090909090909,0.3181818181818182,0.5454545454545454,0.0,0.2272727272727272,0.4545454545454545,0.2272727272727272,0.16672826494839846
29-1021.00,"Dentists, General",0.05,0.25,0.45,0.15,0.225,0.3,0.15,0.225,0.3,0.225,0.17659420790148148
29-1022.00,Oral and Maxillofacial Surgeons,0.0,0.04,0.08,0.0,0.08,0.16,0.0,0.0588235294117647,0.1176470588235294,0.0588235294117647,
29-1023.00,Orthodontists,0.0,0.3,0.6000000000000001,0.0,0.2,0.4,0.0,0.25,0.5,0.25,0.2230228994564909
29-1024.00,Prosthodontists,0.0,0.0454545454545454,0.0909090909090909,0.0,0.0909090909090909,0.1818181818181818,0.0,0.0454545454545454,0.0909090909090909,0.0454545454545454,0.048447147102527406
29-1031.00,Dietitians and Nutritionists,0.1463414634146341,0.5487804878048781,0.951219512195122,0.2682926829268293,0.4634146341463415,0.6585365853658537,0.3953488372093023,0.5232558139534884,0.6511627906976745,0.5232558139534884,0.4022377013637129
29-1041.00,Optometrists,0.0,0.3,0.6000000000000001,0.0,0.05,0.1,0.0,0.2,0.4,0.2,0.18393612933560147
29-1051.00,Pharmacists,0.1142857142857142,0.4285714285714285,0.7428571428571429,0.2857142857142857,0.3999999999999999,0.5142857142857142,0.1428571428571428,0.2678571428571428,0.3928571428571428,0.2678571428571428,
29-1071.00,Physician Assistants,0.0,0.375,0.75,0.0,0.125,0.25,0.0833333333333333,0.3333333333333333,0.5833333333333334,0.3333333333333333,0.3376960350211069
29-1071.01,Anesthesiologist Assistants,0.0,0.1666666666666666,0.3333333333333333,0.0,0.0952380952380952,0.1904761904761904,0.037037037037037,0.074074074074074,0.1111111111111111,0.074074074074074,0.05313215383442323
29-1081.00,Podiatrists,0.0,0.2857142857142857,0.5714285714285714,0.1904761904761904,0.2857142857142857,0.3809523809523809,0.0,0.1666666666666666,0.3333333333333333,0.1666666666666666,0.19743137414076548
29-1122.00,Occupational Therapists,0.1212121212121212,0.303030303030303,0.4848484848484848,0.1212121212121212,0.3939393939393939,0.6666666666666667,0.2777777777777778,0.3888888888888889,0.5,0.3888888888888889,0.3057667046577691
29-1122.01,"Low Vision Therapists, Orientation and Mobility Specialists, and Vision Rehabilitation Therapists",0.1,0.275,0.45,0.2,0.2875,0.375,0.217391304347826,0.2826086956521739,0.3478260869565217,0.2826086956521739,0.1944439479333408
29-1123.00,Physical Therapists,0.0851063829787234,0.1914893617021276,0.2978723404255319,0.1276595744680851,0.3404255319148936,0.5531914893617021,0.12,0.22,0.32,0.22,0.1573303648261101
29-1124.00,Radiation Therapists,0.048780487804878,0.2804878048780488,0.5121951219512195,0.024390243902439,0.1707317073170731,0.3170731707317073,0.04,0.2,0.36,0.2,
29-1125.00,Recreational Therapists,0.0909090909090909,0.3181818181818182,0.5454545454545454,0.0909090909090909,0.3636363636363636,0.6363636363636364,0.0909090909090909,0.2272727272727272,0.3636363636363636,0.2272727272727272,0.15284677920339512
29-1126.00,Respiratory Therapists,0.0952380952380952,0.2023809523809523,0.3095238095238095,0.0952380952380952,0.1904761904761904,0.2857142857142857,0.0,0.125,0.25,0.125,0.1660517258140172
29-1127.00,Speech-Language Pathologists,0.1707317073170731,0.4512195121951219,0.7317073170731707,0.0975609756097561,0.3902439024390244,0.6829268292682927,0.2903225806451613,0.3548387096774194,0.4193548387096774,0.3548387096774194,
29-1128.00,Exercise Physiologists,0.04,0.26,0.48,0.28,0.34,0.4,0.2,0.24,0.28,0.24,0.42593353582431376
29-1129.01,Art Therapists,0.0425531914893617,0.2978723404255319,0.5531914893617021,0.0851063829787234,0.3191489361702128,0.5531914893617021,0.1785714285714285,0.2857142857142857,0.3928571428571428,0.2857142857142857,0.2651513279397196
29-1129.02,Music Therapists,0.1333333333333333,0.4333333333333333,0.7333333333333333,0.1666666666666666,0.5,0.8333333333333334,0.4333333333333333,0.5,0.5666666666666667,0.5,0.37339124647956223
29-1131.00,Veterinarians,0.081081081081081,0.2702702702702703,0.4594594594594595,0.027027027027027,0.2297297297297297,0.4324324324324324,0.21875,0.265625,0.3125,0.265625,
29-1141.00,Registered Nurses,0.0476190476190476,0.3333333333333333,0.6190476190476191,0.1904761904761904,0.3809523809523809,0.5714285714285714,0.2564102564102564,0.3717948717948718,0.4871794871794871,0.3717948717948718,
29-1141.01,Acute Care Nurses,0.0408163265306122,0.3061224489795918,0.5714285714285714,0.1224489795918367,0.3265306122448979,0.5306122448979591,0.0625,0.328125,0.59375,0.328125,0.28044964732820493
29-1141.02,Advanced Practice Psychiatric Nurses,0.0888888888888888,0.4666666666666667,0.8444444444444444,0.3111111111111111,0.4444444444444445,0.5777777777777778,0.074074074074074,0.2777777777777778,0.4814814814814814,0.2777777777777778,0.3098534006144607
29-1141.03,Critical Care Nurses,0.1034482758620689,0.3448275862068966,0.5862068965517241,0.0344827586206896,0.1896551724137931,0.3448275862068966,0.1379310344827586,0.293103448275862,0.4482758620689655,0.293103448275862,0.23590106312543566
29-1141.04,Clinical Nurse Specialists,0.0666666666666666,0.45,0.8333333333333334,0.1333333333333333,0.3333333333333333,0.5333333333333333,0.3,0.4833333333333333,0.6666666666666666,0.4833333333333333,0.4436462410680101
29-1151.00,Nurse Anesthetists,0.0,0.1666666666666666,0.3333333333333333,0.0,0.125,0.25,0.0416666666666666,0.2083333333333333,0.375,0.2083333333333333,0.1931102615270649
29-1161.00,Nurse Midwives,0.1951219512195122,0.3902439024390244,0.5853658536585367,0.0975609756097561,0.2926829268292683,0.4878048780487805,0.2727272727272727,0.3863636363636363,0.5,0.3863636363636363,0.32515123231081694
29-1171.00,Nurse Practitioners,0.037037037037037,0.4814814814814814,0.9259259259259258,0.074074074074074,0.3148148148148147,0.5555555555555556,0.2222222222222222,0.4814814814814814,0.7407407407407407,0.4814814814814814,0.42298903482640965
29-1181.00,Audiologists,0.1363636363636363,0.4545454545454546,0.7727272727272727,0.2272727272727273,0.4545454545454546,0.6818181818181819,0.2272727272727272,0.3863636363636363,0.5454545454545454,0.3863636363636363,0.26835498575774747
29-1211.00,Anesthesiologists,0.0,0.25,0.5,0.0588235294117647,0.2941176470588235,0.5294117647058824,0.2,0.425,0.65,0.425,
29-1212.00,Cardiologists,0.0,0.3461538461538461,0.6923076923076923,0.0769230769230769,0.2307692307692307,0.3846153846153846,0.1153846153846153,0.2884615384615384,0.4615384615384615,0.2884615384615384,
29-1213.00,Dermatologists,0.0,0.3823529411764705,0.7647058823529411,0.1764705882352941,0.3235294117647059,0.4705882352941176,0.15,0.35,0.55,0.35,
29-1214.00,Emergency Medicine Physicians,0.0588235294117647,0.4411764705882353,0.8235294117647058,0.1764705882352941,0.3529411764705882,0.5294117647058824,0.0,0.2647058823529412,0.5294117647058824,0.2647058823529412,0.3197434360801197
29-1215.00,Family Medicine Physicians,0.0,0.4375,0.875,0.2083333333333333,0.375,0.5416666666666666,0.0666666666666666,0.3333333333333333,0.6,0.3333333333333333,
29-1216.00,General Internal Medicine Physicians,0.0,0.4571428571428571,0.9142857142857144,0.2857142857142857,0.3714285714285714,0.4571428571428571,0.0909090909090909,0.3636363636363636,0.6363636363636364,0.3636363636363636,
29-1217.00,Neurologists,0.0434782608695652,0.4565217391304347,0.8695652173913043,0.1304347826086956,0.3695652173913043,0.6086956521739131,0.0384615384615384,0.2884615384615384,0.5384615384615384,0.2884615384615384,0.3327347882383706
29-1218.00,Obstetricians and Gynecologists,0.0,0.3928571428571428,0.7857142857142857,0.1785714285714285,0.3035714285714285,0.4285714285714285,0.0588235294117647,0.3529411764705882,0.6470588235294118,0.3529411764705882,0.25821445733198534
29-1221.00,"Pediatricians, General",0.0,0.4833333333333333,0.9666666666666668,0.2333333333333333,0.3666666666666667,0.5,0.1904761904761904,0.3809523809523809,0.5714285714285714,0.3809523809523809,
29-1222.00,"Physicians, Pathologists",0.0606060606060606,0.4696969696969697,0.8787878787878788,0.0606060606060606,0.3181818181818182,0.5757575757575758,0.2083333333333333,0.4166666666666667,0.625,0.4166666666666667,
29-1223.00,Psychiatrists,0.0869565217391304,0.4782608695652174,0.8695652173913043,0.2608695652173913,0.5217391304347826,0.7826086956521738,0.0769230769230769,0.3076923076923077,0.5384615384615384,0.3076923076923077,0.3122237822531508
29-1224.00,Radiologists,0.0,0.4888888888888889,0.977777777777778,0.3111111111111111,0.5111111111111112,0.7111111111111111,0.28125,0.46875,0.65625,0.46875,
29-1229.01,Allergists and Immunologists,0.1666666666666666,0.45,0.7333333333333333,0.1333333333333333,0.3666666666666667,0.6,0.3333333333333333,0.5277777777777778,0.7222222222222222,0.5277777777777778,
29-1229.02,Hospitalists,0.2142857142857142,0.5714285714285714,0.9285714285714284,0.0714285714285714,0.3571428571428571,0.6428571428571428,0.0714285714285714,0.3214285714285714,0.5714285714285714,0.3214285714285714,0.30940399826087717
29-1229.03,Urologists,0.0714285714285714,0.3571428571428571,0.6428571428571428,0.1428571428571428,0.25,0.3571428571428571,0.0,0.25,0.5,0.25,
29-1229.04,Physical Medicine and Rehabilitation Physicians,0.0666666666666666,0.2666666666666666,0.4666666666666667,0.0,0.1333333333333333,0.2666666666666666,0.1333333333333333,0.3666666666666666,0.6,0.3666666666666666,0.42916237464038615
29-1229.05,Preventive Medicine Physicians,0.0,0.4666666666666667,0.9333333333333332,0.0666666666666666,0.3666666666666666,0.6666666666666666,0.2,0.4333333333333333,0.6666666666666666,0.4333333333333333,0.3385004862700573
29-1229.06,Sports Medicine Physicians,0.0754716981132075,0.3867924528301886,0.6981132075471698,0.2830188679245283,0.4339622641509433,0.5849056603773585,0.2857142857142857,0.4285714285714285,0.5714285714285714,0.4285714285714285,0.2657734208448167
29-1241.00,"Ophthalmologists, Except Pediatric",0.0588235294117647,0.4264705882352941,0.7941176470588235,0.1176470588235294,0.3382352941176471,0.5588235294117647,0.2,0.4,0.6,0.4,0.42913785421753836
29-1242.00,"Orthopedic Surgeons, Except Pediatric",0.0666666666666666,0.3333333333333333,0.6,0.0666666666666666,0.2333333333333333,0.4,0.0666666666666666,0.2666666666666666,0.4666666666666667,0.2666666666666666,
29-1243.00,Pediatric Surgeons,0.1111111111111111,0.3611111111111111,0.611111111111111,0.0555555555555555,0.2222222222222222,0.3888888888888888,0.0555555555555555,0.2222222222222222,0.3888888888888889,0.2222222222222222,
29-1291.00,Acupuncturists,0.1666666666666666,0.1666666666666666,0.1666666666666666,0.1666666666666666,0.3055555555555555,0.4444444444444444,0.0,0.2222222222222222,0.4444444444444444,0.2222222222222222,0.22680274304796227
29-1292.00,Dental Hygienists,0.0625,0.1875,0.3125,0.0,0.09375,0.1875,0.0,0.0681818181818181,0.1363636363636363,0.0681818181818181,
29-1299.01,Naturopathic Physicians,0.2051282051282051,0.4615384615384615,0.717948717948718,0.1025641025641025,0.2564102564102564,0.4102564102564102,0.0952380952380952,0.2857142857142857,0.4761904761904761,0.2857142857142857,0.24602560532044276
29-1299.02,Orthoptists,0.1875,0.53125,0.875,0.1875,0.375,0.5625,0.125,0.28125,0.4375,0.28125,0.13975656141588327
29-2011.00,Medical and Clinical Laboratory Technologists,0.0714285714285714,0.2321428571428571,0.3928571428571428,0.1428571428571428,0.2321428571428571,0.3214285714285714,0.05,0.15,0.25,0.15,
29-2011.01,Cytogenetic Technologists,0.2068965517241379,0.4224137931034483,0.6379310344827586,0.2413793103448275,0.3362068965517241,0.4310344827586206,0.28125,0.453125,0.625,0.453125,0.42969034646380816
29-2011.02,Cytotechnologists,0.16,0.42,0.68,0.0,0.16,0.32,0.0714285714285714,0.2857142857142857,0.5,0.2857142857142857,0.3066472000197768
29-2011.04,Histotechnologists,0.125,0.28125,0.4375,0.0625,0.0625,0.0625,0.0625,0.125,0.1875,0.125,0.08659077405813066
29-2012.00,Medical and Clinical Laboratory Technicians,0.0,0.2142857142857142,0.4285714285714285,0.0,0.0952380952380952,0.1904761904761904,0.1666666666666666,0.25,0.3333333333333333,0.25,
29-2012.01,Histology Technicians,0.0,0.125,0.25,0.0,0.0,0.0,0.0,0.0,0.0,0.0,0.0
29-2031.00,Cardiovascular Technologists and Technicians,0.0857142857142857,0.3571428571428571,0.6285714285714286,0.1142857142857142,0.1714285714285714,0.2285714285714285,0.1,0.2125,0.325,0.2125,
29-2032.00,Diagnostic Medical Sonographers,0.1052631578947368,0.3026315789473684,0.5,0.131578947368421,0.2894736842105263,0.4473684210526315,0.0,0.2045454545454545,0.4090909090909091,0.2045454545454545,
29-2033.00,Nuclear Medicine Technologists,0.064516129032258,0.2903225806451612,0.5161290322580645,0.1612903225806451,0.2580645161290322,0.3548387096774194,0.1,0.225,0.35,0.225,
29-2034.00,Radiologic Technologists and Technicians,0.0,0.3771929824561403,0.7543859649122806,0.1052631578947368,0.2807017543859649,0.4561403508771929,0.0333333333333333,0.2,0.3666666666666666,0.2,
29-2035.00,Magnetic Resonance Imaging Technologists,0.0444444444444444,0.3222222222222222,0.6,0.1333333333333333,0.2222222222222222,0.3111111111111111,0.0,0.1666666666666666,0.3333333333333333,0.1666666666666666,
29-2036.00,Medical Dosimetrists,0.15,0.45,0.75,0.1,0.3,0.5,0.1,0.375,0.65,0.375,
29-2042.00,Emergency Medical Technicians,0.1666666666666666,0.2083333333333333,0.25,0.0,0.2083333333333333,0.4166666666666666,0.0,0.0833333333333333,0.1666666666666666,0.0833333333333333,
29-2043.00,Paramedics,0.0769230769230769,0.1538461538461538,0.2307692307692307,0.0,0.1923076923076923,0.3846153846153846,0.0,0.0384615384615384,0.0769230769230769,0.0384615384615384,
29-2051.00,Dietetic Technicians,0.1739130434782608,0.5434782608695652,0.9130434782608696,0.0434782608695652,0.4130434782608695,0.7826086956521738,0.4375,0.5,0.5625,0.5,0.5259298646877558
29-2052.00,Pharmacy Technicians,0.2941176470588235,0.4264705882352941,0.5588235294117647,0.2352941176470588,0.4264705882352941,0.6176470588235294,0.0,0.1379310344827586,0.2758620689655172,0.1379310344827586,0.2014216884261987
29-2053.00,Psychiatric Technicians,0.0,0.12,0.24,0.16,0.34,0.52,0.0,0.0434782608695652,0.0869565217391304,0.0434782608695652,
29-2055.00,Surgical Technologists,0.0333333333333333,0.0666666666666666,0.1,0.0,0.0166666666666666,0.0333333333333333,0.0,0.0833333333333333,0.1666666666666666,0.0833333333333333,0.021579352877545616
29-2056.00,Veterinary Technologists and Technicians,0.0655737704918032,0.1639344262295082,0.2622950819672131,0.0655737704918032,0.1475409836065573,0.2295081967213114,0.0625,0.125,0.1875,0.125,
29-2057.00,Ophthalmic Medical Technicians,0.0526315789473684,0.3289473684210526,0.6052631578947368,0.0263157894736842,0.1052631578947368,0.1842105263157894,0.0,0.0454545454545454,0.0909090909090909,0.0454545454545454,0.05727130717153702
29-2061.00,Licensed Practical and Licensed Vocational Nurses,0.0789473684210526,0.25,0.4210526315789473,0.0526315789473684,0.25,0.4473684210526315,0.0,0.0483870967741935,0.0967741935483871,0.0483870967741935,
29-2072.00,Medical Records Specialists,0.2352941176470588,0.6176470588235294,1.0,0.2352941176470588,0.5588235294117647,0.8823529411764706,0.1764705882352941,0.5588235294117647,0.9411764705882352,0.5588235294117647,
29-2081.00,"Opticians, Dispensing",0.0952380952380952,0.2857142857142857,0.4761904761904761,0.1428571428571428,0.238095238095238,0.3333333333333333,0.0952380952380952,0.238095238095238,0.3809523809523809,0.238095238095238,0.291164637448311
29-2091.00,Orthotists and Prosthetists,0.1724137931034483,0.2758620689655172,0.3793103448275862,0.0,0.1896551724137931,0.3793103448275862,0.25,0.34375,0.4375,0.34375,0.27201130346441404
29-2092.00,Hearing Aid Specialists,0.0,0.2,0.4,0.0,0.05,0.1,0.0769230769230769,0.0769230769230769,0.0769230769230769,0.0769230769230769,0.014548321819472507
29-2099.01,Neurodiagnostic Technologists,0.0625,0.34375,0.625,0.125,0.1875,0.25,0.0625,0.1875,0.3125,0.1875,0.17864476813664842
29-2099.05,Ophthalmic Medical Technologists,0.0333333333333333,0.3666666666666666,0.7,0.0,0.0666666666666666,0.1333333333333333,0.0303030303030303,0.0909090909090909,0.1515151515151515,0.0909090909090909,0.1406626337374773
29-2099.08,Patient Representatives,0.0952380952380952,0.5238095238095237,0.9523809523809524,0.3333333333333333,0.5714285714285714,0.8095238095238095,0.3333333333333333,0.5277777777777778,0.7222222222222222,0.5277777777777778,0.611242952694116
29-9021.00,Health Information Technologists and Medical Registrars,0.3125,0.65625,1.0,0.3125,0.53125,0.75,0.375,0.59375,0.8125,0.59375,
29-9091.00,Athletic Trainers,0.0930232558139534,0.2790697674418604,0.4651162790697674,0.3255813953488372,0.4069767441860465,0.4883720930232558,0.1538461538461538,0.1923076923076923,0.2307692307692307,0.1923076923076923,
29-9092.00,Genetic Counselors,0.1052631578947368,0.5,0.894736842105263,0.3684210526315789,0.631578947368421,0.894736842105263,0.2631578947368421,0.4473684210526316,0.631578947368421,0.4473684210526316,0.3571345010125491
29-9093.00,Surgical Assistants,0.0,0.0392156862745098,0.0784313725490196,0.0,0.0392156862745098,0.0784313725490196,0.0,0.0151515151515151,0.0303030303030303,0.0151515151515151,
29-9099.01,Midwives,0.1571428571428571,0.3785714285714285,0.6,0.1,0.25,0.3999999999999999,0.1052631578947368,0.25,0.3947368421052631,0.25,
31-1121.00,Home Health Aides,0.0769230769230769,0.0769230769230769,0.0769230769230769,0.0,0.0384615384615384,0.0769230769230769,0.0,0.0263157894736842,0.0526315789473684,0.0263157894736842,0.05810659929206559
31-1122.00,Personal Care Aides,0.1666666666666666,0.2222222222222222,0.2777777777777778,0.2222222222222222,0.3333333333333333,0.4444444444444444,0.2,0.2333333333333333,0.2666666666666666,0.2333333333333333,0.27411945927450143
31-1131.00,Nursing Assistants,0.0508474576271186,0.1016949152542373,0.1525423728813559,0.0338983050847457,0.135593220338983,0.2372881355932203,0.0,0.05,0.1,0.05,
31-1132.00,Orderlies,0.0,0.0,0.0,0.0,0.046875,0.09375,0.0,0.0,0.0,0.0,
31-1133.00,Psychiatric Aides,0.125,0.125,0.125,0.0,0.125,0.25,0.0,0.0789473684210526,0.1578947368421052,0.0789473684210526,0.06254235767998716
31-2011.00,Occupational Therapy Assistants,0.1860465116279069,0.2674418604651162,0.3488372093023256,0.1395348837209302,0.2325581395348837,0.3255813953488372,0.1739130434782608,0.2391304347826087,0.3043478260869565,0.2391304347826087,
31-2012.00,Occupational Therapy Aides,0.2222222222222222,0.2407407407407407,0.2592592592592592,0.0,0.074074074074074,0.1481481481481481,0.0555555555555555,0.0833333333333333,0.1111111111111111,0.0833333333333333,
31-2021.00,Physical Therapist Assistants,0.1025641025641025,0.1538461538461538,0.2051282051282051,0.0,0.1025641025641025,0.2051282051282051,0.0416666666666666,0.0833333333333333,0.125,0.0833333333333333,
31-2022.00,Physical Therapist Aides,0.1212121212121212,0.1818181818181818,0.2424242424242424,0.0606060606060606,0.1515151515151515,0.2424242424242424,0.0,0.0833333333333333,0.1666666666666666,0.0833333333333333,0.12062680666864503
31-9011.00,Massage Therapists,0.074074074074074,0.074074074074074,0.074074074074074,0.074074074074074,0.1851851851851851,0.2962962962962963,0.3333333333333333,0.3666666666666666,0.4,0.3666666666666666,0.3192930779953161
31-9091.00,Dental Assistants,0.1333333333333333,0.2666666666666666,0.4,0.0,0.1,0.2,0.0,0.0833333333333333,0.1666666666666666,0.0833333333333333,0.10053755264359981
31-9092.00,Medical Assistants,0.1794871794871795,0.358974358974359,0.5384615384615384,0.0512820512820512,0.141025641025641,0.2307692307692307,0.0,0.1904761904761904,0.3809523809523809,0.1904761904761904,
31-9093.00,Medical Equipment Preparers,0.074074074074074,0.1111111111111111,0.1481481481481481,0.0,0.037037037037037,0.074074074074074,0.0476190476190476,0.0952380952380952,0.1428571428571428,0.0952380952380952,
31-9094.00,Medical Transcriptionists,0.8214285714285714,0.875,0.9285714285714284,0.1428571428571428,0.2321428571428571,0.3214285714285714,0.4705882352941176,0.7058823529411765,0.9411764705882352,0.7058823529411765,0.7518156973550679
31-9095.00,Pharmacy Aides,0.24,0.38,0.52,0.08,0.14,0.2,0.0,0.1923076923076923,0.3846153846153846,0.1923076923076923,
31-9096.00,Veterinary Assistants and Laboratory Animal Caretakers,0.1111111111111111,0.2222222222222222,0.3333333333333333,0.1481481481481481,0.1481481481481481,0.1481481481481481,0.0333333333333333,0.1,0.1666666666666666,0.1,0.12381682218395164
31-9097.00,Phlebotomists,0.1463414634146341,0.1829268292682926,0.2195121951219512,0.048780487804878,0.1097560975609756,0.1707317073170731,0.0,0.0967741935483871,0.1935483870967742,0.0967741935483871,
31-9099.01,Speech-Language Pathology Assistants,0.3157894736842105,0.6052631578947368,0.894736842105263,0.1052631578947368,0.2105263157894736,0.3157894736842105,0.2857142857142857,0.3928571428571428,0.5,0.3928571428571428,
31-9099.02,Endoscopy Technicians,0.0833333333333333,0.125,0.1666666666666666,0.0,0.0,0.0,0.0833333333333333,0.125,0.1666666666666666,0.125,0.031955056561142024
33-1011.00,First-Line Supervisors of Correctional Officers,0.217391304347826,0.2826086956521739,0.3478260869565217,0.217391304347826,0.2826086956521739,0.3478260869565217,0.217391304347826,0.2391304347826087,0.2608695652173913,0.2391304347826087,0.1677563767637475
33-1012.00,First-Line Supervisors of Police and Detectives,0.1052631578947368,0.3289473684210526,0.5526315789473684,0.1578947368421052,0.3552631578947368,0.5526315789473684,0.1818181818181818,0.3636363636363636,0.5454545454545454,0.3636363636363636,
33-1021.00,First-Line Supervisors of Firefighting and Prevention Workers,0.2264150943396226,0.4150943396226415,0.6037735849056604,0.320754716981132,0.4056603773584905,0.490566037735849,0.375,0.421875,0.46875,0.421875,
33-1091.00,First-Line Supervisors of Security Workers,0.238095238095238,0.4047619047619047,0.5714285714285714,0.1428571428571428,0.2619047619047618,0.3809523809523809,0.238095238095238,0.3809523809523809,0.5238095238095238,0.3809523809523809,
33-2011.00,Firefighters,0.1052631578947368,0.1403508771929824,0.175438596491228,0.0701754385964912,0.087719298245614,0.1052631578947368,0.0333333333333333,0.0333333333333333,0.0333333333333333,0.0333333333333333,
33-2021.00,Fire Inspectors and Investigators,0.1346153846153846,0.2884615384615385,0.4423076923076923,0.25,0.3846153846153846,0.5192307692307693,0.1842105263157894,0.2763157894736842,0.3684210526315789,0.2763157894736842,
33-2022.00,Forest Fire Inspectors and Prevention Specialists,0.125,0.21875,0.3125,0.25,0.375,0.5,0.0625,0.09375,0.125,0.09375,0.22245253678035473
33-3011.00,Bailiffs,0.0357142857142857,0.0357142857142857,0.0357142857142857,0.0714285714285714,0.1607142857142857,0.25,0.0,0.0588235294117647,0.1176470588235294,0.0588235294117647,
33-3012.00,Correctional Officers and Jailers,0.2272727272727273,0.2613636363636363,0.2954545454545454,0.1136363636363636,0.2386363636363636,0.3636363636363636,0.0294117647058823,0.1029411764705882,0.1764705882352941,0.1029411764705882,
33-3021.00,Detectives and Criminal Investigators,0.1,0.3166666666666666,0.5333333333333333,0.0666666666666666,0.3,0.5333333333333333,0.1333333333333333,0.2333333333333333,0.3333333333333333,0.2333333333333333,
33-3021.02,Police Identification and Records Officers,0.0769230769230769,0.3461538461538461,0.6153846153846154,0.0769230769230769,0.3461538461538461,0.6153846153846154,0.0526315789473684,0.1578947368421052,0.2631578947368421,0.1578947368421052,
33-3021.06,Intelligence Analysts,0.088235294117647,0.5294117647058824,0.9705882352941176,0.088235294117647,0.3970588235294117,0.7058823529411764,0.1923076923076923,0.4807692307692308,0.7692307692307693,0.4807692307692308,0.4526463240066255
33-3031.00,Fish and Game Wardens,0.0909090909090909,0.2840909090909091,0.4772727272727273,0.0454545454545454,0.1590909090909091,0.2727272727272727,0.0357142857142857,0.0892857142857142,0.1428571428571428,0.0892857142857142,
33-3041.00,Parking Enforcement Workers,0.1794871794871795,0.3205128205128205,0.4615384615384615,0.1025641025641025,0.3205128205128205,0.5384615384615384,0.0,0.0833333333333333,0.1666666666666666,0.0833333333333333,
33-3051.00,Police and Sheriff's Patrol Officers,0.0689655172413793,0.25,0.4310344827586206,0.1379310344827586,0.2327586206896551,0.3275862068965517,0.0625,0.140625,0.21875,0.140625,
33-3051.04,Customs and Border Protection Officers,0.2857142857142857,0.4523809523809523,0.6190476190476191,0.0952380952380952,0.2619047619047618,0.4285714285714285,0.25,0.375,0.5,0.375,
33-3052.00,Transit and Railroad Police,0.0833333333333333,0.2499999999999999,0.4166666666666666,0.25,0.4375,0.625,0.2222222222222222,0.2222222222222222,0.2222222222222222,0.2222222222222222,
33-9011.00,Animal Control Workers,0.2666666666666666,0.35,0.4333333333333333,0.0,0.1333333333333333,0.2666666666666666,0.2777777777777778,0.3611111111111111,0.4444444444444444,0.3611111111111111,0.4568379846391451
33-9021.00,Private Detectives and Investigators,0.074074074074074,0.3888888888888888,0.7037037037037037,0.2222222222222222,0.3888888888888888,0.5555555555555556,0.1666666666666666,0.2083333333333333,0.25,0.2083333333333333,
33-9031.00,Gambling Surveillance Officers and Gambling Investigators,0.25,0.4375,0.625,0.0,0.3125,0.625,0.25,0.4375,0.625,0.4375,
33-9032.00,Security Guards,0.1666666666666666,0.1666666666666666,0.1666666666666666,0.1666666666666666,0.2499999999999999,0.3333333333333333,0.0555555555555555,0.1388888888888889,0.2222222222222222,0.1388888888888889,0.14641271812898154
33-9091.00,Crossing Guards and Flaggers,0.0526315789473684,0.1052631578947368,0.1578947368421052,0.0,0.2631578947368421,0.5263157894736842,0.0,0.0294117647058823,0.0588235294117647,0.0294117647058823,0.01343227862853711
33-9092.00,"Lifeguards, Ski Patrol, and Other Recreational Protective Service Workers",0.08,0.08,0.08,0.08,0.16,0.24,0.05,0.05,0.05,0.05,
33-9093.00,Transportation Security Screeners,0.0,0.26,0.52,0.04,0.23,0.42,0.0,0.0714285714285714,0.1428571428571428,0.0714285714285714,0.08337787100590618
33-9094.00,School Bus Monitors,0.1666666666666666,0.1666666666666666,0.1666666666666666,0.0,0.1944444444444444,0.3888888888888888,0.0555555555555555,0.0555555555555555,0.0555555555555555,0.0555555555555555,
33-9099.02,Retail Loss Prevention Specialists,0.0975609756097561,0.3780487804878049,0.6585365853658537,0.1463414634146341,0.3414634146341463,0.5365853658536586,0.2272727272727272,0.4090909090909091,0.5909090909090909,0.4090909090909091,
35-1011.00,Chefs and Head Cooks,0.0952380952380952,0.2619047619047618,0.4285714285714285,0.1428571428571428,0.2619047619047618,0.3809523809523809,0.2857142857142857,0.3809523809523809,0.4761904761904761,0.3809523809523809,0.1857334267342222
35-1012.00,First-Line Supervisors of Food Preparation and Serving Workers,0.2222222222222222,0.5111111111111112,0.8,0.0444444444444444,0.2555555555555555,0.4666666666666667,0.2424242424242424,0.3939393939393939,0.5454545454545454,0.3939393939393939,
35-2011.00,"Cooks, Fast Food",0.0,0.0,0.0,0.0,0.0263157894736842,0.0526315789473684,0.0526315789473684,0.0789473684210526,0.1052631578947368,0.0789473684210526,
35-2012.00,"Cooks, Institution and Cafeteria",0.0344827586206896,0.1206896551724137,0.2068965517241379,0.0344827586206896,0.0862068965517241,0.1379310344827586,0.3636363636363636,0.4318181818181818,0.5,0.4318181818181818,
35-2013.00,"Cooks, Private Household",0.16,0.24,0.32,0.16,0.28,0.4,0.2142857142857142,0.2142857142857142,0.2142857142857142,0.2142857142857142,0.1993414676553543
35-2014.00,"Cooks, Restaurant",0.027027027027027,0.0945945945945946,0.1621621621621621,0.081081081081081,0.1216216216216216,0.1621621621621621,0.217391304347826,0.2391304347826087,0.2608695652173913,0.2391304347826087,
35-2015.00,"Cooks, Short Order",0.0,0.0,0.0,0.0,0.0,0.0,0.0,0.125,0.25,0.125,
35-2021.00,Food Preparation Workers,0.0185185185185185,0.037037037037037,0.0555555555555555,0.0,0.0462962962962962,0.0925925925925925,0.0,0.0256410256410256,0.0512820512820512,0.0256410256410256,
35-3011.00,Bartenders,0.1111111111111111,0.1944444444444444,0.2777777777777778,0.0833333333333333,0.1388888888888889,0.1944444444444444,0.125,0.2083333333333333,0.2916666666666667,0.2083333333333333,
35-3023.00,Fast Food and Counter Workers,0.0208333333333333,0.0625,0.1041666666666666,0.0208333333333333,0.0729166666666666,0.125,0.0,0.0555555555555555,0.1111111111111111,0.0555555555555555,
35-3023.01,Baristas,0.1052631578947368,0.131578947368421,0.1578947368421052,0.1578947368421052,0.1578947368421052,0.1578947368421052,0.0,0.0526315789473684,0.1052631578947368,0.0526315789473684,0.05134313221404955
35-3031.00,Waiters and Waitresses,0.0816326530612244,0.183673469387755,0.2857142857142857,0.2040816326530612,0.2244897959183673,0.2448979591836734,0.0384615384615384,0.0576923076923076,0.0769230769230769,0.0576923076923076,
35-3041.00,"Food Servers, Nonrestaurant",0.074074074074074,0.1296296296296296,0.1851851851851851,0.0,0.1111111111111111,0.2222222222222222,0.0,0.0666666666666666,0.1333333333333333,0.0666666666666666,0.06713630860432154
35-9011.00,Dining Room and Cafeteria Attendants and Bartender Helpers,0.0,0.0,0.0,0.0,0.0,0.0,0.0,0.0,0.0,0.0,
35-9021.00,Dishwashers,0.0,0.0,0.0,0.0,0.0,0.0,0.0,0.0,0.0,0.0,
35-9031.00,"Hosts and Hostesses, Restaurant, Lounge, and Coffee Shop",0.0571428571428571,0.2285714285714285,0.3999999999999999,0.1999999999999999,0.3285714285714285,0.4571428571428571,0.1290322580645161,0.2096774193548387,0.2903225806451613,0.2096774193548387,
37-1011.00,First-Line Supervisors of Housekeeping and Janitorial Workers,0.1632653061224489,0.2653061224489795,0.3673469387755101,0.0816326530612244,0.2551020408163265,0.4285714285714285,0.3448275862068966,0.4482758620689655,0.5517241379310345,0.4482758620689655,0.4012817015299996
37-1012.00,"First-Line Supervisors of Landscaping, Lawn Service, and Groundskeeping Workers",0.1454545454545454,0.3545454545454545,0.5636363636363636,0.0727272727272727,0.2454545454545454,0.4181818181818181,0.3793103448275862,0.4482758620689655,0.5172413793103449,0.4482758620689655,
37-2011.00,"Janitors and Cleaners, Except Maids and Housekeeping Cleaners",0.0,0.0,0.0,0.0,0.0277777777777777,0.0555555555555555,0.0,0.0151515151515151,0.0303030303030303,0.0151515151515151,
37-2012.00,Maids and Housekeeping Cleaners,0.0,0.0,0.0,0.0588235294117647,0.0588235294117647,0.0588235294117647,0.0,0.0,0.0,0.0,
37-2021.00,Pest Control Workers,0.1666666666666666,0.25,0.3333333333333333,0.0833333333333333,0.2291666666666666,0.375,0.0952380952380952,0.119047619047619,0.1428571428571428,0.119047619047619,
37-3011.00,Landscaping and Groundskeeping Workers,0.0,0.024390243902439,0.048780487804878,0.0,0.024390243902439,0.048780487804878,0.05,0.05,0.05,0.05,
37-3012.00,"Pesticide Handlers, Sprayers, and Applicators, Vegetation",0.0,0.0555555555555555,0.1111111111111111,0.0555555555555555,0.0555555555555555,0.0555555555555555,0.0,0.0416666666666666,0.0833333333333333,0.0416666666666666,0.05935258336429534
37-3013.00,Tree Trimmers and Pruners,0.048780487804878,0.0609756097560975,0.073170731707317,0.0,0.0609756097560975,0.1219512195121951,0.081081081081081,0.081081081081081,0.081081081081081,0.081081081081081,
39-1013.00,First-Line Supervisors of Gambling Services Workers,0.3076923076923077,0.4326923076923077,0.5576923076923077,0.173076923076923,0.3365384615384615,0.5,0.2222222222222222,0.3055555555555556,0.3888888888888889,0.3055555555555556,
39-1014.00,"First-Line Supervisors of Entertainment and Recreation Workers, Except Gambling Services",0.1578947368421052,0.3684210526315789,0.5789473684210527,0.2631578947368421,0.3421052631578947,0.4210526315789473,0.4210526315789473,0.4736842105263157,0.5263157894736842,0.4736842105263157,
39-1022.00,First-Line Supervisors of Personal Service Workers,0.1034482758620689,0.4137931034482758,0.7241379310344828,0.2413793103448275,0.3620689655172414,0.4827586206896551,0.4444444444444444,0.5277777777777778,0.6111111111111112,0.5277777777777778,
39-2011.00,Animal Trainers,0.0689655172413793,0.1034482758620689,0.1379310344827586,0.1379310344827586,0.1379310344827586,0.1379310344827586,0.0714285714285714,0.0714285714285714,0.0714285714285714,0.0714285714285714,
39-2021.00,Animal Caretakers,0.1818181818181818,0.2727272727272727,0.3636363636363636,0.1515151515151515,0.1818181818181818,0.2121212121212121,0.1212121212121212,0.1363636363636363,0.1515151515151515,0.1363636363636363,
39-3011.00,Gambling Dealers,0.1351351351351351,0.1351351351351351,0.1351351351351351,0.1081081081081081,0.1486486486486486,0.1891891891891892,0.0769230769230769,0.0769230769230769,0.0769230769230769,0.0769230769230769,
39-3012.00,Gambling and Sports Book Writers and Runners,0.2307692307692307,0.2692307692307693,0.3076923076923077,0.0769230769230769,0.2307692307692307,0.3846153846153846,0.075,0.1125,0.15,0.1125,
39-3021.00,Motion Picture Projectionists,0.0909090909090909,0.1818181818181818,0.2727272727272727,0.0,0.0757575757575757,0.1515151515151515,0.0606060606060606,0.0606060606060606,0.0606060606060606,0.0606060606060606,
39-3031.00,"Ushers, Lobby Attendants, and Ticket Takers",0.1142857142857142,0.1428571428571428,0.1714285714285714,0.1428571428571428,0.1999999999999999,0.2571428571428571,0.0588235294117647,0.0588235294117647,0.0588235294117647,0.0588235294117647,0.008786567606081111
39-3091.00,Amusement and Recreation Attendants,0.1923076923076923,0.2115384615384615,0.2307692307692307,0.3076923076923077,0.3653846153846154,0.4230769230769231,0.064516129032258,0.0967741935483871,0.1290322580645161,0.0967741935483871,
39-3092.00,Costume Attendants,0.1111111111111111,0.2638888888888889,0.4166666666666666,0.0,0.2361111111111111,0.4722222222222222,0.2592592592592592,0.2777777777777778,0.2962962962962963,0.2777777777777778,
39-3093.00,"Locker Room, Coatroom, and Dressing Room Attendants",0.064516129032258,0.064516129032258,0.064516129032258,0.064516129032258,0.1451612903225806,0.2258064516129032,0.0,0.0394736842105263,0.0789473684210526,0.0394736842105263,
39-4011.00,Embalmers,0.04,0.04,0.04,0.0,0.04,0.08,0.1071428571428571,0.125,0.1428571428571428,0.125,
39-4012.00,Crematory Operators,0.0,0.0416666666666666,0.0833333333333333,0.0,0.125,0.25,0.0,0.0,0.0,0.0,
39-4021.00,Funeral Attendants,0.1777777777777777,0.1777777777777777,0.1777777777777777,0.1555555555555555,0.2333333333333333,0.3111111111111111,0.0909090909090909,0.1515151515151515,0.2121212121212121,0.1515151515151515,
39-4031.00,"Morticians, Undertakers, and Funeral Arrangers",0.0930232558139534,0.1627906976744186,0.2325581395348837,0.0,0.0930232558139534,0.1860465116279069,0.217391304347826,0.3043478260869565,0.391304347826087,0.3043478260869565,
39-5011.00,Barbers,0.088235294117647,0.1617647058823529,0.2352941176470588,0.0,0.0735294117647058,0.1470588235294117,0.1923076923076923,0.2115384615384615,0.2307692307692307,0.2115384615384615,
39-5012.00,"Hairdressers, Hairstylists, and Cosmetologists",0.0526315789473684,0.0789473684210526,0.1052631578947368,0.0,0.0526315789473684,0.1052631578947368,0.064516129032258,0.0967741935483871,0.1290322580645161,0.0967741935483871,
39-5091.00,"Makeup Artists, Theatrical and Performance",0.048780487804878,0.3414634146341463,0.6341463414634146,0.048780487804878,0.2439024390243902,0.4390243902439024,0.2727272727272727,0.3409090909090909,0.4090909090909091,0.3409090909090909,0.215985505481047
39-5092.00,Manicurists and Pedicurists,0.0555555555555555,0.0833333333333333,0.1111111111111111,0.0,0.0555555555555555,0.1111111111111111,0.0555555555555555,0.0833333333333333,0.1111111111111111,0.0833333333333333,
39-5093.00,Shampooers,0.1428571428571428,0.1428571428571428,0.1428571428571428,0.0,0.0714285714285714,0.1428571428571428,0.4,0.4,0.4,0.4,0.13403578518309384
39-5094.00,Skincare Specialists,0.0606060606060606,0.1969696969696969,0.3333333333333333,0.0606060606060606,0.106060606060606,0.1515151515151515,0.0952380952380952,0.119047619047619,0.1428571428571428,0.119047619047619,
39-6011.00,Baggage Porters and Bellhops,0.074074074074074,0.1481481481481481,0.2222222222222222,0.2592592592592592,0.2777777777777778,0.2962962962962963,0.125,0.1666666666666666,0.2083333333333333,0.1666666666666666,
39-6012.00,Concierges,0.1333333333333333,0.4666666666666667,0.8,0.6666666666666666,0.7,0.7333333333333333,0.3888888888888889,0.5,0.6111111111111112,0.5,0.6812826751420097
39-7011.00,Tour Guides and Escorts,0.1538461538461538,0.2692307692307693,0.3846153846153846,0.3076923076923077,0.3461538461538461,0.3846153846153846,0.1290322580645161,0.1290322580645161,0.1290322580645161,0.1290322580645161,
39-7012.00,Travel Guides,0.16,0.38,0.6,0.32,0.4,0.48,0.2692307692307692,0.3269230769230769,0.3846153846153846,0.3269230769230769,
39-9011.00,Childcare Workers,0.1136363636363636,0.1477272727272727,0.1818181818181818,0.2045454545454545,0.3295454545454545,0.4545454545454546,0.1290322580645161,0.1290322580645161,0.1290322580645161,0.1290322580645161,
39-9011.01,Nannies,0.1081081081081081,0.1351351351351351,0.1621621621621621,0.2702702702702703,0.3513513513513513,0.4324324324324324,0.2,0.2,0.2,0.2,0.09123732723414478
39-9031.00,Exercise Trainers and Group Fitness Instructors,0.0,0.0147058823529411,0.0294117647058823,0.1470588235294117,0.2352941176470588,0.3235294117647059,0.125,0.15625,0.1875,0.15625,
39-9032.00,Recreation Workers,0.119047619047619,0.238095238095238,0.3571428571428571,0.0952380952380952,0.25,0.4047619047619047,0.4,0.4166666666666667,0.4333333333333333,0.4166666666666667,0.314667299259231
39-9041.00,Residential Advisors,0.1,0.24,0.38,0.18,0.28,0.38,0.25,0.3,0.35,0.3,0.27935368153298595
41-1011.00,First-Line Supervisors of Retail Sales Workers,0.081081081081081,0.4864864864864865,0.8918918918918919,0.1621621621621621,0.4054054054054054,0.6486486486486487,0.2307692307692307,0.4038461538461538,0.5769230769230769,0.4038461538461538,
41-1012.00,First-Line Supervisors of Non-Retail Sales Workers,0.1111111111111111,0.537037037037037,0.9629629629629628,0.1851851851851851,0.4444444444444444,0.7037037037037037,0.4074074074074074,0.5,0.5925925925925926,0.5,
41-2011.00,Cashiers,0.1395348837209302,0.2093023255813953,0.2790697674418604,0.2325581395348837,0.3604651162790697,0.4883720930232558,0.0909090909090909,0.1818181818181818,0.2727272727272727,0.1818181818181818,
41-2012.00,Gambling Change Persons and Booth Cashiers,0.238095238095238,0.2619047619047618,0.2857142857142857,0.0,0.3095238095238095,0.6190476190476191,0.0416666666666666,0.1041666666666666,0.1666666666666666,0.1041666666666666,
41-2021.00,Counter and Rental Clerks,0.2580645161290322,0.532258064516129,0.8064516129032258,0.5483870967741935,0.6774193548387096,0.8064516129032258,0.0588235294117647,0.3529411764705882,0.6470588235294118,0.3529411764705882,0.41999777412149975
41-2022.00,Parts Salespersons,0.1714285714285714,0.3428571428571428,0.5142857142857142,0.2857142857142857,0.3428571428571428,0.3999999999999999,0.0909090909090909,0.25,0.4090909090909091,0.25,0.3351473329498982
41-2031.00,Retail Salespersons,0.0789473684210526,0.3421052631578947,0.6052631578947368,0.2631578947368421,0.3552631578947368,0.4473684210526315,0.2058823529411764,0.3235294117647059,0.4411764705882353,0.3235294117647059,0.2019332374552915
41-3011.00,Advertising Sales Agents,0.1794871794871795,0.5384615384615384,0.8974358974358974,0.4358974358974359,0.6923076923076923,0.9487179487179488,0.6190476190476191,0.7380952380952381,0.8571428571428571,0.7380952380952381,
41-3021.00,Insurance Sales Agents,0.1515151515151515,0.5757575757575758,1.0,0.3333333333333333,0.5303030303030303,0.7272727272727273,0.1666666666666666,0.5208333333333334,0.875,0.5208333333333334,
41-3031.00,"Securities, Commodities, and Financial Services Sales Agents",0.2115384615384615,0.6057692307692308,1.0,0.2692307692307693,0.5192307692307693,0.7692307692307693,0.3823529411764705,0.6323529411764706,0.8823529411764706,0.6323529411764706,
41-3041.00,Travel Agents,0.125,0.5625,1.0,0.25,0.5625,0.875,0.375,0.625,0.875,0.625,0.5999594326609949
41-3091.00,"Sales Representatives of Services, Except Advertising, Insurance, Financial Services, and Travel",0.3333333333333333,0.6333333333333333,0.9333333333333332,0.3333333333333333,0.5666666666666667,0.8,0.5333333333333333,0.7333333333333333,0.9333333333333332,0.7333333333333333,
41-4011.00,"Sales Representatives, Wholesale and Manufacturing, Technical and Scientific Products",0.1578947368421052,0.5350877192982456,0.912280701754386,0.3859649122807017,0.5701754385964912,0.7543859649122806,0.3333333333333333,0.5098039215686274,0.6862745098039216,0.5098039215686274,
41-4011.07,Solar Sales Representatives and Assessors,0.0,0.4615384615384615,0.9230769230769232,0.3846153846153846,0.576923076923077,0.7692307692307693,0.4615384615384615,0.6538461538461539,0.8461538461538461,0.6538461538461539,0.7145511419585205
41-4012.00,"Sales Representatives, Wholesale and Manufacturing, Except Technical and Scientific Products",0.2413793103448275,0.6206896551724138,1.0,0.4827586206896551,0.7068965517241379,0.9310344827586208,0.1071428571428571,0.3928571428571428,0.6785714285714286,0.3928571428571428,
41-9011.00,Demonstrators and Product Promoters,0.0512820512820512,0.1282051282051282,0.2051282051282051,0.2051282051282051,0.3974358974358974,0.5897435897435898,0.2121212121212121,0.2272727272727272,0.2424242424242424,0.2272727272727272,
41-9012.00,Models,0.1333333333333333,0.2333333333333333,0.3333333333333333,0.0666666666666666,0.4,0.7333333333333334,0.2222222222222222,0.2222222222222222,0.2222222222222222,0.2222222222222222,
41-9021.00,Real Estate Brokers,0.0,0.5,1.0,0.125,0.421875,0.71875,0.36,0.5,0.64,0.5,
41-9022.00,Real Estate Sales Agents,0.0,0.4375,0.875,0.2857142857142857,0.4107142857142857,0.5357142857142857,0.3488372093023256,0.5465116279069767,0.7441860465116279,0.5465116279069767,0.5767094048818071
41-9031.00,Sales Engineers,0.1590909090909091,0.5113636363636364,0.8636363636363636,0.3181818181818182,0.5340909090909091,0.75,0.4193548387096774,0.5483870967741935,0.6774193548387096,0.5483870967741935,
41-9041.00,Telemarketers,0.611111111111111,0.8055555555555555,1.0,0.2222222222222222,0.5277777777777778,0.8333333333333333,0.1666666666666666,0.5833333333333334,1.0,0.5833333333333334,0.5408608875177259
41-9091.00,"Door-to-Door Sales Workers, News and Street Vendors, and Related Workers",0.1739130434782608,0.2608695652173913,0.3478260869565217,0.5217391304347826,0.5217391304347826,0.5217391304347826,0.3076923076923077,0.3076923076923077,0.3076923076923077,0.3076923076923077,0.18913712214320358
43-1011.00,First-Line Supervisors of Office and Administrative Support Workers,0.0833333333333333,0.4895833333333333,0.8958333333333333,0.2291666666666666,0.53125,0.8333333333333333,0.4871794871794871,0.6794871794871795,0.8717948717948718,0.6794871794871795,
43-2011.00,"Switchboard Operators, Including Answering Service",0.5161290322580645,0.6290322580645161,0.7419354838709677,0.3870967741935484,0.4838709677419355,0.5806451612903225,0.5,0.6538461538461539,0.8076923076923077,0.6538461538461539,
43-2021.00,Telephone Operators,0.8421052631578947,0.894736842105263,0.9473684210526316,0.3684210526315789,0.5526315789473684,0.7368421052631579,0.2068965517241379,0.5,0.7931034482758621,0.5,
43-3011.00,Bill and Account Collectors,0.3928571428571428,0.6964285714285714,1.0,0.1071428571428571,0.4285714285714285,0.75,0.1764705882352941,0.5588235294117647,0.9411764705882352,0.5588235294117647,0.4810809202980406
43-3021.00,Billing and Posting Clerks,0.6904761904761905,0.7738095238095237,0.8571428571428571,0.1904761904761904,0.4166666666666666,0.6428571428571428,0.2790697674418604,0.4883720930232558,0.6976744186046512,0.4883720930232558,
43-3031.00,"Bookkeeping, Accounting, and Auditing Clerks",0.6046511627906976,0.8023255813953488,1.0,0.1395348837209302,0.313953488372093,0.4883720930232558,0.425531914893617,0.6595744680851063,0.8936170212765957,0.6595744680851063,
43-3041.00,Gambling Cage Workers,0.3870967741935484,0.4193548387096774,0.4516129032258064,0.3225806451612903,0.4193548387096774,0.5161290322580645,0.1,0.175,0.25,0.175,0.1071664258079635
43-3051.00,Payroll and Timekeeping Clerks,0.6756756756756757,0.8378378378378379,1.0,0.1621621621621621,0.4864864864864865,0.8108108108108109,0.0344827586206896,0.4482758620689655,0.8620689655172413,0.4482758620689655,
43-3061.00,Procurement Clerks,0.2571428571428571,0.6142857142857142,0.9714285714285714,0.2571428571428571,0.4571428571428571,0.6571428571428571,0.3181818181818182,0.5909090909090909,0.8636363636363636,0.5909090909090909,0.6240091469615943
43-3071.00,Tellers,0.3125,0.5416666666666666,0.7708333333333333,0.2291666666666666,0.3333333333333333,0.4375,0.0,0.3205128205128205,0.6410256410256411,0.3205128205128205,
43-4011.00,Brokerage Clerks,0.5333333333333333,0.7666666666666666,1.0,0.7333333333333333,0.8,0.8666666666666667,0.0666666666666666,0.4666666666666667,0.8666666666666667,0.4666666666666667,
43-4021.00,Correspondence Clerks,0.9642857142857142,0.9642857142857142,0.9642857142857142,0.5714285714285714,0.7321428571428571,0.8928571428571428,0.4857142857142857,0.5714285714285714,0.6571428571428571,0.5714285714285714,
43-4031.00,"Court, Municipal, and License Clerks",0.4363636363636363,0.7,0.9636363636363636,0.3090909090909091,0.5909090909090908,0.8727272727272727,0.28125,0.59375,0.90625,0.59375,
43-4041.00,"Credit Authorizers, Checkers, and Clerks",0.35,0.65,0.95,0.25,0.5750000000000001,0.9,0.1739130434782608,0.4347826086956521,0.6956521739130435,0.4347826086956521,
43-4051.00,Customer Service Representatives,0.1363636363636363,0.5681818181818182,1.0,0.5454545454545454,0.7045454545454546,0.8636363636363636,0.1739130434782608,0.5,0.8260869565217391,0.5,
43-4061.00,"Eligibility Interviewers, Government Programs",0.4,0.68,0.96,0.28,0.62,0.96,0.4615384615384615,0.6923076923076923,0.9230769230769232,0.6923076923076923,
43-4071.00,File Clerks,0.6764705882352942,0.7941176470588235,0.9117647058823528,0.1764705882352941,0.4705882352941176,0.7647058823529411,0.2608695652173913,0.4565217391304347,0.6521739130434783,0.4565217391304347,
43-4081.00,"Hotel, Motel, and Resort Desk Clerks",0.2051282051282051,0.5,0.7948717948717948,0.2051282051282051,0.3974358974358974,0.5897435897435898,0.0476190476190476,0.3333333333333333,0.6190476190476191,0.3333333333333333,0.4008483738242039
43-4111.00,"Interviewers, Except Eligibility and Loan",0.5172413793103449,0.6724137931034483,0.8275862068965517,0.3103448275862069,0.4310344827586206,0.5517241379310345,0.4090909090909091,0.4772727272727273,0.5454545454545454,0.4772727272727273,
43-4121.00,"Library Assistants, Clerical",0.3275862068965517,0.5344827586206896,0.7413793103448276,0.2413793103448275,0.4396551724137931,0.6379310344827586,0.1951219512195122,0.3170731707317073,0.4390243902439024,0.3170731707317073,
43-4131.00,Loan Interviewers and Clerks,0.1875,0.59375,1.0,0.125,0.5,0.875,0.2727272727272727,0.6363636363636364,1.0,0.6363636363636364,0.6876096721154642
43-4141.00,New Accounts Clerks,0.28,0.56,0.8400000000000001,0.52,0.6,0.68,0.3,0.525,0.75,0.525,
43-4151.00,Order Clerks,0.4285714285714285,0.7142857142857143,1.0,0.4285714285714285,0.6,0.7714285714285714,0.3181818181818182,0.6136363636363636,0.9090909090909092,0.6136363636363636,
43-4161.00,"Human Resources Assistants, Except Payroll and Timekeeping",0.2758620689655172,0.6206896551724138,0.9655172413793104,0.1379310344827586,0.4655172413793103,0.7931034482758621,0.5,0.7142857142857143,0.9285714285714286,0.7142857142857143,0.6705854210765058
43-4171.00,Receptionists and Information Clerks,0.2,0.5333333333333333,0.8666666666666667,0.4333333333333333,0.5833333333333334,0.7333333333333333,0.4814814814814814,0.6111111111111112,0.7407407407407407,0.6111111111111112,
43-4181.00,Reservation and Transportation Ticket Agents and Travel Clerks,0.1142857142857142,0.4571428571428571,0.7999999999999999,0.3714285714285714,0.5285714285714286,0.6857142857142857,0.4285714285714285,0.625,0.8214285714285714,0.625,
43-5011.00,Cargo and Freight Agents,0.2424242424242424,0.4696969696969697,0.696969696969697,0.0909090909090909,0.2727272727272727,0.4545454545454546,0.1794871794871795,0.3076923076923077,0.4358974358974359,0.3076923076923077,
43-5011.01,Freight Forwarders,0.1698113207547169,0.5849056603773585,1.0,0.3396226415094339,0.5849056603773585,0.830188679245283,0.4285714285714285,0.7,0.9714285714285714,0.7,
43-5021.00,Couriers and Messengers,0.2413793103448275,0.3103448275862069,0.3793103448275862,0.0,0.1551724137931034,0.3103448275862069,0.0909090909090909,0.1363636363636363,0.1818181818181818,0.1363636363636363,
43-5031.00,Public Safety Telecommunicators,0.40625,0.65625,0.90625,0.4375,0.59375,0.75,0.0454545454545454,0.4090909090909091,0.7727272727272727,0.4090909090909091,0.46343032228093034
43-5032.00,"Dispatchers, Except Police, Fire, and Ambulance",0.3478260869565217,0.6739130434782609,1.0,0.3478260869565217,0.6521739130434783,0.9565217391304348,0.125,0.5,0.875,0.5,
43-5041.00,"Meter Readers, Utilities",0.3333333333333333,0.4374999999999999,0.5416666666666666,0.0833333333333333,0.3541666666666666,0.625,0.2,0.2666666666666666,0.3333333333333333,0.2666666666666666,
43-5051.00,Postal Service Clerks,0.1481481481481481,0.3148148148148147,0.4814814814814814,0.1481481481481481,0.2777777777777778,0.4074074074074074,0.0833333333333333,0.25,0.4166666666666667,0.25,
43-5052.00,Postal Service Mail Carriers,0.2051282051282051,0.2307692307692307,0.2564102564102564,0.1794871794871795,0.3461538461538461,0.5128205128205128,0.1111111111111111,0.1481481481481481,0.1851851851851851,0.1481481481481481,
43-5053.00,"Postal Service Mail Sorters, Processors, and Processing Machine Operators",0.1,0.1,0.1,0.05,0.125,0.2,0.0,0.0967741935483871,0.1935483870967742,0.0967741935483871,
43-5061.00,"Production, Planning, and Expediting Clerks",0.2692307692307693,0.5961538461538461,0.9230769230769232,0.1538461538461538,0.5192307692307693,0.8846153846153847,0.48,0.7,0.92,0.7,0.7159566287395278
43-5071.00,"Shipping, Receiving, and Inventory Clerks",0.2857142857142857,0.5,0.7142857142857142,0.1904761904761904,0.3571428571428571,0.5238095238095237,0.5,0.5833333333333334,0.6666666666666666,0.5833333333333334,
43-5111.00,"Weighers, Measurers, Checkers, and Samplers, Recordkeeping",0.2068965517241379,0.293103448275862,0.3793103448275862,0.1724137931034483,0.2758620689655172,0.3793103448275862,0.054054054054054,0.1216216216216216,0.1891891891891892,0.1216216216216216,
43-6011.00,Executive Secretaries and Executive Administrative Assistants,0.3783783783783784,0.6486486486486487,0.918918918918919,0.6216216216216217,0.7432432432432433,0.8648648648648649,0.5517241379310345,0.6896551724137931,0.8275862068965517,0.6896551724137931,
43-6012.00,Legal Secretaries and Administrative Assistants,0.3913043478260869,0.6956521739130435,1.0,0.5217391304347826,0.7608695652173912,1.0,0.4210526315789473,0.6578947368421053,0.8947368421052632,0.6578947368421053,
43-6013.00,Medical Secretaries and Administrative Assistants,0.3333333333333333,0.6666666666666666,1.0,0.3703703703703703,0.611111111111111,0.8518518518518519,0.0952380952380952,0.4761904761904761,0.8571428571428571,0.4761904761904761,
43-6014.00,"Secretaries and Administrative Assistants, Except Legal, Medical, and Executive",0.3846153846153846,0.6442307692307693,0.903846153846154,0.3653846153846154,0.5673076923076923,0.7692307692307693,0.4545454545454545,0.5909090909090909,0.7272727272727273,0.5909090909090909,
43-9021.00,Data Entry Keyers,0.8571428571428571,0.8928571428571428,0.9285714285714284,0.2142857142857142,0.4999999999999999,0.7857142857142857,0.4615384615384615,0.6538461538461539,0.8461538461538461,0.6538461538461539,
43-9022.00,Word Processors and Typists,0.7027027027027027,0.7432432432432433,0.7837837837837838,0.1891891891891892,0.4864864864864865,0.7837837837837838,0.7391304347826086,0.7608695652173914,0.782608695652174,0.7608695652173914,
43-9031.00,Desktop Publishers,0.3225806451612903,0.6451612903225806,0.967741935483871,0.032258064516129,0.4838709677419355,0.935483870967742,0.2608695652173913,0.5217391304347826,0.782608695652174,0.5217391304347826,
43-9041.00,Insurance Claims and Policy Processing Clerks,0.6666666666666666,0.8333333333333333,1.0,0.2619047619047618,0.5119047619047619,0.7619047619047619,0.3428571428571428,0.5857142857142857,0.8285714285714286,0.5857142857142857,
43-9051.00,"Mail Clerks and Mail Machine Operators, Except Postal Service",0.1081081081081081,0.2162162162162162,0.3243243243243243,0.054054054054054,0.1216216216216216,0.1891891891891892,0.12,0.14,0.16,0.14,
43-9061.00,"Office Clerks, General",0.3636363636363636,0.5757575757575758,0.7878787878787878,0.2121212121212121,0.5,0.7878787878787878,0.2666666666666666,0.3666666666666666,0.4666666666666667,0.3666666666666666,
43-9071.00,"Office Machine Operators, Except Computer",0.2941176470588235,0.3970588235294117,0.5,0.0,0.1764705882352941,0.3529411764705882,0.05,0.1,0.15,0.1,
43-9081.00,Proofreaders and Copy Markers,0.95,0.975,1.0,0.2,0.6000000000000001,1.0,0.8461538461538461,0.9230769230769232,1.0,0.9230769230769232,0.9574460634995428
43-9111.00,Statistical Assistants,0.8260869565217391,0.8913043478260869,0.9565217391304348,0.3478260869565217,0.6739130434782609,1.0,0.6842105263157895,0.7105263157894737,0.7368421052631579,0.7105263157894737,0.7913923817288895
45-1011.00,"First-Line Supervisors of Farming, Fishing, and Forestry Workers",0.1403508771929824,0.2807017543859649,0.4210526315789473,0.0,0.1578947368421052,0.3157894736842105,0.2666666666666666,0.3166666666666666,0.3666666666666666,0.3166666666666666,
45-2011.00,Agricultural Inspectors,0.0833333333333333,0.2916666666666666,0.5,0.125,0.2916666666666666,0.4583333333333333,0.1666666666666666,0.1666666666666666,0.1666666666666666,0.1666666666666666,
45-2021.00,Animal Breeders,0.0909090909090909,0.1666666666666666,0.2424242424242424,0.0303030303030303,0.0757575757575757,0.1212121212121212,0.1282051282051282,0.1538461538461538,0.1794871794871795,0.1538461538461538,
45-2041.00,"Graders and Sorters, Agricultural Products",0.1,0.1,0.1,0.0,0.05,0.1,0.0,0.0,0.0,0.0,
45-2091.00,Agricultural Equipment Operators,0.0,0.0,0.0,0.0,0.0,0.0,0.0,0.0,0.0,0.0,
45-2092.00,"Farmworkers and Laborers, Crop, Nursery, and Greenhouse",0.0714285714285714,0.1428571428571428,0.2142857142857142,0.0,0.0714285714285714,0.1428571428571428,0.1276595744680851,0.1808510638297872,0.2340425531914893,0.1808510638297872,
45-2093.00,"Farmworkers, Farm, Ranch, and Aquacultural Animals",0.0,0.0625,0.125,0.0,0.078125,0.15625,0.1176470588235294,0.1176470588235294,0.1176470588235294,0.1176470588235294,
45-3031.00,Fishing and Hunting Workers,0.0,0.043859649122807,0.087719298245614,0.0,0.0087719298245614,0.0175438596491228,0.064516129032258,0.064516129032258,0.064516129032258,0.064516129032258,
45-4011.00,Forest and Conservation Workers,0.0434782608695652,0.0434782608695652,0.0434782608695652,0.0,0.0652173913043478,0.1304347826086956,0.0,0.0,0.0,0.0,
45-4021.00,Fallers,0.0,0.03125,0.0625,0.125,0.125,0.125,0.0,0.0,0.0,0.0,
45-4022.00,Logging Equipment Operators,0.1875,0.1875,0.1875,0.0,0.0625,0.125,0.2727272727272727,0.2727272727272727,0.2727272727272727,0.2727272727272727,
45-4023.00,Log Graders and Scalers,0.0,0.2105263157894736,0.4210526315789473,0.0,0.1578947368421052,0.3157894736842105,0.05,0.1,0.15,0.1,
47-1011.00,First-Line Supervisors of Construction Trades and Extraction Workers,0.0666666666666666,0.4,0.7333333333333333,0.0,0.2,0.4,0.4666666666666667,0.6,0.7333333333333333,0.6,
47-1011.03,Solar Energy Installation Managers,0.0,0.4333333333333333,0.8666666666666667,0.0666666666666666,0.2666666666666666,0.4666666666666667,0.4666666666666667,0.5333333333333333,0.6,0.5333333333333333,
47-2011.00,Boilermakers,0.0,0.0303030303030303,0.0606060606060606,0.0,0.0,0.0,0.0,0.0277777777777777,0.0555555555555555,0.0277777777777777,
47-2021.00,Brickmasons and Blockmasons,0.0,0.0384615384615384,0.0769230769230769,0.0,0.0,0.0,0.0625,0.09375,0.125,0.09375,
47-2022.00,Stonemasons,0.0,0.0,0.0,0.0,0.0,0.0,0.0,0.0,0.0,0.0,
47-2031.00,Carpenters,0.0444444444444444,0.1444444444444444,0.2444444444444444,0.0444444444444444,0.0888888888888888,0.1333333333333333,0.1904761904761904,0.2023809523809523,0.2142857142857142,0.2023809523809523,
47-2041.00,Carpet Installers,0.0,0.0625,0.125,0.0,0.03125,0.0625,0.0625,0.0625,0.0625,0.0625,
47-2042.00,"Floor Layers, Except Carpet, Wood, and Hard Tiles",0.0,0.0,0.0,0.0,0.0,0.0,0.0,0.0333333333333333,0.0666666666666666,0.0333333333333333,
47-2043.00,Floor Sanders and Finishers,0.0,0.0714285714285714,0.1428571428571428,0.0,0.0,0.0,0.0,0.0,0.0,0.0,0.0
47-2044.00,Tile and Stone Setters,0.025,0.0875,0.15,0.0,0.0375,0.075,0.1714285714285714,0.2,0.2285714285714285,0.2,
47-2051.00,Cement Masons and Concrete Finishers,0.0,0.0,0.0,0.0,0.0,0.0,0.0,0.0,0.0,0.0,0.0
47-2053.00,Terrazzo Workers and Finishers,0.0,0.0,0.0,0.0,0.0227272727272727,0.0454545454545454,0.0,0.0,0.0,0.0,0.0
47-2061.00,Construction Laborers,0.0,0.05,0.1,0.0,0.025,0.05,0.0,0.0089285714285714,0.0178571428571428,0.0089285714285714,
47-2071.00,"Paving, Surfacing, and Tamping Equipment Operators",0.0,0.0,0.0,0.0,0.0,0.0,0.0,0.0,0.0,0.0,
47-2072.00,Pile Driver Operators,0.0,0.0,0.0,0.0,0.0,0.0,0.0,0.0,0.0,0.0,
47-2073.00,Operating Engineers and Other Construction Equipment Operators,0.0434782608695652,0.0543478260869565,0.0652173913043478,0.0,0.0869565217391304,0.1739130434782608,0.0263157894736842,0.0526315789473684,0.0789473684210526,0.0526315789473684,
47-2081.00,Drywall and Ceiling Tile Installers,0.0,0.0416666666666666,0.0833333333333333,0.0,0.0208333333333333,0.0416666666666666,0.0,0.0166666666666666,0.0333333333333333,0.0166666666666666,0.032198884461820176
47-2082.00,Tapers,0.0,0.0,0.0,0.0,0.0,0.0,0.0625,0.0625,0.0625,0.0625,0.04862980128580793
47-2111.00,Electricians,0.0975609756097561,0.1463414634146341,0.1951219512195122,0.048780487804878,0.1463414634146341,0.2439024390243902,0.1818181818181818,0.2272727272727272,0.2727272727272727,0.2272727272727272,
47-2121.00,Glaziers,0.0,0.0833333333333333,0.1666666666666666,0.0,0.03125,0.0625,0.1212121212121212,0.1363636363636363,0.1515151515151515,0.1363636363636363,
47-2131.00,"Insulation Workers, Floor, Ceiling, and Wall",0.0,0.05,0.1,0.1,0.1,0.1,0.0,0.05,0.1,0.05,
47-2132.00,"Insulation Workers, Mechanical",0.0,0.0454545454545454,0.0909090909090909,0.0,0.0454545454545454,0.0909090909090909,0.1176470588235294,0.1470588235294117,0.1764705882352941,0.1470588235294117,
47-2141.00,"Painters, Construction and Maintenance",0.0571428571428571,0.0571428571428571,0.0571428571428571,0.0,0.0285714285714285,0.0571428571428571,0.1363636363636363,0.1363636363636363,0.1363636363636363,0.1363636363636363,
47-2142.00,Paperhangers,0.0,0.027027027027027,0.054054054054054,0.0,0.0,0.0,0.0434782608695652,0.0434782608695652,0.0434782608695652,0.0434782608695652,
47-2151.00,Pipelayers,0.0,0.0357142857142857,0.0714285714285714,0.0,0.0,0.0,0.0,0.0,0.0,0.0,
47-2152.00,"Plumbers, Pipefitters, and Steamfitters",0.037037037037037,0.1018518518518518,0.1666666666666666,0.0,0.0555555555555555,0.1111111111111111,0.1111111111111111,0.1388888888888889,0.1666666666666666,0.1388888888888889,
47-2152.04,Solar Thermal Installers and Technicians,0.0,0.048780487804878,0.0975609756097561,0.048780487804878,0.073170731707317,0.0975609756097561,0.0,0.0227272727272727,0.0454545454545454,0.0227272727272727,0.020845833713526923
47-2161.00,Plasterers and Stucco Masons,0.0769230769230769,0.0769230769230769,0.0769230769230769,0.0,0.0384615384615384,0.0769230769230769,0.0526315789473684,0.0526315789473684,0.0526315789473684,0.0526315789473684,0.06061440180031106
47-2171.00,Reinforcing Iron and Rebar Workers,0.0,0.0714285714285714,0.1428571428571428,0.0,0.0,0.0,0.0,0.0714285714285714,0.1428571428571428,0.0714285714285714,0.10845354589597236
47-2181.00,Roofers,0.0,0.04,0.08,0.0,0.0,0.0,0.0294117647058823,0.0294117647058823,0.0294117647058823,0.0294117647058823,
47-2211.00,Sheet Metal Workers,0.0,0.0657894736842105,0.131578947368421,0.0,0.0394736842105263,0.0789473684210526,0.0294117647058823,0.0588235294117647,0.088235294117647,0.0588235294117647,
47-2221.00,Structural Iron and Steel Workers,0.0,0.0285714285714285,0.0571428571428571,0.0,0.0,0.0,0.0,0.02,0.04,0.02,
47-2231.00,Solar Photovoltaic Installers,0.0,0.11,0.22,0.0,0.11,0.22,0.1428571428571428,0.2857142857142857,0.4285714285714285,0.2857142857142857,0.2643283585742574
47-3011.00,"Helpers--Brickmasons, Blockmasons, Stonemasons, and Tile and Marble Setters",0.0,0.0,0.0,0.0,0.0,0.0,0.0,0.0,0.0,0.0,0.0
47-3012.00,Helpers--Carpenters,0.0,0.0,0.0,0.0,0.0,0.0,0.0,0.0,0.0,0.0,
47-3013.00,Helpers--Electricians,0.024390243902439,0.024390243902439,0.024390243902439,0.0,0.0,0.0,0.0,0.032258064516129,0.064516129032258,0.032258064516129,
47-3014.00,"Helpers--Painters, Paperhangers, Plasterers, and Stucco Masons",0.0,0.0,0.0,0.0,0.0,0.0,0.0,0.0,0.0,0.0,
47-3015.00,"Helpers--Pipelayers, Plumbers, Pipefitters, and Steamfitters",0.0,0.0,0.0,0.0,0.0,0.0,0.0,0.0,0.0,0.0,
47-3016.00,Helpers--Roofers,0.0,0.0,0.0,0.0,0.0,0.0,0.0,0.0,0.0,0.0,
47-4011.00,Construction and Building Inspectors,0.0,0.2413793103448275,0.4827586206896551,0.0,0.1379310344827586,0.2758620689655172,0.1785714285714285,0.25,0.3214285714285714,0.25,0.2870180068468785
47-4011.01,Energy Auditors,0.0,0.4268292682926829,0.8536585365853658,0.1463414634146341,0.4268292682926829,0.7073170731707318,0.5454545454545454,0.5909090909090909,0.6363636363636364,0.5909090909090909,0.6233371436651105
47-4021.00,Elevator and Escalator Installers and Repairers,0.1578947368421052,0.1842105263157894,0.2105263157894736,0.0,0.0789473684210526,0.1578947368421052,0.0909090909090909,0.1136363636363636,0.1363636363636363,0.1136363636363636,
47-4031.00,Fence Erectors,0.0512820512820512,0.0512820512820512,0.0512820512820512,0.0,0.0256410256410256,0.0512820512820512,0.0476190476190476,0.0476190476190476,0.0476190476190476,0.0476190476190476,
47-4041.00,Hazardous Materials Removal Workers,0.032258064516129,0.0806451612903225,0.1290322580645161,0.0,0.032258064516129,0.064516129032258,0.0,0.0625,0.125,0.0625,
47-4051.00,Highway Maintenance Workers,0.0,0.0161290322580645,0.032258064516129,0.0,0.0,0.0,0.0,0.0,0.0,0.0,
47-4061.00,Rail-Track Laying and Maintenance Equipment Operators,0.0,0.0,0.0,0.0,0.0,0.0,0.0,0.0,0.0,0.0,
47-4071.00,Septic Tank Servicers and Sewer Pipe Cleaners,0.0625,0.078125,0.09375,0.03125,0.09375,0.15625,0.0294117647058823,0.088235294117647,0.1470588235294117,0.088235294117647,
47-4091.00,Segmental Pavers,0.0,0.0416666666666666,0.0833333333333333,0.0,0.0833333333333333,0.1666666666666666,0.0833333333333333,0.0833333333333333,0.0833333333333333,0.0833333333333333,
47-4099.03,Weatherization Installers and Technicians,0.15,0.2,0.25,0.05,0.2,0.35,0.25,0.25,0.25,0.25,0.26384336889957083
47-5011.00,"Derrick Operators, Oil and Gas",0.0,0.0,0.0,0.0,0.0,0.0,0.0666666666666666,0.0666666666666666,0.0666666666666666,0.0666666666666666,
47-5012.00,"Rotary Drill Operators, Oil and Gas",0.0526315789473684,0.0526315789473684,0.0526315789473684,0.0,0.0263157894736842,0.0526315789473684,0.0357142857142857,0.0357142857142857,0.0357142857142857,0.0357142857142857,
47-5013.00,"Service Unit Operators, Oil and Gas",0.064516129032258,0.064516129032258,0.064516129032258,0.064516129032258,0.1451612903225806,0.2258064516129032,0.0769230769230769,0.0961538461538461,0.1153846153846153,0.0961538461538461,
47-5022.00,"Excavating and Loading Machine and Dragline Operators, Surface Mining",0.0,0.0,0.0,0.0,0.0,0.0,0.0454545454545454,0.0454545454545454,0.0454545454545454,0.0454545454545454,0.09956858769111508
47-5023.00,"Earth Drillers, Except Oil and Gas",0.0909090909090909,0.1363636363636363,0.1818181818181818,0.0,0.1136363636363636,0.2272727272727273,0.2,0.2,0.2,0.2,
47-5032.00,"Explosives Workers, Ordnance Handling Experts, and Blasters",0.125,0.1354166666666666,0.1458333333333333,0.0208333333333333,0.1145833333333333,0.2083333333333333,0.0,0.0405405405405405,0.081081081081081,0.0405405405405405,
47-5041.00,Continuous Mining Machine Operators,0.0,0.0,0.0,0.0,0.06,0.12,0.0,0.0,0.0,0.0,0.0
47-5043.00,"Roof Bolters, Mining",0.0,0.0,0.0,0.0,0.0,0.0,0.0,0.0,0.0,0.0,
47-5044.00,"Loading and Moving Machine Operators, Underground Mining",0.0232558139534883,0.0232558139534883,0.0232558139534883,0.0232558139534883,0.0813953488372093,0.1395348837209302,0.048780487804878,0.073170731707317,0.0975609756097561,0.073170731707317,
47-5051.00,"Rock Splitters, Quarry",0.0,0.0769230769230769,0.1538461538461538,0.0,0.0769230769230769,0.1538461538461538,0.0,0.0357142857142857,0.0714285714285714,0.0357142857142857,0.06371677467646876
47-5071.00,"Roustabouts, Oil and Gas",0.0,0.0,0.0,0.0,0.0,0.0,0.0,0.0,0.0,0.0,
47-5081.00,Helpers--Extraction Workers,0.0,0.0,0.0,0.0,0.0652173913043478,0.1304347826086956,0.0,0.0,0.0,0.0,
49-1011.00,"First-Line Supervisors of Mechanics, Installers, and Repairers",0.0256410256410256,0.4102564102564102,0.7948717948717948,0.0769230769230769,0.2692307692307692,0.4615384615384615,0.1481481481481481,0.3703703703703703,0.5925925925925926,0.3703703703703703,
49-2011.00,"Computer, Automated Teller, and Office Machine Repairers",0.2857142857142857,0.3673469387755101,0.4489795918367346,0.0816326530612244,0.2040816326530612,0.3265306122448979,0.1923076923076923,0.2692307692307692,0.3461538461538461,0.2692307692307692,
49-2021.00,"Radio, Cellular, and Tower Equipment Installers and Repairers",0.0476190476190476,0.1071428571428571,0.1666666666666666,0.0476190476190476,0.0833333333333333,0.119047619047619,0.0833333333333333,0.1111111111111111,0.1388888888888889,0.1111111111111111,
49-2022.00,"Telecommunications Equipment Installers and Repairers, Except Line Installers",0.234375,0.28125,0.328125,0.109375,0.203125,0.296875,0.0892857142857142,0.2053571428571428,0.3214285714285714,0.2053571428571428,
49-2091.00,Avionics Technicians,0.12,0.24,0.36,0.08,0.14,0.2,0.2142857142857142,0.2857142857142857,0.3571428571428571,0.2857142857142857,0.3175461114273439
49-2092.00,"Electric Motor, Power Tool, and Related Repairers",0.0961538461538461,0.1057692307692307,0.1153846153846153,0.0,0.0192307692307692,0.0384615384615384,0.0307692307692307,0.0615384615384615,0.0923076923076923,0.0615384615384615,
49-2093.00,"Electrical and Electronics Installers and Repairers, Transportation Equipment",0.16,0.24,0.32,0.08,0.16,0.24,0.05,0.125,0.2,0.125,
49-2094.00,"Electrical and Electronics Repairers, Commercial and Industrial Equipment",0.1794871794871795,0.3076923076923077,0.4358974358974359,0.1794871794871795,0.282051282051282,0.3846153846153846,0.238095238095238,0.3809523809523809,0.5238095238095238,0.3809523809523809,
49-2095.00,"Electrical and Electronics Repairers, Powerhouse, Substation, and Relay",0.24,0.34,0.44,0.0,0.16,0.32,0.1304347826086956,0.1739130434782608,0.217391304347826,0.1739130434782608,
49-2096.00,"Electronic Equipment Installers and Repairers, Motor Vehicles",0.1666666666666666,0.1666666666666666,0.1666666666666666,0.0,0.125,0.25,0.0833333333333333,0.1666666666666666,0.25,0.1666666666666666,0.15111944282895534
49-2097.00,Audiovisual Equipment Installers and Repairers,0.1904761904761904,0.238095238095238,0.2857142857142857,0.0,0.0952380952380952,0.1904761904761904,0.1666666666666666,0.25,0.3333333333333333,0.25,
49-2098.00,Security and Fire Alarm Systems Installers,0.0666666666666666,0.1666666666666666,0.2666666666666666,0.1,0.1833333333333333,0.2666666666666666,0.3333333333333333,0.3611111111111111,0.3888888888888889,0.3611111111111111,
49-3011.00,Aircraft Mechanics and Service Technicians,0.0895522388059701,0.1343283582089552,0.1791044776119403,0.0149253731343283,0.0597014925373134,0.1044776119402985,0.0638297872340425,0.0957446808510638,0.1276595744680851,0.0957446808510638,
49-3021.00,Automotive Body and Related Repairers,0.0,0.0425531914893617,0.0851063829787234,0.0212765957446808,0.0425531914893617,0.0638297872340425,0.0714285714285714,0.0892857142857142,0.1071428571428571,0.0892857142857142,
49-3022.00,Automotive Glass Installers and Repairers,0.0,0.0,0.0,0.0,0.0,0.0,0.0,0.0,0.0,0.0,0.0
49-3023.00,Automotive Service Technicians and Mechanics,0.0363636363636363,0.0818181818181818,0.1272727272727272,0.0363636363636363,0.0727272727272727,0.109090909090909,0.0606060606060606,0.0909090909090909,0.1212121212121212,0.0909090909090909,
49-3031.00,Bus and Truck Mechanics and Diesel Engine Specialists,0.0,0.0,0.0,0.0,0.0,0.0,0.0,0.0,0.0,0.0,
49-3041.00,Farm Equipment Mechanics and Service Technicians,0.1153846153846153,0.1153846153846153,0.1153846153846153,0.1538461538461538,0.173076923076923,0.1923076923076923,0.1875,0.1875,0.1875,0.1875,
49-3042.00,"Mobile Heavy Equipment Mechanics, Except Engines",0.05,0.1,0.15,0.05,0.125,0.2,0.0,0.1,0.2,0.1,0.09297236397876048
49-3043.00,Rail Car Repairers,0.064516129032258,0.0967741935483871,0.1290322580645161,0.064516129032258,0.064516129032258,0.064516129032258,0.0344827586206896,0.0344827586206896,0.0344827586206896,0.0344827586206896,
49-3051.00,Motorboat Mechanics and Service Technicians,0.0769230769230769,0.0769230769230769,0.0769230769230769,0.0,0.0384615384615384,0.0769230769230769,0.0769230769230769,0.0769230769230769,0.0769230769230769,0.0769230769230769,0.1249763330135861
49-3052.00,Motorcycle Mechanics,0.0,0.0,0.0,0.0,0.0,0.0,0.0,0.0,0.0,0.0,
49-3053.00,Outdoor Power Equipment and Other Small Engine Mechanics,0.1428571428571428,0.1785714285714285,0.2142857142857142,0.0714285714285714,0.1071428571428571,0.1428571428571428,0.0714285714285714,0.1071428571428571,0.1428571428571428,0.1071428571428571,0.16897866497651287
49-3091.00,Bicycle Repairers,0.0,0.1034482758620689,0.2068965517241379,0.0689655172413793,0.0689655172413793,0.0689655172413793,0.0526315789473684,0.0526315789473684,0.0526315789473684,0.0526315789473684,
49-3092.00,Recreational Vehicle Service Technicians,0.0606060606060606,0.0606060606060606,0.0606060606060606,0.0606060606060606,0.0909090909090909,0.1212121212121212,0.0,0.0277777777777777,0.0555555555555555,0.0277777777777777,0.02947656619217457
49-3093.00,Tire Repairers and Changers,0.0,0.0,0.0,0.0,0.0,0.0,0.03125,0.03125,0.03125,0.03125,
49-9011.00,Mechanical Door Repairers,0.0909090909090909,0.1363636363636363,0.1818181818181818,0.0454545454545454,0.0681818181818181,0.0909090909090909,0.0967741935483871,0.1290322580645161,0.1612903225806451,0.1290322580645161,
49-9012.00,"Control and Valve Installers and Repairers, Except Mechanical Door",0.0952380952380952,0.1309523809523809,0.1666666666666666,0.0476190476190476,0.0714285714285714,0.0952380952380952,0.04,0.0666666666666666,0.0933333333333333,0.0666666666666666,
49-9021.00,"Heating, Air Conditioning, and Refrigeration Mechanics and Installers",0.0701754385964912,0.1052631578947368,0.1403508771929824,0.0701754385964912,0.1403508771929824,0.2105263157894736,0.1290322580645161,0.1451612903225806,0.1612903225806451,0.1451612903225806,
49-9031.00,Home Appliance Repairers,0.0727272727272727,0.1454545454545454,0.2181818181818181,0.0727272727272727,0.109090909090909,0.1454545454545454,0.0526315789473684,0.0789473684210526,0.1052631578947368,0.0789473684210526,
49-9041.00,Industrial Machinery Mechanics,0.1935483870967742,0.2741935483870967,0.3548387096774194,0.064516129032258,0.1451612903225806,0.2258064516129032,0.2941176470588235,0.3529411764705882,0.4117647058823529,0.3529411764705882,0.28066313135237997
49-9043.00,"Maintenance Workers, Machinery",0.1142857142857142,0.1428571428571428,0.1714285714285714,0.1142857142857142,0.1142857142857142,0.1142857142857142,0.0526315789473684,0.1052631578947368,0.1578947368421052,0.1052631578947368,0.11209926384815003
49-9044.00,Millwrights,0.0,0.0217391304347826,0.0434782608695652,0.0,0.0434782608695652,0.0869565217391304,0.0,0.0,0.0,0.0,0.0
49-9045.00,"Refractory Materials Repairers, Except Brickmasons",0.0,0.0,0.0,0.0,0.0,0.0,0.0,0.0,0.0,0.0,
49-9051.00,Electrical Power-Line Installers and Repairers,0.0,0.0,0.0,0.0,0.0,0.0,0.0416666666666666,0.0416666666666666,0.0416666666666666,0.0416666666666666,
49-9052.00,Telecommunications Line Installers and Repairers,0.03125,0.03125,0.03125,0.0,0.03125,0.0625,0.0714285714285714,0.0714285714285714,0.0714285714285714,0.0714285714285714,
49-9061.00,Camera and Photographic Equipment Repairers,0.04,0.24,0.44,0.0,0.04,0.08,0.2,0.25,0.3,0.25,0.08535479158966541
49-9062.00,Medical Equipment Repairers,0.1515151515151515,0.303030303030303,0.4545454545454546,0.2121212121212121,0.2727272727272727,0.3333333333333333,0.2083333333333333,0.25,0.2916666666666667,0.25,
49-9063.00,Musical Instrument Repairers and Tuners,0.0,0.0196078431372549,0.0392156862745098,0.0,0.0,0.0,0.0,0.0,0.0,0.0,
49-9064.00,Watch and Clock Repairers,0.1333333333333333,0.1999999999999999,0.2666666666666666,0.0666666666666666,0.1666666666666666,0.2666666666666666,0.2666666666666666,0.2666666666666666,0.2666666666666666,0.2666666666666666,0.20477350189468252
49-9071.00,"Maintenance and Repair Workers, General",0.0392156862745098,0.1372549019607843,0.2352941176470588,0.0,0.0784313725490196,0.1568627450980392,0.1025641025641025,0.1153846153846153,0.1282051282051282,0.1153846153846153,
49-9081.00,Wind Turbine Service Technicians,0.0,0.0434782608695652,0.0869565217391304,0.0,0.0434782608695652,0.0869565217391304,0.0,0.125,0.25,0.125,
49-9091.00,"Coin, Vending, and Amusement Machine Servicers and Repairers",0.3214285714285714,0.3214285714285714,0.3214285714285714,0.1785714285714285,0.1964285714285714,0.2142857142857142,0.2068965517241379,0.2586206896551724,0.3103448275862069,0.2586206896551724,
49-9092.00,Commercial Divers,0.0,0.0666666666666666,0.1333333333333333,0.0,0.0888888888888888,0.1777777777777777,0.0333333333333333,0.0333333333333333,0.0333333333333333,0.0333333333333333,
49-9094.00,Locksmiths and Safe Repairers,0.08,0.08,0.08,0.08,0.08,0.08,0.1176470588235294,0.1176470588235294,0.1176470588235294,0.1176470588235294,0.09173334820947594
49-9095.00,Manufactured Building and Mobile Home Installers,0.0769230769230769,0.0769230769230769,0.0769230769230769,0.0769230769230769,0.1153846153846153,0.1538461538461538,0.0625,0.09375,0.125,0.09375,
49-9096.00,Riggers,0.0,0.0,0.0,0.0,0.037037037037037,0.074074074074074,0.0,0.0,0.0,0.0,0.0
49-9097.00,Signal and Track Switch Repairers,0.0769230769230769,0.0769230769230769,0.0769230769230769,0.0,0.0384615384615384,0.0769230769230769,0.0625,0.0625,0.0625,0.0625,
49-9098.00,"Helpers--Installation, Maintenance, and Repair Workers",0.0,0.0333333333333333,0.0666666666666666,0.0,0.0,0.0,0.0,0.0277777777777777,0.0555555555555555,0.0277777777777777,0.021416351394841618
49-9099.01,Geothermal Technicians,0.064516129032258,0.2096774193548387,0.3548387096774194,0.2903225806451612,0.3064516129032258,0.3225806451612903,0.1707317073170731,0.2439024390243902,0.3170731707317073,0.2439024390243902,
51-1011.00,First-Line Supervisors of Production and Operating Workers,0.15,0.4,0.65,0.0,0.225,0.45,0.15,0.35,0.55,0.35,0.2798470839903457
51-2011.00,"Aircraft Structure, Surfaces, Rigging, and Systems Assemblers",0.0,0.025,0.05,0.0,0.025,0.05,0.0,0.01,0.02,0.01,
51-2021.00,"Coil Winders, Tapers, and Finishers",0.2222222222222222,0.2222222222222222,0.2222222222222222,0.0,0.1388888888888889,0.2777777777777778,0.1333333333333333,0.1333333333333333,0.1333333333333333,0.1333333333333333,
51-2022.00,Electrical and Electronic Equipment Assemblers,0.0384615384615384,0.0961538461538461,0.1538461538461538,0.0,0.0576923076923076,0.1153846153846153,0.2,0.22,0.24,0.22,
51-2023.00,Electromechanical Equipment Assemblers,0.0,0.0454545454545454,0.0909090909090909,0.0,0.0,0.0,0.0,0.025,0.05,0.025,
51-2031.00,Engine and Other Machine Assemblers,0.0,0.0952380952380952,0.1904761904761904,0.0,0.0,0.0,0.0,0.0333333333333333,0.0666666666666666,0.0333333333333333,0.057340072071455236
51-2041.00,Structural Metal Fabricators and Fitters,0.0,0.0227272727272727,0.0454545454545454,0.0,0.0227272727272727,0.0454545454545454,0.0,0.02,0.04,0.02,
51-2051.00,Fiberglass Laminators and Fabricators,0.0,0.0208333333333333,0.0416666666666666,0.0833333333333333,0.0833333333333333,0.0833333333333333,0.0,0.0,0.0,0.0,0.0
51-2061.00,Timing Device Assemblers and Adjusters,0.0,0.06,0.12,0.0,0.0,0.0,0.0,0.0384615384615384,0.0769230769230769,0.0384615384615384,
51-2092.00,Team Assemblers,0.1764705882352941,0.2352941176470588,0.2941176470588235,0.0,0.088235294117647,0.1764705882352941,0.1875,0.21875,0.25,0.21875,
51-3011.00,Bakers,0.1470588235294117,0.2647058823529412,0.3823529411764705,0.088235294117647,0.1176470588235294,0.1470588235294117,0.25,0.275,0.3,0.275,0.13145791805117352
51-3021.00,Butchers and Meat Cutters,0.0526315789473684,0.131578947368421,0.2105263157894736,0.0,0.0263157894736842,0.0526315789473684,0.0,0.1470588235294117,0.2941176470588235,0.1470588235294117,
51-3022.00,"Meat, Poultry, and Fish Cutters and Trimmers",0.0,0.0,0.0,0.0,0.0,0.0,0.0,0.0,0.0,0.0,
51-3023.00,Slaughterers and Meat Packers,0.0,0.0,0.0,0.0,0.0,0.0,0.0,0.0,0.0,0.0,
51-3091.00,"Food and Tobacco Roasting, Baking, and Drying Machine Operators and Tenders",0.0666666666666666,0.0666666666666666,0.0666666666666666,0.0,0.0666666666666666,0.1333333333333333,0.0333333333333333,0.05,0.0666666666666666,0.05,
51-3092.00,Food Batchmakers,0.1025641025641025,0.1153846153846153,0.1282051282051282,0.1282051282051282,0.1538461538461538,0.1794871794871795,0.0833333333333333,0.0972222222222222,0.1111111111111111,0.0972222222222222,0.08934494678222424
51-3093.00,Food Cooking Machine Operators and Tenders,0.1290322580645161,0.1290322580645161,0.1290322580645161,0.0,0.032258064516129,0.064516129032258,0.05,0.075,0.1,0.075,
51-4021.00,"Extruding and Drawing Machine Setters, Operators, and Tenders, Metal and Plastic",0.0,0.0208333333333333,0.0416666666666666,0.0416666666666666,0.0833333333333333,0.125,0.0416666666666666,0.0833333333333333,0.125,0.0833333333333333,
51-4022.00,"Forging Machine Setters, Operators, and Tenders, Metal and Plastic",0.0,0.0416666666666666,0.0833333333333333,0.0,0.0416666666666666,0.0833333333333333,0.0,0.0333333333333333,0.0666666666666666,0.0333333333333333,
51-4023.00,"Rolling Machine Setters, Operators, and Tenders, Metal and Plastic",0.1176470588235294,0.1764705882352941,0.2352941176470588,0.0,0.0735294117647058,0.1470588235294117,0.0434782608695652,0.0869565217391304,0.1304347826086956,0.0869565217391304,
51-4031.00,"Cutting, Punching, and Press Machine Setters, Operators, and Tenders, Metal and Plastic",0.0,0.01,0.02,0.0,0.02,0.04,0.0434782608695652,0.0434782608695652,0.0434782608695652,0.0434782608695652,
51-4032.00,"Drilling and Boring Machine Tool Setters, Operators, and Tenders, Metal and Plastic",0.0,0.0303030303030303,0.0606060606060606,0.0,0.0,0.0,0.0,0.0277777777777777,0.0555555555555555,0.0277777777777777,
51-4033.00,"Grinding, Lapping, Polishing, and Buffing Machine Tool Setters, Operators, and Tenders, Metal and Plastic",0.032258064516129,0.064516129032258,0.0967741935483871,0.0,0.064516129032258,0.1290322580645161,0.0869565217391304,0.1739130434782608,0.2608695652173913,0.1739130434782608,0.1157856025677756
51-4034.00,"Lathe and Turning Machine Tool Setters, Operators, and Tenders, Metal and Plastic",0.1290322580645161,0.1612903225806451,0.1935483870967742,0.0,0.032258064516129,0.064516129032258,0.1176470588235294,0.1470588235294117,0.1764705882352941,0.1470588235294117,0.14005711406083704
51-4035.00,"Milling and Planing Machine Setters, Operators, and Tenders, Metal and Plastic",0.2068965517241379,0.2413793103448275,0.2758620689655172,0.0,0.0689655172413793,0.1379310344827586,0.1875,0.21875,0.25,0.21875,0.22454703049962135
51-4041.00,Machinists,0.1632653061224489,0.2346938775510204,0.3061224489795918,0.0,0.1326530612244897,0.2653061224489795,0.2105263157894736,0.2631578947368421,0.3157894736842105,0.2631578947368421,
51-4051.00,Metal-Refining Furnace Operators and Tenders,0.0833333333333333,0.1041666666666666,0.125,0.0,0.0416666666666666,0.0833333333333333,0.0,0.0714285714285714,0.1428571428571428,0.0714285714285714,
51-4052.00,"Pourers and Casters, Metal",0.0,0.0,0.0,0.0,0.0,0.0,0.0,0.0,0.0,0.0,
51-4061.00,"Model Makers, Metal and Plastic",0.1290322580645161,0.1612903225806451,0.1935483870967742,0.0,0.0967741935483871,0.1935483870967742,0.1764705882352941,0.2352941176470588,0.2941176470588235,0.2352941176470588,
51-4062.00,"Patternmakers, Metal and Plastic",0.0869565217391304,0.1521739130434782,0.217391304347826,0.0,0.1304347826086956,0.2608695652173913,0.1818181818181818,0.25,0.3181818181818182,0.25,
51-4071.00,Foundry Mold and Coremakers,0.0,0.0,0.0,0.0,0.0,0.0,0.0,0.0,0.0,0.0,0.0
51-4072.00,"Molding, Coremaking, and Casting Machine Setters, Operators, and Tenders, Metal and Plastic",0.0232558139534883,0.0813953488372093,0.1395348837209302,0.0,0.0348837209302325,0.0697674418604651,0.0,0.0535714285714285,0.1071428571428571,0.0535714285714285,
51-4081.00,"Multiple Machine Tool Setters, Operators, and Tenders, Metal and Plastic",0.0769230769230769,0.1025641025641025,0.1282051282051282,0.1025641025641025,0.141025641025641,0.1794871794871795,0.125,0.1666666666666666,0.2083333333333333,0.1666666666666666,0.09036161103020474
51-4111.00,Tool and Die Makers,0.09375,0.1875,0.28125,0.0,0.109375,0.21875,0.1578947368421052,0.2368421052631578,0.3157894736842105,0.2368421052631578,0.2075871565502175
51-4121.00,"Welders, Cutters, Solderers, and Brazers",0.0784313725490196,0.088235294117647,0.0980392156862745,0.0,0.0392156862745098,0.0784313725490196,0.0263157894736842,0.0526315789473684,0.0789473684210526,0.0526315789473684,
51-4122.00,"Welding, Soldering, and Brazing Machine Setters, Operators, and Tenders",0.0454545454545454,0.0681818181818181,0.0909090909090909,0.0,0.0568181818181818,0.1136363636363636,0.1395348837209302,0.1511627906976744,0.1627906976744186,0.1511627906976744,
51-4191.00,"Heat Treating Equipment Setters, Operators, and Tenders, Metal and Plastic",0.1764705882352941,0.1764705882352941,0.1764705882352941,0.0,0.0588235294117647,0.1176470588235294,0.0909090909090909,0.1363636363636363,0.1818181818181818,0.1363636363636363,
51-4192.00,"Layout Workers, Metal and Plastic",0.0,0.1304347826086956,0.2608695652173913,0.0,0.1521739130434782,0.3043478260869565,0.0,0.0789473684210526,0.1578947368421052,0.0789473684210526,
51-4193.00,"Plating Machine Setters, Operators, and Tenders, Metal and Plastic",0.0625,0.1041666666666666,0.1458333333333333,0.0,0.0416666666666666,0.0833333333333333,0.0454545454545454,0.0606060606060606,0.0757575757575757,0.0606060606060606,
51-4194.00,"Tool Grinders, Filers, and Sharpeners",0.0,0.0333333333333333,0.0666666666666666,0.0,0.0,0.0,0.0,0.0208333333333333,0.0416666666666666,0.0208333333333333,
51-5111.00,Prepress Technicians and Workers,0.0625,0.4375,0.8125,0.03125,0.109375,0.1875,0.1395348837209302,0.2209302325581395,0.3023255813953488,0.2209302325581395,
51-5112.00,Printing Press Operators,0.175,0.2875,0.4,0.0,0.125,0.25,0.0689655172413793,0.2586206896551724,0.4482758620689655,0.2586206896551724,
51-5113.00,Print Binding and Finishing Workers,0.0512820512820512,0.0897435897435897,0.1282051282051282,0.0,0.0641025641025641,0.1282051282051282,0.0512820512820512,0.0769230769230769,0.1025641025641025,0.0769230769230769,
51-6011.00,Laundry and Dry-Cleaning Workers,0.025,0.05,0.075,0.0,0.05,0.1,0.0357142857142857,0.0535714285714285,0.0714285714285714,0.0535714285714285,
51-6021.00,"Pressers, Textile, Garment, and Related Materials",0.0,0.0104166666666666,0.0208333333333333,0.0,0.0208333333333333,0.0416666666666666,0.0,0.0,0.0,0.0,
51-6031.00,Sewing Machine Operators,0.0465116279069767,0.0813953488372093,0.1162790697674418,0.0,0.0232558139534883,0.0465116279069767,0.0285714285714285,0.0285714285714285,0.0285714285714285,0.0285714285714285,
51-6041.00,Shoe and Leather Workers and Repairers,0.0,0.0588235294117647,0.1176470588235294,0.0,0.0588235294117647,0.1176470588235294,0.0,0.0212765957446808,0.0425531914893617,0.0212765957446808,
51-6042.00,Shoe Machine Operators and Tenders,0.0869565217391304,0.0869565217391304,0.0869565217391304,0.0,0.0217391304347826,0.0434782608695652,0.0,0.0147058823529411,0.0294117647058823,0.0147058823529411,
51-6051.00,"Sewers, Hand",0.0,0.0416666666666666,0.0833333333333333,0.0,0.0416666666666666,0.0833333333333333,0.0,0.0,0.0,0.0,
51-6052.00,"Tailors, Dressmakers, and Custom Sewers",0.0454545454545454,0.0909090909090909,0.1363636363636363,0.0,0.0681818181818181,0.1363636363636363,0.0909090909090909,0.1136363636363636,0.1363636363636363,0.1136363636363636,0.05806878248476469
51-6061.00,Textile Bleaching and Dyeing Machine Operators and Tenders,0.131578947368421,0.1578947368421052,0.1842105263157894,0.0,0.1184210526315789,0.2368421052631578,0.0588235294117647,0.1323529411764706,0.2058823529411764,0.1323529411764706,
51-6062.00,"Textile Cutting Machine Setters, Operators, and Tenders",0.1071428571428571,0.1607142857142857,0.2142857142857142,0.0,0.1428571428571428,0.2857142857142857,0.0769230769230769,0.173076923076923,0.2692307692307692,0.173076923076923,
51-6063.00,"Textile Knitting and Weaving Machine Setters, Operators, and Tenders",0.125,0.15625,0.1875,0.0,0.125,0.25,0.0714285714285714,0.1428571428571428,0.2142857142857142,0.1428571428571428,
51-6064.00,"Textile Winding, Twisting, and Drawing Out Machine Setters, Operators, and Tenders",0.0857142857142857,0.0857142857142857,0.0857142857142857,0.0,0.0714285714285714,0.1428571428571428,0.081081081081081,0.0945945945945946,0.1081081081081081,0.0945945945945946,
51-6091.00,"Extruding and Forming Machine Setters, Operators, and Tenders, Synthetic and Glass Fibers",0.0689655172413793,0.0689655172413793,0.0689655172413793,0.0,0.0862068965517241,0.1724137931034483,0.0294117647058823,0.0294117647058823,0.0294117647058823,0.0294117647058823,
51-6092.00,Fabric and Apparel Patternmakers,0.125,0.46875,0.8125,0.0,0.1875,0.375,0.125,0.34375,0.5625,0.34375,0.3295624926821022
51-6093.00,Upholsterers,0.1176470588235294,0.1911764705882352,0.2647058823529412,0.0294117647058823,0.088235294117647,0.1470588235294117,0.21875,0.25,0.28125,0.25,
51-7011.00,Cabinetmakers and Bench Carpenters,0.0588235294117647,0.1176470588235294,0.1764705882352941,0.0,0.0441176470588235,0.088235294117647,0.2307692307692307,0.2884615384615384,0.3461538461538461,0.2884615384615384,
51-7021.00,Furniture Finishers,0.0,0.0285714285714285,0.0571428571428571,0.0,0.0714285714285714,0.1428571428571428,0.0967741935483871,0.1451612903225806,0.1935483870967742,0.1451612903225806,0.15292619144739844
51-7031.00,"Model Makers, Wood",0.0769230769230769,0.1538461538461538,0.2307692307692307,0.0,0.1538461538461538,0.3076923076923077,0.0625,0.125,0.1875,0.125,
51-7032.00,"Patternmakers, Wood",0.2051282051282051,0.2564102564102564,0.3076923076923077,0.1538461538461538,0.282051282051282,0.4102564102564102,0.1428571428571428,0.1666666666666666,0.1904761904761904,0.1666666666666666,0.1718985249970101
51-7041.00,"Sawing Machine Setters, Operators, and Tenders, Wood",0.0,0.0588235294117647,0.1176470588235294,0.0,0.0147058823529411,0.0294117647058823,0.0,0.0263157894736842,0.0526315789473684,0.0263157894736842,
51-7042.00,"Woodworking Machine Setters, Operators, and Tenders, Except Sawing",0.0217391304347826,0.0652173913043478,0.108695652173913,0.0,0.0326086956521739,0.0652173913043478,0.03125,0.078125,0.125,0.078125,
51-8011.00,Nuclear Power Reactor Operators,0.1818181818181818,0.3181818181818182,0.4545454545454546,0.0,0.1212121212121212,0.2424242424242424,0.037037037037037,0.2037037037037037,0.3703703703703703,0.2037037037037037,
51-8012.00,Power Distributors and Dispatchers,0.0833333333333333,0.375,0.6666666666666666,0.0833333333333333,0.2499999999999999,0.4166666666666666,0.0476190476190476,0.3333333333333333,0.6190476190476191,0.3333333333333333,
51-8013.00,Power Plant Operators,0.0888888888888888,0.2333333333333333,0.3777777777777777,0.0,0.1111111111111111,0.2222222222222222,0.054054054054054,0.3513513513513513,0.6486486486486487,0.3513513513513513,
51-8013.03,Biomass Plant Technicians,0.0588235294117647,0.1323529411764706,0.2058823529411764,0.0,0.088235294117647,0.1764705882352941,0.0,0.075,0.15,0.075,0.021084604722684117
51-8013.04,Hydroelectric Plant Technicians,0.1,0.1,0.1,0.0,0.075,0.15,0.0434782608695652,0.108695652173913,0.1739130434782608,0.108695652173913,
51-8021.00,Stationary Engineers and Boiler Operators,0.1395348837209302,0.1627906976744186,0.1860465116279069,0.0,0.1046511627906976,0.2093023255813953,0.09375,0.125,0.15625,0.125,
51-8031.00,Water and Wastewater Treatment Plant and System Operators,0.125,0.125,0.125,0.0,0.125,0.25,0.0,0.0625,0.125,0.0625,0.11647171570231603
51-8091.00,Chemical Plant and System Operators,0.0303030303030303,0.1515151515151515,0.2727272727272727,0.0909090909090909,0.1515151515151515,0.2121212121212121,0.125,0.2708333333333333,0.4166666666666667,0.2708333333333333,
51-8092.00,Gas Plant Operators,0.0625,0.09375,0.125,0.0,0.078125,0.15625,0.04,0.24,0.44,0.24,0.36924523376268364
51-8093.00,"Petroleum Pump System Operators, Refinery Operators, and Gaugers",0.048780487804878,0.1951219512195122,0.3414634146341463,0.024390243902439,0.1707317073170731,0.3170731707317073,0.2258064516129032,0.3548387096774194,0.4838709677419355,0.3548387096774194,0.3229632780277222
51-8099.01,Biofuels Processing Technicians,0.0,0.0945945945945946,0.1891891891891892,0.0,0.081081081081081,0.1621621621621621,0.0,0.15,0.3,0.15,0.1564010560546432
51-9011.00,Chemical Equipment Operators and Tenders,0.0869565217391304,0.1521739130434782,0.217391304347826,0.0434782608695652,0.0652173913043478,0.0869565217391304,0.1304347826086956,0.1739130434782608,0.217391304347826,0.1739130434782608,0.16054398693275376
51-9012.00,"Separating, Filtering, Clarifying, Precipitating, and Still Machine Setters, Operators, and Tenders",0.1142857142857142,0.1428571428571428,0.1714285714285714,0.0,0.0857142857142857,0.1714285714285714,0.0714285714285714,0.0714285714285714,0.0714285714285714,0.0714285714285714,
51-9021.00,"Crushing, Grinding, and Polishing Machine Setters, Operators, and Tenders",0.1081081081081081,0.1081081081081081,0.1081081081081081,0.0,0.081081081081081,0.1621621621621621,0.1034482758620689,0.1034482758620689,0.1034482758620689,0.1034482758620689,
51-9022.00,"Grinding and Polishing Workers, Hand",0.0357142857142857,0.0357142857142857,0.0357142857142857,0.0,0.0357142857142857,0.0714285714285714,0.125,0.15625,0.1875,0.15625,
51-9023.00,"Mixing and Blending Machine Setters, Operators, and Tenders",0.1111111111111111,0.1111111111111111,0.1111111111111111,0.0555555555555555,0.0833333333333333,0.1111111111111111,0.0952380952380952,0.0952380952380952,0.0952380952380952,0.0952380952380952,0.1256801307144124
51-9031.00,"Cutters and Trimmers, Hand",0.0,0.0,0.0,0.0,0.0,0.0,0.04,0.04,0.04,0.04,0.05616398073047865
51-9032.00,"Cutting and Slicing Machine Setters, Operators, and Tenders",0.0454545454545454,0.0681818181818181,0.0909090909090909,0.0,0.0568181818181818,0.1136363636363636,0.025,0.0375,0.05,0.0375,
51-9041.00,"Extruding, Forming, Pressing, and Compacting Machine Setters, Operators, and Tenders",0.075,0.075,0.075,0.025,0.075,0.125,0.0681818181818181,0.0681818181818181,0.0681818181818181,0.0681818181818181,
51-9051.00,"Furnace, Kiln, Oven, Drier, and Kettle Operators and Tenders",0.16,0.16,0.16,0.0,0.04,0.08,0.1379310344827586,0.1724137931034483,0.2068965517241379,0.1724137931034483,
51-9061.00,"Inspectors, Testers, Sorters, Samplers, and Weighers",0.2708333333333333,0.4166666666666666,0.5625,0.0416666666666666,0.1770833333333333,0.3125,0.2291666666666666,0.3125,0.3958333333333333,0.3125,
51-9071.00,Jewelers and Precious Stone and Metal Workers,0.0714285714285714,0.1785714285714285,0.2857142857142857,0.0357142857142857,0.125,0.2142857142857142,0.1764705882352941,0.2058823529411764,0.2352941176470588,0.2058823529411764,
51-9071.06,Gem and Diamond Workers,0.0,0.2321428571428571,0.4642857142857142,0.0,0.1428571428571428,0.2857142857142857,0.0526315789473684,0.0526315789473684,0.0526315789473684,0.0526315789473684,
51-9081.00,Dental Laboratory Technicians,0.0,0.0416666666666666,0.0833333333333333,0.0,0.0416666666666666,0.0833333333333333,0.0,0.0185185185185185,0.037037037037037,0.0185185185185185,0.0631210851423068
51-9082.00,Medical Appliance Technicians,0.0689655172413793,0.1379310344827586,0.2068965517241379,0.0689655172413793,0.1034482758620689,0.1379310344827586,0.0,0.03125,0.0625,0.03125,0.03758774506074962
51-9083.00,Ophthalmic Laboratory Technicians,0.0,0.09375,0.1875,0.0,0.0625,0.125,0.0,0.0,0.0,0.0,0.0
51-9111.00,Packaging and Filling Machine Operators and Tenders,0.0,0.0,0.0,0.0,0.075,0.15,0.0,0.025,0.05,0.025,0.019088666631285316
51-9123.00,"Painting, Coating, and Decorating Workers",0.0,0.0,0.0,0.0,0.0294117647058823,0.0588235294117647,0.0,0.0,0.0,0.0,
51-9124.00,"Coating, Painting, and Spraying Machine Setters, Operators, and Tenders",0.0217391304347826,0.0434782608695652,0.0652173913043478,0.0,0.0108695652173913,0.0217391304347826,0.0526315789473684,0.0526315789473684,0.0526315789473684,0.0526315789473684,
51-9141.00,Semiconductor Processing Technicians,0.1875,0.234375,0.28125,0.03125,0.0625,0.09375,0.075,0.1125,0.15,0.1125,
51-9151.00,Photographic Process Workers and Processing Machine Operators,0.08,0.38,0.68,0.0,0.17,0.34,0.108695652173913,0.1521739130434782,0.1956521739130435,0.1521739130434782,
51-9161.00,Computer Numerically Controlled Tool Operators,0.22,0.25,0.28,0.0,0.18,0.36,0.1612903225806451,0.2741935483870967,0.3870967741935484,0.2741935483870967,0.21429380778183338
51-9162.00,Computer Numerically Controlled Tool Programmers,0.7142857142857142,0.8035714285714285,0.8928571428571428,0.0,0.3571428571428571,0.7142857142857142,0.35,0.5,0.65,0.5,
51-9191.00,Adhesive Bonding Machine Operators and Tenders,0.064516129032258,0.064516129032258,0.064516129032258,0.0,0.0,0.0,0.0,0.05,0.1,0.05,
51-9192.00,"Cleaning, Washing, and Metal Pickling Equipment Operators and Tenders",0.1052631578947368,0.1052631578947368,0.1052631578947368,0.0,0.0526315789473684,0.1052631578947368,0.0714285714285714,0.0714285714285714,0.0714285714285714,0.0714285714285714,
51-9193.00,Cooling and Freezing Equipment Operators and Tenders,0.08,0.08,0.08,0.0,0.04,0.08,0.0,0.015625,0.03125,0.015625,
51-9194.00,Etchers and Engravers,0.0,0.1363636363636363,0.2727272727272727,0.0,0.0303030303030303,0.0606060606060606,0.0350877192982456,0.0614035087719298,0.087719298245614,0.0614035087719298,
51-9195.00,"Molders, Shapers, and Casters, Except Metal and Plastic",0.0,0.0,0.0,0.0,0.0172413793103448,0.0344827586206896,0.0,0.01,0.02,0.01,
51-9195.03,"Stone Cutters and Carvers, Manufacturing",0.0,0.0869565217391304,0.1739130434782608,0.0,0.0434782608695652,0.0869565217391304,0.0,0.04,0.08,0.04,0.03482086888103336
51-9195.04,"Glass Blowers, Molders, Benders, and Finishers",0.0909090909090909,0.1136363636363636,0.1363636363636363,0.0,0.1136363636363636,0.2272727272727273,0.0857142857142857,0.1142857142857142,0.1428571428571428,0.1142857142857142,
51-9195.05,"Potters, Manufacturing",0.0,0.0833333333333333,0.1666666666666666,0.0,0.0119047619047619,0.0238095238095238,0.0333333333333333,0.1,0.1666666666666666,0.1,
51-9196.00,"Paper Goods Machine Setters, Operators, and Tenders",0.0,0.0,0.0,0.0,0.0263157894736842,0.0526315789473684,0.0,0.0,0.0,0.0,
51-9197.00,Tire Builders,0.0,0.0192307692307692,0.0384615384615384,0.0,0.0,0.0,0.0,0.0,0.0,0.0,
51-9198.00,Helpers--Production Workers,0.0444444444444444,0.0888888888888888,0.1333333333333333,0.0,0.0555555555555555,0.1111111111111111,0.0350877192982456,0.0701754385964912,0.1052631578947368,0.0701754385964912,
53-1041.00,Aircraft Cargo Handling Supervisors,0.1,0.3,0.5,0.0,0.0,0.0,0.25,0.3125,0.375,0.3125,
53-1042.00,"First-Line Supervisors of Helpers, Laborers, and Material Movers, Hand",0.0666666666666666,0.2222222222222222,0.3777777777777777,0.2,0.3555555555555555,0.5111111111111112,0.2962962962962963,0.3888888888888889,0.4814814814814814,0.3888888888888889,
53-1042.01,Recycling Coordinators,0.1379310344827586,0.3793103448275862,0.6206896551724138,0.3103448275862069,0.4655172413793103,0.6206896551724138,0.4,0.5375,0.675,0.5375,
53-1043.00,First-Line Supervisors of Material-Moving Machine and Vehicle Operators,0.1538461538461538,0.3717948717948718,0.5897435897435898,0.1538461538461538,0.3076923076923077,0.4615384615384615,0.2083333333333333,0.3333333333333333,0.4583333333333333,0.3333333333333333,
53-1044.00,First-Line Supervisors of Passenger Attendants,0.0526315789473684,0.2894736842105263,0.5263157894736842,0.2631578947368421,0.3157894736842105,0.3684210526315789,0.3157894736842105,0.3684210526315789,0.4210526315789473,0.3684210526315789,
53-2011.00,"Airline Pilots, Copilots, and Flight Engineers",0.0909090909090909,0.3522727272727273,0.6136363636363636,0.0,0.2272727272727273,0.4545454545454546,0.0588235294117647,0.1617647058823529,0.2647058823529412,0.1617647058823529,
53-2012.00,Commercial Pilots,0.1136363636363636,0.2386363636363636,0.3636363636363636,0.0,0.2159090909090909,0.4318181818181818,0.0588235294117647,0.1617647058823529,0.2647058823529412,0.1617647058823529,
53-2021.00,Air Traffic Controllers,0.0909090909090909,0.3409090909090909,0.5909090909090909,0.0,0.3068181818181818,0.6136363636363636,0.0,0.42,0.84,0.42,0.3993739482296987
53-2022.00,Airfield Operations Specialists,0.0975609756097561,0.3658536585365853,0.6341463414634146,0.0,0.3292682926829268,0.6585365853658537,0.025,0.325,0.625,0.325,
53-2031.00,Flight Attendants,0.1458333333333333,0.1666666666666666,0.1875,0.0416666666666666,0.1458333333333333,0.25,0.0,0.0185185185185185,0.037037037037037,0.0185185185185185,
53-3011.00,"Ambulance Drivers and Attendants, Except Emergency Medical Technicians",0.0909090909090909,0.0909090909090909,0.0909090909090909,0.0,0.0454545454545454,0.0909090909090909,0.0909090909090909,0.1363636363636363,0.1818181818181818,0.1363636363636363,
53-3031.00,Driver/Sales Workers,0.1666666666666666,0.3333333333333333,0.5,0.0,0.1388888888888889,0.2777777777777778,0.0,0.0555555555555555,0.1111111111111111,0.0555555555555555,
53-3032.00,Heavy and Tractor-Trailer Truck Drivers,0.1923076923076923,0.2788461538461538,0.3653846153846154,0.0384615384615384,0.173076923076923,0.3076923076923077,0.048780487804878,0.1097560975609756,0.1707317073170731,0.1097560975609756,
53-3033.00,Light Truck Drivers,0.2307692307692307,0.3653846153846154,0.5,0.0,0.25,0.5,0.0625,0.09375,0.125,0.09375,
53-3051.00,"Bus Drivers, School",0.2941176470588235,0.3235294117647059,0.3529411764705882,0.0,0.1764705882352941,0.3529411764705882,0.2941176470588235,0.2941176470588235,0.2941176470588235,0.2941176470588235,
53-3052.00,"Bus Drivers, Transit and Intercity",0.2222222222222222,0.2407407407407407,0.2592592592592592,0.0,0.1666666666666666,0.3333333333333333,0.1111111111111111,0.1666666666666666,0.2222222222222222,0.1666666666666666,
53-3053.00,Shuttle Drivers and Chauffeurs,0.1923076923076923,0.25,0.3076923076923077,0.0384615384615384,0.173076923076923,0.3076923076923077,0.3076923076923077,0.3461538461538461,0.3846153846153846,0.3461538461538461,
53-3054.00,Taxi Drivers,0.25,0.28125,0.3125,0.125,0.25,0.375,0.125,0.15625,0.1875,0.15625,
53-4011.00,Locomotive Engineers,0.2142857142857142,0.2857142857142857,0.3571428571428571,0.0714285714285714,0.2321428571428571,0.3928571428571428,0.0588235294117647,0.0588235294117647,0.0588235294117647,0.0588235294117647,
53-4013.00,"Rail Yard Engineers, Dinkey Operators, and Hostlers",0.2045454545454545,0.2045454545454545,0.2045454545454545,0.0,0.0568181818181818,0.1136363636363636,0.0,0.064516129032258,0.1290322580645161,0.064516129032258,
53-4022.00,"Railroad Brake, Signal, and Switch Operators and Locomotive Firers",0.0833333333333333,0.1666666666666666,0.2499999999999999,0.0,0.0416666666666666,0.0833333333333333,0.0,0.0285714285714285,0.0571428571428571,0.0285714285714285,
53-4031.00,Railroad Conductors and Yardmasters,0.0833333333333333,0.2777777777777778,0.4722222222222222,0.0,0.2083333333333333,0.4166666666666666,0.0333333333333333,0.1833333333333333,0.3333333333333333,0.1833333333333333,
53-4041.00,Subway and Streetcar Operators,0.4090909090909091,0.4090909090909091,0.4090909090909091,0.0,0.2045454545454545,0.4090909090909091,0.0714285714285714,0.0714285714285714,0.0714285714285714,0.0714285714285714,
53-5011.00,Sailors and Marine Oilers,0.0212765957446808,0.0425531914893617,0.0638297872340425,0.0,0.0106382978723404,0.0212765957446808,0.027027027027027,0.0675675675675675,0.1081081081081081,0.0675675675675675,
53-5021.00,"Captains, Mates, and Pilots of Water Vessels",0.1999999999999999,0.2636363636363636,0.3272727272727272,0.0727272727272727,0.209090909090909,0.3454545454545454,0.1764705882352941,0.2647058823529412,0.3529411764705882,0.2647058823529412,
53-5022.00,Motorboat Operators,0.0,0.0,0.0,0.0,0.1290322580645161,0.2580645161290322,0.05,0.05,0.05,0.05,
53-5031.00,Ship Engineers,0.125,0.171875,0.21875,0.0,0.140625,0.28125,0.1052631578947368,0.2105263157894736,0.3157894736842105,0.2105263157894736,
53-6011.00,Bridge and Lock Tenders,0.2857142857142857,0.2857142857142857,0.2857142857142857,0.0,0.1607142857142857,0.3214285714285714,0.1153846153846153,0.1153846153846153,0.1153846153846153,0.1153846153846153,0.1219696242573145
53-6021.00,Parking Attendants,0.0357142857142857,0.1071428571428571,0.1785714285714285,0.0357142857142857,0.125,0.2142857142857142,0.0,0.0,0.0,0.0,
53-6031.00,Automotive and Watercraft Service Attendants,0.1304347826086956,0.1304347826086956,0.1304347826086956,0.0,0.0652173913043478,0.1304347826086956,0.1818181818181818,0.2272727272727272,0.2727272727272727,0.2272727272727272,
53-6032.00,Aircraft Service Attendants,0.1111111111111111,0.1388888888888889,0.1666666666666666,0.1111111111111111,0.1111111111111111,0.1111111111111111,0.0555555555555555,0.0555555555555555,0.0555555555555555,0.0555555555555555,
53-6041.00,Traffic Technicians,0.1111111111111111,0.4629629629629629,0.8148148148148148,0.037037037037037,0.3888888888888888,0.7407407407407407,0.3111111111111111,0.4111111111111111,0.5111111111111111,0.4111111111111111,
53-6051.00,Transportation Inspectors,0.2727272727272727,0.4393939393939394,0.6060606060606061,0.0606060606060606,0.3181818181818182,0.5757575757575758,0.2222222222222222,0.2222222222222222,0.2222222222222222,0.2222222222222222,
53-6051.01,Aviation Inspectors,0.08,0.34,0.6,0.12,0.26,0.4,0.25,0.3,0.35,0.3,
53-6051.07,"Transportation Vehicle, Equipment and Systems Inspectors, Except Aviation",0.2083333333333333,0.4583333333333333,0.7083333333333333,0.0,0.125,0.25,0.1538461538461538,0.2307692307692307,0.3076923076923077,0.2307692307692307,
53-6061.00,Passenger Attendants,0.1666666666666666,0.2222222222222222,0.2777777777777778,0.0,0.1388888888888889,0.2777777777777778,0.0,0.0,0.0,0.0,
53-7011.00,Conveyor Operators and Tenders,0.0689655172413793,0.1034482758620689,0.1379310344827586,0.0,0.1379310344827586,0.2758620689655172,0.05,0.1,0.15,0.1,
53-7021.00,Crane and Tower Operators,0.1052631578947368,0.1842105263157894,0.2631578947368421,0.0,0.0263157894736842,0.0526315789473684,0.0714285714285714,0.1071428571428571,0.1428571428571428,0.1071428571428571,0.17294905991134718
53-7031.00,Dredge Operators,0.0,0.0,0.0,0.0,0.0,0.0,0.0,0.0,0.0,0.0,0.0
53-7041.00,Hoist and Winch Operators,0.0,0.0,0.0,0.0,0.0952380952380952,0.1904761904761904,0.0,0.0,0.0,0.0,
53-7051.00,Industrial Truck and Tractor Operators,0.0,0.03125,0.0625,0.0,0.03125,0.0625,0.0,0.0,0.0,0.0,
53-7061.00,Cleaners of Vehicles and Equipment,0.0555555555555555,0.0833333333333333,0.1111111111111111,0.0,0.0,0.0,0.037037037037037,0.037037037037037,0.037037037037037,0.037037037037037,
53-7062.00,"Laborers and Freight, Stock, and Material Movers, Hand",0.04,0.04,0.04,0.0,0.06,0.12,0.0263157894736842,0.0526315789473684,0.0789473684210526,0.0526315789473684,
53-7062.04,Recycling and Reclamation Workers,0.0434782608695652,0.0434782608695652,0.0434782608695652,0.0,0.0217391304347826,0.0434782608695652,0.064516129032258,0.064516129032258,0.064516129032258,0.064516129032258,
53-7063.00,Machine Feeders and Offbearers,0.0909090909090909,0.0909090909090909,0.0909090909090909,0.0,0.0909090909090909,0.1818181818181818,0.0588235294117647,0.088235294117647,0.1176470588235294,0.088235294117647,0.1682225228585679
53-7064.00,"Packers and Packagers, Hand",0.1,0.1,0.1,0.0,0.1,0.2,0.0625,0.0625,0.0625,0.0625,0.08121424542433106
53-7065.00,Stockers and Order Fillers,0.109090909090909,0.1818181818181818,0.2545454545454545,0.109090909090909,0.1909090909090909,0.2727272727272727,0.1142857142857142,0.2142857142857142,0.3142857142857143,0.2142857142857142,
53-7071.00,Gas Compressor and Gas Pumping Station Operators,0.2307692307692307,0.2692307692307693,0.3076923076923077,0.0,0.0769230769230769,0.1538461538461538,0.0769230769230769,0.1923076923076923,0.3076923076923077,0.1923076923076923,
53-7072.00,"Pump Operators, Except Wellhead Pumpers",0.1666666666666666,0.2499999999999999,0.3333333333333333,0.0,0.1666666666666666,0.3333333333333333,0.0555555555555555,0.1111111111111111,0.1666666666666666,0.1111111111111111,
53-7073.00,Wellhead Pumpers,0.0,0.0,0.0,0.0,0.0,0.0,0.0,0.02,0.04,0.02,
53-7081.00,Refuse and Recyclable Material Collectors,0.1785714285714285,0.1964285714285714,0.2142857142857142,0.1071428571428571,0.2321428571428571,0.3571428571428571,0.2,0.2,0.2,0.2,
53-7121.00,"Tank Car, Truck, and Ship Loaders",0.0714285714285714,0.0714285714285714,0.0714285714285714,0.0,0.125,0.25,0.0,0.0172413793103448,0.0344827586206896,0.0172413793103448,
