occ_code,task_id,pi,normalized_time
11-1011.00,8829,0.0491917411032086,0.048342541436464
11-1011.00,8831,0.0188693474742432,0.0207182320441988
11-1011.00,8842,0.16981030653849,0.0027624309392265
11-1011.00,8846,0.0983278015318662,0.0069060773480662
11-1011.00,8847,0.1699254824465511,0.0138121546961325
11-1011.00,8850,0.0418538471743899,0.0138121546961325
11-1011.00,8851,0.1017095982890574,0.0069060773480662
11-1011.00,8852,0.0846776107215178,0.0276243093922651
11-1011.03,15367,0.0037298177759573,0.0181818181818181
11-1011.03,15368,0.0481985748151916,0.0454545454545454
11-1011.03,15369,0.1679471746713737,0.0454545454545454
11-1011.03,15370,0.01221347360628,0.0545454545454545
11-1011.03,15371,0.0021269822258971,0.0363636363636363
11-1011.03,15372,0.1251352780214364,0.0909090909090909
11-1011.03,15373,0.1257676612133936,0.0545454545454545
11-1011.03,15374,0.0898891762171085,0.0545454545454545
11-1011.03,15375,0.014921438342514,0.0363636363636363
11-1011.03,15376,0.0207706530089729,0.0545454545454545
11-1011.03,15377,0.0874410677336187,0.0545454545454545
11-1011.03,15378,0.0047737766502622,0.0727272727272727
11-1011.03,15379,0.0165089948598488,0.0545454545454545
11-1011.03,15380,0.0146223594040584,0.0363636363636363
11-1011.03,15381,0.0024881525526625,0.0363636363636363
11-1011.03,15382,0.0528429412549464,0.0727272727272727
11-1011.03,15383,0.1752497289151454,0.0727272727272727
11-1011.03,15384,0.0353727487313316,0.109090909090909
11-1021.00,944,0.1769637424911034,0.0392156862745098
11-1021.00,948,0.1925592407788199,0.0098039215686274
11-1021.00,949,0.1854154367889216,0.0196078431372549
11-1021.00,20699,0.0217303929151114,0.0980392156862745
11-1021.00,20701,0.0770890895203512,0.0588235294117647
11-2011.00,3223,0.0553191062982088,0.0327868852459016
11-2011.00,3228,0.113104918342686,0.0273224043715847
11-2011.00,3235,0.127232924892219,0.0218579234972677
11-2011.00,3243,0.0697262154712694,0.0218579234972677
11-2011.00,3244,0.1794836788695195,0.0109289617486338
11-2011.00,3245,0.1042277223159465,0.0109289617486338
11-2021.00,959,0.129534879808136,0.01
11-2021.00,962,0.1736540334943653,0.02
11-2021.00,19504,0.2685766830221056,0.02
11-2022.00,1,0.0433844244788742,0.0714285714285714
11-2022.00,2,0.0091748584909133,0.0535714285714285
11-2022.00,3,0.0111693006901368,0.1785714285714285
11-2022.00,4,0.0197421014563565,0.0357142857142857
11-2022.00,5,0.0224833759500635,0.0892857142857142
11-2022.00,6,0.0802900100092489,0.0535714285714285
11-2022.00,7,0.0399801185745139,0.0535714285714285
11-2022.00,8,0.0792800443446104,0.0357142857142857
11-2022.00,9,0.0197046779137803,0.0357142857142857
11-2022.00,10,0.0002619923037871,0.0357142857142857
11-2022.00,11,0.0032640292011525,0.0714285714285714
11-2022.00,12,0.1174641913481307,0.0178571428571428
11-2022.00,13,0.0759616606188864,0.0714285714285714
11-2022.00,14,0.0429540537392478,0.1428571428571428
11-2022.00,15,0.1228338568973064,0.0178571428571428
11-2022.00,16,0.1561940093363156,0.0178571428571428
11-2022.00,17,0.155857294646675,0.0178571428571428
11-2033.00,21247,0.0435121051615607,0.0884955752212389
11-2033.00,21256,0.0851464686888804,0.0265486725663716
11-2033.00,21257,0.0870253690412382,0.0265486725663716
11-2033.00,21260,0.2664157086926225,0.0088495575221238
11-2033.00,21261,0.1241968850183827,0.0530973451327433
11-3012.00,26,0.4979884193377867,0.0267857142857142
11-3013.00,21273,0.1040024021943673,0.0329670329670329
11-3013.00,21275,0.3617282561284546,0.0439560439560439
11-3013.01,21283,0.0109902922452035,0.043103448275862
11-3013.01,21284,0.0063279775235069,0.0344827586206896
11-3013.01,21285,0.0048763538495486,0.0258620689655172
11-3013.01,21286,0.0416079881339331,0.0517241379310344
11-3013.01,21287,0.0074552363795334,0.0517241379310344
11-3013.01,21288,0.0016986719983704,0.0344827586206896
11-3013.01,21289,0.0844730096868038,0.0258620689655172
11-3013.01,21290,0.0071811663311234,0.0344827586206896
11-3013.01,21291,0.0004659294952926,0.0258620689655172
11-3013.01,21292,0.0058920895209827,0.0344827586206896
11-3013.01,21293,0.1124538460884044,0.0172413793103448
11-3013.01,21294,0.0012875148607767,0.0172413793103448
11-3013.01,21295,0.056180850744461,0.0258620689655172
11-3013.01,21296,0.0181159052439461,0.0344827586206896
11-3013.01,21297,0.0247863141330291,0.0344827586206896
11-3013.01,21298,0.0102232709775032,0.043103448275862
11-3013.01,21299,0.0814612849555547,0.0172413793103448
11-3013.01,21300,0.024359016852007,0.0517241379310344
11-3013.01,21301,0.1095904180362749,0.0258620689655172
11-3013.01,21302,0.0566525282134132,0.0689655172413793
11-3013.01,21303,0.0064375222389048,0.043103448275862
11-3013.01,21304,0.0011510004863597,0.0172413793103448
11-3013.01,21305,0.0278819415776165,0.0258620689655172
11-3013.01,21306,0.0013153175594566,0.0172413793103448
11-3013.01,21307,0.0908038143386597,0.0862068965517241
11-3013.01,21308,0.1693852733770115,0.0086206896551724
11-3013.01,21309,0.0092638696131321,0.043103448275862
11-3013.01,21310,0.0276815955391892,0.0603448275862069
11-3021.00,979,0.1988367754216666,0.0367647058823529
11-3031.00,21313,0.0233061404047877,0.0208333333333333
11-3031.00,21315,0.0838742574404748,0.0833333333333333
11-3031.00,21318,0.1421411774845836,0.0416666666666666
11-3031.00,21322,0.1727596902447883,0.0347222222222222
11-3031.00,21325,0.1356900652777863,0.0347222222222222
11-3031.00,21329,0.1949902784926698,0.0277777777777777
11-3031.01,8855,0.1088325956307937,0.0267857142857142
11-3031.01,8856,0.0245956812322276,0.1071428571428571
11-3031.01,8857,0.0824385600515444,0.0892857142857142
11-3031.01,8858,0.0100985682448861,0.0267857142857142
11-3031.01,8859,0.0046206259674976,0.0267857142857142
11-3031.01,8860,0.0484035710316897,0.0357142857142857
11-3031.01,8861,0.0251802944922266,0.0535714285714285
11-3031.01,8863,0.0099559324369173,0.0446428571428571
11-3031.01,8864,0.004491256163978,0.0446428571428571
11-3031.01,8865,0.017003607361468,0.1071428571428571
11-3031.01,8866,0.0082372588451235,0.0357142857142857
11-3031.01,8867,0.0089945054880101,0.0714285714285714
11-3031.01,8868,0.000756909895219,0.0535714285714285
11-3031.01,8869,0.0428426447834674,0.0446428571428571
11-3031.01,8870,0.0124622897176701,0.0535714285714285
11-3031.01,8871,0.025426838388579,0.0178571428571428
11-3031.01,8872,0.0489056475155788,0.0089285714285714
11-3031.01,8873,0.1455429444049705,0.0089285714285714
11-3031.01,8874,0.1446199982144864,0.0178571428571428
11-3031.01,8875,0.1125015212205517,0.0178571428571428
11-3031.01,20168,0.0094034469125422,0.0892857142857142
11-3031.01,20169,0.1046853020005712,0.0178571428571428
11-3031.03,15670,0.095973943393182,0.0231213872832369
11-3051.01,15411,0.0936445189164093,0.0408163265306122
11-3051.01,15412,0.1054187797576023,0.0272108843537414
11-3051.01,15419,0.077574886051937,0.0204081632653061
11-3051.01,15424,0.0262304532631148,0.0476190476190476
11-3051.01,15425,0.0387969045733345,0.0340136054421768
11-3051.06,15507,0.0630964008119267,0.04
11-3051.06,15513,0.0298741486700166,0.08
11-3061.00,1020,0.0595031188075667,0.0357142857142857
11-3061.00,1021,0.022199777548053,0.0892857142857142
11-3061.00,1022,0.1287107739465482,0.0535714285714285
11-3061.00,1023,0.011514848073517,0.0446428571428571
11-3061.00,1024,0.0316744112475279,0.0357142857142857
11-3061.00,1025,0.0773056322692412,0.0714285714285714
11-3061.00,1026,0.014247280392052,0.0535714285714285
11-3061.00,1027,0.0195857958322176,0.0357142857142857
11-3061.00,1028,0.0693350109253707,0.0357142857142857
11-3061.00,1029,0.0330150713212281,0.0446428571428571
11-3061.00,1030,0.0477254529161389,0.1071428571428571
11-3061.00,1031,0.0739904333243729,0.0625
11-3061.00,1032,0.0621028809532036,0.1428571428571428
11-3061.00,1033,0.0329554208660133,0.0267857142857142
11-3061.00,1034,0.0681279435548922,0.0446428571428571
11-3061.00,1035,0.15787684894796,0.0357142857142857
11-3061.00,1036,0.0645235854220819,0.0089285714285714
11-3061.00,21039,0.0256057136520139,0.0714285714285714
11-3071.00,21340,0.0461943543112971,0.1019108280254777
11-3071.00,21341,0.0200340175287402,0.0254777070063694
11-3071.00,21342,0.020092406528883,0.0382165605095541
11-3071.00,21343,0.0481265313605953,0.0764331210191082
11-3071.00,21344,0.013068272167401,0.0509554140127388
11-3071.00,21345,0.0064279026488487,0.0382165605095541
11-3071.00,21346,0.0165787046026579,0.0636942675159235
11-3071.00,21347,0.032869308625548,0.019108280254777
11-3071.00,21348,0.059778360821533,0.0509554140127388
11-3071.00,21349,0.013600367311606,0.0254777070063694
11-3071.00,21350,0.0380028477192068,0.0382165605095541
11-3071.00,21351,0.0076329102435442,0.0254777070063694
11-3071.00,21352,0.0165529615315524,0.019108280254777
11-3071.00,21353,0.0861809546025564,0.0254777070063694
11-3071.00,21354,0.0879247511654847,0.0127388535031847
11-3071.00,21355,0.0033898282531138,0.0254777070063694
11-3071.00,21356,0.1069995466460802,0.0127388535031847
11-3071.00,21357,0.0721750163227877,0.0254777070063694
11-3071.00,21358,0.0182052930404101,0.0382165605095541
11-3071.00,21359,0.0029455444651197,0.019108280254777
11-3071.00,21360,0.0110641909714334,0.0382165605095541
11-3071.00,21361,0.0798383103929522,0.0254777070063694
11-3071.00,21362,0.0923914886807731,0.0063694267515923
11-3071.00,21363,0.0210922869274771,0.019108280254777
11-3071.00,21364,0.0470854657514315,0.0254777070063694
11-3071.00,21365,0.0317483773789652,0.0127388535031847
11-3071.04,15680,0.0250592768228776,0.0416666666666666
11-3071.04,15681,0.0467948334381578,0.0166666666666666
11-3071.04,15685,0.0130749161748736,0.0666666666666666
11-3071.04,15688,0.0117761135557721,0.05
11-3071.04,15691,0.0340297425789013,0.025
11-3071.04,15692,0.0317534347699913,0.0166666666666666
11-3071.04,15693,0.0330875201347855,0.025
11-3071.04,15694,0.0449804765533841,0.0666666666666666
11-3071.04,15695,0.0026728929864912,0.025
11-3071.04,15696,0.0342497311516429,0.0583333333333333
11-3071.04,15697,0.0223342409222576,0.0416666666666666
11-3071.04,15698,0.0250552763209134,0.025
11-3071.04,15700,0.0034753116956424,0.0333333333333333
11-3071.04,15701,0.0021350776957435,0.0416666666666666
11-3071.04,19539,0.0633832137272346,0.0083333333333333
11-3071.04,19540,0.0216899576709802,0.0083333333333333
11-3071.04,19541,0.0448080309759313,0.0166666666666666
11-3071.04,19542,0.0323880695222626,0.025
11-3071.04,19543,0.0535759438912239,0.0083333333333333
11-3071.04,19544,0.0844513267235063,0.0083333333333333
11-3071.04,19545,0.1161318599319326,0.0083333333333333
11-3071.04,19546,0.021294457443058,0.0083333333333333
11-3071.04,20942,0.0088178694983971,0.0333333333333333
11-3071.04,20943,0.0225521165361292,0.1
11-3071.04,20944,0.0053097220910652,0.05
11-3071.04,20945,0.0020550872598692,0.05
11-3071.04,20946,0.0233036734054696,0.0583333333333333
11-3071.04,20947,0.0318751585537548,0.0333333333333333
11-3071.04,20948,0.0850599317920883,0.0333333333333333
11-3071.04,20949,0.0528247361756614,0.0166666666666666
11-3111.00,3266,0.1167184975267365,0.016260162601626
11-3111.00,3267,0.0042794231937076,0.040650406504065
11-3111.00,3268,0.0007145979646294,0.0975609756097561
11-3111.00,3269,0.0580784207355656,0.024390243902439
11-3111.00,3270,0.0508055975703914,0.0975609756097561
11-3111.00,3271,0.0029731131618978,0.048780487804878
11-3111.00,3272,0.0007503253609423,0.08130081300813
11-3111.00,3273,0.0417852957293889,0.0975609756097561
11-3111.00,3274,0.0006431431720034,0.048780487804878
11-3111.00,3275,0.0052790480546461,0.056910569105691
11-3111.00,3276,0.0084635099486452,0.048780487804878
11-3111.00,3277,0.083085146277001,0.040650406504065
11-3111.00,3278,0.0995793277288298,0.032520325203252
11-3111.00,3279,0.0274491702586678,0.032520325203252
11-3111.00,3280,0.0826285008393075,0.008130081300813
11-3111.00,3282,0.1240063111618319,0.008130081300813
11-3111.00,3283,0.0503260167938633,0.065040650406504
11-3111.00,3285,0.0012070422450887,0.032520325203252
11-3111.00,3287,0.0579552923897035,0.032520325203252
11-3111.00,3288,0.0579360600145245,0.016260162601626
11-3111.00,3289,0.0909768440997113,0.016260162601626
11-3111.00,3290,0.0343593157729155,0.032520325203252
11-3121.00,982,0.0085392739347761,0.0669456066945606
11-3121.00,983,0.0073334470322527,0.0836820083682008
11-3121.00,984,0.045596797978507,0.0334728033472803
11-3121.00,985,0.0105103728240185,0.0502092050209205
11-3121.00,986,0.0349287887127889,0.0585774058577405
11-3121.00,987,0.0085911674949317,0.0669456066945606
11-3121.00,988,0.0227903792595736,0.0502092050209205
11-3121.00,989,0.0022069953911835,0.0334728033472803
11-3121.00,990,0.0395346755086124,0.100418410041841
11-3121.00,991,0.0422727795683119,0.100418410041841
11-3121.00,992,0.0211694266926595,0.0251046025104602
11-3121.00,993,0.0442433625805122,0.0502092050209205
11-3121.00,994,0.0052827236430466,0.0334728033472803
11-3121.00,995,0.0061758230280429,0.0836820083682008
11-3121.00,996,0.0034848411756203,0.0167364016736401
11-3121.00,997,0.0784406706128739,0.00836820083682
11-3121.00,998,0.000185369098379,0.00836820083682
11-3121.00,999,0.1352727161659223,0.0167364016736401
11-3121.00,1000,0.0390344909160619,0.0167364016736401
11-3121.00,1001,0.0223938599139319,0.0167364016736401
11-3121.00,1002,0.0679021491232198,0.00836820083682
11-3121.00,1003,0.0207335415447765,0.0251046025104602
11-3121.00,1004,0.0603837654239697,0.0167364016736401
11-3121.00,1005,0.0208816911137034,0.0167364016736401
11-3121.00,1006,0.0967731387909097,0.00418410041841
11-3121.00,1007,0.1553377524714131,0.00836820083682
11-3131.00,1008,0.0401477692728479,0.0888888888888888
11-3131.00,1009,0.0231143946209282,0.1111111111111111
11-3131.00,1010,0.0371106335340801,0.0444444444444444
11-3131.00,1011,0.0400017459700867,0.1111111111111111
11-3131.00,1012,0.0058244181809266,0.0888888888888888
11-3131.00,1013,0.0586615350266778,0.1111111111111111
11-3131.00,1014,0.0322670322909519,0.1777777777777777
11-3131.00,1015,0.0287635764006611,0.0888888888888888
11-3131.00,1016,0.2806130129952724,0.0333333333333333
11-3131.00,1017,0.0429184442473212,0.0666666666666666
11-3131.00,1018,0.3720095938832191,0.0333333333333333
11-3131.00,1019,0.0385678435770263,0.0444444444444444
11-9013.00,21370,0.0053797817794749,0.0327868852459016
11-9013.00,21371,0.0809186739871031,0.0218579234972677
11-9013.00,21372,0.0580090269327182,0.0109289617486338
11-9013.00,21373,0.0290134767966258,0.0109289617486338
11-9013.00,21374,0.0041200001441379,0.0437158469945355
11-9013.00,21375,0.0433084839268762,0.0218579234972677
11-9013.00,21376,0.0420736657901972,0.0109289617486338
11-9013.00,21377,0.0663601625357464,0.0327868852459016
11-9013.00,21378,0.0143777508992605,0.0218579234972677
11-9013.00,21379,0.0174303434782674,0.0655737704918032
11-9013.00,21380,0.0258706005539674,0.0546448087431694
11-9013.00,21381,0.0326495285732557,0.0437158469945355
11-9013.00,21382,0.0585739655701799,0.0546448087431694
11-9013.00,21383,0.0562526535878394,0.0327868852459016
11-9013.00,21384,0.0423617330186839,0.0218579234972677
11-9013.00,21385,0.0517636552809762,0.0163934426229508
11-9013.00,21386,0.0700740331630487,0.0109289617486338
11-9013.00,21387,0.0895669085325315,0.0163934426229508
11-9013.00,21388,0.0489259266535986,0.0273224043715847
11-9013.00,21389,0.1629696287955101,0.0109289617486338
11-9021.00,3314,0.009467221014575,0.0819112627986348
11-9021.00,3315,0.0137543536446365,0.0819112627986348
11-9021.00,3317,0.0703644177085476,0.0273037542662116
11-9021.00,3318,0.0184239514319831,0.068259385665529
11-9021.00,3323,0.0105587990058039,0.0409556313993174
11-9021.00,3325,0.0556503661023221,0.0409556313993174
11-9021.00,3326,0.00444618843733,0.068259385665529
11-9021.00,3327,0.0328141510768142,0.0273037542662116
11-9021.00,3331,0.1933571874635034,0.0034129692832764
11-9021.00,19518,0.0807517828424092,0.0136518771331058
11-9021.00,19519,0.0167983645207067,0.0068259385665529
11-9021.00,19520,0.0324939178403033,0.0068259385665529
11-9021.00,19521,0.032789016169392,0.0068259385665529
11-9021.00,19522,0.0519561131417969,0.0204778156996587
11-9021.00,19523,0.0342155687581338,0.0136518771331058
11-9021.00,19524,0.0807595094503643,0.0068259385665529
11-9021.00,20332,0.0207218097809567,0.1092150170648464
11-9021.00,20333,0.0222023688418635,0.0204778156996587
11-9021.00,20334,0.0166268632588001,0.0409556313993174
11-9021.00,20335,0.0202239304022477,0.0273037542662116
11-9021.00,20336,0.0228811035193379,0.0546075085324232
11-9021.00,20337,0.0002119917859805,0.0136518771331058
11-9021.00,20338,0.0360605293675524,0.0273037542662116
11-9021.00,20339,0.0434867453957087,0.0546075085324232
11-9021.00,20340,0.0789837490389293,0.136518771331058
11-9032.00,5227,0.1591104579643422,0.02
11-9032.00,5234,0.0494898496958516,0.0266666666666666
11-9032.00,21040,0.0439851466858519,0.0266666666666666
11-9033.00,5241,0.1255442604533673,0.0209790209790209
11-9033.00,5245,0.1768586940316047,0.0349650349650349
11-9033.00,5259,0.1444071227338523,0.0279720279720279
11-9033.00,18597,0.1863960125782777,0.0209790209790209
11-9041.00,1063,0.19674002830415,0.0472440944881889
11-9041.00,19527,0.1751118684860054,0.0236220472440944
11-9041.00,20174,0.0343006230541017,0.0472440944881889
11-9051.00,1097,0.2052867416838791,0.0337837837837837
11-9071.00,7201,0.1902298532397935,0.0387596899224806
11-9072.00,21400,0.0690184414882629,0.0101010101010101
11-9072.00,21406,0.088201337260734,0.0505050505050505
11-9111.00,46,0.0332653380687467,0.135593220338983
11-9111.00,47,0.0217944864403992,0.0338983050847457
11-9111.00,48,0.0185347703559226,0.0508474576271186
11-9111.00,49,0.0499114238630307,0.0508474576271186
11-9111.00,50,0.0315778668847311,0.0338983050847457
11-9111.00,51,0.04271800830539,0.0847457627118644
11-9111.00,52,0.0171179301058649,0.0508474576271186
11-9111.00,53,0.0471270861948312,0.1016949152542373
11-9111.00,54,0.1260935934428399,0.0677966101694915
11-9111.00,55,0.0545345813193356,0.0338983050847457
11-9111.00,56,0.0219382096714007,0.0423728813559322
11-9111.00,57,0.0193165014046176,0.0508474576271186
11-9111.00,58,0.0666757838577772,0.1016949152542373
11-9111.00,59,0.0701152835832934,0.0338983050847457
11-9111.00,60,0.1451941384909539,0.0254237288135593
11-9111.00,61,0.0668709203001104,0.0508474576271186
11-9111.00,62,0.0858843997592447,0.0338983050847457
11-9111.00,63,0.0813296779515095,0.0169491525423728
11-9121.02,15615,0.1289474055119309,0.025
11-9121.02,15616,0.0077834424735797,0.05
11-9121.02,15617,0.1040427874930704,0.01875
11-9121.02,15618,0.0124856271433681,0.1
11-9121.02,15619,0.0644240100688641,0.075
11-9121.02,15620,0.087199575495729,0.05
11-9121.02,15621,0.0139755944407142,0.075
11-9121.02,15622,0.0373345090305891,0.025
11-9121.02,15623,0.0385317797089991,0.0375
11-9121.02,15624,0.0102830018324237,0.025
11-9121.02,15625,0.1557354396007396,0.025
11-9121.02,15626,0.0798229551598941,0.05
11-9121.02,15627,0.0278065669510241,0.0375
11-9121.02,15628,0.0413360938006075,0.05
11-9121.02,15629,0.029747023904886,0.025
11-9121.02,15630,0.0306996080926481,0.0625
11-9121.02,15631,0.0136422057690582,0.0625
11-9121.02,15632,0.0372112193979696,0.0375
11-9121.02,15633,0.0104820082211267,0.05625
11-9121.02,15634,0.0149139614474511,0.05
11-9121.02,15635,0.0535951844553258,0.0625
11-9131.00,5270,0.2500037690862168,0.03125
11-9141.00,7219,0.0629830203971236,0.050632911392405
11-9141.00,7220,0.0109806891930295,0.050632911392405
11-9141.00,7221,0.0029401730200535,0.050632911392405
11-9141.00,7222,0.0191464415101164,0.050632911392405
11-9141.00,7223,0.0158588216098607,0.0632911392405063
11-9141.00,7224,0.0154150624923153,0.1012658227848101
11-9141.00,7225,0.0683163796938886,0.0379746835443038
11-9141.00,7226,0.0174200125168567,0.050632911392405
11-9141.00,7227,0.0537204334533434,0.0379746835443038
11-9141.00,7228,0.0080915791112869,0.050632911392405
11-9141.00,7229,0.0091866811748652,0.0632911392405063
11-9141.00,7230,0.0156438253550393,0.0189873417721519
11-9141.00,7231,0.0480646484750599,0.0379746835443038
11-9141.00,7232,0.000888215030719,0.0316455696202531
11-9141.00,7233,0.0535937014826134,0.0189873417721519
11-9141.00,7234,0.008668527704104,0.0316455696202531
11-9141.00,7235,0.0241850210900967,0.0189873417721519
11-9141.00,7236,0.0259032447891563,0.050632911392405
11-9141.00,7237,0.0543806415104563,0.0379746835443038
11-9141.00,7238,0.0307938713099073,0.0253164556962025
11-9141.00,7239,0.0383021432963675,0.0126582278481012
11-9141.00,7240,0.0593861443252294,0.0253164556962025
11-9141.00,7241,0.0012471264104789,0.0379746835443038
11-9141.00,7242,0.0980335629066832,0.0063291139240506
11-9141.00,7243,0.0908952132660699,0.0063291139240506
11-9141.00,7244,0.0829846578160947,0.0126582278481012
11-9141.00,7245,0.0829701610591831,0.0189873417721519
11-9151.00,1134,0.0358841068843939,0.036036036036036
11-9151.00,1135,0.0526368762072189,0.054054054054054
11-9151.00,1136,0.1241609053593809,0.036036036036036
11-9151.00,1138,0.1305177068795754,0.027027027027027
11-9151.00,1141,0.2109955164258929,0.054054054054054
11-9161.00,7253,0.0183834569852584,0.08
11-9161.00,7254,0.0005589718945252,0.1
11-9161.00,7255,0.0002676796512756,0.04
11-9161.00,7256,0.0017093127219684,0.04
11-9161.00,7257,0.0459622666094984,0.06
11-9161.00,7258,0.0423427024176557,0.08
11-9161.00,7259,0.0046153832862573,0.04
11-9161.00,7260,0.0272295702179838,0.04
11-9161.00,7261,0.000719551575062,0.05
11-9161.00,7262,0.0033879852948278,0.04
11-9161.00,7263,0.0061923319695862,0.06
11-9161.00,7264,0.0003993409342016,0.05
11-9161.00,7265,0.00245901251714,0.06
11-9161.00,7266,0.0103185972792412,0.03
11-9161.00,7267,0.0022216919126879,0.03
11-9161.00,7268,0.0335897905275274,0.03
11-9161.00,7269,0.0009108065424935,0.04
11-9161.00,7270,0.0334460423031203,0.02
11-9161.00,7271,0.0003034499170932,0.02
11-9161.00,7272,0.0002556273907889,0.05
11-9161.00,7273,0.2990491641863662,0.01
11-9161.00,7274,0.3322308408760358,0.01
11-9161.00,7275,0.1334464229894042,0.02
11-9171.00,18834,0.0244217652037898,0.0485436893203883
11-9179.01,15544,0.0267985320472195,0.042016806722689
11-9179.01,15545,0.0227031169888842,0.0504201680672268
11-9179.01,15546,0.0081696797271045,0.0336134453781512
11-9179.01,15547,0.0034314351371663,0.042016806722689
11-9179.01,15548,0.000431595536505,0.0168067226890756
11-9179.01,15549,0.0290391904372496,0.0504201680672268
11-9179.01,15550,0.0646124013726355,0.0252100840336134
11-9179.01,15551,0.0589611686877844,0.042016806722689
11-9179.01,15552,0.0131955962546775,0.0336134453781512
11-9179.01,15553,0.0026223118067907,0.0504201680672268
11-9179.01,15554,0.2105410026188076,0.0168067226890756
11-9179.01,15555,0.0144257784839983,0.0252100840336134
11-9179.01,15556,0.0135731065225374,0.0336134453781512
11-9179.01,15557,0.0499878803122149,0.0840336134453781
11-9179.01,15558,0.0248844813799252,0.0672268907563025
11-9179.01,15559,0.0146684366160633,0.0252100840336134
11-9179.01,15560,0.0086594440927194,0.042016806722689
11-9179.01,15561,0.0339683528708232,0.0672268907563025
11-9179.01,15562,0.01269454513825,0.1008403361344537
11-9179.01,20314,0.2243789867496215,0.0168067226890756
11-9179.01,20315,0.0843315420297405,0.0336134453781512
11-9179.01,20316,0.045087233556627,0.0168067226890756
11-9179.01,20317,0.0285201716547771,0.0504201680672268
11-9179.01,23945,0.0043140099778761,0.0336134453781512
11-9179.02,17611,0.0392803787899978,0.027906976744186
11-9179.02,17614,0.0545884354006185,0.0046511627906976
11-9179.02,17618,0.0364479232577638,0.0093023255813953
11-9199.01,18022,0.0063425584108139,0.08
11-9199.01,18023,0.0020497853038138,0.048
11-9199.01,18024,0.0090668644089413,0.072
11-9199.01,18025,0.0118877822734435,0.056
11-9199.01,18026,0.0199871266157405,0.064
11-9199.01,18027,0.0234778753479118,0.032
11-9199.01,18028,0.0995888883297604,0.024
11-9199.01,18029,0.0813916693825495,0.032
11-9199.01,18030,0.0140177235762826,0.064
11-9199.01,18031,0.0397988960691972,0.04
11-9199.01,18032,0.023182490702917,0.04
11-9199.01,18034,0.0215383778191424,0.024
11-9199.01,18035,0.001892828179365,0.048
11-9199.01,18036,0.0002769469391485,0.024
11-9199.01,18037,0.0091048084540428,0.096
11-9199.01,18038,0.0020031143406728,0.048
11-9199.01,18039,0.0032135867095282,0.024
11-9199.01,18040,0.042634380709944,0.032
11-9199.01,18041,0.1346815958172759,0.008
11-9199.01,18042,0.0047469550458474,0.032
11-9199.01,18043,0.0014961886927979,0.016
11-9199.01,18044,0.0769236706773942,0.008
11-9199.01,19529,0.0852461051940548,0.016
11-9199.01,19530,0.1154214714554778,0.008
11-9199.01,19531,0.1205247598421116,0.008
11-9199.01,19532,0.0403715412915555,0.008
11-9199.01,21087,0.0091320084102683,0.048
11-9199.02,15646,0.054687662804043,0.0236220472440944
11-9199.02,19534,0.2014898464592816,0.0157480314960629
11-9199.02,19536,0.1946669205438259,0.0157480314960629
11-9199.02,21092,0.124520672237126,0.0472440944881889
11-9199.08,15781,0.0727465232491179,0.0529801324503311
11-9199.08,15782,0.0797364203113996,0.0264900662251655
11-9199.08,15783,0.016396028239608,0.0066225165562913
11-9199.08,15784,0.0354214580424282,0.0264900662251655
11-9199.08,15785,0.0526152958506352,0.0264900662251655
11-9199.08,15786,0.0358623374321758,0.0662251655629139
11-9199.08,15787,0.0610725530967181,0.0132450331125827
11-9199.08,15788,0.0615043387666693,0.0132450331125827
11-9199.08,15789,0.0364452963227032,0.0794701986754966
11-9199.08,15790,0.0222534688217704,0.0331125827814569
11-9199.08,15791,0.0222327680045614,0.0397350993377483
11-9199.08,15792,0.0362259024055014,0.0463576158940397
11-9199.08,15793,0.002186425736801,0.0198675496688741
11-9199.08,15794,0.0319330947589199,0.0397350993377483
11-9199.08,15795,0.0550141892178371,0.0596026490066225
11-9199.08,15796,0.0382158873996471,0.0529801324503311
11-9199.08,15797,0.0360430741411666,0.0331125827814569
11-9199.08,15798,0.0363941044086894,0.0397350993377483
11-9199.08,15799,0.0190880405214464,0.0198675496688741
11-9199.08,15800,0.0195262436513117,0.0529801324503311
11-9199.08,15801,0.0169373054682172,0.0264900662251655
11-9199.08,15802,0.0353044479532539,0.0264900662251655
11-9199.08,15803,0.0486805349517776,0.0529801324503311
11-9199.08,15804,0.0828208888679904,0.0198675496688741
11-9199.08,15805,0.0077765341591487,0.0463576158940397
11-9199.08,15806,0.0078630754183155,0.0331125827814569
11-9199.08,15807,0.0297037628021878,0.0463576158940397
11-9199.11,15839,0.0022478177122117,0.0507246376811594
11-9199.11,15840,0.0602886468974908,0.0289855072463768
11-9199.11,15841,0.1499093981770184,0.0144927536231884
11-9199.11,15842,0.1198786882042497,0.0072463768115942
11-9199.11,15843,0.0014939645188581,0.072463768115942
11-9199.11,15844,0.0162894849261137,0.0289855072463768
11-9199.11,15845,0.0760088931008532,0.036231884057971
11-9199.11,15846,0.0109919885382592,0.0579710144927536
11-9199.11,15847,0.0171824736121446,0.0869565217391304
11-9199.11,15848,0.018598548265115,0.0869565217391304
11-9199.11,15849,0.0161530691266026,0.0579710144927536
11-9199.11,15850,0.0070090816986681,0.0434782608695652
11-9199.11,15851,0.0600651625900032,0.0144927536231884
11-9199.11,15852,0.0483252407029006,0.0434782608695652
11-9199.11,15853,0.0794699696885881,0.0217391304347826
11-9199.11,15854,0.0318913542212458,0.0434782608695652
11-9199.11,15855,0.0454940984872594,0.0289855072463768
11-9199.11,15856,0.0159294059148945,0.0289855072463768
11-9199.11,15857,0.0197909095097273,0.1159420289855072
11-9199.11,15858,0.1052816779017162,0.036231884057971
11-9199.11,15859,0.0453570270738527,0.0289855072463768
11-9199.11,15860,0.0310916464595177,0.036231884057971
11-9199.11,23901,0.0212514526727082,0.0289855072463768
13-1011.00,12877,0.2217679627223417,0.0256410256410256
13-1022.00,19549,0.1984805149271304,0.0082644628099173
13-1022.00,19550,0.2043139366440976,0.0165289256198347
13-1022.00,20713,0.067963307421738,0.0495867768595041
13-1023.00,1142,0.0583171597181595,0.0854700854700854
13-1023.00,1143,0.048344309810713,0.1367521367521367
13-1023.00,1144,0.0456300681700424,0.0683760683760683
13-1023.00,1145,0.0412991736195611,0.0683760683760683
13-1023.00,1146,0.0661867140743821,0.0256410256410256
13-1023.00,1147,0.0125025005831443,0.1025641025641025
13-1023.00,1148,0.1064537138327652,0.0683760683760683
13-1023.00,1149,0.0412526405044179,0.0512820512820512
13-1023.00,1150,0.0076422777488641,0.0512820512820512
13-1023.00,1151,0.0688723017556842,0.0854700854700854
13-1023.00,1152,0.0107329450955517,0.0341880341880341
13-1023.00,1153,0.0733130075023744,0.0427350427350427
13-1023.00,1154,0.0655390196071065,0.0256410256410256
13-1023.00,1155,0.2520135684447904,0.017094017094017
13-1023.00,1156,0.0399922266011315,0.0341880341880341
13-1023.00,1157,0.0158665327491319,0.0341880341880341
13-1023.00,1158,0.0436682502703703,0.0341880341880341
13-1023.00,1159,0.0019943255980405,0.017094017094017
13-1023.00,1160,0.000379264313768,0.017094017094017
13-1031.00,21442,0.1017617289233631,0.0070422535211267
13-1041.00,21446,0.0449858851804542,0.0333333333333333
13-1041.00,21447,0.0572843721562469,0.1416666666666666
13-1041.00,21448,0.0503936592891647,0.0666666666666666
13-1041.00,21449,0.0677365669907525,0.1083333333333333
13-1041.00,21450,0.0536904583441124,0.025
13-1041.00,21451,0.06110721790485,0.075
13-1041.00,21452,0.0945944468092816,0.0333333333333333
13-1041.00,21453,0.1255061453645042,0.0166666666666666
13-1041.00,21454,0.1414496074988879,0.0416666666666666
13-1041.00,21455,0.0962591384971843,0.0833333333333333
13-1041.00,21456,0.1290964434211955,0.025
13-1041.00,21457,0.0778960585433652,0.05
13-1041.01,10829,0.022667849111627,0.0444444444444444
13-1041.01,10830,0.0218781382014215,0.0592592592592592
13-1041.01,10831,0.0083888982299349,0.074074074074074
13-1041.01,10832,0.0099304029131688,0.0296296296296296
13-1041.01,10833,0.0323158453436683,0.0666666666666666
13-1041.01,10834,0.0020748902896202,0.0518518518518518
13-1041.01,10835,0.0309573341444218,0.0592592592592592
13-1041.01,10836,0.0504665175065313,0.074074074074074
13-1041.01,10837,0.0111380108760505,0.0444444444444444
13-1041.01,10838,0.0320089828437031,0.0518518518518518
13-1041.01,10839,0.0318686853174821,0.0592592592592592
13-1041.01,10840,0.0073033832910273,0.0296296296296296
13-1041.01,10841,0.0195845943778431,0.0296296296296296
13-1041.01,10842,0.0327735386382192,0.0592592592592592
13-1041.01,10843,0.0167028688761703,0.0222222222222222
13-1041.01,10844,0.051907086546848,0.0148148148148148
13-1041.01,10845,0.0548687868963379,0.0148148148148148
13-1041.01,10846,0.0614294602629116,0.0296296296296296
13-1041.01,10847,0.0802821808964598,0.0296296296296296
13-1041.01,10848,0.0729996976429113,0.037037037037037
13-1041.01,10849,0.0490440986371271,0.0222222222222222
13-1041.01,10850,0.0307382518018679,0.0222222222222222
13-1041.01,10851,0.0731127792600899,0.0148148148148148
13-1041.01,10852,0.0550411109915208,0.0222222222222222
13-1041.01,10853,0.0614878810525102,0.0296296296296296
13-1041.01,20473,0.0790287260505247,0.0074074074074074
13-1041.03,10879,0.221606979824136,0.043859649122807
13-1041.04,12896,0.2507850561427371,0.0149253731343283
13-1041.04,12898,0.4092411931141005,0.0746268656716417
13-1041.06,8912,0.0525637409819571,0.1490312965722802
13-1041.06,8913,0.0352099331247781,0.1192250372578241
13-1041.06,8915,0.0956711675004943,0.044709388971684
13-1041.06,8916,0.0229111363907727,0.059612518628912
13-1041.06,8917,0.0452956868424526,0.059612518628912
13-1041.06,8918,0.024309661771897,0.044709388971684
13-1041.06,8919,0.0494419855326908,0.0894187779433681
13-1041.06,8920,0.0298626301969497,0.059612518628912
13-1041.06,8921,0.0379247176881372,0.044709388971684
13-1041.06,8922,0.0012956926325122,0.029806259314456
13-1041.06,8923,0.03599146201423,0.044709388971684
13-1041.06,8924,0.0320838175669707,0.029806259314456
13-1041.06,8925,0.0218211092554846,0.044709388971684
13-1041.06,8926,0.0253379892580179,0.029806259314456
13-1041.06,8927,0.032925222880957,0.022354694485842
13-1041.06,8928,0.019872469802385,0.029806259314456
13-1041.06,8929,0.1941204645374927,0.007451564828614
13-1041.06,8930,0.0298005140751506,0.014903129657228
13-1041.06,8931,0.1432995712739288,0.0014903129657228
13-1041.06,20181,0.0702610266727401,0.0745156482861401
13-1041.07,18045,0.0015656165058658,0.0521739130434782
13-1041.07,18048,0.0066380329887434,0.1043478260869565
13-1041.07,18049,0.0229831516632211,0.0347826086956521
13-1041.07,18050,0.015816601383852,0.0695652173913043
13-1041.07,18051,0.0167420078885985,0.0521739130434782
13-1041.07,18052,0.0078099829165447,0.0521739130434782
13-1041.07,18053,0.0169168687002007,0.0434782608695652
13-1041.07,18054,0.0148643069993333,0.0869565217391304
13-1041.07,18055,0.0135880566953899,0.0347826086956521
13-1041.07,18056,0.0099907075230493,0.017391304347826
13-1041.07,18058,0.004493228873771,0.0347826086956521
13-1041.07,18059,0.0025610952090175,0.017391304347826
13-1041.07,18060,0.0001381181451591,0.0260869565217391
13-1041.07,18061,0.0013348464428625,0.0521739130434782
13-1041.07,18062,0.0104796758022697,0.0695652173913043
13-1041.07,18063,0.0112976457204689,0.017391304347826
13-1041.07,18064,0.0291492838551096,0.0260869565217391
13-1041.07,18065,0.0045882518408901,0.0260869565217391
13-1041.07,18066,0.0011764748309974,0.0347826086956521
13-1041.07,18067,0.0194530212853301,0.008695652173913
13-1041.07,18068,0.0577109683060712,0.017391304347826
13-1041.07,18069,0.0860454252407416,0.008695652173913
13-1041.07,18070,0.048697901865284,0.0260869565217391
13-1041.07,19552,0.126372701896124,0.0034782608695652
13-1041.07,19553,0.1317923332058351,0.008695652173913
13-1041.07,19554,0.1317977603747285,0.0034782608695652
13-1041.07,19557,0.1224114477915108,0.0034782608695652
13-1041.07,21094,0.0152662355981437,0.0260869565217391
13-1041.07,21095,0.0193941260503097,0.017391304347826
13-1041.07,21096,0.0489241244005753,0.017391304347826
13-1041.08,15924,0.0550321974442907,0.0136986301369863
13-1041.08,15925,0.0579440231153237,0.0205479452054794
13-1041.08,15926,0.0242753375819056,0.0205479452054794
13-1041.08,15927,0.0782647495614824,0.0136986301369863
13-1041.08,15928,0.0647401714932188,0.0205479452054794
13-1041.08,15929,0.0669376176419518,0.0273972602739726
13-1041.08,15930,0.0504499026849809,0.0547945205479452
13-1041.08,15931,0.0312719200688667,0.0136986301369863
13-1041.08,15932,0.0659514543842824,0.0821917808219178
13-1041.08,15933,0.0173936331099082,0.0273972602739726
13-1041.08,15934,0.0171006425768325,0.0410958904109589
13-1041.08,15935,0.0449346789040284,0.0136986301369863
13-1041.08,15936,0.0357019683718577,0.0410958904109589
13-1041.08,15937,0.0323361502967686,0.0410958904109589
13-1041.08,15938,0.019879384087021,0.0205479452054794
13-1041.08,15939,0.0235359566771906,0.0273972602739726
13-1041.08,15940,0.0163860315205504,0.0410958904109589
13-1041.08,15941,0.0551965579872356,0.0821917808219178
13-1041.08,15942,0.0581407555391182,0.0684931506849315
13-1041.08,15943,0.0067101978184896,0.0273972602739726
13-1041.08,15944,0.0208309122906255,0.0547945205479452
13-1041.08,15945,0.0789502294980553,0.136986301369863
13-1041.08,15946,0.0780355273460141,0.1095890410958904
13-1051.00,80,0.0573891731033974,0.1626016260162601
13-1051.00,81,0.0404490126040335,0.0975609756097561
13-1051.00,82,0.0105595531332518,0.0975609756097561
13-1051.00,83,0.0207967346236008,0.08130081300813
13-1051.00,84,0.0389528774677557,0.1300813008130081
13-1051.00,85,0.0136850887958696,0.065040650406504
13-1051.00,86,0.0762808063441893,0.048780487804878
13-1051.00,87,0.1400226746587344,0.065040650406504
13-1051.00,88,0.0714006704255069,0.024390243902439
13-1051.00,89,0.0358780853924948,0.032520325203252
13-1051.00,90,0.2431389885092076,0.048780487804878
13-1051.00,91,0.0050334923035168,0.032520325203252
13-1051.00,92,0.2409995105545123,0.048780487804878
13-1051.00,20846,0.0054133320839287,0.065040650406504
13-1071.00,18855,0.1320827236427041,0.0298507462686567
13-1071.00,18858,0.0686896166788327,0.0298507462686567
13-1071.00,18870,0.0842783792074542,0.0373134328358208
13-1071.00,18873,0.1365007998533283,0.0223880597014925
13-1075.00,18877,0.0535816835390195,0.0666666666666666
13-1075.00,18878,0.0155768001453728,0.08
13-1075.00,18879,0.0358338055410668,0.04
13-1075.00,18880,0.02157536811586,0.0133333333333333
13-1075.00,18881,0.0286606640412089,0.02
13-1075.00,18882,0.0161376696345232,0.0666666666666666
13-1075.00,18883,0.0059167949564102,0.0666666666666666
13-1075.00,18884,0.019097496461975,0.04
13-1075.00,18885,0.0239156298685892,0.0666666666666666
13-1075.00,18886,0.0218493957717618,0.0533333333333333
13-1075.00,18887,0.0925120175407398,0.02
13-1075.00,18888,0.0783139952219559,0.02
13-1075.00,18889,0.0285341264278557,0.0333333333333333
13-1075.00,18890,0.0219041101738457,0.02
13-1075.00,18891,0.0293889807910018,0.02
13-1075.00,18892,0.0452014874411276,0.0533333333333333
13-1075.00,18893,0.0125657704077665,0.0533333333333333
13-1075.00,18894,0.0228809245926437,0.0266666666666666
13-1075.00,18895,0.0431564533643369,0.0466666666666666
13-1075.00,18896,0.0304779466576138,0.02
13-1075.00,18897,0.0499714030701692,0.0266666666666666
13-1075.00,18898,0.0640988727025249,0.02
13-1075.00,18899,0.0644476467420673,0.02
13-1075.00,18900,0.0360197115579961,0.0333333333333333
13-1075.00,18901,0.0640886022070629,0.0066666666666666
13-1075.00,18902,0.0025646734134986,0.0333333333333333
13-1075.00,18903,0.0143314497878936,0.0066666666666666
13-1075.00,18904,0.0573965198241112,0.0266666666666666
13-1081.00,8932,0.0397898148148469,0.0526315789473684
13-1081.00,8933,0.0413525727149601,0.0657894736842105
13-1081.00,8934,0.1058437041565193,0.1052631578947368
13-1081.00,8935,0.0298065282039614,0.0657894736842105
13-1081.00,8936,0.0412586938767968,0.0131578947368421
13-1081.00,8937,0.0055708554116292,0.0394736842105263
13-1081.00,8938,0.0254386421110626,0.0394736842105263
13-1081.00,8939,0.0435513283026823,0.0789473684210526
13-1081.00,8940,0.0087124288916535,0.0394736842105263
13-1081.00,8941,0.088087625005806,0.0328947368421052
13-1081.00,8942,0.0361450941439046,0.0328947368421052
13-1081.00,8943,0.0313336583326663,0.0394736842105263
13-1081.00,8944,0.1042980945086225,0.0657894736842105
13-1081.00,8945,0.0052146111911538,0.0526315789473684
13-1081.00,8946,0.0790637449446119,0.0263157894736842
13-1081.00,8947,0.0400560115223679,0.0131578947368421
13-1081.00,8948,0.015454247942496,0.0197368421052631
13-1081.00,8949,0.0278458694735859,0.0526315789473684
13-1081.00,8950,0.0329017534445747,0.0526315789473684
13-1081.00,8951,0.1173514655421734,0.0526315789473684
13-1081.00,8952,0.0282497330541547,0.0328947368421052
13-1081.00,20847,0.0526735224097693,0.0263157894736842
13-1081.01,15861,0.0552217219846337,0.044776119402985
13-1081.01,15863,0.0282286732383663,0.0298507462686567
13-1081.01,15864,0.0213059564618053,0.044776119402985
13-1081.01,15865,0.0381672588845843,0.0223880597014925
13-1081.01,15866,0.0130775837360102,0.0373134328358208
13-1081.01,15867,0.0070327538552223,0.0298507462686567
13-1081.01,15868,0.0168980345171703,0.0298507462686567
13-1081.01,15870,0.0021904126484936,0.0373134328358208
13-1081.01,15872,0.0163034270970255,0.044776119402985
13-1081.01,15873,0.0399639924849968,0.0223880597014925
13-1081.01,15874,0.0025040192215575,0.0298507462686567
13-1081.01,15875,0.004472743495956,0.0597014925373134
13-1081.01,15876,0.0376124155808037,0.0671641791044776
13-1081.01,15877,0.0548543457788027,0.0298507462686567
13-1081.01,15879,0.0152028039779546,0.044776119402985
13-1081.01,15880,0.0283633681045257,0.0522388059701492
13-1081.01,19995,0.0387396247701686,0.0298507462686567
13-1081.01,19996,0.0404555861257717,0.0373134328358208
13-1081.01,19997,0.0061312614119268,0.0522388059701492
13-1081.01,19998,0.0509834487964832,0.0223880597014925
13-1081.01,19999,0.0013227958972974,0.0373134328358208
13-1081.01,20000,0.0772453441205864,0.0298507462686567
13-1081.01,20001,0.0383022954470238,0.0149253731343283
13-1081.01,20002,0.0660179704405714,0.0149253731343283
13-1081.01,20003,0.0263750153183633,0.0298507462686567
13-1081.01,20004,0.0512800681431077,0.0223880597014925
13-1081.01,20005,0.0644597193576788,0.0149253731343283
13-1081.01,20006,0.0289662879816201,0.0373134328358208
13-1081.01,20007,0.0519757278543418,0.0149253731343283
13-1081.01,20008,0.076345343267149,0.0149253731343283
13-1081.02,15881,0.037998282489295,0.0225563909774436
13-1081.02,15882,0.0069536534970884,0.0150375939849624
13-1081.02,15883,0.0294628791067342,0.037593984962406
13-1081.02,15884,0.0650999522117858,0.0150375939849624
13-1081.02,15885,0.0567850299512928,0.0075187969924812
13-1081.02,15886,0.0539256526082752,0.0225563909774436
13-1081.02,15887,0.052395042867039,0.0150375939849624
13-1081.02,15888,0.0298931861822542,0.0225563909774436
13-1081.02,15889,0.0451354390790561,0.0526315789473684
13-1081.02,15890,0.021063406353956,0.0451127819548872
13-1081.02,15891,0.0060617364619017,0.0150375939849624
13-1081.02,15892,0.0100125821637063,0.0300751879699248
13-1081.02,15893,0.0063839423606542,0.0300751879699248
13-1081.02,15894,0.0051721530080249,0.0601503759398496
13-1081.02,15895,0.0014539956695166,0.0526315789473684
13-1081.02,15896,0.0371763159800477,0.0300751879699248
13-1081.02,15897,0.0503076899596755,0.0300751879699248
13-1081.02,15898,0.0201759057253353,0.0451127819548872
13-1081.02,15899,0.0074728117745426,0.0225563909774436
13-1081.02,15900,0.0210791055643077,0.0451127819548872
13-1081.02,15901,0.0024597155523326,0.037593984962406
13-1081.02,15902,0.0131609682753839,0.0451127819548872
13-1081.02,15903,0.0114180289853959,0.0676691729323308
13-1081.02,15904,0.0177968394168685,0.0676691729323308
13-1081.02,15905,0.0126730730414821,0.0676691729323308
13-1081.02,20009,0.0323653531256213,0.037593984962406
13-1081.02,20010,0.0530611083477856,0.0225563909774436
13-1081.02,20011,0.0693295783843333,0.0150375939849624
13-1081.02,20012,0.0705941076640148,0.0075187969924812
13-1081.02,20013,0.0646700431359963,0.0075187969924812
13-1081.02,20014,0.088462421056295,0.0075187969924812
13-1111.00,7276,0.0475685721698566,0.1481481481481481
13-1111.00,7277,0.0231772231068204,0.1851851851851851
13-1111.00,7278,0.0229296388590993,0.074074074074074
13-1111.00,7279,0.1283231113126087,0.037037037037037
13-1111.00,7280,0.109467124466997,0.074074074074074
13-1111.00,7281,0.0573464142383534,0.1111111111111111
13-1111.00,7282,0.0035075379351057,0.1481481481481481
13-1111.00,7283,0.0625235285904529,0.0555555555555555
13-1111.00,7284,0.1121365147220729,0.0555555555555555
13-1111.00,7285,0.0564389280943349,0.0925925925925925
13-1111.00,7286,0.3765814065042976,0.0185185185185185
13-1121.00,1227,0.1286130026310237,0.0158730158730158
13-1121.00,1228,0.1794689808178475,0.0396825396825396
13-1131.00,18905,0.0253745596943676,0.0466666666666666
13-1131.00,18906,0.041574711208451,0.04
13-1131.00,18907,0.0374907274209318,0.04
13-1131.00,18908,0.0329288550948619,0.0333333333333333
13-1131.00,18909,0.0919243051037171,0.0133333333333333
13-1131.00,18910,0.0117356638556888,0.0266666666666666
13-1131.00,18911,0.0289512526532642,0.0533333333333333
13-1131.00,18912,0.0111002346843672,0.04
13-1131.00,18913,0.051202917487992,0.0266666666666666
13-1131.00,18914,0.0106234935122422,0.0466666666666666
13-1131.00,18915,0.035662034678742,0.0133333333333333
13-1131.00,18916,0.0069617558935539,0.0133333333333333
13-1131.00,18917,0.0222257436852329,0.1066666666666666
13-1131.00,18918,0.0231552631678118,0.02
13-1131.00,18919,0.0342659491507637,0.02
13-1131.00,18920,0.0518159632086311,0.0533333333333333
13-1131.00,18921,0.0416676879828028,0.04
13-1131.00,18922,0.0347803958129867,0.0666666666666666
13-1131.00,18923,0.0321135409977687,0.08
13-1131.00,18924,0.0106777045523079,0.02
13-1131.00,18925,0.0646689651764022,0.0533333333333333
13-1131.00,18926,0.0401851343092744,0.0533333333333333
13-1131.00,18927,0.0717344592589619,0.0066666666666666
13-1131.00,18928,0.0649106912524056,0.0066666666666666
13-1131.00,18929,0.0510852127096294,0.0133333333333333
13-1131.00,18930,0.0409617081317841,0.0066666666666666
13-1131.00,18931,0.0084041737011816,0.0333333333333333
13-1131.00,18932,0.0218168956138741,0.0266666666666666
13-1141.00,3351,0.0544937756302857,0.1008403361344537
13-1141.00,3352,0.0071362074025512,0.0672268907563025
13-1141.00,3353,0.0018405758416615,0.0840336134453781
13-1141.00,3354,0.0540797945172716,0.0504201680672268
13-1141.00,3355,0.0548984012379209,0.042016806722689
13-1141.00,3356,0.0542294826033332,0.0840336134453781
13-1141.00,3357,0.0296992247089826,0.042016806722689
13-1141.00,3358,0.0584093505399575,0.0588235294117647
13-1141.00,3359,0.0119379205382455,0.1008403361344537
13-1141.00,3360,0.0681147993170434,0.0168067226890756
13-1141.00,3361,0.0584491093170137,0.0336134453781512
13-1141.00,3362,0.0341855872807133,0.0672268907563025
13-1141.00,3363,0.0261579449061497,0.0336134453781512
13-1141.00,3364,0.0632557997318628,0.042016806722689
13-1141.00,3365,0.0687298200482168,0.0084033613445378
13-1141.00,3366,0.0486883833738248,0.0252100840336134
13-1141.00,3368,0.0535979859902609,0.0504201680672268
13-1141.00,3369,0.0292128600508523,0.0168067226890756
13-1141.00,3370,0.0489199001371838,0.0336134453781512
13-1141.00,3371,0.0559672677274544,0.0168067226890756
13-1141.00,3372,0.0729752811353927,0.0042016806722689
13-1151.00,93,0.0105258684582244,0.032520325203252
13-1151.00,94,0.018221317094841,0.1626016260162601
13-1151.00,95,0.0810421987571274,0.032520325203252
13-1151.00,97,0.0309836221835129,0.065040650406504
13-1151.00,98,0.0272948491199405,0.08130081300813
13-1151.00,99,0.004317508376147,0.048780487804878
13-1151.00,100,0.0466859288532197,0.032520325203252
13-1151.00,101,0.0429333846750398,0.040650406504065
13-1151.00,102,0.0043471314822098,0.032520325203252
13-1151.00,103,0.023767915725761,0.065040650406504
13-1151.00,105,0.0610667950106178,0.016260162601626
13-1151.00,106,0.0789321474020784,0.024390243902439
13-1151.00,108,0.0644106717110492,0.008130081300813
13-1151.00,111,0.1626194114272592,0.008130081300813
13-1151.00,19558,0.117317880368146,0.008130081300813
13-1151.00,19559,0.0112758745856512,0.032520325203252
13-1151.00,20474,0.0052865917205892,0.1300813008130081
13-1151.00,20475,0.0110909081703003,0.1300813008130081
13-1151.00,20476,0.1189676493704793,0.024390243902439
13-1151.00,20477,0.0789123455078049,0.024390243902439
13-1161.00,5433,0.0798432645088419,0.1454545454545454
13-1161.00,5434,0.0344330197885633,0.1454545454545454
13-1161.00,5435,0.0671156176094137,0.0545454545454545
13-1161.00,5436,0.059012970049801,0.0909090909090909
13-1161.00,5437,0.0108998897643049,0.0545454545454545
13-1161.00,5438,0.1158912426815221,0.109090909090909
13-1161.00,5439,0.1073292906904422,0.0909090909090909
13-1161.00,5440,0.2076673112656371,0.0727272727272727
13-1161.00,5441,0.0153737448955132,0.0727272727272727
13-1161.00,5442,0.0321474547197554,0.0363636363636363
13-1161.00,5443,0.1192469770634795,0.0727272727272727
13-1161.00,5444,0.0515395706517327,0.0363636363636363
13-1161.00,5445,0.0994996463109923,0.0181818181818181
13-1161.01,16172,0.0020760919720638,0.0194805194805194
13-1161.01,16173,0.0907331176032616,0.0032467532467532
13-1161.01,16174,0.100379075208396,0.0064935064935064
13-1161.01,16175,0.0003133521701383,0.0064935064935064
13-1161.01,16176,0.0724676876923706,0.0064935064935064
13-1161.01,16177,0.0458564199005427,0.0129870129870129
13-1161.01,16178,0.0277080853375426,0.0064935064935064
13-1161.01,16179,0.0110486343984228,0.0259740259740259
13-1161.01,16180,0.0909897138168018,0.0032467532467532
13-1161.01,16181,0.0910549841742038,0.0064935064935064
13-1161.01,16182,0.0092161043194225,0.0519480519480519
13-1161.01,16183,0.081996183586859,0.0064935064935064
13-1161.01,16184,0.1215305304840428,0.0064935064935064
13-1161.01,16185,0.0278690754813269,0.0194805194805194
13-1161.01,16186,0.0042428882544823,0.0519480519480519
13-1161.01,16187,0.009419870491882,0.0129870129870129
13-1161.01,16188,0.0011965283517739,0.0389610389610389
13-1161.01,16189,0.0099021407267879,0.0389610389610389
13-1161.01,16190,0.0093880462281287,0.0649350649350649
13-1161.01,16191,0.0199756079309345,0.0649350649350649
13-1161.01,16192,0.0062136055147155,0.0649350649350649
13-1161.01,16193,0.0060069289787762,0.0259740259740259
13-1161.01,20318,0.0014315950166272,0.0259740259740259
13-1161.01,20319,0.0019147876054921,0.0519480519480519
13-1161.01,20320,0.0111295109457853,0.0259740259740259
13-1161.01,20321,0.0128362803891104,0.0389610389610389
13-1161.01,20322,0.0021327121163695,0.0194805194805194
13-1161.01,20323,0.0278690754813269,0.0194805194805194
13-1161.01,20324,0.0472539996299569,0.0259740259740259
13-1161.01,20325,0.0150803091602137,0.0259740259740259
13-1161.01,20326,0.002671664239358,0.0389610389610389
13-1161.01,20327,0.0056010912353482,0.0519480519480519
13-1161.01,20328,0.0056750636826277,0.0519480519480519
13-1161.01,20329,0.0118743690583873,0.0389610389610389
13-1161.01,20330,0.0109821391975934,0.0259740259740259
13-1161.01,20331,0.0039627296189255,0.0129870129870129
13-1199.04,15947,0.0021594245117929,0.0535714285714285
13-1199.04,15948,0.0510495205028121,0.0357142857142857
13-1199.04,15949,0.0263773834740629,0.0357142857142857
13-1199.04,15950,0.2705636047640209,0.0267857142857142
13-1199.04,15951,0.00143888386388,0.0178571428571428
13-1199.04,15952,0.0279680080167946,0.0357142857142857
13-1199.04,15953,0.0494931369414936,0.0178571428571428
13-1199.04,15954,0.0008257732222071,0.0357142857142857
13-1199.04,15955,0.0050590037862744,0.0357142857142857
13-1199.04,15956,0.0251479825473847,0.0714285714285714
13-1199.04,15957,0.0022332148191093,0.0714285714285714
13-1199.04,15958,0.034745986731593,0.0446428571428571
13-1199.04,15959,0.0753512978615984,0.0357142857142857
13-1199.04,15960,0.0050977979551944,0.0892857142857142
13-1199.04,15961,0.0120339511989872,0.0535714285714285
13-1199.04,15962,0.0276010157349515,0.0714285714285714
13-1199.04,15963,0.003056275162371,0.0446428571428571
13-1199.04,15964,0.026729321488755,0.0535714285714285
13-1199.04,15965,0.0107123179631297,0.0892857142857142
13-1199.04,15966,0.2507504680236191,0.0357142857142857
13-1199.04,15967,0.0916056314299673,0.0446428571428571
13-1199.05,15968,0.0163573777795693,0.0625
13-1199.05,15969,0.0288262249593914,0.0625
13-1199.05,15970,0.2702815046707621,0.0416666666666666
13-1199.05,15971,0.0097556661544691,0.0416666666666666
13-1199.05,15972,0.1306776699904251,0.0416666666666666
13-1199.05,15973,0.1279774166959189,0.0833333333333333
13-1199.05,15974,0.0035129536822923,0.0416666666666666
13-1199.05,15975,0.0540327855841277,0.0833333333333333
13-1199.05,15976,0.0141723169671509,0.1041666666666666
13-1199.05,15977,0.1459032344700569,0.0625
13-1199.05,15978,0.0433672927056608,0.0625
13-1199.05,15979,0.0290080231334562,0.1041666666666666
13-1199.05,15980,0.0796698108509024,0.125
13-1199.05,15981,0.0464577223558163,0.0833333333333333
13-1199.06,15724,0.0791391460073292,0.001453488372093
13-1199.07,21482,0.0098372313746341,0.0592592592592592
13-1199.07,21483,0.0228786954458447,0.037037037037037
13-1199.07,21484,0.0010040060887513,0.074074074074074
13-1199.07,21485,0.0018356070915554,0.0592592592592592
13-1199.07,21486,0.0233219357378966,0.0666666666666666
13-1199.07,21487,0.0227224832540582,0.0444444444444444
13-1199.07,21488,0.0230611132106951,0.0518518518518518
13-1199.07,21489,0.1923835394288915,0.0296296296296296
13-1199.07,21490,0.024188164809287,0.0444444444444444
13-1199.07,21491,0.0020171192226309,0.0518518518518518
13-1199.07,21492,0.0849145755668158,0.0296296296296296
13-1199.07,21493,0.0954481287723443,0.0444444444444444
13-1199.07,21494,0.0448050333100976,0.037037037037037
13-1199.07,21495,0.105664009380654,0.0222222222222222
13-1199.07,21496,0.0042289953435282,0.0592592592592592
13-1199.07,21497,0.0862329674005297,0.0222222222222222
13-1199.07,21498,0.0020688610313663,0.0518518518518518
13-1199.07,21499,0.0251891020875084,0.037037037037037
13-1199.07,21500,0.0068657790109559,0.0296296296296296
13-1199.07,21501,0.1083407352499054,0.0296296296296296
13-1199.07,21502,0.0465319785467183,0.0444444444444444
13-1199.07,21503,0.0016965674604768,0.0296296296296296
13-1199.07,21504,0.0647633711748535,0.0444444444444444
13-2011.00,21505,0.0120913983179504,0.0365853658536585
13-2011.00,21506,0.0107971233001381,0.024390243902439
13-2011.00,21507,0.0028526617963036,0.048780487804878
13-2011.00,21508,0.0053720923031276,0.0426829268292682
13-2011.00,21509,0.0088053843765551,0.024390243902439
13-2011.00,21510,0.0007883444475661,0.0304878048780487
13-2011.00,21511,0.0005351896467401,0.024390243902439
13-2011.00,21512,0.0042916150917843,0.0182926829268292
13-2011.00,21513,0.0047203928800839,0.0304878048780487
13-2011.00,21514,0.0106504912965076,0.0975609756097561
13-2011.00,21515,0.0300863043677922,0.048780487804878
13-2011.00,21516,0.015900818628565,0.073170731707317
13-2011.00,21517,0.0629555930951453,0.024390243902439
13-2011.00,21518,0.0002211645970359,0.0182926829268292
13-2011.00,21519,0.0638551715820539,0.048780487804878
13-2011.00,21520,0.0346199766789648,0.0304878048780487
13-2011.00,21521,0.0469424162058463,0.0182926829268292
13-2011.00,21522,0.0404061854721739,0.0365853658536585
13-2011.00,21523,0.0427848779856238,0.0060975609756097
13-2011.00,21524,0.0539235503755955,0.0182926829268292
13-2011.00,21525,0.1201015162481457,0.024390243902439
13-2011.00,21526,0.0981377736211458,0.0609756097560975
13-2011.00,21527,0.1496846640265317,0.0182926829268292
13-2011.00,21529,0.1057756896151546,0.024390243902439
13-2011.00,21530,0.0736996040434679,0.0060975609756097
13-2022.00,21535,0.049768563436427,0.1237113402061855
13-2022.00,21536,0.0592992940596093,0.0412371134020618
13-2022.00,21537,0.0433664216628356,0.0309278350515463
13-2022.00,21538,0.0484009320579002,0.1030927835051546
13-2022.00,21539,0.0881611855098021,0.0206185567010309
13-2022.00,21540,0.0225381293354201,0.1237113402061855
13-2022.00,21541,0.0378297733868053,0.1649484536082474
13-2022.00,21542,0.3436737087690414,0.0206185567010309
13-2022.00,21543,0.0208019420000586,0.0412371134020618
13-2022.00,21544,0.0526789236829842,0.0103092783505154
13-2022.00,21545,0.0372519971381054,0.0206185567010309
13-2022.00,21546,0.1036060432752289,0.0515463917525773
13-2022.00,21547,0.0356698890567666,0.1649484536082474
13-2022.00,21548,0.0569531966290145,0.0824742268041237
13-2023.00,21549,0.013875311274703,0.072992700729927
13-2023.00,21550,0.0143587550020711,0.1167883211678832
13-2023.00,21551,0.003950247274279,0.0364963503649635
13-2023.00,21552,0.0106252068707528,0.0291970802919708
13-2023.00,21553,0.0952528713342666,0.0437956204379562
13-2023.00,21554,0.0664728374014686,0.0218978102189781
13-2023.00,21555,0.0796728105465186,0.0145985401459854
13-2023.00,21556,0.00723339493792,0.1021897810218978
13-2023.00,21558,0.0305384360153965,0.0291970802919708
13-2023.00,21559,0.052440857698579,0.0145985401459854
13-2023.00,21560,0.0459952882808101,0.0364963503649635
13-2023.00,21561,0.1283161541381462,0.0072992700729927
13-2023.00,21562,0.0132737404617036,0.0291970802919708
13-2023.00,21563,0.0056949569019838,0.0291970802919708
13-2023.00,21564,0.0111661977525785,0.0291970802919708
13-2023.00,21565,0.012456824098849,0.0510948905109489
13-2023.00,21566,0.0063162382269193,0.0218978102189781
13-2023.00,21567,0.0097289647995409,0.0218978102189781
13-2023.00,21568,0.0134665119749905,0.0218978102189781
13-2023.00,21569,0.0076687579582014,0.0364963503649635
13-2023.00,21570,0.0204724291462438,0.0437956204379562
13-2023.00,21571,0.0130515205750918,0.0218978102189781
13-2023.00,21572,0.0054708070780736,0.0291970802919708
13-2023.00,21573,0.0404591777847945,0.0218978102189781
13-2023.00,21574,0.023084782516283,0.0072992700729927
13-2023.00,21575,0.106045333574536,0.0145985401459854
13-2023.00,21577,0.0501852182626571,0.0291970802919708
13-2023.00,21578,0.1127263681126403,0.0291970802919708
13-2041.00,1250,0.0630023860526895,0.1941747572815534
13-2041.00,1251,0.034122184308401,0.1553398058252427
13-2041.00,1252,0.1268995316963135,0.0485436893203883
13-2041.00,1253,0.1451792442983915,0.029126213592233
13-2041.00,1254,0.0836793353359355,0.1553398058252427
13-2041.00,1255,0.0489689907243126,0.0970873786407767
13-2041.00,1256,0.1232113286348644,0.0388349514563106
13-2041.00,1257,0.0285202960950119,0.0776699029126213
13-2041.00,1258,0.0706928181530178,0.058252427184466
13-2041.00,1259,0.0534408126651813,0.116504854368932
13-2041.00,21164,0.2222830720358806,0.029126213592233
13-2052.00,12904,0.0115655281611408,0.0816326530612244
13-2052.00,12905,0.0073370749277287,0.0653061224489796
13-2052.00,12907,0.0048202575775871,0.0653061224489796
13-2052.00,12909,0.0092138012495347,0.0489795918367346
13-2052.00,12913,0.0098590355963586,0.0653061224489796
13-2052.00,12914,0.0355655263847717,0.0244897959183673
13-2052.00,12915,0.0205116590146196,0.0489795918367346
13-2052.00,12916,0.01675710912973,0.0163265306122449
13-2052.00,12917,0.0497800551227103,0.0081632653061224
13-2052.00,12918,0.212039274962781,0.0326530612244898
13-2052.00,12919,0.145522698474333,0.0163265306122449
13-2052.00,19570,0.0337677869025497,0.0040816326530612
13-2052.00,19571,0.1459760038408037,0.0081632653061224
13-2052.00,20182,0.0083032120084684,0.0571428571428571
13-2052.00,20183,0.0103174968874904,0.073469387755102
13-2052.00,20184,0.0295334390066166,0.0979591836734693
13-2052.00,20185,0.1208423558228091,0.0979591836734693
13-2052.00,20186,0.0186498987411206,0.0244897959183673
13-2052.00,20187,0.0212454181422761,0.0571428571428571
13-2052.00,20188,0.0454701576790408,0.0653061224489796
13-2052.00,20189,0.0429222103675281,0.0408163265306122
13-2053.00,1261,0.0594827514558613,0.0816326530612244
13-2053.00,1262,0.1543408007598814,0.1836734693877551
13-2053.00,1263,0.1557167671328639,0.1020408163265306
13-2053.00,1264,0.1156667951567946,0.1428571428571428
13-2053.00,1265,0.16146110497279,0.0816326530612244
13-2053.00,1266,0.1516073716526032,0.0408163265306122
13-2053.00,21045,0.2017244088692052,0.3673469387755102
13-2061.00,7314,0.0066324229939131,0.1044776119402985
13-2061.00,7315,0.0018490929838018,0.044776119402985
13-2061.00,7316,0.013105483117604,0.0597014925373134
13-2061.00,7317,0.0041297385835796,0.044776119402985
13-2061.00,7318,0.0034325896696756,0.0298507462686567
13-2061.00,7319,0.0277499581538241,0.1194029850746268
13-2061.00,7320,0.0144635297110354,0.1492537313432835
13-2061.00,7321,0.0027676442750738,0.0597014925373134
13-2061.00,7322,0.0080701001078007,0.0298507462686567
13-2061.00,7323,0.1182948771418527,0.0298507462686567
13-2061.00,7324,0.0295092895681987,0.0746268656716417
13-2061.00,7325,0.1386698867020435,0.0522388059701492
13-2061.00,7326,0.1623703734372278,0.0373134328358208
13-2061.00,7327,0.1191346674127812,0.0895522388059701
13-2061.00,7328,0.0954590014191767,0.0298507462686567
13-2061.00,7329,0.1157579144043846,0.0223880597014925
13-2061.00,20190,0.1386034303180258,0.0223880597014925
13-2071.00,18933,0.0411091988323297,0.0689655172413793
13-2071.00,18934,0.0443268292273816,0.0862068965517241
13-2071.00,18935,0.0430921324483237,0.0517241379310344
13-2071.00,18936,0.0426095499501374,0.0689655172413793
13-2071.00,18937,0.0291977349996901,0.0258620689655172
13-2071.00,18938,0.0515100865188029,0.0517241379310344
13-2071.00,18939,0.0472575507397315,0.1034482758620689
13-2071.00,18940,0.048059292348643,0.0862068965517241
13-2071.00,18941,0.0668017376954918,0.0689655172413793
13-2071.00,18942,0.0440615517278515,0.0344827586206896
13-2071.00,18943,0.0326767029191388,0.0344827586206896
13-2071.00,18944,0.0340566445739993,0.0172413793103448
13-2071.00,18945,0.0377920839904697,0.0517241379310344
13-2071.00,18946,0.0232472096228191,0.0172413793103448
13-2071.00,18947,0.0226465397343428,0.0344827586206896
13-2071.00,18948,0.0203266265828556,0.0258620689655172
13-2071.00,18949,0.0125479832716002,0.0258620689655172
13-2071.00,18950,0.0266423676351078,0.0172413793103448
13-2071.00,18951,0.136296657877607,0.0172413793103448
13-2071.00,18952,0.0345115137830946,0.043103448275862
13-2071.00,18953,0.0286622413189627,0.0258620689655172
13-2071.00,18954,0.0940751862425312,0.0258620689655172
13-2071.00,18955,0.038492577959087,0.0172413793103448
13-2072.00,3423,0.2676938951180549,0.0067567567567567
13-2081.00,5296,0.1198921360983471,0.0606060606060606
13-2081.00,5303,0.1167486933281309,0.0484848484848484
13-2081.00,5307,0.1349976072780407,0.0181818181818181
13-2081.00,5312,0.115567776014004,0.0181818181818181
13-2082.00,7358,0.1352364193534068,0.1553398058252427
13-2082.00,7359,0.1015181313048834,0.1941747572815534
13-2082.00,7360,0.1177354519298349,0.0970873786407767
13-2082.00,7361,0.0695003603301584,0.116504854368932
13-2082.00,7362,0.0742827352045704,0.1359223300970873
13-2082.00,7363,0.0788237032406278,0.058252427184466
13-2082.00,7364,0.0128544642361359,0.0388349514563106
13-2082.00,7365,0.1059610496783029,0.0194174757281553
13-2082.00,7366,0.1157544932774788,0.058252427184466
13-2082.00,20363,0.0605766627127905,0.058252427184466
13-2082.00,20364,0.0720814082041322,0.0388349514563106
13-2082.00,21165,0.0556751205276775,0.029126213592233
13-2099.01,15982,0.0397702649652489,0.0285714285714285
13-2099.01,15983,0.0231611141312068,0.0714285714285714
13-2099.01,15984,0.0820554308030174,0.0285714285714285
13-2099.01,15985,0.0461413417472165,0.0428571428571428
13-2099.01,15986,0.0015637536993358,0.0428571428571428
13-2099.01,15987,0.0026648583751994,0.0714285714285714
13-2099.01,15988,0.0022114623321967,0.0428571428571428
13-2099.01,15989,0.0165443290793634,0.0571428571428571
13-2099.01,15990,0.0439995784157038,0.1142857142857142
13-2099.01,15991,0.0040250465042075,0.0428571428571428
13-2099.01,15992,0.0214028192933951,0.0285714285714285
13-2099.01,15993,0.0247600754212288,0.0571428571428571
13-2099.01,15994,0.0391030510495583,0.0428571428571428
13-2099.01,15995,0.0037937219924714,0.0857142857142857
13-2099.01,15996,0.0081981406959261,0.0571428571428571
13-2099.01,15997,0.0232712458806482,0.1142857142857142
13-2099.01,19572,0.1732805587741662,0.0142857142857142
13-2099.01,19573,0.1543329484509842,0.0142857142857142
13-2099.01,19574,0.0199311068413849,0.0142857142857142
13-2099.01,19575,0.1927210772175516,0.0142857142857142
13-2099.01,19576,0.0770680743299878,0.0142857142857142
13-2099.04,16035,0.0156716336989905,0.0271739130434782
13-2099.04,16036,0.0138488874640653,0.0135869565217391
13-2099.04,16037,0.0245194301727767,0.0135869565217391
13-2099.04,16038,0.036449825551715,0.0271739130434782
13-2099.04,16039,0.1609255662575252,0.0067934782608695
13-2099.04,16040,0.0601098439349001,0.0135869565217391
13-2099.04,16041,0.0830797160815056,0.0203804347826086
13-2099.04,16042,0.1536308194194425,0.0013586956521739
13-2099.04,16043,0.0473516344414444,0.0067934782608695
13-2099.04,16044,0.0370057222693395,0.0271739130434782
13-2099.04,16045,0.0215250408287207,0.0679347826086956
13-2099.04,16046,0.0160139692909256,0.0815217391304347
13-2099.04,16047,0.0245564415745189,0.0271739130434782
13-2099.04,16048,0.0185057008710937,0.0407608695652173
13-2099.04,16049,0.037114118319112,0.0543478260869565
13-2099.04,16050,0.0045880964418053,0.0339673913043478
13-2099.04,16051,0.0334392597606993,0.0679347826086956
13-2099.04,16052,0.0277332651033422,0.0407608695652173
13-2099.04,16053,0.0416862222920824,0.108695652173913
13-2099.04,16054,0.033024409531635,0.0407608695652173
13-2099.04,16055,0.0433186147653747,0.0339673913043478
13-2099.04,16056,0.0259721396156656,0.108695652173913
13-2099.04,16057,0.0399296423133187,0.1358695652173913
15-1211.00,3471,0.1672501552147404,0.0305343511450381
15-1211.00,3472,0.0567097488750611,0.0305343511450381
15-1211.00,3475,0.0549743097705598,0.0305343511450381
15-1211.01,18088,0.0134331917744584,0.135593220338983
15-1211.01,18089,0.0356496141103159,0.0254237288135593
15-1211.01,18090,0.0692940728673311,0.0847457627118644
15-1211.01,18091,0.2671485668414141,0.0169491525423728
15-1211.01,18092,0.088142915608324,0.0847457627118644
15-1211.01,18093,0.0369445837190473,0.0847457627118644
15-1211.01,18094,0.060799250696704,0.1016949152542373
15-1211.01,18095,0.0248143817498222,0.0423728813559322
15-1211.01,18096,0.0630155868532662,0.0677966101694915
15-1211.01,18097,0.0514563591383319,0.0338983050847457
15-1211.01,18098,0.0750976145295944,0.0338983050847457
15-1211.01,18099,0.0224521948674664,0.0677966101694915
15-1211.01,18100,0.0061200472977347,0.0508474576271186
15-1211.01,18101,0.0546924818699994,0.0677966101694915
15-1211.01,18102,0.0166121108529286,0.0338983050847457
15-1211.01,18103,0.0083436069425371,0.0508474576271186
15-1211.01,18104,0.1059834202807236,0.0169491525423728
15-1212.00,5318,0.1251138506150495,0.0625
15-1221.00,14624,0.0859100327967201,0.0483870967741935
15-1221.00,14627,0.0655945637237104,0.064516129032258
15-1221.00,14631,0.0854418289825525,0.0241935483870967
15-1221.00,14634,0.2265644641060413,0.0161290322580645
15-1232.00,15204,0.1892819667603546,0.0078125
15-1241.00,18956,0.0252912249648748,0.0232558139534883
15-1241.00,18957,0.0274026580351673,0.0348837209302325
15-1241.00,18958,0.0591529927493023,0.0174418604651162
15-1241.00,18959,0.0083590147096049,0.0290697674418604
15-1241.00,18960,0.0070619262201835,0.0348837209302325
15-1241.00,18961,0.0021421776705153,0.0348837209302325
15-1241.00,18962,0.0049769285339101,0.0348837209302325
15-1241.00,18963,0.0594802896099546,0.0116279069767441
15-1241.00,18964,0.0081788635305186,0.0465116279069767
15-1241.00,18965,0.0115795052776594,0.0465116279069767
15-1241.00,18966,0.0032053578690111,0.0232558139534883
15-1241.00,18967,0.0039990319035938,0.0697674418604651
15-1241.00,18968,0.000420544912459,0.0232558139534883
15-1241.00,18969,0.0041529530710051,0.0348837209302325
15-1241.00,18970,0.0577671644913306,0.0116279069767441
15-1241.00,18971,0.017889012083271,0.0465116279069767
15-1241.00,18972,0.037833754492261,0.0174418604651162
15-1241.00,18973,0.0215022763587724,0.0232558139534883
15-1241.00,18974,0.0392106139237819,0.0232558139534883
15-1241.00,18975,0.0208788857224416,0.0348837209302325
15-1241.00,18976,0.115620109768095,0.0232558139534883
15-1241.00,18977,0.0169807438836715,0.005813953488372
15-1241.00,18978,0.0795187304486991,0.005813953488372
15-1241.00,18979,0.0109531916884479,0.0465116279069767
15-1241.00,18980,0.0381289718324533,0.0465116279069767
15-1241.00,18981,0.0215715895249259,0.0232558139534883
15-1241.00,18982,0.0028914264243353,0.0465116279069767
15-1241.00,18983,0.076005782456516,0.0232558139534883
15-1241.00,18984,0.0190960141740786,0.0348837209302325
15-1241.00,18985,0.1250122446504535,0.0465116279069767
15-1241.00,18986,0.0597202572857888,0.0232558139534883
15-1241.00,18987,0.0011349524282437,0.0232558139534883
15-1241.00,18988,0.0128808093046714,0.0290697674418604
15-1241.01,16058,0.0046040913261141,0.032
15-1241.01,16059,0.003456549965191,0.024
15-1241.01,16060,0.0139587475042653,0.024
15-1241.01,16061,0.085046685579113,0.048
15-1241.01,16062,0.0988041667962899,0.04
15-1241.01,16063,0.0027168362805702,0.04
15-1241.01,16064,0.0167329754476929,0.064
15-1241.01,16065,0.0622260542242371,0.032
15-1241.01,16066,0.0281020253999927,0.016
15-1241.01,16067,0.06331486667272,0.048
15-1241.01,16069,0.090432002346409,0.072
15-1241.01,16070,0.1155326224133672,0.024
15-1241.01,16072,0.002837097525449,0.032
15-1241.01,16073,0.0143062499606445,0.064
15-1241.01,16074,0.0624461333361645,0.048
15-1241.01,16075,0.0858175571863097,0.04
15-1241.01,16076,0.0534091234528996,0.032
15-1241.01,16077,0.038900933340838,0.032
15-1241.01,16078,0.0380497316978043,0.032
15-1241.01,16079,0.0030178299383636,0.032
15-1241.01,16080,0.0158700110143511,0.056
15-1241.01,16081,0.0057040536022915,0.024
15-1241.01,16082,0.0024041667737594,0.032
15-1241.01,16083,0.0137097040771935,0.072
15-1241.01,20365,0.027384268694322,0.024
15-1241.01,20366,0.0512155154436457,0.016
15-1242.00,1312,0.0885291660499613,0.0288461538461538
15-1242.00,1315,0.1602322182845507,0.0192307692307692
15-1243.00,16099,0.0706113394195313,0.0428571428571428
15-1243.00,16100,0.0461690609782238,0.0285714285714285
15-1243.00,16101,0.0190596789235904,0.0285714285714285
15-1243.00,16102,0.044656746091387,0.0142857142857142
15-1243.00,16104,0.0087046470419597,0.0285714285714285
15-1243.00,16105,0.0105263532951933,0.0285714285714285
15-1243.00,16106,0.0580632131963182,0.0428571428571428
15-1243.00,16107,0.0024527887648665,0.0214285714285714
15-1243.00,16108,0.0177373024916999,0.0714285714285714
15-1243.00,16109,0.0355506095483847,0.0857142857142857
15-1243.00,16110,0.0343453513874393,0.0571428571428571
15-1243.00,16111,0.0066005522864109,0.0214285714285714
15-1243.00,16112,0.0116088711648588,0.0285714285714285
15-1243.00,16113,0.0322863615431266,0.0714285714285714
15-1243.00,16114,0.0460097990128602,0.0571428571428571
15-1243.00,16115,0.0335656501245118,0.0428571428571428
15-1243.00,21652,0.0254965488775043,0.0428571428571428
15-1243.00,21653,0.0144279495752057,0.0357142857142857
15-1243.00,21654,0.0451880999705459,0.0285714285714285
15-1243.00,21655,0.056796138561401,0.0214285714285714
15-1243.00,21656,0.0936230060874641,0.0285714285714285
15-1243.00,21657,0.0570005054380005,0.0428571428571428
15-1243.00,21658,0.1753828466059828,0.0142857142857142
15-1243.00,21659,0.0319868065665065,0.0571428571428571
15-1243.00,21660,0.0221497730470255,0.0571428571428571
15-1243.01,16116,0.179766085163674,0.044776119402985
15-1243.01,16117,0.0653402292525317,0.044776119402985
15-1243.01,16118,0.0215894349049426,0.0746268656716417
15-1243.01,16119,0.0629328269391136,0.0373134328358208
15-1243.01,16120,0.036529218894483,0.0895522388059701
15-1243.01,16121,0.0280692418928283,0.0746268656716417
15-1243.01,16122,0.0612912958887202,0.0223880597014925
15-1243.01,16123,0.0400057648817292,0.0746268656716417
15-1243.01,16124,0.0151552510543112,0.0597014925373134
15-1243.01,16125,0.0890351087930475,0.0597014925373134
15-1243.01,16126,0.026051566513813,0.0895522388059701
15-1243.01,16127,0.1181693243734949,0.0298507462686567
15-1243.01,16128,0.0166608145837046,0.0522388059701492
15-1243.01,16129,0.0072245653732721,0.044776119402985
15-1243.01,16130,0.0124738691530593,0.044776119402985
15-1243.01,16131,0.1201397560814205,0.0298507462686567
15-1243.01,16132,0.0271673511298914,0.0597014925373134
15-1243.01,16133,0.072398295125962,0.0671641791044776
15-1244.00,1328,0.0664245325656517,0.0263157894736842
15-1251.00,1281,0.1486321177970168,0.0212765957446808
15-1252.00,21668,0.08458099115233,0.0191570881226053
15-1252.00,21673,0.1845595331458912,0.0383141762452107
15-1253.00,14638,0.024477697312844,0.0720288115246098
15-1253.00,14639,0.0293259118583329,0.0600240096038415
15-1253.00,14640,0.0453354225364373,0.0600240096038415
15-1253.00,14641,0.0644436698473281,0.0720288115246098
15-1253.00,14642,0.0726281315426084,0.0960384153661464
15-1253.00,14643,0.0211523755592075,0.0360144057623049
15-1253.00,14644,0.0304142283789266,0.0240096038415366
15-1253.00,14645,0.0142034498194883,0.0240096038415366
15-1253.00,14646,0.0166547196520743,0.0300120048019207
15-1253.00,14647,0.0039310690649285,0.0240096038415366
15-1253.00,14648,0.0306521338676915,0.0360144057623049
15-1253.00,14649,0.0163829960555287,0.0180072028811524
15-1253.00,14650,0.0395974415798749,0.0600240096038415
15-1253.00,14651,0.0287138893216759,0.042016806722689
15-1253.00,14652,0.0461593970283967,0.0480192076830732
15-1253.00,14653,0.0427290941614082,0.0360144057623049
15-1253.00,14654,0.0345200732206136,0.0300120048019207
15-1253.00,14655,0.0116220517599342,0.0360144057623049
15-1253.00,14656,0.0605500300058724,0.0240096038415366
15-1253.00,14657,0.0609201144567363,0.0120048019207683
15-1253.00,14658,0.0243960694638629,0.0180072028811524
15-1253.00,14659,0.0974252068503612,0.0480192076830732
15-1253.00,14660,0.029636815632202,0.0120048019207683
15-1253.00,14661,0.0691702219167967,0.0360144057623049
15-1253.00,14662,0.0565128933535578,0.0024009603841536
15-1253.00,14663,0.0244478308723652,0.0060024009603841
15-1253.00,14664,0.0039970648809447,0.0060024009603841
15-1254.00,14694,0.0520014866185469,0.2010723860589812
15-1254.00,14695,0.0118223521956227,0.0402144772117962
15-1254.00,14697,0.0245709716920912,0.0469168900804289
15-1254.00,14698,0.0430507502188855,0.0067024128686327
15-1254.00,14700,0.0307893303048838,0.067024128686327
15-1254.00,14701,0.0040444108900029,0.0335120643431635
15-1254.00,14702,0.0033203953236761,0.0402144772117962
15-1254.00,14704,0.0538797472092614,0.0536193029490616
15-1254.00,14705,0.0505017899949184,0.0013404825737265
15-1254.00,14706,0.0348563132662792,0.0201072386058981
15-1254.00,14707,0.0567044814497933,0.160857908847185
15-1254.00,14708,0.0499944800997327,0.0134048257372654
15-1254.00,14710,0.0307915742262874,0.0536193029490616
15-1254.00,14711,0.0216059946921826,0.0134048257372654
15-1254.00,14713,0.0248355222005914,0.0201072386058981
15-1254.00,14714,0.0019285239754376,0.0134048257372654
15-1254.00,14717,0.053423163346653,0.0067024128686327
15-1254.00,14719,0.0041171882299947,0.0335120643431635
15-1254.00,14722,0.0181021805929764,0.0201072386058981
15-1254.00,14723,0.1333444860789868,0.0134048257372654
15-1254.00,14724,0.0363803196987424,0.0268096514745308
15-1254.00,14725,0.0987610975155143,0.0067024128686327
15-1254.00,14726,0.0050444478311764,0.0201072386058981
15-1254.00,14727,0.0004250128674608,0.0134048257372654
15-1254.00,14728,0.0220047942211476,0.0134048257372654
15-1254.00,14729,0.0983047898253494,0.0067024128686327
15-1254.00,14730,0.0353943954338037,0.0134048257372654
15-1255.01,16194,0.004504686011723,0.0300751879699248
15-1255.01,16195,0.0042068555316091,0.0150375939849624
15-1255.01,16196,0.0056960079321787,0.0300751879699248
15-1255.01,16197,0.0800992776209192,0.0150375939849624
15-1255.01,16198,0.0251294467596121,0.0451127819548872
15-1255.01,16199,0.0453633050023516,0.075187969924812
15-1255.01,16200,0.0250549891395836,0.0300751879699248
15-1255.01,16201,0.0260973958199823,0.0451127819548872
15-1255.01,16202,0.0589683279119096,0.0300751879699248
15-1255.01,16203,0.0458300928523937,0.0451127819548872
15-1255.01,16204,0.0817371814547817,0.0225563909774436
15-1255.01,16205,0.158445815420606,0.037593984962406
15-1255.01,16206,0.0841183138060065,0.0300751879699248
15-1255.01,16207,0.0177395279717854,0.037593984962406
15-1255.01,16208,0.0373218820392757,0.0902255639097744
15-1255.01,16209,0.0449165592821807,0.075187969924812
15-1255.01,16210,0.0105729820440442,0.0300751879699248
15-1255.01,16211,0.0418624045035185,0.0601503759398496
15-1255.01,16212,0.0469083006179425,0.0300751879699248
15-1255.01,16213,0.0049142029218797,0.0225563909774436
15-1255.01,16214,0.0143330918554824,0.037593984962406
15-1255.01,16215,0.0211831928981026,0.0451127819548872
15-1255.01,16216,0.0694094827396934,0.0601503759398496
15-1255.01,16217,0.045586677862437,0.0601503759398496
15-1299.01,14731,0.0674244153500712,0.0303030303030303
15-1299.01,14732,0.0353645001819762,0.0757575757575757
15-1299.01,14733,0.0355848903014927,0.0454545454545454
15-1299.01,14734,0.0404652581767558,0.0454545454545454
15-1299.01,14735,0.0420811366106701,0.0303030303030303
15-1299.01,14736,0.1187482673461169,0.0757575757575757
15-1299.01,14737,0.0101379062937671,0.0378787878787878
15-1299.01,14738,0.0511979581893087,0.0151515151515151
15-1299.01,14739,0.0059663569366339,0.0227272727272727
15-1299.01,14740,0.0522638166153604,0.0454545454545454
15-1299.01,14741,0.0156752686902862,0.0151515151515151
15-1299.01,14742,0.0401663871861547,0.0454545454545454
15-1299.01,14743,0.0258563557266794,0.0378787878787878
15-1299.01,14744,0.0117489451791211,0.0227272727272727
15-1299.01,14745,0.0144017173363591,0.0151515151515151
15-1299.01,14746,0.033320786482126,0.0151515151515151
15-1299.01,14747,0.0279675870469112,0.0151515151515151
15-1299.01,14748,0.0032037009012931,0.0227272727272727
15-1299.01,14749,0.0089005304198451,0.0303030303030303
15-1299.01,14750,0.0402509606020127,0.0378787878787878
15-1299.01,14751,0.0014762751763129,0.0151515151515151
15-1299.01,14752,0.0320930719410175,0.0151515151515151
15-1299.01,14753,0.0124110515328858,0.0303030303030303
15-1299.01,14754,0.0058683469664223,0.0151515151515151
15-1299.01,14755,0.0047832050787315,0.0227272727272727
15-1299.01,14756,0.0165580745075359,0.0227272727272727
15-1299.01,14757,0.0137578537008622,0.0151515151515151
15-1299.01,14758,0.0127657986200669,0.0454545454545454
15-1299.01,14759,0.0031546959161873,0.0075757575757575
15-1299.01,14760,0.0660160580203034,0.0075757575757575
15-1299.01,14761,0.0804534466978834,0.0454545454545454
15-1299.01,14762,0.0281536702244523,0.0303030303030303
15-1299.01,14763,0.0137821901890281,0.0151515151515151
15-1299.01,14764,0.0139844472389307,0.0075757575757575
15-1299.01,14765,0.0140150686164364,0.0227272727272727
15-1299.02,21715,0.0547236527913793,0.0909090909090909
15-1299.02,21716,0.0476500865254148,0.0681818181818181
15-1299.02,21717,0.0442745143302908,0.0568181818181818
15-1299.02,21718,0.021749535537679,0.034090909090909
15-1299.02,21719,0.0601922625159026,0.0454545454545454
15-1299.02,21720,0.0354766107943684,0.0568181818181818
15-1299.02,21721,0.0218842288296466,0.0454545454545454
15-1299.02,21722,0.0178295925591761,0.0568181818181818
15-1299.02,21723,0.0487700011160348,0.034090909090909
15-1299.02,21724,0.0559300316033954,0.0454545454545454
15-1299.02,21725,0.0189950416659968,0.0227272727272727
15-1299.02,21726,0.0363919411986143,0.034090909090909
15-1299.02,21727,0.0104818538466728,0.0454545454545454
15-1299.02,21728,0.0836967527064623,0.0227272727272727
15-1299.02,21729,0.0462299909460109,0.0227272727272727
15-1299.02,21730,0.0198146465168779,0.034090909090909
15-1299.02,21731,0.0481502702850282,0.0454545454545454
15-1299.02,21732,0.0611768207323692,0.0227272727272727
15-1299.02,21733,0.032719050717381,0.034090909090909
15-1299.02,21734,0.0334728606531973,0.0227272727272727
15-1299.02,21735,0.0171648748052437,0.0113636363636363
15-1299.02,21736,0.0178467731836684,0.0170454545454545
15-1299.02,21737,0.0249792307198312,0.034090909090909
15-1299.02,21738,0.0570323811688055,0.0113636363636363
15-1299.02,21739,0.0222934049780774,0.0113636363636363
15-1299.02,21740,0.0610735892724742,0.0227272727272727
15-1299.03,16219,0.0410185780182939,0.0223880597014925
15-1299.03,16220,0.0617943164091985,0.0223880597014925
15-1299.03,16221,0.062183596506955,0.0597014925373134
15-1299.03,16222,0.1081572857362706,0.0597014925373134
15-1299.03,16223,0.0063232751991452,0.0149253731343283
15-1299.03,16224,0.0305941550349641,0.0223880597014925
15-1299.03,16226,0.0721773387338919,0.0373134328358208
15-1299.03,16227,0.0520204459976274,0.0373134328358208
15-1299.03,16228,0.0701839089734361,0.0223880597014925
15-1299.03,16229,0.0400046036014233,0.0373134328358208
15-1299.03,16230,0.0355954465997091,0.0746268656716417
15-1299.03,16231,0.0071556693939518,0.0298507462686567
15-1299.03,16232,0.020862751330735,0.044776119402985
15-1299.03,16233,0.0013946253614742,0.0223880597014925
15-1299.03,16234,0.0217387074884032,0.0373134328358208
15-1299.03,16235,0.0620352726234846,0.0223880597014925
15-1299.03,16236,0.0876903225115888,0.0746268656716417
15-1299.03,16237,0.0700901495940236,0.0597014925373134
15-1299.03,16238,0.0178021072426139,0.0671641791044776
15-1299.03,16239,0.0360960506589769,0.1044776119402985
15-1299.03,16240,0.0464461423010512,0.0522388059701492
15-1299.03,20367,0.0086379151969847,0.0223880597014925
15-1299.03,20368,0.039997335485796,0.0522388059701492
15-1299.05,21766,0.0758958132220339,0.048
15-1299.05,21767,0.0373907853284987,0.032
15-1299.05,21768,0.0444944108770793,0.04
15-1299.05,21769,0.0410013864865002,0.08
15-1299.05,21770,0.0419232788362441,0.064
15-1299.05,21771,0.0310828265159601,0.032
15-1299.05,21772,0.0659657068314661,0.072
15-1299.05,21773,0.0336557457995718,0.072
15-1299.05,21774,0.0850592946139297,0.032
15-1299.05,21775,0.0484262991584709,0.08
15-1299.05,21776,0.067312245556365,0.056
15-1299.05,21777,0.0447619931994262,0.032
15-1299.05,21778,0.0635354757834707,0.048
15-1299.05,21779,0.0990613547074442,0.04
15-1299.05,21780,0.0169744191212918,0.024
15-1299.05,21781,0.04101068517856,0.048
15-1299.05,21782,0.0379079400652148,0.056
15-1299.05,21783,0.0366321236832763,0.024
15-1299.05,21784,0.0292334826520065,0.08
15-1299.05,21785,0.0586747323831886,0.04
15-1299.08,14666,0.0272737953928649,0.054054054054054
15-1299.08,14667,0.0061526197943923,0.0337837837837837
15-1299.08,14668,0.0041706554309556,0.054054054054054
15-1299.08,14669,0.0132019497398858,0.054054054054054
15-1299.08,14670,0.0102511263484126,0.0675675675675675
15-1299.08,14671,0.0252956369342885,0.0337837837837837
15-1299.08,14672,0.0177561106966681,0.0608108108108108
15-1299.08,14673,0.0062976305930805,0.0472972972972973
15-1299.08,14674,0.0129653689751523,0.0202702702702702
15-1299.08,14675,0.0348214498441506,0.0405405405405405
15-1299.08,14676,0.0729488931502737,0.0472972972972973
15-1299.08,14677,0.0340189393402354,0.027027027027027
15-1299.08,14678,0.0056972280923525,0.0202702702702702
15-1299.08,14679,0.0096286757513521,0.027027027027027
15-1299.08,14680,0.0715193169323915,0.027027027027027
15-1299.08,14681,0.0269491398295206,0.0405405405405405
15-1299.08,14682,0.0543259363908174,0.081081081081081
15-1299.08,14683,0.0049669763774784,0.0337837837837837
15-1299.08,14684,0.0720393530974541,0.027027027027027
15-1299.08,14685,0.0058358965450318,0.0337837837837837
15-1299.08,14686,0.0030105690414503,0.027027027027027
15-1299.08,14687,0.0547634195819657,0.027027027027027
15-1299.08,14688,0.0378151441170631,0.0202702702702702
15-1299.08,14689,0.020752287491406,0.0202702702702702
15-1299.08,14690,0.0037440106936661,0.0135135135135135
15-1299.08,14691,0.073429534801342,0.027027027027027
15-1299.08,14692,0.1969997688785897,0.0202702702702702
15-1299.08,14693,0.0933685661377569,0.0135135135135135
15-1299.09,16151,0.0209533461734945,0.0263157894736842
15-1299.09,16152,0.0631409461062426,0.0350877192982456
15-1299.09,16153,0.077326670405468,0.0350877192982456
15-1299.09,16154,0.0559430343935789,0.087719298245614
15-1299.09,16155,0.0395541645346472,0.0526315789473684
15-1299.09,16156,0.1015750868265834,0.1403508771929824
15-1299.09,16157,0.0378491383304687,0.0701754385964912
15-1299.09,16158,0.0220087369764097,0.0175438596491228
15-1299.09,16159,0.0308144827094988,0.0350877192982456
15-1299.09,16160,0.0224649921480962,0.0175438596491228
15-1299.09,16161,0.0247404942134343,0.0526315789473684
15-1299.09,16162,0.0271668261635894,0.0175438596491228
15-1299.09,16163,0.0570772081848744,0.087719298245614
15-1299.09,16164,0.0657422574584177,0.0263157894736842
15-1299.09,16165,0.0647955753641107,0.0087719298245614
15-1299.09,16166,0.1039203129495574,0.0263157894736842
15-1299.09,16167,0.0307947346635533,0.0350877192982456
15-1299.09,16168,0.0321292339717708,0.043859649122807
15-1299.09,16169,0.0602539658809597,0.1052631578947368
15-1299.09,16170,0.0297591337456639,0.0526315789473684
15-1299.09,16171,0.0319896587995795,0.0263157894736842
15-2011.00,3500,0.0260885760118843,0.1398601398601398
15-2011.00,3501,0.0517300053096666,0.1748251748251748
15-2011.00,3502,0.0420898979663553,0.1398601398601398
15-2011.00,3503,0.0156400459629769,0.1048951048951049
15-2011.00,3504,0.0246441000386785,0.0874125874125874
15-2011.00,3505,0.0951585257821764,0.0034965034965034
15-2011.00,3506,0.061231456186291,0.0699300699300699
15-2011.00,3507,0.0815483337853028,0.0087412587412587
15-2011.00,3508,0.058013389669079,0.1048951048951049
15-2011.00,3509,0.0692862475937595,0.0349650349650349
15-2011.00,3510,0.1841163872143789,0.0174825174825174
15-2011.00,3511,0.0577113296020309,0.0524475524475524
15-2011.00,3512,0.0820763469219991,0.0174825174825174
15-2011.00,3513,0.1225914238727135,0.0174825174825174
15-2011.00,20951,0.0280739340827065,0.0262237762237762
15-2021.00,7367,0.093260385074459,0.1212121212121212
15-2021.00,7368,0.0889736801435334,0.0808080808080808
15-2021.00,7369,0.0155125280443168,0.0606060606060606
15-2021.00,7370,0.1430634118865659,0.0808080808080808
15-2021.00,7371,0.0915431794532311,0.101010101010101
15-2021.00,7372,0.0266003417135769,0.0808080808080808
15-2021.00,7373,0.1265552155265705,0.101010101010101
15-2021.00,7374,0.0639144317431466,0.101010101010101
15-2021.00,7375,0.2692922882437459,0.0404040404040404
15-2021.00,7376,0.055785794170276,0.1515151515151515
15-2021.00,20191,0.0039041597426972,0.0808080808080808
15-2031.00,7377,0.0414300190970879,0.125
15-2031.00,7378,0.0302232625145202,0.0546875
15-2031.00,7379,0.0130801994967171,0.0625
15-2031.00,7380,0.0477614306675425,0.09375
15-2031.00,7381,0.0204430802254876,0.0625
15-2031.00,7382,0.0965042696542215,0.125
15-2031.00,7383,0.0380649364804484,0.078125
15-2031.00,7384,0.0928846262261451,0.0625
15-2031.00,7385,0.0314783560106226,0.0625
15-2031.00,7386,0.0298596259298936,0.046875
15-2031.00,7387,0.0666921201897871,0.046875
15-2031.00,7388,0.0112545674963908,0.046875
15-2031.00,7389,0.1836257329374018,0.03125
15-2031.00,7390,0.1573173295974089,0.03125
15-2031.00,20952,0.0341937726806059,0.046875
15-2031.00,20953,0.0879257147296804,0.0234375
15-2041.00,8953,0.0334220636704112,0.0699300699300699
15-2041.00,8954,0.0418711351546715,0.1118881118881118
15-2041.00,8955,0.0368554860457333,0.0839160839160839
15-2041.00,8956,0.0563429901226681,0.1118881118881118
15-2041.00,8957,0.0417269070021249,0.1398601398601398
15-2041.00,8958,0.0314253549928398,0.0349650349650349
15-2041.00,8959,0.0379411321449968,0.0279720279720279
15-2041.00,8960,0.0062697219965875,0.0279720279720279
15-2041.00,8961,0.070016696580806,0.0419580419580419
15-2041.00,8963,0.0857436183338519,0.0209790209790209
15-2041.00,8964,0.0579988043725034,0.0209790209790209
15-2041.00,8965,0.040313856572164,0.0419580419580419
15-2041.00,8966,0.0273218927351135,0.0419580419580419
15-2041.00,8967,0.0641409849747923,0.0139860139860139
15-2041.00,20192,0.0389058011261054,0.0279720279720279
15-2041.00,20193,0.0737556426661523,0.0559440559440559
15-2041.00,20194,0.016103362330573,0.0559440559440559
15-2041.00,21100,0.0533355333359641,0.0419580419580419
15-2041.00,21101,0.1865090158419402,0.0279720279720279
15-2041.01,16241,0.0822352864160329,0.0206896551724137
15-2041.01,16242,0.0827630300252269,0.0137931034482758
15-2041.01,16243,0.0035604121039492,0.0413793103448275
15-2041.01,16244,0.0146528120140624,0.0413793103448275
15-2041.01,16245,0.0018675901316519,0.0275862068965517
15-2041.01,16246,0.0170032438562572,0.0275862068965517
15-2041.01,16247,0.0043881458654962,0.0275862068965517
15-2041.01,16248,0.0393463732656456,0.0206896551724137
15-2041.01,16249,0.0076110257373982,0.1379310344827586
15-2041.01,16250,0.0018597071330093,0.0689655172413793
15-2041.01,16251,0.069052218320141,0.0275862068965517
15-2041.01,16252,0.0213268449670846,0.0551724137931034
15-2041.01,16253,0.1179731274911974,0.0275862068965517
15-2041.01,16254,0.0048449817052976,0.0551724137931034
15-2041.01,16255,0.0824948329440416,0.0275862068965517
15-2041.01,16256,0.0984012650050573,0.0137931034482758
15-2041.01,16257,0.024274571187307,0.0413793103448275
15-2041.01,16258,0.001497108099523,0.0551724137931034
15-2041.01,16259,0.0986715554477239,0.0275862068965517
15-2041.01,16260,0.082321896712284,0.0137931034482758
15-2041.01,16261,0.0821093295725477,0.0206896551724137
15-2041.01,16262,0.0177199219764065,0.0413793103448275
15-2041.01,16263,0.0056381399164434,0.0413793103448275
15-2041.01,16264,0.0334470591294256,0.0137931034482758
15-2041.01,16265,0.0049395209767884,0.1103448275862069
15-2051.01,16134,0.0810347392642593,0.064516129032258
15-2051.01,16135,0.0054827409511352,0.032258064516129
15-2051.01,16136,0.1353115136530693,0.0403225806451612
15-2051.01,16137,0.0043704253911369,0.0403225806451612
15-2051.01,16138,0.0503566900485305,0.032258064516129
15-2051.01,16139,0.053095683803233,0.0806451612903225
15-2051.01,16140,0.0668866456819611,0.0483870967741935
15-2051.01,16141,0.027928440114349,0.0483870967741935
15-2051.01,16142,0.0121521593665948,0.0564516129032258
15-2051.01,16143,0.0548330907452783,0.0241935483870967
15-2051.01,16144,0.0627825300767089,0.1129032258064516
15-2051.01,16145,0.022304290916055,0.0483870967741935
15-2051.01,16146,0.0294695331854763,0.064516129032258
15-2051.01,16147,0.1524871151510877,0.032258064516129
15-2051.01,16148,0.1286080106357613,0.0483870967741935
15-2051.01,16149,0.0333579097692927,0.0967741935483871
15-2051.01,16150,0.0795384812460699,0.1290322580645161
15-2051.02,16266,0.0033335883764409,0.0147058823529411
15-2051.02,16267,0.0361047391020858,0.0294117647058823
15-2051.02,16268,0.0645919327310593,0.0441176470588235
15-2051.02,16269,0.0071305326662096,0.0220588235294117
15-2051.02,16270,0.0867094614294004,0.0367647058823529
15-2051.02,16271,0.1879550954679603,0.0147058823529411
15-2051.02,16272,0.0616812698903087,0.0294117647058823
15-2051.02,16273,0.0009395828242478,0.0294117647058823
15-2051.02,16274,0.0135145474720579,0.0367647058823529
15-2051.02,16275,0.0022781665738611,0.0220588235294117
15-2051.02,16276,0.0740106842202498,0.0588235294117647
15-2051.02,16277,0.0358565952782019,0.0588235294117647
15-2051.02,16278,0.0568640364729886,0.0661764705882353
15-2051.02,16279,0.0235153126013808,0.0441176470588235
15-2051.02,16280,0.0612835483421039,0.1029411764705882
15-2051.02,16281,0.0094215702376632,0.088235294117647
15-2051.02,16282,0.003719718304214,0.0441176470588235
15-2051.02,16283,0.1658173837582946,0.0294117647058823
15-2051.02,16284,0.042113904122451,0.1176470588235294
15-2051.02,16285,0.0304539708709812,0.0588235294117647
15-2051.02,16286,0.0327043592578384,0.0514705882352941
15-2099.01,17718,0.1783724901362603,0.0300751879699248
15-2099.01,17723,0.20171879894968,0.0300751879699248
17-1011.00,130,0.0363898571583515,0.0529801324503311
17-1011.00,131,0.0144986572898109,0.0397350993377483
17-1011.00,134,0.049859648373801,0.0331125827814569
17-1011.00,136,0.0253869121374892,0.0529801324503311
17-1011.00,138,0.0460723852167597,0.0264900662251655
17-1011.00,139,0.0020139645422329,0.0198675496688741
17-1011.00,140,0.210637940123978,0.0132450331125827
17-1011.00,19590,0.084671133566269,0.0132450331125827
17-1011.00,19591,0.0640156512127455,0.0264900662251655
17-1011.00,19592,0.026205769367306,0.0331125827814569
17-1011.00,19593,0.0893184488439356,0.0397350993377483
17-1011.00,19594,0.0030657091381688,0.0198675496688741
17-1011.00,19595,0.0003400746425029,0.0264900662251655
17-1011.00,19596,0.0272906712408859,0.0662251655629139
17-1011.00,20479,0.0866038335531094,0.1059602649006622
17-1011.00,20480,0.0517523635531825,0.0463576158940397
17-1011.00,20481,0.0021961170226235,0.0397350993377483
17-1011.00,20482,0.0006172779854732,0.0264900662251655
17-1011.00,20483,0.0378476933867663,0.0794701986754966
17-1011.00,20484,0.0043915538959621,0.0529801324503311
17-1011.00,20485,0.0153060795097736,0.0397350993377483
17-1011.00,20486,0.0412766405015256,0.0662251655629139
17-1011.00,20487,0.0212260053659387,0.0198675496688741
17-1011.00,20488,0.0590156123714072,0.0596026490066225
17-1012.00,18470,0.0932307443486152,0.1311475409836065
17-1012.00,19597,0.0460132319238693,0.040983606557377
17-1012.00,19598,0.0255891418075655,0.040983606557377
17-1012.00,19599,0.0021545644197834,0.0245901639344262
17-1012.00,19600,0.0065534175858729,0.0327868852459016
17-1012.00,20369,0.1054260836639263,0.0983606557377049
17-1012.00,20370,0.08013208766729,0.0983606557377049
17-1012.00,20371,0.0287176874034155,0.0573770491803278
17-1012.00,20372,0.0111269970720325,0.040983606557377
17-1012.00,20373,0.006227576610607,0.0655737704918032
17-1012.00,20374,0.063367348130502,0.0327868852459016
17-1012.00,20375,0.1023830181978377,0.0655737704918032
17-1012.00,20376,0.0748440988914019,0.0491803278688524
17-1012.00,20377,0.0114516574640547,0.0327868852459016
17-1012.00,20378,0.0107433075178245,0.0491803278688524
17-1012.00,20379,0.0131635031674443,0.0655737704918032
17-1012.00,20380,0.0430912883956698,0.0327868852459016
17-1012.00,20381,0.023847781523083,0.0245901639344262
17-1012.00,20382,0.2519364642092036,0.0163934426229508
17-1022.00,3528,0.035150980976928,0.0730994152046783
17-1022.00,3529,0.0171516409354594,0.0730994152046783
17-1022.00,3530,0.0302688052850719,0.1169590643274853
17-1022.00,3531,0.0199309579337601,0.0584795321637426
17-1022.00,3532,0.0166571228208968,0.0584795321637426
17-1022.00,3533,0.0215334470138614,0.087719298245614
17-1022.00,3534,0.0190853958070325,0.043859649122807
17-1022.00,3535,0.0089138455080635,0.087719298245614
17-1022.00,3536,0.0282909681924055,0.0584795321637426
17-1022.00,3537,0.0220225010162441,0.043859649122807
17-1022.00,3538,0.0652388453038831,0.0146198830409356
17-1022.00,3539,0.0232924504512495,0.0584795321637426
17-1022.00,3540,0.0118997333643461,0.0730994152046783
17-1022.00,3541,0.0135523002282005,0.0292397660818713
17-1022.00,3542,0.0132276960339125,0.0292397660818713
17-1022.00,3543,0.0255396697141147,0.043859649122807
17-1022.00,3544,0.0018278391069905,0.0146198830409356
17-1022.00,3545,0.1781819196339086,0.0014619883040935
17-1022.00,3546,0.0040250018691607,0.0073099415204678
17-1022.00,3547,0.1045624700660622,0.0073099415204678
17-1022.00,3548,0.0652325824510524,0.0073099415204678
17-1022.00,3549,0.0654141957935563,0.0073099415204678
17-1022.00,3550,0.1569062159446077,0.0029239766081871
17-1022.00,20954,0.052093414549231,0.0014619883040935
17-1022.01,16287,0.0186700761003423,0.0229007633587786
17-1022.01,16288,0.0371013746838577,0.0305343511450381
17-1022.01,16289,0.060274275478743,0.0610687022900763
17-1022.01,16290,0.1079645549264219,0.015267175572519
17-1022.01,16291,0.0130177238856847,0.0305343511450381
17-1022.01,16292,0.0815906912801538,0.0610687022900763
17-1022.01,16293,0.0337229480314152,0.015267175572519
17-1022.01,16294,0.0955739693664508,0.0458015267175572
17-1022.01,16295,0.0643852434397823,0.0458015267175572
17-1022.01,16296,0.1554383214664903,0.0763358778625954
17-1022.01,16297,0.0428641591818987,0.0763358778625954
17-1022.01,16298,0.0341395486512849,0.0916030534351145
17-1022.01,16299,0.0568739893850377,0.0763358778625954
17-1022.01,16300,0.0540433703316957,0.0458015267175572
17-1022.01,16301,0.0988847150485661,0.1221374045801526
17-1022.01,16302,0.0454550387421742,0.183206106870229
17-2011.00,19601,0.4558770778492296,0.04
17-2021.00,5325,0.0241089329164502,0.0928571428571428
17-2021.00,5326,0.04756803147137,0.1428571428571428
17-2021.00,5327,0.0356502847136077,0.0642857142857142
17-2021.00,5328,0.1278989950541259,0.0785714285714285
17-2021.00,5329,0.0257944318382014,0.05
17-2021.00,5330,0.0417405042403957,0.0285714285714285
17-2021.00,5331,0.0137073914371752,0.0714285714285714
17-2021.00,5332,0.205779616708995,0.0428571428571428
17-2021.00,5333,0.1260749641518844,0.0571428571428571
17-2021.00,5334,0.0648774987205813,0.0857142857142857
17-2021.00,5335,0.186074901040974,0.0714285714285714
17-2021.00,5336,0.0225087730543164,0.1142857142857142
17-2021.00,5337,0.0316180440733394,0.0571428571428571
17-2021.00,5338,0.046597630578583,0.0428571428571428
17-2031.00,8968,0.0249053739860438,0.0493827160493827
17-2031.00,8970,0.0551508700031563,0.0185185185185185
17-2031.00,8972,0.0475250636062713,0.037037037037037
17-2031.00,8973,0.0163599444452441,0.037037037037037
17-2031.00,8975,0.0139374978368285,0.0617283950617283
17-2031.00,8979,0.0044494115565096,0.0432098765432098
17-2031.00,8980,0.0632155427765712,0.0185185185185185
17-2031.00,18603,0.0158079254402272,0.0185185185185185
17-2031.00,18604,0.0351660347149235,0.0308641975308641
17-2031.00,21839,0.0857753679928705,0.0246913580246913
17-2031.00,21840,0.0479347763957185,0.037037037037037
17-2031.00,21841,0.0399725086141667,0.0185185185185185
17-2031.00,21842,0.0544278834797258,0.0185185185185185
17-2031.00,21843,0.0408137271851075,0.0308641975308641
17-2031.00,21844,0.0234855289006943,0.0308641975308641
17-2031.00,21845,0.0699937288992527,0.0432098765432098
17-2031.00,21846,0.0129085913288728,0.0493827160493827
17-2031.00,21847,0.0057545282824633,0.0617283950617283
17-2031.00,21848,0.0552663987775189,0.0432098765432098
17-2031.00,21849,0.0777224710427261,0.0123456790123456
17-2031.00,21850,0.0237314863170541,0.0308641975308641
17-2031.00,21851,0.0043656052917983,0.037037037037037
17-2031.00,21852,0.047197404866358,0.0246913580246913
17-2031.00,21853,0.0051974968905786,0.0246913580246913
17-2031.00,21854,0.0168735942887253,0.037037037037037
17-2031.00,21855,0.0235078886658179,0.0246913580246913
17-2031.00,21856,0.0058336805482241,0.0493827160493827
17-2031.00,21857,0.0043526460903007,0.0308641975308641
17-2031.00,21858,0.0316763147605878,0.0246913580246913
17-2031.00,21859,0.0466907070156612,0.0308641975308641
17-2041.00,3552,0.0042698780142024,0.0363636363636363
17-2041.00,3553,0.0013585760255901,0.0727272727272727
17-2041.00,3554,0.0604347979634508,0.0545454545454545
17-2041.00,3555,0.1486281532910901,0.0727272727272727
17-2041.00,3556,0.1459918282012895,0.0727272727272727
17-2041.00,3557,0.0880001291461391,0.0909090909090909
17-2041.00,3558,0.1236304356317288,0.0727272727272727
17-2041.00,3559,0.1444697425457394,0.0545454545454545
17-2041.00,3560,0.0310630574853681,0.0363636363636363
17-2041.00,18471,0.0181032346862471,0.109090909090909
17-2041.00,18472,0.0166638733452279,0.0909090909090909
17-2041.00,18473,0.1058030659681868,0.0909090909090909
17-2041.00,20955,0.108741535562743,0.1454545454545454
17-2051.00,147,0.0707030140042023,0.0961538461538461
17-2051.00,148,0.0130945306662454,0.0961538461538461
17-2051.00,150,0.0643689009553101,0.0384615384615384
17-2051.00,151,0.0120784521971411,0.0576923076923076
17-2051.00,152,0.0527509718155057,0.0384615384615384
17-2051.00,153,0.0752060151364154,0.0288461538461538
17-2051.00,155,0.0740251774055143,0.0384615384615384
17-2051.00,19607,0.0538821427822673,0.0576923076923076
17-2051.00,19608,0.1459092599872772,0.0096153846153846
17-2051.00,19609,0.1457790949344403,0.0096153846153846
17-2051.00,19610,0.0275949214297678,0.0769230769230769
17-2051.00,19611,0.0732891291044633,0.0384615384615384
17-2051.00,20489,0.0367218042662442,0.0576923076923076
17-2051.00,20490,0.0689209825500237,0.1153846153846153
17-2051.00,20491,0.0553628893203753,0.1538461538461538
17-2051.00,20492,0.0303127134448058,0.0769230769230769
17-2051.01,16303,0.0021126750765863,0.0155038759689922
17-2051.01,16304,0.0475383739248755,0.0465116279069767
17-2051.01,16305,0.0202007149460834,0.0465116279069767
17-2051.01,16306,0.0316088580768463,0.0387596899224806
17-2051.01,16307,0.0314863861921881,0.0232558139534883
17-2051.01,16308,0.1204781866729582,0.0077519379844961
17-2051.01,16309,0.0234756110259841,0.0465116279069767
17-2051.01,16310,0.0833371440247034,0.0697674418604651
17-2051.01,16311,0.006118799866783,0.0620155038759689
17-2051.01,16312,0.0161878746278151,0.0155038759689922
17-2051.01,16313,0.0039999753222357,0.0620155038759689
17-2051.01,16314,0.0037459769368212,0.0542635658914728
17-2051.01,16315,0.1219622081126957,0.0155038759689922
17-2051.01,16316,0.0312630551083995,0.0310077519379844
17-2051.01,16317,0.0900429704626442,0.0232558139534883
17-2051.01,16318,0.0049921792984061,0.0310077519379844
17-2051.01,16319,0.0178163875581772,0.0620155038759689
17-2051.01,16320,0.0112890443006023,0.0775193798449612
17-2051.01,16321,0.0303841392302639,0.0232558139534883
17-2051.01,16322,0.0673005764997604,0.0232558139534883
17-2051.01,16323,0.0277558772276772,0.1240310077519379
17-2051.01,19612,0.0533624521776255,0.0387596899224806
17-2051.01,19613,0.0005762748841677,0.0310077519379844
17-2051.01,19614,0.0303225863018803,0.0077519379844961
17-2051.01,19615,0.0460964009748193,0.0077519379844961
17-2051.01,19616,0.0765452711689994,0.0155038759689922
17-2051.02,16324,0.0277177845879824,0.0473684210526315
17-2051.02,16325,0.0195850098154082,0.0473684210526315
17-2051.02,16326,0.0182110339259198,0.0210526315789473
17-2051.02,16327,0.0241334952546261,0.0526315789473684
17-2051.02,16328,0.0593295396129107,0.0210526315789473
17-2051.02,16329,0.0593295396129107,0.0210526315789473
17-2051.02,16330,0.017914313839256,0.0421052631578947
17-2051.02,16331,0.0534436645975483,0.0263157894736842
17-2051.02,16332,0.0757726125716272,0.0263157894736842
17-2051.02,16333,0.0620927263929041,0.0368421052631578
17-2051.02,16334,0.0445929965899824,0.0578947368421052
17-2051.02,16335,0.034565222945935,0.0473684210526315
17-2051.02,16336,0.0589413872419749,0.0157894736842105
17-2051.02,16337,0.0092400777812857,0.031578947368421
17-2051.02,16338,0.0440987111272728,0.0210526315789473
17-2051.02,16339,0.0178393456242754,0.0263157894736842
17-2051.02,16340,0.0618131218191079,0.0210526315789473
17-2051.02,16341,0.0450187781917565,0.031578947368421
17-2051.02,16342,0.0174212575945325,0.0210526315789473
17-2051.02,16343,0.043459855208194,0.031578947368421
17-2051.02,16344,0.0429784124745978,0.0210526315789473
17-2051.02,16345,0.0346622053618369,0.0421052631578947
17-2051.02,16346,0.0179690733402283,0.031578947368421
17-2051.02,16347,0.0354969608619414,0.0526315789473684
17-2051.02,16348,0.0103154634516297,0.0210526315789473
17-2051.02,16349,0.0195300615478907,0.0631578947368421
17-2051.02,16350,0.0182506475432123,0.0842105263157894
17-2051.02,21166,0.026276701083251,0.0368421052631578
17-2061.00,7391,0.01898397222013,0.0495867768595041
17-2061.00,7392,0.0417039619377868,0.0495867768595041
17-2061.00,7393,0.0080502008022433,0.0991735537190082
17-2061.00,7394,0.0584331503749422,0.0495867768595041
17-2061.00,7395,0.1169645916153581,0.0330578512396694
17-2061.00,7396,0.0438322604326608,0.1322314049586777
17-2061.00,7397,0.0390779962151051,0.0330578512396694
17-2061.00,7398,0.0877322455789206,0.0495867768595041
17-2061.00,7399,0.0205805452867616,0.0826446280991735
17-2061.00,7400,0.0046805934307906,0.0330578512396694
17-2061.00,7401,0.0195521127458908,0.0330578512396694
17-2061.00,7402,0.0107810592040633,0.0661157024793388
17-2061.00,7403,0.0601618112522483,0.024793388429752
17-2061.00,7404,0.0069391056908476,0.024793388429752
17-2061.00,7405,0.0611006177212669,0.0330578512396694
17-2061.00,7406,0.0366499129634221,0.0330578512396694
17-2061.00,7407,0.0680911328652885,0.1652892561983471
17-2061.00,7408,0.2966847296622725,0.0082644628099173
17-2071.00,1363,0.1312611693910631,0.0479041916167664
17-2071.00,19617,0.3041769320229622,0.0359281437125748
17-2072.00,5352,0.0868985480331623,0.0465116279069767
17-2072.00,5357,0.143616153787183,0.0116279069767441
17-2072.00,19623,0.2510898787466474,0.0174418604651162
17-2081.00,1366,0.0379875601669318,0.0694444444444444
17-2081.00,1368,0.0013216983858025,0.0416666666666666
17-2081.00,1369,0.0750305214807655,0.0555555555555555
17-2081.00,1370,0.0441013727453154,0.0416666666666666
17-2081.00,1371,0.0206638277532781,0.0555555555555555
17-2081.00,1372,0.0230748621752497,0.0347222222222222
17-2081.00,1373,0.0024155177395702,0.0277777777777777
17-2081.00,1374,0.0424335344520473,0.0416666666666666
17-2081.00,1375,0.0377949834253269,0.0277777777777777
17-2081.00,1376,0.0558493902792135,0.0138888888888888
17-2081.00,1377,0.0053232541883359,0.0625
17-2081.00,1378,0.0037919070930612,0.0208333333333333
17-2081.00,1379,0.0727573582685059,0.0277777777777777
17-2081.00,1380,0.0320705603643647,0.0555555555555555
17-2081.00,1381,0.0725770960642163,0.0347222222222222
17-2081.00,1383,0.0952010749600033,0.0138888888888888
17-2081.00,1385,0.0362730580961905,0.0138888888888888
17-2081.00,1387,0.0210821091671775,0.0347222222222222
17-2081.00,1388,0.1646421664427064,0.0069444444444444
17-2081.00,1389,0.0036096038674332,0.0138888888888888
17-2081.00,1390,0.0217962833151133,0.0277777777777777
17-2081.00,15210,0.0205182280444251,0.0833333333333333
17-2081.00,19624,0.0211360893637577,0.0486111111111111
17-2081.00,19625,0.0005651399994466,0.0138888888888888
17-2081.00,19626,0.0363005879104722,0.0069444444444444
17-2081.00,20195,0.0130073351485538,0.0694444444444444
17-2081.00,20196,0.0184256376082303,0.0277777777777777
17-2081.00,20197,0.0200957421785252,0.0277777777777777
17-2111.00,21860,0.0327253387853876,0.0610687022900763
17-2111.00,21861,0.0198697517404638,0.0305343511450381
17-2111.00,21862,0.0186918061963334,0.0458015267175572
17-2111.00,21863,0.0056805960735269,0.0534351145038167
17-2111.00,21864,0.0298803478625667,0.0610687022900763
17-2111.00,21865,0.0046870601760921,0.0458015267175572
17-2111.00,21866,0.0042550644474697,0.0610687022900763
17-2111.00,21867,0.0031001709384295,0.0229007633587786
17-2111.00,21868,0.0589158156913765,0.0381679389312977
17-2111.00,21869,0.0254878518640039,0.0305343511450381
17-2111.00,21870,0.0553118252338573,0.0458015267175572
17-2111.00,21871,0.0147433379241369,0.015267175572519
17-2111.00,21872,0.006770536434483,0.0381679389312977
17-2111.00,21873,0.0820433345417527,0.0076335877862595
17-2111.00,21874,0.0036760194957126,0.0458015267175572
17-2111.00,21875,0.0153594312680295,0.0610687022900763
17-2111.00,21876,0.0262793903913927,0.0458015267175572
17-2111.00,21877,0.0687127851175143,0.015267175572519
17-2111.00,21878,0.0209085477091647,0.0229007633587786
17-2111.00,21879,0.0512122631687167,0.0229007633587786
17-2111.00,21880,0.0117204121476717,0.0458015267175572
17-2111.00,21881,0.0817256595109517,0.0305343511450381
17-2111.00,21882,0.0211230400792173,0.015267175572519
17-2111.00,21883,0.1728533007887364,0.0229007633587786
17-2111.00,21884,0.1642663124130116,0.0076335877862595
17-2111.02,8982,0.0993925853526712,0.2083333333333333
17-2111.02,8983,0.0461492047892571,0.1666666666666666
17-2111.02,8984,0.0570520253851279,0.125
17-2111.02,8986,0.1614640198429537,0.0416666666666666
17-2111.02,8988,0.0901294210297295,0.0416666666666666
17-2111.02,8989,0.0767830727754872,0.0625
17-2111.02,8990,0.048821104159623,0.03125
17-2111.02,8991,0.0008306015126999,0.0208333333333333
17-2111.02,8992,0.005240400657807,0.03125
17-2111.02,8993,0.1775481426184623,0.0208333333333333
17-2111.02,8994,0.0815210047817661,0.0208333333333333
17-2111.02,20383,0.0298072112068525,0.125
17-2111.02,23902,0.0492825227836472,0.1041666666666666
17-2112.00,1406,0.1415356642826373,0.028169014084507
17-2112.00,1410,0.2165781468940363,0.0352112676056338
17-2112.01,16372,0.0031341777144692,0.0509554140127388
17-2112.01,16373,0.0273695414726322,0.0254777070063694
17-2112.01,16374,0.0453193108166528,0.0254777070063694
17-2112.01,16375,0.0889763827686468,0.0382165605095541
17-2112.01,16376,0.0847567274487223,0.0127388535031847
17-2112.01,16377,0.0012899509564375,0.019108280254777
17-2112.01,16378,0.0087777131488833,0.0382165605095541
17-2112.01,16379,0.0354095306617548,0.0509554140127388
17-2112.01,16380,0.0083499130074711,0.0382165605095541
17-2112.01,16381,0.0053815141463877,0.0636942675159235
17-2112.01,16382,0.1065019839894169,0.0382165605095541
17-2112.01,16383,0.0103397631351944,0.0509554140127388
17-2112.01,16384,0.0022775696574599,0.0254777070063694
17-2112.01,16385,0.0647287523831075,0.0382165605095541
17-2112.01,16386,0.1083157054228773,0.0254777070063694
17-2112.01,16387,0.0367768303024177,0.0382165605095541
17-2112.01,16388,0.0032651883584824,0.0509554140127388
17-2112.01,16389,0.1062099914971371,0.0382165605095541
17-2112.01,16390,0.0014209616004506,0.0254777070063694
17-2112.01,16391,0.0028016122335127,0.0382165605095541
17-2112.01,16392,0.024932650778762,0.0509554140127388
17-2112.01,16393,0.0153282453495426,0.0509554140127388
17-2112.01,16394,0.1055138110125929,0.0254777070063694
17-2112.01,16395,0.0643559565566971,0.0254777070063694
17-2112.01,16396,0.0123855447301695,0.0382165605095541
17-2112.01,16397,0.0260806708501207,0.0764331210191082
17-2112.02,18127,0.0141199278082635,0.1212121212121212
17-2112.02,18128,0.0148622845277967,0.0454545454545454
17-2112.02,18129,0.0214222939065286,0.0606060606060606
17-2112.02,18130,0.0683256598645957,0.0606060606060606
17-2112.02,18131,0.0253461794240611,0.0909090909090909
17-2112.02,18132,0.0139078258883969,0.0303030303030303
17-2112.02,18133,0.0088179252165348,0.0303030303030303
17-2112.02,18134,0.013362420951597,0.053030303030303
17-2112.02,18137,0.0164984993381964,0.0757575757575757
17-2112.02,18139,0.0023785715299328,0.0454545454545454
17-2112.02,18141,0.0013180619305997,0.0227272727272727
17-2112.02,18142,0.045411852785972,0.0227272727272727
17-2112.02,18143,0.0472431933815567,0.0378787878787878
17-2112.02,18144,0.1445929088005017,0.0303030303030303
17-2112.02,18145,0.0255885816181944,0.0151515151515151
17-2112.02,18146,0.0207556878726621,0.0757575757575757
17-2112.02,19647,0.2165683665917323,0.0151515151515151
17-2112.02,21051,0.036587581176992,0.0454545454545454
17-2112.02,21052,0.025891584360861,0.0378787878787878
17-2112.02,21053,0.0476844491066572,0.0227272727272727
17-2112.02,21054,0.1893161439183663,0.0454545454545454
17-2112.03,18167,0.0382768583930945,0.0661157024793388
17-2112.03,18168,0.0357230630806602,0.0330578512396694
17-2112.03,18170,0.0155326480526468,0.0413223140495867
17-2112.03,18172,0.033711857680486,0.0578512396694214
17-2112.03,18174,0.034346502539477,0.0330578512396694
17-2112.03,18175,0.0584860025981511,0.0413223140495867
17-2112.03,18177,0.061293316651642,0.0826446280991735
17-2112.03,18178,0.0059647586125365,0.0495867768595041
17-2112.03,18179,0.0866251415783559,0.0165289256198347
17-2112.03,18180,0.0055867636917483,0.0495867768595041
17-2112.03,18181,0.0257060883671141,0.0826446280991735
17-2112.03,18182,0.0587955886346635,0.0330578512396694
17-2112.03,18183,0.0571065453313478,0.0495867768595041
17-2112.03,18184,0.0086285843338442,0.024793388429752
17-2112.03,18185,0.1251831753181906,0.0495867768595041
17-2112.03,18186,0.0177143142027624,0.024793388429752
17-2112.03,19649,0.0873263760908709,0.0082644628099173
17-2112.03,19650,0.0682569213829162,0.0165289256198347
17-2112.03,19651,0.0499351165011207,0.0165289256198347
17-2112.03,19652,0.0346666853553526,0.0082644628099173
17-2112.03,20960,0.0140171208643716,0.0661157024793388
17-2112.03,20961,0.020311694328129,0.0495867768595041
17-2112.03,20962,0.0053861027770133,0.0661157024793388
17-2112.03,20963,0.0514187736335036,0.0330578512396694
17-2121.00,21887,0.0310679456883313,0.0571428571428571
17-2121.00,21888,0.0552607875277849,0.0428571428571428
17-2121.00,21889,0.03173110101712,0.0428571428571428
17-2121.00,21890,0.0245188088359666,0.0285714285714285
17-2121.00,21891,0.0557576101330759,0.0285714285714285
17-2121.00,21892,0.008420308258894,0.0214285714285714
17-2121.00,21893,0.0084673541192047,0.0571428571428571
17-2121.00,21894,0.0461603236006313,0.0285714285714285
17-2121.00,21895,0.0387495221624347,0.0357142857142857
17-2121.00,21896,0.0155751259428666,0.0214285714285714
17-2121.00,21897,0.0715153137996195,0.0285714285714285
17-2121.00,21898,0.0380370406741837,0.0285714285714285
17-2121.00,21899,0.0094054441441148,0.0428571428571428
17-2121.00,21900,0.0236611341721794,0.0571428571428571
17-2121.00,21901,0.0234765712698454,0.0214285714285714
17-2121.00,21902,0.069662465689704,0.0357142857142857
17-2121.00,21903,0.0236104698460485,0.0214285714285714
17-2121.00,21904,0.0310137417610718,0.05
17-2121.00,21905,0.0095755114765894,0.0428571428571428
17-2121.00,21906,0.0689206128194645,0.0142857142857142
17-2121.00,21907,0.0012741965858541,0.0285714285714285
17-2121.00,21908,0.0648603735342475,0.0285714285714285
17-2121.00,21909,0.0231110643456155,0.0214285714285714
17-2121.00,21910,0.0237660817048791,0.0428571428571428
17-2121.00,21911,0.0079972016855016,0.0142857142857142
17-2121.00,21912,0.0457225744317346,0.0214285714285714
17-2121.00,21913,0.0382465016698942,0.0285714285714285
17-2121.00,21914,0.053643817878072,0.0214285714285714
17-2121.00,21915,0.0167317720130487,0.05
17-2121.00,21916,0.0400592232120205,0.0357142857142857
17-2131.00,9001,0.0331911923283346,0.0975609756097561
17-2131.00,9002,0.0324846490276309,0.065040650406504
17-2131.00,9003,0.0237685414533435,0.065040650406504
17-2131.00,9004,0.0387126973819817,0.08130081300813
17-2131.00,9005,0.0396024185754604,0.048780487804878
17-2131.00,9006,0.0538880922378669,0.08130081300813
17-2131.00,9007,0.0302341777735378,0.065040650406504
17-2131.00,9008,0.0437108370277001,0.040650406504065
17-2131.00,9009,0.028890873226521,0.048780487804878
17-2131.00,9010,0.0461861560257174,0.065040650406504
17-2131.00,9011,0.0731041164821684,0.016260162601626
17-2131.00,9012,0.0802016352213961,0.032520325203252
17-2131.00,9013,0.0122422114881282,0.048780487804878
17-2131.00,9014,0.013464349945954,0.056910569105691
17-2131.00,9015,0.0356335642320015,0.048780487804878
17-2131.00,9016,0.0592768440182153,0.016260162601626
17-2131.00,9017,0.0862016777835512,0.048780487804878
17-2131.00,9018,0.0450258048438323,0.008130081300813
17-2131.00,9019,0.044641015473584,0.048780487804878
17-2131.00,9020,0.136293412001848,0.008130081300813
17-2131.00,21167,0.0432457334512255,0.008130081300813
17-2141.00,19627,0.1227571804727809,0.008
17-2141.00,19630,0.1140505253181033,0.016
17-2141.00,19631,0.127014483887938,0.008
17-2141.00,19632,0.0999055477370383,0.008
17-2141.01,16398,0.0086343172698408,0.047945205479452
17-2141.01,16399,0.025544075697964,0.0273972602739726
17-2141.01,16403,0.0080510388377957,0.0410958904109589
17-2141.01,16405,0.0915734971614559,0.0547945205479452
17-2141.01,16406,0.0071329507818249,0.0342465753424657
17-2141.01,16407,0.0482757505549522,0.0410958904109589
17-2141.01,16408,0.0369910556856864,0.0547945205479452
17-2141.01,16410,0.100026996493726,0.0342465753424657
17-2141.01,16411,0.0556082410638373,0.0273972602739726
17-2141.01,16412,0.0164476766280316,0.0273972602739726
17-2141.01,16413,0.0196363945824851,0.0410958904109589
17-2141.01,16414,0.0579821313386069,0.0273972602739726
17-2141.01,16415,0.0065825640891345,0.0410958904109589
17-2141.01,16417,0.0422053129425865,0.0547945205479452
17-2141.01,16418,0.0083677265798476,0.0273972602739726
17-2141.01,16419,0.0466825580298387,0.0547945205479452
17-2141.01,16420,0.0805444359791237,0.0684931506849315
17-2141.01,19945,0.0187815236115481,0.0342465753424657
17-2141.01,19946,0.0129262702525886,0.0410958904109589
17-2141.01,19947,0.0377695306163108,0.0205479452054794
17-2141.01,19948,0.0999793862142887,0.0136986301369863
17-2141.01,19949,0.0078592925674489,0.0342465753424657
17-2141.01,19950,0.0280407315537484,0.0684931506849315
17-2141.01,19951,0.0032139890758526,0.0205479452054794
17-2141.01,19952,0.127964309513249,0.0342465753424657
17-2141.01,19953,0.0031782428782258,0.0273972602739726
17-2141.02,16421,0.003515021766069,0.0253164556962025
17-2141.02,16422,0.0216354112567364,0.0253164556962025
17-2141.02,16423,0.0208707525462058,0.0379746835443038
17-2141.02,16424,0.0206622092615157,0.0253164556962025
17-2141.02,16425,0.0080157314592387,0.050632911392405
17-2141.02,16426,0.019758521694525,0.0379746835443038
17-2141.02,16427,0.055563804065428,0.0316455696202531
17-2141.02,16428,0.0222509751594886,0.050632911392405
17-2141.02,16429,0.006734504217009,0.050632911392405
17-2141.02,16430,0.0512375845144434,0.0316455696202531
17-2141.02,16431,0.0343042232866944,0.0379746835443038
17-2141.02,16432,0.0669956512318876,0.0253164556962025
17-2141.02,16433,0.0177039841490591,0.0316455696202531
17-2141.02,16434,0.0437761589227382,0.0379746835443038
17-2141.02,16435,0.0692423137347393,0.050632911392405
17-2141.02,16436,0.0364196512541655,0.0632911392405063
17-2141.02,16437,0.0376868299707394,0.1012658227848101
17-2141.02,16438,0.0126867480954332,0.0632911392405063
17-2141.02,16439,0.0512072227376232,0.050632911392405
17-2141.02,19633,0.067953539753932,0.0379746835443038
17-2141.02,19634,0.098116309012026,0.0189873417721519
17-2141.02,19635,0.083193247721751,0.0253164556962025
17-2141.02,19636,0.0497401122096149,0.0253164556962025
17-2141.02,19637,0.0503724685018412,0.0253164556962025
17-2141.02,19638,0.0503570234770942,0.0379746835443038
17-2151.00,3578,0.5502935129629143,0.0307692307692307
17-2161.00,5379,0.0711326487482732,0.0223880597014925
17-2161.00,5380,0.0166625795014776,0.0895522388059701
17-2161.00,5381,0.0030602143364999,0.0298507462686567
17-2161.00,5382,0.0887459306385638,0.044776119402985
17-2161.00,5383,0.0818597148434789,0.0895522388059701
17-2161.00,5384,0.055562946171839,0.1194029850746268
17-2161.00,5385,0.0540928593720291,0.0074626865671641
17-2161.00,5386,0.0391058710842856,0.044776119402985
17-2161.00,5387,0.0378656263952332,0.044776119402985
17-2161.00,5388,0.0907325511142575,0.0597014925373134
17-2161.00,5389,0.0743186122947566,0.0746268656716417
17-2161.00,19639,0.0358497865176017,0.0298507462686567
17-2161.00,19640,0.0902819183539217,0.044776119402985
17-2161.00,19641,0.0203566059747119,0.0298507462686567
17-2161.00,19642,0.0558008290493764,0.044776119402985
17-2161.00,19643,0.0005524809176783,0.0373134328358208
17-2161.00,20956,0.0034426942582111,0.0597014925373134
17-2161.00,20957,0.0709626706071821,0.0597014925373134
17-2161.00,20958,0.0552739025596382,0.0373134328358208
17-2161.00,20959,0.0543395572609832,0.0298507462686567
17-2171.00,3586,0.1028104217251297,0.0410958904109589
17-2171.00,3596,0.1856876215374577,0.0684931506849315
17-2171.00,3599,0.2812044053357265,0.0273972602739726
17-2199.03,18148,0.0270716209148371,0.0794701986754966
17-2199.03,18149,0.0234564311520144,0.0331125827814569
17-2199.03,18150,0.0728632206248594,0.0662251655629139
17-2199.03,18151,0.0479795555463669,0.0794701986754966
17-2199.03,18156,0.0258700487576914,0.0662251655629139
17-2199.03,18157,0.0498595704643448,0.0132450331125827
17-2199.03,18159,0.0889266355420906,0.0662251655629139
17-2199.03,18165,0.0933280486578964,0.0198675496688741
17-2199.03,18166,0.0240645787236454,0.0198675496688741
17-2199.03,19648,0.1616005195625114,0.0397350993377483
17-2199.03,20854,0.0411677654471809,0.0529801324503311
17-2199.03,20855,0.0244961665737585,0.0794701986754966
17-2199.03,20856,0.0191848450442479,0.0529801324503311
17-2199.03,20857,0.0390514639160263,0.0397350993377483
17-2199.03,20858,0.0244188360630845,0.0264900662251655
17-2199.03,20859,0.0288840576615563,0.0529801324503311
17-2199.03,20860,0.0506889888105115,0.0529801324503311
17-2199.03,20861,0.0355605603072959,0.0662251655629139
17-2199.03,20862,0.026474805862488,0.0529801324503311
17-2199.03,20863,0.0484550887315025,0.0264900662251655
17-2199.03,20864,0.046597191636089,0.0132450331125827
17-2199.05,16467,0.0766308266366993,0.0575539568345323
17-2199.05,16476,0.1431374024654317,0.0719424460431654
17-2199.05,16480,0.2095520083650136,0.0215827338129496
17-2199.05,16482,0.0774688590746251,0.0431654676258992
17-2199.05,19653,0.1853037954592638,0.014388489208633
17-2199.06,16489,0.22826554178001,0.0072463768115942
17-2199.06,16491,0.2428082077265751,0.0217391304347826
17-2199.06,16492,0.1475267781583344,0.0434782608695652
17-2199.06,16503,0.1731858299767441,0.0579710144927536
17-2199.07,18187,0.0989695237690354,0.0189873417721519
17-2199.07,18188,0.0369121126828183,0.0379746835443038
17-2199.07,18189,0.0366187172420062,0.0569620253164556
17-2199.07,18190,0.0899026219370075,0.0126582278481012
17-2199.07,18191,0.090183413836166,0.0189873417721519
17-2199.07,18192,0.0461347378413726,0.0189873417721519
17-2199.07,18193,0.0132823430811745,0.050632911392405
17-2199.07,18194,0.014670510193135,0.1012658227848101
17-2199.07,18195,0.0214555489092089,0.0569620253164556
17-2199.07,18196,0.019931239553707,0.0632911392405063
17-2199.07,18197,0.0221711165829499,0.0443037974683544
17-2199.07,18198,0.0038754746467164,0.0316455696202531
17-2199.07,18199,0.0063178516591793,0.0822784810126582
17-2199.07,18200,0.0325972004196633,0.0886075949367088
17-2199.07,18202,0.0191183344305832,0.0316455696202531
17-2199.07,18203,0.0209631199228985,0.0189873417721519
17-2199.07,18204,0.0370293050711857,0.0316455696202531
17-2199.07,18205,0.0060073920449565,0.0253164556962025
17-2199.07,18206,0.0110063435159781,0.0189873417721519
17-2199.07,19662,0.0898835299970587,0.0126582278481012
17-2199.07,19663,0.0720408814752227,0.0189873417721519
17-2199.07,19664,0.0542470993532951,0.0316455696202531
17-2199.07,19665,0.0899026050911781,0.0189873417721519
17-2199.07,19666,0.0540743704958401,0.0253164556962025
17-2199.07,21055,0.0008296640508217,0.0443037974683544
17-2199.07,21056,0.0118749421968401,0.0379746835443038
17-2199.08,16509,0.039556899136501,0.0424242424242424
17-2199.08,16510,0.0285969348618421,0.0484848484848484
17-2199.08,16511,0.0379088799211948,0.0303030303030303
17-2199.08,16512,0.0110343630993804,0.0363636363636363
17-2199.08,16513,0.0145911028205679,0.0242424242424242
17-2199.08,16514,0.0362388855016073,0.0484848484848484
17-2199.08,16515,0.0584160620213231,0.0606060606060606
17-2199.08,16516,0.0312262396945433,0.0121212121212121
17-2199.08,16517,0.0279567047471481,0.0484848484848484
17-2199.08,16518,0.0683529033129433,0.0363636363636363
17-2199.08,16519,0.0084549110103263,0.0303030303030303
17-2199.08,16520,0.0377786408713288,0.0363636363636363
17-2199.08,16521,0.0483824196850248,0.0606060606060606
17-2199.08,16522,0.0411392287061077,0.0363636363636363
17-2199.08,16523,0.0231781565477913,0.0484848484848484
17-2199.08,16524,0.107198373969758,0.0121212121212121
17-2199.08,16525,0.0482192473498246,0.0424242424242424
17-2199.08,16527,0.0348759287651523,0.0484848484848484
17-2199.08,16528,0.045013595919019,0.0727272727272727
17-2199.08,16530,0.0489526079002725,0.0727272727272727
17-2199.08,19667,0.0744999558968067,0.0181818181818181
17-2199.08,19668,0.0740332442599959,0.0181818181818181
17-2199.08,21057,0.0178375909600525,0.0727272727272727
17-2199.08,21058,0.0365571230414871,0.0424242424242424
17-2199.09,16531,0.0014568950083996,0.0296296296296296
17-2199.09,16532,0.0270513198598023,0.0592592592592592
17-2199.09,16533,0.0180818839192379,0.0888888888888888
17-2199.09,16534,0.0022528890543942,0.0296296296296296
17-2199.09,16535,0.041253648400759,0.0222222222222222
17-2199.09,16536,0.0041836585817664,0.0592592592592592
17-2199.09,16537,0.0018799705042575,0.0592592592592592
17-2199.09,16538,0.0214377999965753,0.0148148148148148
17-2199.09,16539,0.0351247390985342,0.0444444444444444
17-2199.09,16540,0.0412494801113697,0.0444444444444444
17-2199.09,16541,0.0294447464117143,0.0444444444444444
17-2199.09,16542,0.0081311396956289,0.074074074074074
17-2199.09,16543,0.0342041470460555,0.0222222222222222
17-2199.09,16544,0.0137189530486942,0.0592592592592592
17-2199.09,16545,0.0096335686925167,0.0444444444444444
17-2199.09,16546,0.0098465564652259,0.0888888888888888
17-2199.09,19669,0.0450232560513732,0.0296296296296296
17-2199.09,19670,0.0757408967321611,0.0222222222222222
17-2199.09,19671,0.0557111835845616,0.0444444444444444
17-2199.09,19672,0.0975128607886792,0.0222222222222222
17-2199.09,19673,0.0900312009111955,0.0222222222222222
17-2199.09,19674,0.0799599913373366,0.0296296296296296
17-2199.09,19675,0.0858376166690289,0.0148148148148148
17-2199.09,19676,0.0961545925769861,0.0148148148148148
17-2199.09,19677,0.075077005453745,0.0148148148148148
17-2199.10,16547,0.1155037269652877,0.0465116279069767
17-2199.10,16548,0.0851501099272616,0.0775193798449612
17-2199.10,16551,0.1328041296941833,0.0542635658914728
17-2199.10,16552,0.1085015291673052,0.0620155038759689
17-2199.10,16555,0.085803557935405,0.0620155038759689
17-2199.10,16558,0.1615586569351879,0.0697674418604651
17-2199.10,16560,0.0725823390486333,0.0775193798449612
17-2199.10,16561,0.1005290960787305,0.0620155038759689
17-2199.10,16562,0.0787979250671156,0.0930232558139534
17-2199.11,16563,0.0989557161249873,0.0555555555555555
17-2199.11,16564,0.0517287354097797,0.0555555555555555
17-2199.11,16565,0.0605270222877077,0.074074074074074
17-2199.11,16566,0.0461564964804288,0.037037037037037
17-2199.11,16567,0.3752489425545885,0.037037037037037
17-2199.11,16568,0.0502785183130039,0.0925925925925925
17-2199.11,16569,0.024402419265489,0.074074074074074
17-2199.11,16570,0.0871358957992232,0.074074074074074
17-2199.11,16571,0.0286859407297246,0.074074074074074
17-2199.11,16572,0.0203328617289278,0.1481481481481481
17-2199.11,16573,0.0592200140611783,0.0185185185185185
17-2199.11,16574,0.0803971373809838,0.1481481481481481
17-2199.11,16575,0.0169302998639768,0.1111111111111111
17-3011.00,21917,0.0526365054061483,0.1666666666666666
17-3011.00,21918,0.0435999594589913,0.1333333333333333
17-3011.00,21919,0.0297755971640786,0.0444444444444444
17-3011.00,21920,0.0156321184669939,0.0333333333333333
17-3011.00,21921,0.0150339536041328,0.0444444444444444
17-3011.00,21922,0.0414611757213368,0.0333333333333333
17-3011.00,21923,0.0236276797968887,0.0222222222222222
17-3011.00,21924,0.0355824424303361,0.0222222222222222
17-3011.00,21925,0.0065188267990607,0.0222222222222222
17-3011.00,21926,0.0460338915029281,0.1111111111111111
17-3011.00,21927,0.0455605319945057,0.0222222222222222
17-3011.00,21928,0.0164235004961446,0.0333333333333333
17-3011.00,21929,0.0221321464076638,0.0222222222222222
17-3011.00,21930,0.0541482839420617,0.0222222222222222
17-3011.00,21931,0.0286139664116101,0.0333333333333333
17-3011.00,21932,0.0186858243301064,0.0333333333333333
17-3011.00,21933,0.0373624119396122,0.0222222222222222
17-3011.00,21934,0.0472881631205207,0.0111111111111111
17-3011.00,21935,0.0569323725364834,0.0111111111111111
17-3011.00,21936,0.0467946884167601,0.0111111111111111
17-3011.00,21937,0.0328586869127405,0.0111111111111111
17-3011.00,21938,0.0445842293925808,0.0222222222222222
17-3011.00,21939,0.1155607510791786,0.0055555555555555
17-3011.00,21940,0.0474971153183561,0.0111111111111111
17-3011.00,21941,0.0756551773507789,0.0055555555555555
17-3012.00,21960,0.1286656366659973,0.0095238095238095
17-3012.00,21968,0.1243300851255042,0.0095238095238095
17-3012.00,21969,0.0895244319613087,0.0095238095238095
17-3021.00,10886,0.2990338091133978,0.0388349514563106
17-3021.00,21102,0.2320549590709812,0.0388349514563106
17-3023.00,21975,0.0180854118107572,0.0754716981132075
17-3023.00,21976,0.0166473359548612,0.050314465408805
17-3023.00,21977,0.0159330265529896,0.0754716981132075
17-3023.00,21978,0.0265258263402499,0.050314465408805
17-3023.00,21979,0.0350851135998237,0.0628930817610062
17-3023.00,21980,0.0270698162890877,0.0628930817610062
17-3023.00,21981,0.019053088449469,0.0251572327044025
17-3023.00,21982,0.0317461039686302,0.0754716981132075
17-3023.00,21983,0.0558102988802988,0.0125786163522012
17-3023.00,21984,0.0327943695950636,0.0314465408805031
17-3023.00,21985,0.0113192337680772,0.0188679245283018
17-3023.00,21986,0.0156154047822761,0.0188679245283018
17-3023.00,21987,0.0127413919276784,0.0125786163522012
17-3023.00,21988,0.0179744883628817,0.0251572327044025
17-3023.00,21989,0.0228399638332971,0.0314465408805031
17-3023.00,21990,0.0628924197722802,0.0377358490566037
17-3023.00,21991,0.0572837019634405,0.0377358490566037
17-3023.00,21992,0.067974726528729,0.0188679245283018
17-3023.00,21993,0.0019357351416232,0.0125786163522012
17-3023.00,21994,0.0590962408283816,0.0188679245283018
17-3023.00,21995,0.0456375334871717,0.0251572327044025
17-3023.00,21996,0.0503865219931263,0.0251572327044025
17-3023.00,21997,0.0448866075181806,0.0377358490566037
17-3023.00,21998,0.0780546293434557,0.050314465408805
17-3023.00,21999,0.0849101086187229,0.0314465408805031
17-3023.00,22000,0.0877009006894461,0.0314465408805031
17-3024.00,10901,0.120034124479282,0.0153846153846153
17-3024.00,19683,0.1221046882708534,0.0153846153846153
17-3024.00,22005,0.0614834791895805,0.0307692307692307
17-3024.00,22013,0.0966041741724308,0.0076923076923076
17-3024.00,22021,0.0786424961053891,0.023076923076923
17-3024.01,16576,0.0488762815662627,0.0208333333333333
17-3024.01,16577,0.0887066536680201,0.0416666666666666
17-3024.01,16579,0.0139589516581804,0.0347222222222222
17-3024.01,16580,0.0816650969834825,0.0277777777777777
17-3024.01,16581,0.042127062455715,0.0277777777777777
17-3024.01,16582,0.1130376128060739,0.0277777777777777
17-3024.01,16583,0.065771754667508,0.0138888888888888
17-3024.01,16584,0.0378075880117877,0.0555555555555555
17-3024.01,16585,0.0664056480837031,0.0486111111111111
17-3024.01,16586,0.0111202488958101,0.0208333333333333
17-3024.01,16587,0.0282307152765291,0.0416666666666666
17-3024.01,16588,0.0190199570982266,0.0555555555555555
17-3024.01,16589,0.0207232130876308,0.1111111111111111
17-3024.01,16590,0.0896113388232667,0.0208333333333333
17-3024.01,16591,0.0294988680966946,0.0486111111111111
17-3024.01,16592,0.0195941655375225,0.0972222222222222
17-3024.01,16593,0.0227802449254994,0.0694444444444444
17-3024.01,16594,0.032247792195212,0.0347222222222222
17-3024.01,16596,0.057042919065329,0.0555555555555555
17-3024.01,19684,0.03527633841251,0.0416666666666666
17-3024.01,21059,0.0109693255877987,0.0833333333333333
17-3024.01,21060,0.0655282230972364,0.0138888888888888
17-3025.00,3651,0.1795476763701481,0.0147058823529411
17-3025.00,3655,0.0870308411427311,0.0294117647058823
17-3025.00,19687,0.1577823848904637,0.0147058823529411
17-3025.00,19690,0.1467762706865336,0.0147058823529411
17-3025.00,20033,0.0845132311793517,0.0294117647058823
17-3026.00,3663,0.3696356775513108,0.0306122448979591
17-3026.01,22045,0.014592346349625,0.1123595505617977
17-3026.01,22046,0.0281093810465874,0.0449438202247191
17-3026.01,22047,0.0134524054341017,0.0898876404494382
17-3026.01,22048,0.0148336381746741,0.0561797752808988
17-3026.01,22049,0.0009995223098758,0.0224719101123595
17-3026.01,22050,0.033115752319308,0.0449438202247191
17-3026.01,22051,0.0299290632666332,0.0674157303370786
17-3026.01,22052,0.0385905794076129,0.0561797752808988
17-3026.01,22053,0.0180437803044055,0.0337078651685393
17-3026.01,22054,0.0213728794921421,0.0112359550561797
17-3026.01,22055,0.0083528497485601,0.0112359550561797
17-3026.01,22056,0.011065331974766,0.0449438202247191
17-3026.01,22057,0.1017446386486607,0.0224719101123595
17-3026.01,22058,0.0475523565596026,0.0224719101123595
17-3026.01,22059,0.0942256445204774,0.0561797752808988
17-3026.01,22060,0.0159736192965459,0.0224719101123595
17-3026.01,22061,0.0084920046724301,0.0224719101123595
17-3026.01,22062,0.078394864477218,0.0449438202247191
17-3026.01,22063,0.0516821986214788,0.0449438202247191
17-3026.01,22064,0.0938198234322571,0.0337078651685393
17-3026.01,22065,0.0397180048759275,0.0168539325842696
17-3026.01,22066,0.1016130909913936,0.0112359550561797
17-3026.01,22067,0.0813784009961708,0.0168539325842696
17-3026.01,22068,0.0285575822565067,0.0674157303370786
17-3026.01,22069,0.0243902408230378,0.0224719101123595
17-3027.00,1486,0.0692946489712552,0.0481283422459893
17-3027.00,22074,0.1810617709829189,0.0320855614973262
17-3027.00,22076,0.1868019061070778,0.0106951871657754
17-3027.01,16597,0.0318741975641173,0.0347826086956521
17-3027.01,16598,0.0095775665600668,0.017391304347826
17-3027.01,16599,0.02621278451679,0.1043478260869565
17-3027.01,16600,0.0093611011779785,0.0260869565217391
17-3027.01,16601,0.0742350135746756,0.0869565217391304
17-3027.01,16602,0.0434273553498015,0.0521739130434782
17-3027.01,16603,0.0375035308231267,0.0347826086956521
17-3027.01,16604,0.0277250503934443,0.0782608695652174
17-3027.01,16605,0.0582440999000711,0.0695652173913043
17-3027.01,16606,0.0559311936320122,0.0869565217391304
17-3027.01,16607,0.0320697452627772,0.0608695652173913
17-3027.01,16608,0.0442215603837859,0.0695652173913043
17-3027.01,16610,0.0387699443821931,0.0260869565217391
17-3027.01,16611,0.053660295756459,0.1043478260869565
17-3027.01,19696,0.1089994028422212,0.0347826086956521
17-3027.01,19697,0.1510071350376035,0.0347826086956521
17-3027.01,19698,0.0585803767592878,0.0434782608695652
17-3027.01,19699,0.1385996460835873,0.0347826086956521
17-3029.01,16612,0.0521035427487505,0.0491803278688524
17-3029.01,16613,0.0770043538225299,0.0491803278688524
17-3029.01,16614,0.1287649169886291,0.0163934426229508
17-3029.01,16615,0.0608172485662536,0.0327868852459016
17-3029.01,16616,0.0372763212954377,0.0655737704918032
17-3029.01,16617,0.0629405640038718,0.0327868852459016
17-3029.01,16618,0.0779083297149668,0.0491803278688524
17-3029.01,16619,0.0520748193467082,0.0655737704918032
17-3029.01,16620,0.0656296454692415,0.0983606557377049
17-3029.01,16621,0.0869467458610802,0.0327868852459016
17-3029.01,16622,0.0714859960736555,0.081967213114754
17-3029.01,16623,0.0294326349339214,0.0983606557377049
17-3029.01,16624,0.0362245613727015,0.0491803278688524
17-3029.01,16625,0.0361375022593068,0.0655737704918032
17-3029.01,16626,0.0611123682775274,0.081967213114754
17-3029.01,16627,0.0641404492654173,0.1311475409836065
17-3029.08,16709,0.0161540251666834,0.0149253731343283
17-3029.08,16710,0.0241914384570071,0.0373134328358208
17-3029.08,16714,0.0330310883401033,0.0597014925373134
17-3029.08,16715,0.0278519253214935,0.044776119402985
17-3029.08,16716,0.0573240511156627,0.0522388059701492
17-3029.08,16718,0.0512089627773639,0.0223880597014925
17-3029.08,16719,0.0458921356399721,0.0223880597014925
17-3029.08,16720,0.0740532686775608,0.0074626865671641
17-3029.08,16721,0.0143347387211224,0.044776119402985
17-3029.08,16722,0.041088239499122,0.044776119402985
17-3029.08,16723,0.0512141457124708,0.0298507462686567
17-3029.08,16724,0.0527006775553246,0.044776119402985
17-3029.08,16725,0.0356964330508316,0.0597014925373134
17-3029.08,16726,0.0270632289940319,0.0895522388059701
17-3029.08,16727,0.0756595626723197,0.0298507462686567
17-3029.08,16729,0.0690625355144525,0.0298507462686567
17-3029.08,16730,0.0624782487738819,0.0149253731343283
17-3029.08,16731,0.0457878227421068,0.0746268656716417
17-3029.08,16732,0.0210410725036645,0.0671641791044776
17-3029.08,19731,0.0505694395743525,0.0149253731343283
17-3029.08,20384,0.0258840571411979,0.0597014925373134
17-3029.08,20385,0.0232787819642849,0.0373134328358208
17-3029.08,20386,0.0231454606268765,0.0149253731343283
17-3029.08,20387,0.0512886594581115,0.0223880597014925
17-3031.00,22103,0.0227755718564979,0.0683760683760683
17-3031.00,22104,0.0324896345494973,0.0341880341880341
17-3031.00,22105,0.0709672623071821,0.017094017094017
17-3031.00,22106,0.0292226926550656,0.0256410256410256
17-3031.00,22107,0.0376042337610383,0.0427350427350427
17-3031.00,22108,0.0701402799167473,0.017094017094017
17-3031.00,22109,0.0093985697873371,0.0256410256410256
17-3031.00,22110,0.0681055601021538,0.0256410256410256
17-3031.00,22111,0.0259239738427312,0.0341880341880341
17-3031.00,22112,0.020233834684206,0.0256410256410256
17-3031.00,22113,0.0548688956514684,0.017094017094017
17-3031.00,22114,0.0746472856967849,0.0341880341880341
17-3031.00,22115,0.0753275035863296,0.0341880341880341
17-3031.00,22116,0.0468703995376212,0.0256410256410256
17-3031.00,22117,0.0559611132363341,0.0341880341880341
17-3031.00,22118,0.0045766441585794,0.0085470085470085
17-3031.00,22119,0.0778893143494747,0.0085470085470085
17-3031.00,22120,0.1012056954199912,0.017094017094017
17-3031.00,22121,0.1217915349009588,0.017094017094017
19-1011.00,5413,0.0378338844097772,0.2307692307692307
19-1011.00,5414,0.0341533573074726,0.0769230769230769
19-1011.00,5415,0.0476306237837913,0.1153846153846153
19-1011.00,5416,0.0528897361534217,0.1153846153846153
19-1011.00,5417,0.0312816418481336,0.0961538461538461
19-1011.00,5418,0.2228532106831393,0.0769230769230769
19-1011.00,5419,0.2740491020063108,0.0769230769230769
19-1011.00,5420,0.2756748473807644,0.0576923076923076
19-1011.00,20865,0.0236335964271889,0.1538461538461538
19-1012.00,7485,0.0678288581651404,0.1176470588235294
19-1012.00,7486,0.1471103732307416,0.1176470588235294
19-1012.00,7487,0.0921357483047207,0.088235294117647
19-1012.00,7488,0.0380148176835137,0.0686274509803921
19-1012.00,7489,0.0989961622114349,0.0784313725490196
19-1012.00,7490,0.0539181518752241,0.0784313725490196
19-1012.00,7491,0.117461778831861,0.0980392156862745
19-1012.00,7492,0.0379764541369764,0.0588235294117647
19-1012.00,7493,0.0890693848101317,0.0294117647058823
19-1012.00,7494,0.078717697404733,0.0784313725490196
19-1012.00,7495,0.0164168998223889,0.0392156862745098
19-1012.00,18611,0.1044389675690769,0.0980392156862745
19-1012.00,18612,0.0579147059540561,0.0490196078431372
19-1013.00,9021,0.0063687083476633,0.0592105263157894
19-1013.00,9022,0.0125728921120635,0.0526315789473684
19-1013.00,9023,0.0192191128189912,0.0657894736842105
19-1013.00,9024,0.0447320232968283,0.0460526315789473
19-1013.00,9025,0.0293317305509348,0.0789473684210526
19-1013.00,9026,0.015652304289912,0.0526315789473684
19-1013.00,9027,0.029393795746018,0.0460526315789473
19-1013.00,9028,0.0218380314099023,0.0263157894736842
19-1013.00,9029,0.0277893647150316,0.0328947368421052
19-1013.00,9030,0.028284866177806,0.0394736842105263
19-1013.00,9031,0.048350529468366,0.0394736842105263
19-1013.00,9033,0.0422387018802596,0.0592105263157894
19-1013.00,9034,0.0301885018995872,0.0131578947368421
19-1013.00,9035,0.0380728168577039,0.0460526315789473
19-1013.00,9036,0.035502945510727,0.0526315789473684
19-1013.00,9037,0.0281120926414439,0.0197368421052631
19-1013.00,9038,0.0352257385760912,0.0263157894736842
19-1013.00,9039,0.0682239980491207,0.0131578947368421
19-1013.00,9040,0.0818487492143311,0.0131578947368421
19-1013.00,9041,0.0817863731060833,0.006578947368421
19-1013.00,19750,0.0614333600603182,0.0197368421052631
19-1013.00,19751,0.0227755123143321,0.0394736842105263
19-1013.00,19753,0.0548006642208969,0.0131578947368421
19-1013.00,19754,0.0242166759189501,0.0394736842105263
19-1013.00,20198,0.0477143279021375,0.0131578947368421
19-1013.00,20199,0.0546558866625928,0.0131578947368421
19-1013.00,23903,0.0096702962519061,0.0723684210526315
19-1021.00,12929,0.005894908281415,0.0427807486631016
19-1021.00,12930,0.006453867712083,0.0427807486631016
19-1021.00,12931,0.0179665531286155,0.053475935828877
19-1021.00,12932,0.0064068963313546,0.0427807486631016
19-1021.00,12933,0.0634383358895908,0.0320855614973262
19-1021.00,12934,0.0444678061355825,0.0427807486631016
19-1021.00,12935,0.0386219026259676,0.0427807486631016
19-1021.00,12936,0.0126545103620902,0.0320855614973262
19-1021.00,12937,0.0377313650556022,0.0641711229946524
19-1021.00,12938,0.0425607680780092,0.0427807486631016
19-1021.00,12939,0.1215525390489707,0.0106951871657754
19-1021.00,12940,0.0482161223177094,0.053475935828877
19-1021.00,12941,0.0643116541040665,0.0213903743315508
19-1021.00,12942,0.0823579674554418,0.0213903743315508
19-1021.00,12943,0.0829689373565627,0.053475935828877
19-1021.00,12944,0.0179712502666883,0.0641711229946524
19-1021.00,12945,0.0926036097408154,0.0427807486631016
19-1021.00,12946,0.0579937319015152,0.0427807486631016
19-1021.00,12947,0.0237639591573421,0.0855614973262032
19-1021.00,12948,0.0283342791993542,0.053475935828877
19-1021.00,12949,0.0405222101543964,0.0213903743315508
19-1021.00,12950,0.0441671892989207,0.0320855614973262
19-1021.00,12951,0.0048991150099728,0.0160427807486631
19-1021.00,21168,0.0141405213879321,0.0427807486631016
19-1022.00,3675,0.0893317642366445,0.088235294117647
19-1022.00,3676,0.1025066698870974,0.0588235294117647
19-1022.00,3677,0.0714659639427003,0.0588235294117647
19-1022.00,3678,0.0688061487937064,0.0735294117647058
19-1022.00,3679,0.0637127291938108,0.0588235294117647
19-1022.00,3680,0.0246725036925931,0.088235294117647
19-1022.00,3681,0.0344807066830454,0.0735294117647058
19-1022.00,3682,0.0759560830339149,0.0441176470588235
19-1022.00,3683,0.0481111811794937,0.1176470588235294
19-1022.00,3684,0.0693701205777954,0.0441176470588235
19-1022.00,3685,0.1193596811722101,0.0588235294117647
19-1022.00,15212,0.0456725158364042,0.1176470588235294
19-1022.00,15213,0.0848546050266637,0.0735294117647058
19-1022.00,15214,0.1016993267439194,0.0441176470588235
19-1023.00,1501,0.1910413032364948,0.03125
19-1023.00,1502,0.2959633138025974,0.03125
19-1023.00,1504,0.2406604235321953,0.046875
19-1029.01,16776,0.0888659628269535,0.0133333333333333
19-1029.01,16778,0.2048960828493722,0.02
19-1029.01,16779,0.1366391164351606,0.0333333333333333
19-1029.01,16780,0.0599558612056082,0.0266666666666666
19-1029.01,16782,0.1829562494356326,0.0266666666666666
19-1029.01,16783,0.0290573250862659,0.0266666666666666
19-1029.02,16796,0.0477892792935894,0.0227272727272727
19-1029.02,16797,0.2541520837129066,0.0227272727272727
19-1029.02,16798,0.0447376970687639,0.0113636363636363
19-1029.02,16799,0.0676430534512982,0.0113636363636363
19-1029.02,16800,0.0036153422427973,0.0227272727272727
19-1029.02,16801,0.0433152956279981,0.0113636363636363
19-1029.02,16802,0.0804709257897641,0.0454545454545454
19-1029.02,16804,0.0182746694347738,0.034090909090909
19-1029.02,16805,0.032475567062822,0.1136363636363636
19-1029.02,16806,0.0119347448484528,0.0568181818181818
19-1029.02,16807,0.0381942674957517,0.0568181818181818
19-1029.02,16808,0.0306017622673999,0.0454545454545454
19-1029.02,16809,0.0037962135434744,0.0227272727272727
19-1029.02,16810,0.0251800773070539,0.0454545454545454
19-1029.02,16811,0.0044696882482998,0.0454545454545454
19-1029.02,16812,0.083843790055014,0.0227272727272727
19-1029.02,16813,0.0186742324751521,0.0909090909090909
19-1029.02,16814,0.0128331365580804,0.0795454545454545
19-1029.02,16815,0.0352411736428904,0.0909090909090909
19-1029.02,16816,0.1333078809585896,0.0454545454545454
19-1029.02,23904,0.0016041388138682,0.0454545454545454
19-1029.02,23905,0.0078449801012584,0.0568181818181818
19-1029.03,16817,0.0008892566505107,0.0674157303370786
19-1029.03,16818,0.025085025420334,0.0168539325842696
19-1029.03,16819,0.1192667504205969,0.0056179775280898
19-1029.03,16820,0.1501249995292272,0.0056179775280898
19-1029.03,16821,0.0252652854466712,0.0168539325842696
19-1029.03,16822,0.0477020407271897,0.0337078651685393
19-1029.03,16823,0.1189043741349692,0.0449438202247191
19-1029.03,16824,0.0481732679404404,0.0224719101123595
19-1029.03,16825,0.0363887564936182,0.0112359550561797
19-1029.03,16826,0.0027300939920767,0.0337078651685393
19-1029.03,16827,0.0160560432890597,0.0337078651685393
19-1029.03,16828,0.0143728815284793,0.0561797752808988
19-1029.03,16829,0.0086044802979354,0.0561797752808988
19-1029.03,16830,0.0076497663016584,0.0449438202247191
19-1029.03,16831,0.0012970515362169,0.0561797752808988
19-1029.03,16832,0.0438477064228345,0.0449438202247191
19-1029.03,16833,0.0174583011702564,0.0898876404494382
19-1029.03,16834,0.0162889050601122,0.0674157303370786
19-1029.03,16835,0.0136579006826536,0.0337078651685393
19-1029.03,16836,0.07231411903704,0.0224719101123595
19-1029.03,16837,0.0263271792598583,0.0449438202247191
19-1029.03,16838,0.1155925745030833,0.0224719101123595
19-1029.03,16839,0.021864609935081,0.1123595505617977
19-1029.03,16840,0.0501386302200957,0.0561797752808988
19-1029.04,180,0.0491467652333312,0.0192307692307692
19-1029.04,187,0.0423315626061232,0.0641025641025641
19-1029.04,188,0.1899363728354273,0.0384615384615384
19-1029.04,189,0.0240414938961521,0.0256410256410256
19-1029.04,191,0.1393553215090219,0.0256410256410256
19-1029.04,193,0.2054535440734465,0.0256410256410256
19-1029.04,18613,0.0612669529779889,0.0641025641025641
19-1031.00,22133,0.0115845541710749,0.0526315789473684
19-1031.00,22134,0.0205212509265528,0.0676691729323308
19-1031.00,22135,0.0261295370016663,0.0451127819548872
19-1031.00,22136,0.0176118837559178,0.0451127819548872
19-1031.00,22137,0.0109644002254125,0.0300751879699248
19-1031.00,22138,0.0133994613079345,0.075187969924812
19-1031.00,22139,0.0036688568716839,0.0451127819548872
19-1031.00,22140,0.0269213306207641,0.037593984962406
19-1031.00,22141,0.0102768787125676,0.037593984962406
19-1031.00,22142,0.0418645706712312,0.0075187969924812
19-1031.00,22143,0.0171739983569284,0.037593984962406
19-1031.00,22144,0.0180698218822991,0.0225563909774436
19-1031.00,22145,0.0342078705421954,0.0225563909774436
19-1031.00,22146,0.0258200542165367,0.0300751879699248
19-1031.00,22147,0.0183599450122748,0.0451127819548872
19-1031.00,22148,0.0521697046251943,0.0300751879699248
19-1031.00,22149,0.0430511176656466,0.0225563909774436
19-1031.00,22150,0.0253698974381663,0.0225563909774436
19-1031.00,22151,0.0505097234820065,0.037593984962406
19-1031.00,22152,0.0447299582818814,0.0300751879699248
19-1031.00,22153,0.0372904269272177,0.0601503759398496
19-1031.00,22154,0.0503409685821783,0.0150375939849624
19-1031.00,22155,0.0673673243169387,0.0225563909774436
19-1031.00,22156,0.0503771313224532,0.0150375939849624
19-1031.00,22157,0.050365079353089,0.0300751879699248
19-1031.00,22158,0.0533548286103759,0.037593984962406
19-1031.00,22159,0.0264309812728964,0.0225563909774436
19-1031.00,22160,0.0586615809294042,0.0150375939849624
19-1031.00,22161,0.0513894967490497,0.0150375939849624
19-1031.00,22162,0.0420173661684604,0.0225563909774436
19-1031.03,3689,0.0757483397172763,0.016260162601626
19-1031.03,3695,0.0821539245547133,0.032520325203252
19-1032.00,210,0.3054645501390739,0.0277777777777777
19-1032.00,213,0.1972096215271037,0.0277777777777777
19-1032.00,218,0.2911820671427407,0.0069444444444444
19-1041.00,5421,0.0496131629746713,0.1300813008130081
19-1041.00,5422,0.0468070138024436,0.0975609756097561
19-1041.00,5423,0.0163729042401937,0.1300813008130081
19-1041.00,5424,0.0599219910595385,0.065040650406504
19-1041.00,5425,0.0159849060559906,0.0975609756097561
19-1041.00,5426,0.0343019601862543,0.065040650406504
19-1041.00,5427,0.1140266796096946,0.048780487804878
19-1041.00,5428,0.0559972319633455,0.065040650406504
19-1041.00,5429,0.0700649070335942,0.032520325203252
19-1041.00,5430,0.1331964292160029,0.032520325203252
19-1041.00,5432,0.2664284499845454,0.024390243902439
19-1041.00,15215,0.059188430141781,0.08130081300813
19-1041.00,15216,0.012390233356829,0.065040650406504
19-1041.00,15217,0.0430732871878885,0.048780487804878
19-1042.00,7522,0.2203829853350504,0.027027027027027
19-1042.00,20201,0.0653878443785979,0.0675675675675675
19-1042.00,23906,0.1737732506424422,0.054054054054054
19-2011.00,7524,0.0181613746244548,0.075187969924812
19-2011.00,7525,0.0360062127814222,0.1804511278195488
19-2011.00,7526,0.0004796310032839,0.075187969924812
19-2011.00,7527,0.0323307210622991,0.0451127819548872
19-2011.00,7528,0.0140624997118223,0.0601503759398496
19-2011.00,7529,0.0315214405460872,0.0451127819548872
19-2011.00,7530,0.0129061866871584,0.0902255639097744
19-2011.00,7531,0.0363920938325921,0.075187969924812
19-2011.00,7532,0.0730402816286521,0.0902255639097744
19-2011.00,7533,0.0633275384901338,0.0150375939849624
19-2011.00,7534,0.0955419166979128,0.0451127819548872
19-2011.00,7535,0.3746348620761721,0.0075187969924812
19-2011.00,20049,0.0009893574472252,0.0300751879699248
19-2011.00,20050,0.0315514798465097,0.0300751879699248
19-2011.00,21171,0.071164376861844,0.0601503759398496
19-2011.00,21172,0.0451618549087326,0.0601503759398496
19-2011.00,21173,0.062728171793697,0.0150375939849624
19-2021.00,9068,0.0334477565584706,0.0224719101123595
19-2021.00,9069,0.0230644321633488,0.0561797752808988
19-2021.00,9070,0.027730168421291,0.0449438202247191
19-2021.00,9074,0.0436418468441011,0.0168539325842696
19-2021.00,9076,0.0578802102917717,0.0224719101123595
19-2021.00,9078,0.0689771908039391,0.0112359550561797
19-2021.00,9079,0.053912112441719,0.0449438202247191
19-2021.00,9083,0.0496583296295163,0.0224719101123595
19-2021.00,19755,0.0298608657747204,0.0561797752808988
19-2021.00,19756,0.0609129956251833,0.0168539325842696
19-2021.00,19757,0.0495366722221327,0.0337078651685393
19-2021.00,19758,0.047010581329093,0.0337078651685393
19-2021.00,19759,0.0136013617487384,0.0561797752808988
19-2021.00,20202,0.0384669120476586,0.0337078651685393
19-2021.00,20203,0.0283556526779681,0.0337078651685393
19-2021.00,20204,0.0551033803605588,0.0337078651685393
19-2021.00,20205,0.0167107291219318,0.0449438202247191
19-2021.00,20206,0.0349113361014829,0.0449438202247191
19-2021.00,20207,0.0346877014675688,0.0337078651685393
19-2021.00,20208,0.0449802509444389,0.0674157303370786
19-2021.00,20209,0.017972884891434,0.0674157303370786
19-2021.00,20210,0.0224468112039408,0.0561797752808988
19-2021.00,20211,0.0306955301359694,0.0449438202247191
19-2021.00,20212,0.0546516089042806,0.0224719101123595
19-2021.00,21103,0.0085339917219966,0.0168539325842696
19-2021.00,21104,0.0312988246692774,0.0449438202247191
19-2021.00,21105,0.0219498618974669,0.0168539325842696
19-2031.00,20389,0.1252039514113,0.0172413793103448
19-2032.00,9085,0.0350889918075369,0.0625
19-2032.00,9086,0.0522716411254951,0.025
19-2032.00,9087,0.0145799663837755,0.125
19-2032.00,9089,0.0115732991176937,0.05
19-2032.00,9090,0.0337190731039866,0.1
19-2032.00,9091,0.0101383236131839,0.0375
19-2032.00,9092,0.1500113613710554,0.0375
19-2032.00,9093,0.0320508656504697,0.0125
19-2032.00,9094,0.0802427677043824,0.075
19-2032.00,9097,0.0830070546715596,0.0625
19-2032.00,9098,0.1054330760818355,0.0625
19-2032.00,9099,0.1697822105042613,0.025
19-2032.00,20213,0.0808836658192826,0.15
19-2032.00,20214,0.0118383333143134,0.075
19-2032.00,20215,0.1273137316215362,0.05
19-2032.00,21175,0.0020656381096314,0.05
19-2041.00,1515,0.0967761640134052,0.0347222222222222
19-2041.00,1524,0.1150876723706186,0.0208333333333333
19-2041.00,1525,0.083944527741787,0.0208333333333333
19-2041.00,1528,0.1788062904039987,0.0208333333333333
19-2041.00,1529,0.0813954919415843,0.0347222222222222
19-2041.00,1531,0.1278809400103635,0.0486111111111111
19-2041.00,1534,0.1250918593859858,0.0277777777777777
19-2041.01,16841,0.0071223786429226,0.0661157024793388
19-2041.01,16842,0.0279211886399708,0.0495867768595041
19-2041.01,16843,0.0083920118906426,0.0661157024793388
19-2041.01,16844,0.4734472196338221,0.024793388429752
19-2041.01,16845,0.0965545387451249,0.0330578512396694
19-2041.01,16846,0.0249954938866815,0.0991735537190082
19-2041.01,16847,0.0109306525913328,0.0330578512396694
19-2041.01,16848,0.0145603664378703,0.0826446280991735
19-2041.01,16849,0.0494392454025063,0.0991735537190082
19-2041.01,16850,0.0187821864166107,0.1322314049586777
19-2041.01,16851,0.097363809005711,0.0495867768595041
19-2041.01,16852,0.0399222631504156,0.0826446280991735
19-2041.01,16853,0.1221332452297765,0.0661157024793388
19-2041.01,16854,0.0084354003266116,0.1157024793388429
19-2041.02,16855,0.0938277262855073,0.0067567567567567
19-2041.02,16856,0.0089461704557155,0.054054054054054
19-2041.02,16857,0.0027621185384756,0.027027027027027
19-2041.02,16858,0.1246749545193873,0.0405405405405405
19-2041.02,16859,0.0656776199759949,0.027027027027027
19-2041.02,16860,0.035682484212279,0.027027027027027
19-2041.02,16861,0.0441078338103557,0.054054054054054
19-2041.02,16862,0.0318664012444214,0.0405405405405405
19-2041.02,16863,0.0972798788738205,0.0405405405405405
19-2041.02,16864,0.0926685645561865,0.0405405405405405
19-2041.02,16865,0.01242641590786,0.081081081081081
19-2041.02,16866,0.0345816411079666,0.027027027027027
19-2041.02,16867,0.0404380030791435,0.0405405405405405
19-2041.02,16868,0.0345668090202026,0.0405405405405405
19-2041.02,16869,0.062006463057013,0.0337837837837837
19-2041.02,16870,0.0316311657368202,0.054054054054054
19-2041.02,16871,0.0062717946271019,0.0405405405405405
19-2041.02,16872,0.0073915156594364,0.0675675675675675
19-2041.02,16873,0.0081801985666026,0.054054054054054
19-2041.02,16874,0.0617127705034945,0.027027027027027
19-2041.02,16875,0.0090741662644318,0.081081081081081
19-2041.02,16876,0.0022760122957308,0.0675675675675675
19-2041.02,23907,0.0919492917020511,0.027027027027027
19-2041.03,16879,0.0603566376547702,0.0105820105820105
19-2041.03,16880,0.1006533719556931,0.0105820105820105
19-2041.03,16881,0.0226709561824815,0.0317460317460317
19-2041.03,16882,0.0619993521317976,0.0264550264550264
19-2041.03,16883,0.0414417747707056,0.0211640211640211
19-2041.03,16884,0.0209541667953313,0.0264550264550264
19-2041.03,16885,0.0024307746259759,0.0317460317460317
19-2041.03,16886,0.0130578167648263,0.0211640211640211
19-2041.03,16888,0.0087989608639306,0.0423280423280423
19-2041.03,16889,0.0103284618741581,0.0158730158730158
19-2041.03,16890,0.1006735095883458,0.0158730158730158
19-2041.03,16891,0.012449117374567,0.0317460317460317
19-2041.03,16892,0.0805418892607532,0.0158730158730158
19-2041.03,16893,0.0317806248261694,0.037037037037037
19-2041.03,16894,0.0014239354328787,0.0264550264550264
19-2041.03,16895,0.0420345798712337,0.0211640211640211
19-2041.03,16896,0.0814143015942811,0.0158730158730158
19-2041.03,19963,0.0127569897709043,0.0317460317460317
19-2041.03,19964,0.021905524578306,0.0211640211640211
19-2041.03,19965,0.003864986648946,0.0317460317460317
19-2041.03,19966,0.0446607603404246,0.0211640211640211
19-2041.03,19967,0.0504678594554732,0.0211640211640211
19-2041.03,19968,0.0129742070722134,0.0529100529100529
19-2041.03,19969,0.0009246264723667,0.0264550264550264
19-2041.03,19970,0.0030974864616186,0.0423280423280423
19-2041.03,19971,0.0017732506173662,0.0158730158730158
19-2041.03,19972,0.0130795661456505,0.0423280423280423
19-2041.03,19973,0.0034735429999977,0.0211640211640211
19-2041.03,19974,0.0060233705334531,0.0317460317460317
19-2041.03,19975,0.0134959494067214,0.0158730158730158
19-2041.03,19976,0.0105125668467711,0.0317460317460317
19-2041.03,19977,0.0024391069963202,0.0158730158730158
19-2041.03,19978,0.0117722911745287,0.0529100529100529
19-2041.03,19979,0.0309739225028461,0.0211640211640211
19-2041.03,19980,0.0229581020742231,0.037037037037037
19-2041.03,19981,0.0304087478212364,0.0158730158730158
19-2041.03,19982,0.006749653262144,0.0264550264550264
19-2041.03,19983,0.0026772572505875,0.0211640211640211
19-2042.00,3702,0.0085737579071767,0.0952380952380952
19-2042.00,3703,0.0062272457375559,0.0952380952380952
19-2042.00,3704,0.0114417039156982,0.0714285714285714
19-2042.00,3705,0.0195705332831103,0.0714285714285714
19-2042.00,3706,0.020021946547423,0.0595238095238095
19-2042.00,3707,0.0340262960917495,0.0238095238095238
19-2042.00,3709,0.0201627442090505,0.0357142857142857
19-2042.00,3711,0.0250355425112536,0.0357142857142857
19-2042.00,3712,0.0041090673180504,0.0476190476190476
19-2042.00,3713,0.025149336965207,0.0357142857142857
19-2042.00,3714,0.0337914181645054,0.0119047619047619
19-2042.00,3716,0.0314939070030832,0.0119047619047619
19-2042.00,15224,0.0098148248901444,0.119047619047619
19-2042.00,15226,0.0459193251903715,0.0238095238095238
19-2042.00,19760,0.047138877215361,0.0059523809523809
19-2042.00,19761,0.0504684050060569,0.0059523809523809
19-2042.00,19762,0.0446621781774301,0.0059523809523809
19-2042.00,19763,0.0312827949289514,0.0119047619047619
19-2042.00,19764,0.0529989815731328,0.0059523809523809
19-2042.00,19765,0.0481857807362286,0.0059523809523809
19-2042.00,19766,0.041005095193663,0.0059523809523809
19-2042.00,19767,0.0337105523454561,0.0059523809523809
19-2042.00,19768,0.0456964325997105,0.0059523809523809
19-2042.00,19769,0.0471662950845343,0.0059523809523809
19-2042.00,19770,0.0528788260549935,0.0059523809523809
19-2042.00,19771,0.0390101064420646,0.0238095238095238
19-2042.00,19772,0.033712862797429,0.0178571428571428
19-2042.00,20390,0.0073470004286098,0.0476190476190476
19-2042.00,20391,0.022902604125419,0.0238095238095238
19-2042.00,20392,0.0553666299490954,0.0238095238095238
19-2042.00,20393,0.0337845949485532,0.0178571428571428
19-2042.00,21176,0.0173443326589299,0.0357142857142857
19-2043.00,9100,0.0189895212936801,0.0709219858156028
19-2043.00,9102,0.0318820128703907,0.0567375886524822
19-2043.00,9103,0.042627967439254,0.0354609929078014
19-2043.00,9104,0.0043665849948085,0.0709219858156028
19-2043.00,9105,0.0046437733473938,0.0496453900709219
19-2043.00,9106,0.0172006982440066,0.0567375886524822
19-2043.00,9107,0.022346116356326,0.0425531914893617
19-2043.00,9108,0.0205382569456317,0.0567375886524822
19-2043.00,9109,0.0827744096758135,0.0141843971631205
19-2043.00,9110,0.0303977758141113,0.0283687943262411
19-2043.00,9111,0.0172617538897196,0.0283687943262411
19-2043.00,9112,0.0044803849740727,0.0425531914893617
19-2043.00,9113,0.0570064596594353,0.0354609929078014
19-2043.00,9114,0.0142593628249699,0.0212765957446808
19-2043.00,9115,0.0117108552108413,0.0283687943262411
19-2043.00,9116,0.0179145908011297,0.0354609929078014
19-2043.00,9117,0.1236942132850823,0.0141843971631205
19-2043.00,9118,0.0827744096758135,0.0283687943262411
19-2043.00,9119,0.0033826596342362,0.0567375886524822
19-2043.00,9120,0.0832293211109847,0.0212765957446808
19-2043.00,9121,0.0964088296404971,0.0070921985815602
19-2043.00,9122,0.101267930226944,0.0141843971631205
19-2043.00,9123,0.0831435746499572,0.0141843971631205
19-2043.00,18617,0.0202045160331431,0.0851063829787234
19-2043.00,18618,0.0074940214017561,0.0851063829787234
19-2099.01,18256,0.0486948132991719,0.1219512195121951
19-2099.01,18257,0.033584772782273,0.048780487804878
19-2099.01,18258,0.0529472865116247,0.0609756097560975
19-2099.01,18259,0.0068803063458264,0.048780487804878
19-2099.01,18260,0.0476117199131192,0.0365853658536585
19-2099.01,18261,0.0388961562136997,0.0975609756097561
19-2099.01,18262,0.0362427833831702,0.048780487804878
19-2099.01,18263,0.0595965042301592,0.024390243902439
19-2099.01,18264,0.0153231080682535,0.024390243902439
19-2099.01,18265,0.0322531005863065,0.048780487804878
19-2099.01,18266,0.0417008869060226,0.0365853658536585
19-2099.01,18267,0.0180929862358637,0.0365853658536585
19-2099.01,18268,0.0609217852873665,0.048780487804878
19-2099.01,18269,0.051507364458411,0.024390243902439
19-2099.01,18270,0.0537995567170432,0.0975609756097561
19-2099.01,18271,0.0302903791212414,0.0304878048780487
19-2099.01,18272,0.0565259975131838,0.0121951219512195
19-2099.01,18273,0.0071111295264606,0.024390243902439
19-2099.01,18274,0.0447918907214383,0.0182926829268292
19-2099.01,18275,0.0214223584865759,0.0060975609756097
19-2099.01,18276,0.0769877178621594,0.0182926829268292
19-2099.01,18277,0.0474738412372932,0.0121951219512195
19-2099.01,19773,0.0522711565875666,0.048780487804878
19-2099.01,19774,0.0650723980057683,0.024390243902439
19-3011.00,7536,0.0697704629580866,0.1342281879194631
19-3011.00,7537,0.018178199657728,0.0805369127516778
19-3011.00,7538,0.0312226540579855,0.2013422818791946
19-3011.00,7539,0.011834788093848,0.0671140939597315
19-3011.00,7540,0.0609991458973425,0.0536912751677852
19-3011.00,7541,0.1895033145517831,0.0134228187919463
19-3011.00,7542,0.0135488165681455,0.0536912751677852
19-3011.00,7543,0.1629653385844875,0.0402684563758389
19-3011.00,7544,0.1239045503828963,0.0671140939597315
19-3011.00,20051,0.1464695454180113,0.0201342281879194
19-3011.00,20052,0.0353686632269164,0.0805369127516778
19-3011.00,20053,0.051377789106352,0.1610738255033557
19-3011.00,21106,0.0320635753017681,0.0268456375838926
19-3011.01,16897,0.0059549434294492,0.0347222222222222
19-3011.01,16898,0.1277462373135077,0.0416666666666666
19-3011.01,16899,0.2022813093552837,0.0277777777777777
19-3011.01,16900,0.2833772540089265,0.0277777777777777
19-3011.01,16901,0.0508110984980219,0.0277777777777777
19-3011.01,16902,0.0273154574422678,0.0694444444444444
19-3011.01,16903,0.0060514415136997,0.0416666666666666
19-3011.01,16904,0.0009701700387792,0.0347222222222222
19-3011.01,16905,0.0069126384307208,0.0416666666666666
19-3011.01,16906,0.0415241378083482,0.0486111111111111
19-3011.01,16908,0.0818750423686442,0.0347222222222222
19-3011.01,16909,0.0141343223284385,0.0694444444444444
19-3011.01,16910,0.0126160368811814,0.0833333333333333
19-3011.01,16913,0.0138263251839214,0.0694444444444444
19-3011.01,16914,0.0124828999262676,0.0555555555555555
19-3011.01,16915,0.0349185210580771,0.0833333333333333
19-3011.01,19984,0.0034164829611342,0.0416666666666666
19-3011.01,19985,0.0140304335707065,0.0694444444444444
19-3011.01,19986,0.0110687653173624,0.0416666666666666
19-3011.01,21177,0.0486864825652608,0.0555555555555555
19-3022.00,7545,0.0305246732007159,0.0862068965517241
19-3022.00,7546,0.0205988225769375,0.0517241379310344
19-3022.00,7547,0.0230996888237979,0.1034482758620689
19-3022.00,7548,0.0745310863576351,0.0689655172413793
19-3022.00,7549,0.0343063610682922,0.0517241379310344
19-3022.00,7550,0.0848036987208274,0.1034482758620689
19-3022.00,7551,0.0846600641467792,0.0689655172413793
19-3022.00,7552,0.0547108892676869,0.0689655172413793
19-3022.00,7553,0.0396012705589134,0.0517241379310344
19-3022.00,7554,0.0055106936681887,0.0603448275862069
19-3022.00,7555,0.0189136825536951,0.0862068965517241
19-3022.00,7556,0.0758863178878988,0.0689655172413793
19-3022.00,7557,0.0199448975624403,0.0344827586206896
19-3022.00,7558,0.1788928997305765,0.0258620689655172
19-3022.00,7559,0.1263999789266796,0.0172413793103448
19-3022.00,21107,0.1276149749489348,0.0517241379310344
19-3032.00,7560,0.0055424386321875,0.0584415584415584
19-3032.00,7561,0.0223016669701021,0.0584415584415584
19-3032.00,7562,0.001733411924638,0.0454545454545454
19-3032.00,7563,0.003585737418803,0.0454545454545454
19-3032.00,7564,0.0182966128783521,0.0519480519480519
19-3032.00,7565,0.0125538597076201,0.0389610389610389
19-3032.00,7566,0.0242058450464217,0.0649350649350649
19-3032.00,7567,0.0106952134089737,0.0519480519480519
19-3032.00,7568,0.0063754107358067,0.0519480519480519
19-3032.00,7569,0.0046720638550934,0.0389610389610389
19-3032.00,7570,0.0122568643422683,0.0519480519480519
19-3032.00,7571,0.0166780747047245,0.0519480519480519
19-3032.00,7572,0.0229940973601644,0.0649350649350649
19-3032.00,7573,0.0717250637860692,0.0194805194805194
19-3032.00,7574,0.2871381119856155,0.0129870129870129
19-3032.00,7575,0.2211424969287793,0.0064935064935064
19-3032.00,20222,0.0023899786197078,0.0259740259740259
19-3032.00,20223,0.1099437689380723,0.0064935064935064
19-3032.00,20224,0.0206552897749975,0.0389610389610389
19-3032.00,20225,0.0224686461354465,0.0454545454545454
19-3032.00,20226,0.00889782395028,0.0389610389610389
19-3032.00,20227,0.0579806461389637,0.0324675324675324
19-3032.00,20228,0.0049770564122021,0.0259740259740259
19-3032.00,20229,0.0159064418863339,0.0389610389610389
19-3032.00,20230,0.0148833784583751,0.0324675324675324
19-3033.00,22163,0.0350698049165973,0.0441988950276243
19-3033.00,22164,0.0445128775077493,0.1325966850828729
19-3033.00,22165,0.0590964944007841,0.0883977900552486
19-3033.00,22166,0.0349589168746359,0.1325966850828729
19-3033.00,22167,0.0234620998653255,0.0331491712707182
19-3033.00,22168,0.0274132746638181,0.0441988950276243
19-3033.00,22169,0.0464245137761606,0.1104972375690607
19-3033.00,22170,0.0308226713793329,0.0662983425414364
19-3033.00,22171,0.0107931903402054,0.0220994475138121
19-3033.00,22172,0.0152471057696998,0.0331491712707182
19-3033.00,22173,0.0236556776719901,0.0276243093922651
19-3033.00,22174,0.0125668734758448,0.0331491712707182
19-3033.00,22175,0.0271045059912889,0.011049723756906
19-3033.00,22176,0.0182426595098907,0.0331491712707182
19-3033.00,22177,0.0105566992554535,0.011049723756906
19-3033.00,22178,0.006496935633879,0.011049723756906
19-3033.00,22179,0.013475836813884,0.0220994475138121
19-3033.00,22180,0.017612016617219,0.0165745856353591
19-3033.00,22181,0.0649263280997587,0.011049723756906
19-3033.00,22182,0.0173578412546851,0.011049723756906
19-3033.00,22183,0.0043028239031251,0.005524861878453
19-3033.00,22184,0.0756180243494248,0.005524861878453
19-3033.00,22185,0.0665758750942528,0.0165745856353591
19-3033.00,22186,0.0075348687280679,0.011049723756906
19-3033.00,22187,0.0571919167343329,0.005524861878453
19-3033.00,22188,0.0571196292927604,0.005524861878453
19-3033.00,22189,0.0982575155963083,0.011049723756906
19-3033.00,22190,0.0286596976414047,0.0165745856353591
19-3033.00,22191,0.0297816001798332,0.005524861878453
19-3033.00,22192,0.0351617246622859,0.0220994475138121
19-3039.02,22193,0.0789917463859643,0.2222222222222222
19-3039.02,22194,0.1353545954018674,0.0592592592592592
19-3039.02,22195,0.0319514985998508,0.0444444444444444
19-3039.02,22196,0.0389305324611971,0.0592592592592592
19-3039.02,22197,0.0566900292424442,0.0888888888888888
19-3039.02,22198,0.0982353854035475,0.0296296296296296
19-3039.02,22199,0.1007814129847479,0.0444444444444444
19-3039.02,22200,0.0963304893023059,0.0444444444444444
19-3039.02,22201,0.0618560738604799,0.0444444444444444
19-3039.02,22202,0.0743130644677433,0.074074074074074
19-3039.02,22203,0.0056923963338355,0.0222222222222222
19-3039.02,22204,0.0688546022298188,0.0592592592592592
19-3039.02,22205,0.0370005761699309,0.0296296296296296
19-3039.02,22206,0.1150175971562659,0.1777777777777777
19-3039.03,22207,0.0118063849721965,0.0342465753424657
19-3039.03,22208,0.0461601545689872,0.1643835616438356
19-3039.03,22209,0.0281977249392227,0.047945205479452
19-3039.03,22210,0.0713259681336876,0.0410958904109589
19-3039.03,22211,0.0531707442944965,0.0616438356164383
19-3039.03,22212,0.025859969521619,0.047945205479452
19-3039.03,22213,0.159409188277504,0.0273972602739726
19-3039.03,22214,0.0735869644731094,0.0273972602739726
19-3039.03,22215,0.0263017558435178,0.0342465753424657
19-3039.03,22216,0.0206174491228927,0.0547945205479452
19-3039.03,22217,0.0204293593531004,0.0410958904109589
19-3039.03,22218,0.1192307630509079,0.0205479452054794
19-3039.03,22219,0.0475785865852619,0.0684931506849315
19-3039.03,22220,0.0011420805723635,0.0205479452054794
19-3039.03,22221,0.0271380750350706,0.0547945205479452
19-3039.03,22222,0.1979721675482997,0.0547945205479452
19-3039.03,22223,0.0183452048973426,0.0342465753424657
19-3039.03,22224,0.0517274588104193,0.1643835616438356
19-3041.00,5464,0.0474271424238085,0.1367521367521367
19-3041.00,5465,0.1161430096799582,0.1709401709401709
19-3041.00,5466,0.0598723098718605,0.1025641025641025
19-3041.00,5467,0.1036459112939274,0.1025641025641025
19-3041.00,5468,0.0380130329502104,0.0683760683760683
19-3041.00,5469,0.1204221503497755,0.1367521367521367
19-3041.00,5470,0.0697499929180221,0.0512820512820512
19-3041.00,5471,0.1497705510509041,0.0427350427350427
19-3041.00,5472,0.0197197065867414,0.0512820512820512
19-3041.00,5473,0.1149495609130967,0.0512820512820512
19-3041.00,5474,0.0944948441632536,0.0341880341880341
19-3041.00,5475,0.0508147954540805,0.0341880341880341
19-3041.00,20868,0.0008914876395452,0.017094017094017
19-3051.00,220,0.0773819896752582,0.075
19-3051.00,222,0.0181898411864132,0.04375
19-3051.00,225,0.0243533410925533,0.0625
19-3051.00,226,0.0326966153557429,0.05
19-3051.00,227,0.0935041720712074,0.05
19-3051.00,228,0.0154087497653501,0.03125
19-3051.00,229,0.0185555171259666,0.025
19-3051.00,230,0.005637347475128,0.025
19-3051.00,231,0.0846391951232796,0.03125
19-3051.00,232,0.0829442025832378,0.03125
19-3051.00,233,0.1787939020601901,0.0375
19-3051.00,18476,0.0121015059132749,0.0375
19-3051.00,19775,0.0052239419936186,0.01875
19-3051.00,19776,0.1637472616725572,0.025
19-3051.00,19777,0.0104854663037382,0.0375
19-3051.00,19778,0.0834710465288734,0.025
19-3051.00,20523,0.0592297308053457,0.0375
19-3051.00,20524,0.02596938070209,0.05
19-3051.00,20525,0.0076667925661741,0.0125
19-3091.00,22231,0.0527191693552843,0.0636942675159235
19-3091.00,22232,0.0019849463915746,0.0636942675159235
19-3091.00,22233,0.0300321672458101,0.0764331210191082
19-3091.00,22234,0.0010211366815862,0.0636942675159235
19-3091.00,22235,0.0600213034335646,0.0382165605095541
19-3091.00,22236,0.0028341021583674,0.0509554140127388
19-3091.00,22237,0.0596917020103629,0.0382165605095541
19-3091.00,22238,0.0531669112764355,0.0382165605095541
19-3091.00,22239,0.0672266075989997,0.0382165605095541
19-3091.00,22240,0.0675633698775411,0.0509554140127388
19-3091.00,22241,0.0672875114153317,0.0509554140127388
19-3091.00,22242,0.0230596700617951,0.019108280254777
19-3091.00,22243,0.0597812438736501,0.0254777070063694
19-3091.00,22244,0.0034646988459434,0.019108280254777
19-3091.00,22245,0.0075277504659942,0.0254777070063694
19-3091.00,22246,0.0010211366815862,0.0254777070063694
19-3091.00,22247,0.0226316135061035,0.0127388535031847
19-3091.00,22248,0.0450411050617055,0.0382165605095541
19-3091.00,22249,0.0447401183963768,0.0254777070063694
19-3091.00,22250,0.0448332424788018,0.0127388535031847
19-3091.00,22251,0.0598458098085865,0.0318471337579617
19-3091.00,22252,0.0229377345183258,0.0127388535031847
19-3091.00,22253,0.0298852668810906,0.0127388535031847
19-3091.00,22254,0.0150770537235479,0.019108280254777
19-3091.00,22255,0.022651256951215,0.0318471337579617
19-3091.00,22256,0.0374452988813788,0.0127388535031847
19-3091.00,22257,0.0232278301339316,0.0063694267515923
19-3091.00,22258,0.059849391311137,0.0063694267515923
19-3091.00,22259,0.0132982823521505,0.0509554140127388
19-3091.00,22260,0.0001325686218199,0.0382165605095541
19-3092.00,5503,0.080181466933549,0.1515151515151515
19-3092.00,5504,0.0411102900845978,0.0909090909090909
19-3092.00,5505,0.1619595411604524,0.0606060606060606
19-3092.00,5506,0.0518309480126127,0.0454545454545454
19-3092.00,5507,0.0481521630969445,0.1212121212121212
19-3092.00,5508,0.0221939773864482,0.0606060606060606
19-3092.00,5509,0.0615849186051536,0.1212121212121212
19-3092.00,5510,0.0349780311825317,0.0606060606060606
19-3092.00,5511,0.0570488085899273,0.0757575757575757
19-3092.00,5512,0.105819529942438,0.0757575757575757
19-3092.00,5513,0.1419930320498804,0.0606060606060606
19-3092.00,5514,0.1931472929554638,0.0757575757575757
19-3093.00,3719,0.1026633743699929,0.0606060606060606
19-3093.00,3723,0.0972858463077293,0.0242424242424242
19-3093.00,3724,0.0835171803059009,0.0363636363636363
19-3093.00,3731,0.135891613151299,0.0121212121212121
19-3093.00,20744,0.0853104524965754,0.0242424242424242
19-3094.00,5515,0.0776647012918571,0.1185185185185185
19-3094.00,5516,0.005733700646781,0.0888888888888888
19-3094.00,5517,0.0156495358076672,0.037037037037037
19-3094.00,5518,0.011675940123347,0.1185185185185185
19-3094.00,5519,0.1365039321156539,0.0888888888888888
19-3094.00,5520,0.0098863231925638,0.1185185185185185
19-3094.00,5521,0.022696193202866,0.1037037037037037
19-3094.00,5522,0.1538768016807949,0.0592592592592592
19-3094.00,5523,0.3726390543622833,0.0444444444444444
19-3094.00,5524,0.1547877495620488,0.0518518518518518
19-3094.00,5525,0.0016838579528208,0.0592592592592592
19-3094.00,5526,0.0016471774622247,0.0222222222222222
19-3094.00,23949,0.0264201008775956,0.0444444444444444
19-3094.00,23950,0.0091349317214953,0.0444444444444444
19-3099.01,16934,0.1158840055523492,0.04
19-3099.01,16935,0.2272767167726831,0.024
19-3099.01,16937,0.0667015361327309,0.016
19-3099.01,16938,0.0670433913401136,0.024
19-3099.01,16939,0.0654220417759636,0.016
19-3099.01,16941,0.0035704440654677,0.04
19-3099.01,16942,0.035656737027329,0.064
19-3099.01,16943,0.0153264040015491,0.08
19-3099.01,16944,0.0332252178443691,0.032
19-3099.01,16945,0.0659209746941845,0.056
19-3099.01,16948,0.0420443924287046,0.048
19-3099.01,16949,0.000787524584047,0.024
19-3099.01,16951,0.0149678004491222,0.048
19-3099.01,16952,0.0061274433088594,0.064
19-3099.01,16953,0.0117871428536837,0.048
19-3099.01,16954,0.015497910048362,0.08
19-3099.01,19779,0.0251980737756741,0.04
19-3099.01,20976,0.0152952210839468,0.096
19-3099.01,20977,0.065609120571827,0.064
19-3099.01,20978,0.0032430234306431,0.048
19-3099.01,20979,0.0681361998057793,0.032
19-3099.01,20980,0.03527867845261,0.016
19-4012.01,18278,0.0737400132862019,0.0661764705882353
19-4012.01,18279,0.0219946784583591,0.0588235294117647
19-4012.01,18280,0.0835754653408504,0.088235294117647
19-4012.01,18281,0.0362287199976681,0.088235294117647
19-4012.01,18282,0.0309023500802509,0.0441176470588235
19-4012.01,18284,0.0094062338324296,0.0294117647058823
19-4012.01,18287,0.0621218207590569,0.0367647058823529
19-4012.01,18288,0.0403849029825882,0.0367647058823529
19-4012.01,18289,0.0292930585166111,0.0735294117647058
19-4012.01,18290,0.0510698639325384,0.0220588235294117
19-4012.01,18293,0.0390728406881425,0.0441176470588235
19-4012.01,18295,0.0485513049684015,0.0588235294117647
19-4012.01,18296,0.0138763802571422,0.0294117647058823
19-4012.01,19800,0.0795661721933595,0.0220588235294117
19-4012.01,19801,0.0127399625246581,0.0294117647058823
19-4012.01,19802,0.1037141758381925,0.0147058823529411
19-4012.01,19803,0.0427669061558138,0.0220588235294117
19-4012.01,20872,0.0214366009281837,0.0441176470588235
19-4012.01,20873,0.0913160345113241,0.0367647058823529
19-4012.01,20874,0.0345574347049066,0.0514705882352941
19-4012.01,20875,0.0350631976997562,0.0588235294117647
19-4012.01,20876,0.0386218823435638,0.0441176470588235
19-4021.00,3738,0.1005792522094618,0.0208333333333333
19-4021.00,3742,0.0583871405998943,0.0520833333333333
19-4031.00,1545,0.175898603014138,0.0189873417721519
19-4031.00,1547,0.1461183329384879,0.0126582278481012
19-4042.00,1549,0.0040618788413098,0.0704845814977973
19-4042.00,1550,0.0130597940397984,0.0881057268722467
19-4042.00,1552,0.0212685827035459,0.0308370044052863
19-4042.00,1553,0.0327579357957782,0.026431718061674
19-4042.00,1554,0.0327725025414348,0.026431718061674
19-4042.00,1555,0.0721179717652012,0.052863436123348
19-4042.00,1556,0.028490962697244,0.052863436123348
19-4042.00,1557,0.0488273548590797,0.0440528634361233
19-4042.00,1558,0.06080762928078,0.013215859030837
19-4042.00,1559,0.0689805002309124,0.0220264317180616
19-4042.00,1560,0.018624823585782,0.026431718061674
19-4042.00,1561,0.0198760829958768,0.0352422907488986
19-4042.00,1562,0.0242396726451024,0.0352422907488986
19-4042.00,1563,0.0426884064327937,0.039647577092511
19-4042.00,1564,0.0467822925067846,0.0176211453744493
19-4042.00,1565,0.0252378715933941,0.0440528634361233
19-4042.00,1566,0.0511640482063546,0.0704845814977973
19-4042.00,1567,0.0813692581799108,0.0704845814977973
19-4042.00,1570,0.0072064733477709,0.026431718061674
19-4042.00,19797,0.0392744233622938,0.026431718061674
19-4042.00,19798,0.0564622391843777,0.0220264317180616
19-4042.00,19799,0.0549773457957537,0.039647577092511
19-4042.00,20869,0.0547480346546816,0.0440528634361233
19-4042.00,20870,0.0552137157766437,0.0308370044052863
19-4042.00,20871,0.0389901989773942,0.0176211453744493
19-4043.00,22262,0.014979606028591,0.1088435374149659
19-4043.00,22263,0.0103696511677752,0.1088435374149659
19-4043.00,22264,0.0086433196192838,0.0816326530612244
19-4043.00,22265,0.0153267388727584,0.0544217687074829
19-4043.00,22266,0.0380642435663959,0.0816326530612244
19-4043.00,22267,0.0071082341292653,0.0544217687074829
19-4043.00,22268,0.0028236568452644,0.0272108843537414
19-4043.00,22269,0.0207019511724717,0.0272108843537414
19-4043.00,22270,0.0333088933068438,0.0136054421768707
19-4043.00,22271,0.0342932532665,0.0408163265306122
19-4043.00,22272,0.0455252823839531,0.0136054421768707
19-4043.00,22273,0.0605540293873503,0.0544217687074829
19-4043.00,22274,0.0498224698696664,0.0272108843537414
19-4043.00,22275,0.0451225600037265,0.0408163265306122
19-4043.00,22276,0.0604855510123307,0.0272108843537414
19-4043.00,22277,0.0645812286697727,0.0136054421768707
19-4043.00,22278,0.0623278584575411,0.0272108843537414
19-4043.00,22279,0.068005617982463,0.0136054421768707
19-4043.00,22280,0.0679195879682511,0.0136054421768707
19-4043.00,22281,0.0615824258217661,0.0408163265306122
19-4043.00,22282,0.0741497167875007,0.0272108843537414
19-4043.00,22283,0.0740666577560194,0.0068027210884353
19-4043.00,22285,0.0802374659245081,0.0136054421768707
19-4051.00,22308,0.0283019278673251,0.0804020100502512
19-4051.00,22309,0.0126988260429803,0.0603015075376884
19-4051.00,22310,0.0306193290403383,0.1206030150753768
19-4051.00,22311,0.0136175839125112,0.050251256281407
19-4051.00,22312,0.0154434203710447,0.0201005025125628
19-4051.00,22313,0.0286296063407599,0.050251256281407
19-4051.00,22314,0.0444403253680318,0.0603015075376884
19-4051.00,22315,0.0732253115322435,0.0804020100502512
19-4051.00,22316,0.1120194266197533,0.0402010050251256
19-4051.00,22318,0.0662954312378059,0.0150753768844221
19-4051.00,22319,0.0810552717049867,0.0402010050251256
19-4051.00,22320,0.0956780106697559,0.0603015075376884
19-4051.00,22321,0.0958144618424405,0.0251256281407035
19-4051.00,22323,0.0875586990303856,0.0301507537688442
19-4051.00,22324,0.1093879099824041,0.0402010050251256
19-4051.00,22326,0.1052144584372325,0.050251256281407
19-4051.02,7598,0.0243346983400355,0.0253164556962025
19-4071.00,5564,0.2949304469242508,0.0526315789473684
19-4071.00,5579,0.2643638832842759,0.0263157894736842
19-4092.00,1578,0.1660919559957676,0.0719424460431654
19-4092.00,1580,0.0980126286450795,0.0287769784172661
19-4092.00,1583,0.0737263900884362,0.0215827338129496
19-4092.00,20401,0.1186788249627752,0.0287769784172661
19-5011.00,11062,0.0018783001503006,0.01
19-5011.00,11063,0.013998357542962,0.08
19-5011.00,11064,0.020845171768308,0.06
19-5011.00,11065,0.0037124271831157,0.04
19-5011.00,11066,0.0114430470982387,0.06
19-5011.00,11067,0.0066551190422636,0.16
19-5011.00,11068,0.0020011699369366,0.04
19-5011.00,11069,0.0027246643793145,0.08
19-5011.00,11070,0.0025748325705327,0.05
19-5011.00,11071,0.0191178206377075,0.04
19-5011.00,11072,0.0745251573194317,0.04
19-5011.00,11073,0.0564654966624472,0.03
19-5011.00,11074,0.0005555190171896,0.04
19-5011.00,11075,0.0918190827826526,0.03
19-5011.00,11076,0.022364541934787,0.06
19-5011.00,11077,0.1101437190797724,0.03
19-5011.00,11078,0.0373101927322978,0.02
19-5011.00,11079,0.1669711282081688,0.04
19-5011.00,11080,0.1833825739150725,0.01
19-5011.00,11081,0.1651019742143542,0.02
19-5011.00,21142,0.0025572160312509,0.06
19-5012.00,11082,0.0236921439369393,0.1081081081081081
19-5012.00,11083,0.007828035410304,0.054054054054054
19-5012.00,11085,0.01811224122358,0.054054054054054
19-5012.00,11087,0.0013890273242183,0.1441441441441441
19-5012.00,11088,0.0016665819630681,0.036036036036036
19-5012.00,11091,0.0278617919849249,0.027027027027027
19-5012.00,11093,0.0451520172568914,0.018018018018018
19-5012.00,11095,0.0625684969259477,0.018018018018018
19-5012.00,11096,0.0006552916182402,0.072072072072072
19-5012.00,11097,0.0431613472075677,0.009009009009009
19-5012.00,11098,8.293805346156638e-05,0.018018018018018
19-5012.00,11099,0.0315887529905639,0.054054054054054
19-5012.00,11100,0.0776708156264734,0.009009009009009
19-5012.00,11101,0.1036388743866973,0.009009009009009
19-5012.00,19813,0.0265174020203648,0.027027027027027
19-5012.00,19814,0.1035559320482917,0.018018018018018
19-5012.00,19815,0.0949040628363055,0.018018018018018
19-5012.00,19816,0.1035269022298497,0.018018018018018
19-5012.00,19817,0.1132198707228982,0.018018018018018
19-5012.00,19818,0.0446833803494465,0.036036036036036
19-5012.00,20248,0.0066239312919188,0.072072072072072
19-5012.00,20249,0.0009659761904479,0.018018018018018
19-5012.00,20250,0.0094782453580727,0.054054054054054
19-5012.00,20251,0.0189378962048717,0.018018018018018
19-5012.00,20252,0.0270312262225887,0.036036036036036
19-5012.00,20253,0.0054868186160649,0.036036036036036
21-1012.00,5627,0.0442851273006575,0.00625
21-1012.00,5637,0.1418764437541869,0.00625
21-1013.00,9193,0.1175572082350123,0.0259740259740259
21-1013.00,20233,0.0053933297336102,0.0389610389610389
21-1014.00,1591,0.0912279193674424,0.0229885057471264
21-1014.00,1592,0.0804533850104492,0.1379310344827586
21-1014.00,1593,0.0709012934490263,0.1149425287356321
21-1014.00,1594,0.0656208847438362,0.0919540229885057
21-1014.00,1595,0.079253292122906,0.1379310344827586
21-1014.00,1596,0.0523301394370419,0.0459770114942528
21-1014.00,1597,0.0031445186903171,0.0229885057471264
21-1014.00,1598,0.0315360117468064,0.0459770114942528
21-1014.00,1600,0.0507781164759992,0.0229885057471264
21-1014.00,1601,0.0143745516617417,0.0172413793103448
21-1014.00,1602,0.0074611281008015,0.0114942528735632
21-1014.00,1603,0.0178182202852993,0.0229885057471264
21-1014.00,1604,0.0276456215606334,0.0172413793103448
21-1014.00,1605,0.0235527276860404,0.0229885057471264
21-1014.00,1606,0.0391259595348889,0.0229885057471264
21-1014.00,1607,0.0037120767895218,0.0229885057471264
21-1014.00,1608,0.0094770088269201,0.0114942528735632
21-1014.00,1609,0.0015175911462125,0.0057471264367816
21-1014.00,1610,0.0235437688533529,0.0114942528735632
21-1014.00,1612,0.062632373270224,0.0057471264367816
21-1014.00,18483,0.0245542729776011,0.0229885057471264
21-1014.00,18484,0.063627208165475,0.0689655172413793
21-1014.00,18485,0.0612295652738482,0.0172413793103448
21-1014.00,18486,0.0726633761311016,0.0057471264367816
21-1014.00,20402,0.0021416556433205,0.0172413793103448
21-1014.00,23908,0.0033750628502925,0.0172413793103448
21-1014.00,23909,0.0163022701988988,0.0344827586206896
21-1021.00,249,0.1998669007050905,0.0245398773006134
21-1021.00,251,0.177178666549629,0.0306748466257668
21-1022.00,258,0.0395853853928993,0.0793650793650793
21-1022.00,259,0.129788796131145,0.0317460317460317
21-1022.00,260,0.0464335451496129,0.0952380952380952
21-1022.00,261,0.0677001576798848,0.0952380952380952
21-1022.00,262,0.0342773013297688,0.0634920634920634
21-1022.00,263,0.0300992726253693,0.0634920634920634
21-1022.00,264,0.0283678071241921,0.0476190476190476
21-1022.00,265,0.0295801324266253,0.0793650793650793
21-1022.00,266,0.0317495897652351,0.0317460317460317
21-1022.00,267,0.0590236568440219,0.1269841269841269
21-1022.00,268,0.0809870989795024,0.0317460317460317
21-1022.00,269,0.050506605015549,0.0079365079365079
21-1022.00,270,0.1344205112796594,0.0634920634920634
21-1022.00,271,0.0931906244722145,0.0079365079365079
21-1022.00,272,0.0725159956683582,0.0158730158730158
21-1022.00,15227,0.0518015345494974,0.1269841269841269
21-1022.00,23910,0.0199719855664639,0.0317460317460317
21-1023.00,280,0.1450811113250123,0.016260162601626
21-1023.00,282,0.1226322785184776,0.008130081300813
21-1091.00,20236,0.2043315087006094,0.0943396226415094
21-1092.00,1627,0.211505024386211,0.0327868852459016
21-1093.00,3765,0.1644405363404104,0.032
21-1093.00,3772,0.3268703056949541,0.024
21-1093.00,21180,0.0945498310812653,0.096
21-1094.00,19015,0.0981670458200447,0.0197368421052631
21-1094.00,19016,0.082734190446056,0.0263157894736842
21-1094.00,19018,0.0792569855491249,0.0328947368421052
21-1094.00,19020,0.0719841865629869,0.0328947368421052
21-1094.00,19022,0.1065072326316405,0.0197368421052631
21-1094.00,19026,0.0544238250977258,0.0592105263157894
21-1094.00,19033,0.0966613063214262,0.0263157894736842
21-1094.00,19034,0.1201039903299806,0.0131578947368421
21-1094.00,19035,0.0628657524907385,0.0131578947368421
21-1094.00,19039,0.0801201354988627,0.0460526315789473
21-2011.00,10947,0.0072419156540087,0.0310077519379844
21-2021.00,12987,0.0610707580928885,0.0204081632653061
21-2021.00,12990,0.4139664408433422,0.0408163265306122
23-1012.00,19053,0.0377745279469986,0.0310077519379844
23-1012.00,19054,0.1254973774672087,0.0232558139534883
23-1012.00,19057,0.1298727722573439,0.0155038759689922
23-1012.00,19059,0.1269899707036809,0.0155038759689922
23-1012.00,19062,0.1444071476236455,0.0155038759689922
23-1022.00,12993,0.0052452935613836,0.0988372093023255
23-1022.00,12994,0.0168750505156866,0.127906976744186
23-1022.00,12995,0.0276781325198852,0.0232558139534883
23-1022.00,12996,0.058784787043852,0.0465116279069767
23-1022.00,12997,0.0386012500170405,0.0174418604651162
23-1022.00,12999,0.0079704999090261,0.0813953488372093
23-1022.00,13001,0.0074551472096154,0.0290697674418604
23-1022.00,13003,0.0286990845925277,0.0697674418604651
23-1022.00,13004,0.0919992518360408,0.0581395348837209
23-1022.00,13005,0.0441070692539734,0.0697674418604651
23-1022.00,13007,0.0701566178973944,0.0290697674418604
23-1022.00,13008,0.0051305853522877,0.0406976744186046
23-1022.00,13009,0.1677672733145825,0.0174418604651162
23-1022.00,13010,0.0155872198879645,0.0174418604651162
23-1022.00,13011,0.0697187724920679,0.0116279069767441
23-1022.00,13012,0.1126226052941217,0.0174418604651162
23-1022.00,19807,0.1673175649948317,0.0232558139534883
23-1022.00,20238,0.0073859468754736,0.063953488372093
23-1022.00,20239,0.006017623933226,0.1046511627906976
23-1022.00,20240,0.0508802234990179,0.0523255813953488
23-1023.00,5661,0.0716447534874811,0.0052910052910052
23-2011.00,1638,0.1283081129633985,0.018348623853211
23-2011.00,1641,0.1712944167632246,0.0091743119266055
23-2011.00,1642,0.1780735040848153,0.018348623853211
23-2011.00,18496,0.1804517876689945,0.036697247706422
23-2093.00,9239,0.0849385011156271,0.0208333333333333
25-1011.00,5672,0.0399696170019165,0.0074626865671641
25-1011.00,5684,0.3114443519350586,0.0298507462686567
25-1021.00,5687,0.0359171595627231,0.0909090909090909
25-1021.00,5700,0.1917383273239763,0.0075757575757575
25-1021.00,5707,0.1353847878034371,0.0075757575757575
25-1021.00,5708,0.1418257150639676,0.0454545454545454
25-1022.00,5709,0.0253369058895909,0.09375
25-1022.00,5717,0.0521303438494048,0.0078125
25-1022.00,21110,0.2215548224600807,0.0078125
25-1022.00,21111,0.2101087374203186,0.0078125
25-1031.00,5748,0.2103263092128889,0.0444444444444444
25-1032.00,5765,0.0091153973110831,0.027027027027027
25-1032.00,5772,0.0950529551533303,0.0202702702702702
25-1032.00,5775,0.0228358941304674,0.0135135135135135
25-1041.00,5788,0.1026514555163515,0.0444444444444444
25-1042.00,5806,0.0286446197493128,0.0256410256410256
25-1043.00,5835,0.0263161317797625,0.0296296296296296
25-1051.00,5860,0.1482842298514876,0.0135135135135135
25-1051.00,20068,0.1903068396711993,0.0202702702702702
25-1052.00,5870,0.016976931151708,0.074074074074074
25-1052.00,5872,0.0303635664325995,0.0148148148148148
25-1052.00,5891,0.1813014861116128,0.0148148148148148
25-1052.00,20071,0.0477710727518743,0.0148148148148148
25-1053.00,5898,0.0237701473678716,0.0632911392405063
25-1053.00,5901,0.0174530969165771,0.0316455696202531
25-1053.00,5902,0.0113675986493012,0.0316455696202531
25-1053.00,5907,0.0232097727081417,0.0316455696202531
25-1053.00,5910,0.2197145544622427,0.0189873417721519
25-1053.00,5913,0.035061178763174,0.0126582278481012
25-1053.00,20074,0.0843047136524275,0.0253164556962025
25-1053.00,21116,0.0027632479253753,0.0126582278481012
25-1054.00,5927,0.0329841055254094,0.023391812865497
25-1054.00,5935,0.2999032941166733,0.0175438596491228
25-1061.00,5939,0.0213377260452203,0.0601503759398496
25-1061.00,5940,0.0280711701876922,0.1203007518796992
25-1061.00,5941,0.0253492133053629,0.075187969924812
25-1061.00,5942,0.0307904318853072,0.0451127819548872
25-1061.00,5944,0.03277440613625,0.0451127819548872
25-1061.00,5945,0.0250928627364067,0.0451127819548872
25-1061.00,5946,0.0074442798595143,0.0300751879699248
25-1061.00,5947,0.0394198271373995,0.0451127819548872
25-1061.00,5948,0.0044332451652711,0.0225563909774436
25-1061.00,5949,0.0278374335019091,0.037593984962406
25-1061.00,5950,0.0229767320409708,0.0150375939849624
25-1061.00,5951,0.0338108513153989,0.0451127819548872
25-1061.00,5952,0.0322920155461674,0.0300751879699248
25-1061.00,5953,0.0755086591255035,0.0075187969924812
25-1061.00,5954,0.1401365222609625,0.0300751879699248
25-1061.00,5955,0.0020316302375402,0.0075187969924812
25-1061.00,5956,0.0526932129339727,0.037593984962406
25-1061.00,5957,0.0021480108803406,0.0075187969924812
25-1061.00,5958,0.0270489058769274,0.0075187969924812
25-1061.00,5959,0.1228065711797962,0.0075187969924812
25-1061.00,5960,0.1008795955631922,0.0075187969924812
25-1061.00,20076,0.0189344683382351,0.150375939849624
25-1061.00,20077,0.0020896152115336,0.037593984962406
25-1061.00,20078,0.0007352977268768,0.0150375939849624
25-1061.00,21117,0.0011316438904147,0.0075187969924812
25-1061.00,21118,0.0490685149382537,0.0601503759398496
25-1062.00,5964,0.0166311035564089,0.0544217687074829
25-1062.00,5974,0.0174920061963864,0.0068027210884353
25-1062.00,5981,0.1013434718520355,0.0136054421768707
25-1062.00,5983,0.2169055424999383,0.0204081632653061
25-1062.00,20079,0.0529543616309804,0.0204081632653061
25-1063.00,6004,0.1762145543352293,0.0150375939849624
25-1063.00,6005,0.136531912812831,0.0075187969924812
25-1064.00,6010,0.0308847084458187,0.0205479452054794
25-1065.00,6052,0.2740320279369414,0.016260162601626
25-1066.00,6053,0.0222693014256908,0.1379310344827586
25-1066.00,6065,0.0065953181751239,0.0068965517241379
25-1066.00,20083,0.0812981551546692,0.0206896551724137
25-1066.00,21119,0.1276229108187823,0.0068965517241379
25-1067.00,6093,0.2107225461180336,0.014388489208633
25-1067.00,21121,0.1435085179359133,0.0071942446043165
25-1071.00,6109,0.2487652594538946,0.065040650406504
25-1072.00,6126,0.0798628650666864,0.1052631578947368
25-1072.00,6134,0.016289181098147,0.0394736842105263
25-1072.00,6140,0.0493174643073546,0.006578947368421
25-1072.00,6141,0.0326966195478316,0.006578947368421
25-1072.00,6144,0.1799491010342601,0.006578947368421
25-1072.00,6147,0.1987577640014765,0.006578947368421
25-1082.00,6181,0.132763144357528,0.0291970802919708
25-1082.00,6187,0.1365650612609786,0.0145985401459854
25-1111.00,6207,0.2453497338619913,0.0276497695852534
25-1111.00,6208,0.1021709521741063,0.0368663594470046
25-1112.00,6216,0.0259813679203146,0.0483870967741935
25-1112.00,6219,0.0105105949416544,0.0483870967741935
25-1112.00,6231,0.1222165162916918,0.0161290322580645
25-1112.00,6234,0.0873814630998639,0.0161290322580645
25-1112.00,6235,0.1100513158438662,0.0161290322580645
25-1112.00,6237,0.2437267483802506,0.0161290322580645
25-1113.00,6252,0.1532295445035247,0.032
25-1113.00,6259,0.1721429969867035,0.016
25-1121.00,6282,0.0451719047431735,0.0064935064935064
25-1121.00,6286,0.1417061478411119,0.0194805194805194
25-1122.00,6299,0.0155138342743473,0.0072992700729927
25-1122.00,6308,0.1948361633838143,0.0291970802919708
25-1122.00,6309,0.2012816833305624,0.0145985401459854
25-1122.00,20091,0.0092526688698799,0.0583941605839416
25-1123.00,6310,0.0172841964422748,0.0495662949194547
25-1123.00,6318,0.0129382676393207,0.0433705080545229
25-1123.00,6319,0.0141471891908686,0.0061957868649318
25-1123.00,6329,0.1806070449147556,0.0185873605947955
25-1123.00,20094,0.0530220383567342,0.0123915737298636
25-1123.00,20096,0.1322586718073315,0.0123915737298636
25-1123.00,21129,0.0016501805117905,0.0123915737298636
25-1124.00,20100,0.1784973704036648,0.0150375939849624
25-1124.00,21131,0.0023770754040548,0.0075187969924812
25-1125.00,6366,0.0127062229268957,0.0070921985815602
25-1125.00,6371,0.1355611798791555,0.0070921985815602
25-1125.00,20103,0.0691455969915148,0.0070921985815602
25-1126.00,6381,0.0099434675015283,0.0546875
25-1126.00,6388,0.0790381714106179,0.0234375
25-1126.00,6395,0.0758024878433002,0.015625
25-1126.00,6398,0.2393690664448952,0.0234375
25-1192.00,6406,0.0065267002996182,0.0416666666666666
25-1192.00,6415,0.0862161913388839,0.0166666666666666
25-1192.00,6416,0.0502656210382078,0.0416666666666666
25-1192.00,6417,0.0105263393512355,0.0166666666666666
25-1192.00,6418,0.0784632723959305,0.0083333333333333
25-1192.00,6420,0.1559356747752411,0.025
25-1194.00,6460,0.0300002836509344,0.0268456375838926
25-1194.00,6463,0.0973941781883054,0.0067114093959731
25-2011.00,6486,0.0136231512757607,0.0064102564102564
25-2012.00,6520,0.0055279295007119,0.0169491525423728
25-2012.00,6528,0.0015446449963982,0.0084745762711864
25-2012.00,6530,0.0023814869983263,0.0084745762711864
25-2021.00,6544,0.0044296017531105,0.0505617977528089
25-2021.00,6551,0.0153957526899473,0.0224719101123595
25-2021.00,6568,0.0284133566033082,0.0056179775280898
25-2022.00,6599,0.0343350339546415,0.0058823529411764
25-2022.00,6602,0.0057107877518272,0.0117647058823529
25-2022.00,6603,0.0074972286654168,0.0058823529411764
25-2023.00,6625,0.001749516777555,0.0120481927710843
25-2023.00,6632,0.0027137715049058,0.0120481927710843
25-2023.00,6636,0.0010767681981904,0.0180722891566265
25-2031.00,6655,0.0013750114760243,0.0133333333333333
25-2031.00,6660,0.0014347073162778,0.0133333333333333
25-2031.00,6664,0.009288637484612,0.0066666666666666
25-2032.00,6690,0.007569415282027,0.0162162162162162
25-2032.00,6701,0.003881060241032,0.0162162162162162
25-2051.00,19074,0.0412063595089963,0.0213903743315508
25-2058.00,6797,0.0047898977803013,0.0235294117647058
25-2058.00,6815,0.0013876897502631,0.0117647058823529
25-2058.00,6821,0.0856459137833286,0.0058823529411764
25-2059.01,17000,0.0038092712723138,0.0116959064327485
25-2059.01,17001,0.0004283288237312,0.0058479532163742
25-2059.01,17002,0.0273660769096795,0.0292397660818713
25-2059.01,17003,0.0200344998807922,0.0175438596491228
25-2059.01,17004,0.023148039735917,0.0467836257309941
25-2059.01,17005,0.1089190091754185,0.0584795321637426
25-2059.01,17006,0.0861424730126938,0.1169590643274853
25-2059.01,17007,0.0549059821727802,0.0584795321637426
25-2059.01,17008,0.0485133919501452,0.0350877192982456
25-2059.01,17009,0.0303367938356701,0.0058479532163742
25-2059.01,17010,0.0317459800697939,0.0350877192982456
25-2059.01,17011,0.084670423095356,0.0584795321637426
25-2059.01,17012,0.0293465548603399,0.0292397660818713
25-2059.01,17013,0.0414967979168309,0.023391812865497
25-2059.01,17014,0.0349623052461433,0.0467836257309941
25-2059.01,17015,0.0240716280109847,0.023391812865497
25-2059.01,17016,0.1032084913872737,0.0467836257309941
25-2059.01,17017,0.1011864882148261,0.1403508771929824
25-2059.01,17018,0.1059062711563481,0.175438596491228
25-2059.01,21186,0.039801193272961,0.0350877192982456
25-3011.00,6842,0.0575245101119218,0.015420200462606
25-3011.00,6851,0.0533883421380398,0.015420200462606
25-3021.00,8670,0.0723873637090309,0.0289855072463768
25-3021.00,8679,0.0360216147655211,0.0144927536231884
25-3021.00,8685,0.0760788309549944,0.0289855072463768
25-3021.00,8689,0.0917743880087832,0.0217391304347826
25-3021.00,8693,0.1139005425996755,0.0072463768115942
25-3041.00,17019,0.1137818189356823,0.064
25-3041.00,17020,0.0296215504843836,0.024
25-3041.00,17021,0.015021747974565,0.016
25-3041.00,17022,0.0223659280493392,0.032
25-3041.00,17023,0.002640053515408,0.016
25-3041.00,17024,0.0261178879053494,0.016
25-3041.00,17025,0.1144823009098068,0.048
25-3041.00,17026,0.061946417840903,0.16
25-3041.00,17027,0.0644820363893956,0.064
25-3041.00,17028,0.0149404450903178,0.064
25-3041.00,17029,0.0768804471370998,0.024
25-3041.00,17030,0.0671283313799852,0.032
25-3041.00,17031,0.0040205873425135,0.04
25-3041.00,17032,0.053718835712027,0.032
25-3041.00,17033,0.056304073865112,0.04
25-3041.00,17034,0.055083138054585,0.064
25-3041.00,17035,0.1309687581099539,0.024
25-3041.00,17036,0.0354322324635332,0.048
25-3041.00,17037,0.0550634088400388,0.192
25-4011.00,7630,0.0667481985305656,0.1132075471698113
25-4011.00,7631,0.1341627171827571,0.1509433962264151
25-4011.00,7632,0.1840869908091252,0.0377358490566037
25-4011.00,7633,0.0871321117227741,0.1132075471698113
25-4011.00,7634,0.1411430408477949,0.0566037735849056
25-4011.00,7635,0.0668638676787696,0.1509433962264151
25-4011.00,7636,0.0579103232881119,0.0943396226415094
25-4011.00,7637,0.0863315965812399,0.0377358490566037
25-4011.00,7638,0.0091749614715084,0.0566037735849056
25-4011.00,7639,0.0455066879423839,0.0754716981132075
25-4011.00,7640,0.0749884332707909,0.0377358490566037
25-4011.00,7641,0.0397464082925878,0.0377358490566037
25-4011.00,7642,0.0062046623815901,0.0377358490566037
25-4012.00,1651,0.2537555197393923,0.0377358490566037
25-4012.00,1653,0.2930929888918676,0.0283018867924528
25-4013.00,3817,0.0919392662034492,0.0137457044673539
25-4013.00,3823,0.1364267125965646,0.0206185567010309
25-4013.00,3824,0.0785562021046016,0.0034364261168384
25-4013.00,18643,0.1301475924632458,0.0343642611683848
25-4013.00,18645,0.062288685363333,0.0206185567010309
25-4013.00,18646,0.1494450749754342,0.0137457044673539
25-4022.00,22426,0.0269042250995193,0.02
25-4022.00,22429,0.0637983075794862,0.02
25-9021.00,10974,0.0262165263337141,0.0854700854700854
25-9021.00,10975,0.0185576486349708,0.1025641025641025
25-9021.00,10976,0.0234276258266994,0.1367521367521367
25-9021.00,10977,0.02815719381529,0.0683760683760683
25-9021.00,10978,0.0211690710504295,0.0512820512820512
25-9021.00,10979,0.0020773927711277,0.0341880341880341
25-9021.00,10980,0.0669024668991834,0.0683760683760683
25-9021.00,10981,0.0363352702986323,0.1025641025641025
25-9021.00,10982,0.0272179125820472,0.0854700854700854
25-9021.00,10983,0.2825640511937429,0.0512820512820512
25-9021.00,10984,0.0172784307204681,0.0512820512820512
25-9021.00,10985,0.0337151145036027,0.0683760683760683
25-9021.00,10986,0.0759659896229187,0.0256410256410256
25-9021.00,10987,0.1230960124430099,0.0512820512820512
25-9021.00,10988,0.2173192933041627,0.017094017094017
25-9031.00,6881,0.4115535122899188,0.015625
25-9042.00,22454,0.1049466757246451,0.0357142857142857
25-9042.00,22456,0.0165374622716349,0.0214285714285714
25-9042.00,22472,0.1060784992694656,0.0071428571428571
25-9043.00,22485,0.106120780034094,0.0064102564102564
25-9043.00,22489,0.0317271996055943,0.032051282051282
25-9043.00,22501,0.109194851262994,0.0064102564102564
25-9044.00,20880,0.432902576799517,0.0024479804161566
27-1012.00,9247,0.0313932368783645,0.2586206896551724
27-1012.00,9248,0.0370809333443819,0.1724137931034483
27-1012.00,9250,0.0332868405810738,0.0344827586206896
27-1012.00,9251,0.0805534179174417,0.0862068965517241
27-1012.00,9252,0.0245973199850088,0.0517241379310344
27-1012.00,9253,0.0789441001672318,0.0258620689655172
27-1012.00,9254,0.0360573372632616,0.0517241379310344
27-1012.00,9255,0.1206634813878372,0.0344827586206896
27-1012.00,9256,0.0872944599563407,0.0344827586206896
27-1012.00,9257,0.0568189536331931,0.0344827586206896
27-1012.00,9258,0.0469121135739644,0.0517241379310344
27-1012.00,9259,0.0353237419168287,0.043103448275862
27-1012.00,9260,0.0361713224021283,0.0258620689655172
27-1012.00,9261,0.1538452041329406,0.0258620689655172
27-1012.00,20881,0.1188295302321034,0.0689655172413793
27-1013.00,10999,0.0536257401718577,0.023391812865497
27-1013.00,11000,0.0838181889269235,0.0467836257309941
27-1013.00,11004,0.099852345883526,0.0058479532163742
27-1013.00,11005,0.0829626871461287,0.0175438596491228
27-1013.00,11008,0.0948143401278295,0.0175438596491228
27-1013.00,11010,0.0968924644790045,0.0058479532163742
27-1013.00,11012,0.0772993404450532,0.0116959064327485
27-1013.00,20992,0.0553564050905089,0.0175438596491228
27-1013.00,20994,0.0686860149999237,0.0116959064327485
27-1013.00,20995,0.0818407299907492,0.0350877192982456
27-1014.00,6890,0.1799488711643353,0.0211640211640211
27-1021.00,6910,0.2698925959029711,0.0144927536231884
27-1022.00,13021,0.1124049698700468,0.0504201680672268
27-1023.00,1732,0.1007811434577826,0.0169491525423728
27-1024.00,299,0.0928817710317414,0.1391304347826087
27-1024.00,300,0.0910130067673149,0.0869565217391304
27-1024.00,301,0.0708019923830035,0.1391304347826087
27-1024.00,302,0.1188578528219202,0.0347826086956521
27-1024.00,303,0.0520551032664581,0.0521739130434782
27-1024.00,304,0.042254940017635,0.0521739130434782
27-1024.00,305,0.0149892727279922,0.0695652173913043
27-1024.00,306,0.0451122049730028,0.1739130434782608
27-1024.00,307,0.0596959063564159,0.0347826086956521
27-1024.00,308,0.0211545928573578,0.0695652173913043
27-1024.00,309,0.0305076105203236,0.0347826086956521
27-1024.00,310,0.0561552314362205,0.017391304347826
27-1024.00,312,0.0374372090826177,0.008695652173913
27-1024.00,313,0.1111969247902427,0.017391304347826
27-1024.00,15228,0.0438053286575943,0.0347826086956521
27-1024.00,15229,0.0090982959736666,0.0347826086956521
27-1025.00,1734,0.0447713107823839,0.0677966101694915
27-1025.00,1735,0.0244621132223462,0.059322033898305
27-1025.00,1736,0.0401025665550422,0.0762711864406779
27-1025.00,1737,0.031243996969456,0.0932203389830508
27-1025.00,1738,0.0200029530020651,0.0847457627118644
27-1025.00,1739,0.1801942513393566,0.0423728813559322
27-1025.00,1740,0.0254734308056226,0.1016949152542373
27-1025.00,1741,0.3368015413902994,0.0084745762711864
27-1025.00,18519,0.0535986595355743,0.0847457627118644
27-1025.00,18520,0.0150431873439157,0.0508474576271186
27-1025.00,18521,0.1339437842902091,0.135593220338983
27-1025.00,20996,0.0381370544995051,0.0423728813559322
27-1025.00,20997,0.0046227271751075,0.0677966101694915
27-1025.00,20998,0.0206636486873659,0.0338983050847457
27-1025.00,20999,0.0126551744863791,0.0508474576271186
27-1027.00,9284,0.0123878861818407,0.032258064516129
27-1027.00,9285,0.0294215988241767,0.0241935483870967
27-1027.00,9286,0.006206562538352,0.0967741935483871
27-1027.00,9287,0.0026432137882032,0.0483870967741935
27-1027.00,9288,0.0405646641795092,0.032258064516129
27-1027.00,9289,0.0054606649953486,0.0806451612903225
27-1027.00,9290,0.0715054387611799,0.064516129032258
27-1027.00,9291,0.0195410715034074,0.0241935483870967
27-1027.00,9292,0.0295088310703059,0.0241935483870967
27-1027.00,9293,0.002537538132418,0.0241935483870967
27-1027.00,9294,0.0021553760421872,0.064516129032258
27-1027.00,9295,0.1010241556954552,0.0161290322580645
27-1027.00,9296,0.0016940151251645,0.032258064516129
27-1027.00,9297,0.002715955087253,0.0483870967741935
27-1027.00,9298,0.0516041915417817,0.0483870967741935
27-1027.00,9299,0.0803812647932568,0.0161290322580645
27-1027.00,9300,0.0033832039964111,0.0483870967741935
27-1027.00,9301,0.0806194693816261,0.0080645161290322
27-1027.00,9302,0.0112666619720303,0.032258064516129
27-1027.00,9303,0.0123686294287085,0.032258064516129
27-1027.00,9304,0.0004825192141985,0.064516129032258
27-1027.00,9305,0.0019208490593033,0.032258064516129
27-1027.00,9306,0.0021188413000291,0.0483870967741935
27-1027.00,9307,0.086726348139513,0.0161290322580645
27-1027.00,9308,0.1247928336540994,0.0161290322580645
27-1027.00,9309,0.1306322505086606,0.0080645161290322
27-1027.00,9310,0.0863359650855786,0.0161290322580645
27-2011.00,7653,0.0295347227651251,0.0218818380743982
27-2011.00,7654,0.1271789782677296,0.0164113785557986
27-2011.00,7657,0.1040364586697612,0.0054704595185995
27-2011.00,7660,0.135472000822602,0.0010940919037199
27-2012.00,22519,0.0448260421197087,0.0384615384615384
27-2012.03,7674,0.0570981164419,0.0307692307692307
27-2012.03,7681,0.1083108988742849,0.0153846153846153
27-2012.04,11027,0.2043393327548617,0.0314960629921259
27-2012.04,21139,0.245215334620401,0.0157480314960629
27-2012.05,3897,0.126215241875381,0.0898876404494382
27-2012.05,3904,0.1184153821042083,0.1348314606741573
27-2012.05,3905,0.1403257785768654,0.0898876404494382
27-2012.05,3908,0.1571590306153026,0.1348314606741573
27-2022.00,1748,0.1301224619148278,0.0407239819004524
27-2022.00,20117,0.0891307086189887,0.0180995475113122
27-2023.00,3909,0.0186180422419484,0.2758620689655172
27-2023.00,3910,0.0708584410496961,0.1149425287356321
27-2023.00,3911,0.0366821134283393,0.0689655172413793
27-2023.00,3912,0.0425488396349106,0.0229885057471264
27-2023.00,3913,0.0712763535705577,0.0689655172413793
27-2023.00,3914,0.0970215833766128,0.0344827586206896
27-2023.00,3915,0.0615602484258064,0.0459770114942528
27-2023.00,3916,0.1031893996705556,0.0229885057471264
27-2023.00,3917,0.099973421124937,0.0344827586206896
27-2023.00,3918,0.0368064749150425,0.0459770114942528
27-2023.00,3919,0.0188917887860404,0.057471264367816
27-2023.00,3920,0.0191598429895391,0.0229885057471264
27-2023.00,3921,0.0587240552600378,0.0919540229885057
27-2023.00,3922,0.1028538000856549,0.0229885057471264
27-2023.00,3923,0.1201093557969035,0.0344827586206896
27-2023.00,23912,0.0417262396434171,0.0344827586206896
27-2031.00,7692,0.0980652291282774,0.0266666666666666
27-2032.00,11028,0.075234078132372,0.1509433962264151
27-2032.00,11029,0.0164020825972867,0.0377358490566037
27-2032.00,11030,0.0226276905904174,0.1257861635220125
27-2032.00,11031,0.0184014605489267,0.0377358490566037
27-2032.00,11032,0.0761186891389036,0.050314465408805
27-2032.00,11033,0.0273102864313799,0.0188679245283018
27-2032.00,11034,0.0099845822100907,0.0188679245283018
27-2032.00,11035,0.0320618811646232,0.0628930817610062
27-2032.00,11036,0.0303977282587671,0.050314465408805
27-2032.00,11037,0.1010418207695329,0.10062893081761
27-2032.00,11038,0.0865830071230866,0.0754716981132075
27-2032.00,11039,0.0863000152540122,0.0377358490566037
27-2032.00,11040,0.0391488259682496,0.0628930817610062
27-2032.00,11041,0.0115413194334192,0.0251572327044025
27-2032.00,11042,0.1289955359484886,0.0251572327044025
27-2032.00,11043,0.042537663845372,0.0314465408805031
27-2032.00,11044,0.0568045632889693,0.0377358490566037
27-2032.00,11045,0.1385087692961014,0.050314465408805
27-2042.00,22588,0.0597349801792718,0.0153061224489795
27-2042.00,22590,0.0424342527331479,0.0306122448979591
27-2042.00,22597,0.1391506388563179,0.0204081632653061
27-2042.00,22599,0.0958795791198776,0.0153061224489795
27-3011.00,3939,0.1163437540191165,0.0150753768844221
27-3011.00,3943,0.1365388001425054,0.0050251256281407
27-3023.00,22623,0.0548943543332509,0.073394495412844
27-3023.00,22624,0.0580184504269301,0.0275229357798165
27-3023.00,22625,0.0477609747866855,0.0275229357798165
27-3023.00,22626,0.0418437018164278,0.036697247706422
27-3023.00,22627,0.0185018797203477,0.0275229357798165
27-3023.00,22628,0.0183381757896689,0.055045871559633
27-3023.00,22629,0.0135263584648199,0.0275229357798165
27-3023.00,22630,0.0421209023774764,0.073394495412844
27-3023.00,22631,0.046037880537585,0.036697247706422
27-3023.00,22632,0.0555779561747958,0.0275229357798165
27-3023.00,22633,0.0137404156805793,0.036697247706422
27-3023.00,22634,0.0160810531821103,0.073394495412844
27-3023.00,22635,0.0117243934838676,0.0275229357798165
27-3023.00,22636,0.0260159541151994,0.0275229357798165
27-3023.00,22637,0.0168864108765786,0.0458715596330275
27-3023.00,22638,0.0206650735251766,0.0275229357798165
27-3023.00,22639,0.0061307863812042,0.055045871559633
27-3023.00,22640,0.0121329891087491,0.018348623853211
27-3023.00,22641,0.045633421191209,0.018348623853211
27-3023.00,22642,0.0100240077469946,0.0275229357798165
27-3023.00,22643,0.009511593014977,0.018348623853211
27-3023.00,22644,0.0447934697465602,0.0275229357798165
27-3023.00,22645,0.0676624625701599,0.018348623853211
27-3023.00,22646,0.0604075376450757,0.018348623853211
27-3023.00,22647,0.0351823545428282,0.036697247706422
27-3023.00,22648,0.0238645312464634,0.018348623853211
27-3023.00,22649,0.0192915482940352,0.0275229357798165
27-3023.00,22650,0.0471298522122404,0.0275229357798165
27-3023.00,22651,0.0679093573331694,0.0137614678899082
27-3023.00,22652,0.0485921536748323,0.0229357798165137
27-3031.00,1764,0.0301735299489187,0.1
27-3031.00,1765,0.0120092932763916,0.075
27-3031.00,1767,0.027016115928651,0.0333333333333333
27-3031.00,1768,0.0038639067936626,0.0666666666666666
27-3031.00,1769,0.0401907995902949,0.0666666666666666
27-3031.00,1770,0.0057304170950595,0.0583333333333333
27-3031.00,1771,0.0500965433615319,0.0333333333333333
27-3031.00,1772,0.0363933889767562,0.025
27-3031.00,1773,0.0007150705486869,0.025
27-3031.00,1774,0.0704574533391791,0.0166666666666666
27-3031.00,1775,0.1166112040504165,0.0416666666666666
27-3031.00,19809,0.1865040066716717,0.0083333333333333
27-3031.00,19810,0.2326131186855972,0.0083333333333333
27-3031.00,19811,0.0292512222843372,0.025
27-3031.00,20554,0.0450478594364889,0.1166666666666666
27-3031.00,20555,0.0254966643797207,0.0833333333333333
27-3031.00,20557,0.0534247406173435,0.0833333333333333
27-3031.00,23951,0.0344046650152912,0.1333333333333333
27-3041.00,1779,0.0495141511612451,0.0402684563758389
27-3041.00,1792,0.0729989051824944,0.0201342281879194
27-3041.00,1795,0.108748802185772,0.0134228187919463
27-3043.05,11046,0.0138553279685866,0.1379310344827586
27-3043.05,11047,0.028005226770772,0.0413793103448275
27-3043.05,11048,0.0361815880919139,0.0551724137931034
27-3043.05,11049,0.003544071475753,0.0275862068965517
27-3043.05,11050,0.0429373702784295,0.0068965517241379
27-3043.05,11051,0.0240126203579743,0.2068965517241379
27-3043.05,11052,0.0300126401909002,0.1103448275862069
27-3043.05,11053,0.0014224743805631,0.0413793103448275
27-3043.05,11054,0.0104750505455913,0.1103448275862069
27-3043.05,11055,0.1238045561975277,0.0551724137931034
27-3043.05,11056,0.0003637081245415,0.0275862068965517
27-3043.05,11057,0.1936810551486111,0.0413793103448275
27-3043.05,11058,0.206112964747288,0.0275862068965517
27-3043.05,11059,0.0418551236606543,0.0551724137931034
27-3043.05,11060,0.1866945015522925,0.0275862068965517
27-3043.05,11061,0.0570417205086002,0.0275862068965517
27-3092.00,8663,0.1247375727225737,0.1219512195121951
27-4011.00,4000,0.2315483322152741,0.014388489208633
27-4012.00,4014,0.0087305912498879,0.024390243902439
27-4012.00,4027,0.152450555411147,0.0097560975609756
27-4012.00,4028,0.1565690711801411,0.0097560975609756
27-4014.00,7720,0.0547690144373763,0.0588235294117647
27-4014.00,7722,0.0625867672449377,0.1176470588235294
27-4014.00,7723,0.0424280934021945,0.0588235294117647
27-4014.00,7724,0.0472706582908432,0.0147058823529411
27-4014.00,7725,0.108611482776102,0.1470588235294117
27-4014.00,7726,0.0367710774217644,0.088235294117647
27-4014.00,7727,0.0671264985002676,0.1470588235294117
27-4014.00,7728,0.0294436761816742,0.0294117647058823
27-4014.00,7729,0.0676764864757593,0.1176470588235294
27-4014.00,7730,0.0705621866901444,0.0220588235294117
27-4014.00,7731,0.2143576381974874,0.0294117647058823
27-4014.00,18660,0.0934496286698388,0.0441176470588235
27-4014.00,18661,0.0766449464980366,0.0367647058823529
27-4014.00,18662,0.0283018452135729,0.088235294117647
27-4021.00,9343,0.0098183032249029,0.107095046854083
27-4021.00,9344,0.0309023740809542,0.0669344042838018
27-4021.00,9345,0.0258944463796304,0.107095046854083
27-4021.00,9346,0.0237247578021534,0.0401606425702811
27-4021.00,9347,0.0185072136679554,0.0535475234270415
27-4021.00,9349,0.0089088368898766,0.0133868808567603
27-4021.00,9350,0.013722905552781,0.0535475234270415
27-4021.00,9351,0.0220636991442188,0.0267737617135207
27-4021.00,9352,0.0206474494593128,0.1338688085676037
27-4021.00,9353,0.0182611856327222,0.0133868808567603
27-4021.00,9354,0.0192761560516525,0.0669344042838018
27-4021.00,9355,0.0037103739755262,0.0401606425702811
27-4021.00,9356,0.0111803330080888,0.0267737617135207
27-4021.00,9357,0.0203538910471897,0.0803212851405622
27-4021.00,9358,0.0119609395568217,0.0401606425702811
27-4021.00,9360,0.065607116979284,0.0066934404283801
27-4021.00,9361,0.0269955030422005,0.0133868808567603
27-4021.00,9362,0.0738465956301427,0.0066934404283801
27-4021.00,9363,0.0305916030943866,0.0066934404283801
27-4021.00,9364,0.0146941634945485,0.0066934404283801
27-4021.00,9365,0.1019448485777416,0.0066934404283801
27-4021.00,9366,0.0955899242353664,0.001338688085676
27-4021.00,9367,0.0948525159264602,0.0133868808567603
27-4021.00,9368,0.0081068512730899,0.0133868808567603
27-4021.00,20558,0.0198777068954286,0.0267737617135207
27-4021.00,20559,0.0946777436668326,0.0133868808567603
27-4021.00,20560,0.0394631037236866,0.0066934404283801
27-4021.00,20561,0.0748194579870437,0.0066934404283801
27-4031.00,4039,0.1430213909104191,0.0231213872832369
27-4032.00,4069,0.0754946848049865,0.0172413793103448
29-1022.00,9376,0.0178676118534235,0.048780487804878
29-1022.00,9380,0.084385110044122,0.040650406504065
29-1022.00,20244,0.1118813240600677,0.016260162601626
29-1031.00,314,0.0180767012361957,0.1424501424501424
29-1031.00,315,0.0131210370997973,0.0712250712250712
29-1031.00,316,0.0190044906053938,0.1139601139601139
29-1031.00,317,0.018848236406427,0.1139601139601139
29-1031.00,318,0.0519256024438925,0.0284900284900284
29-1031.00,319,0.0547352120200203,0.0142450142450142
29-1031.00,320,0.0421312126044296,0.0142450142450142
29-1031.00,321,0.0469810335064195,0.0213675213675213
29-1031.00,322,0.0214997876889157,0.0213675213675213
29-1031.00,323,0.0590103769403083,0.0142450142450142
29-1031.00,324,0.0511343613234511,0.0142450142450142
29-1031.00,325,0.0492862639543933,0.0284900284900284
29-1031.00,326,0.0602205481678516,0.0284900284900284
29-1031.00,327,0.0296241780599636,0.0284900284900284
29-1031.00,328,0.0552549855125881,0.0142450142450142
29-1031.00,329,0.0516121037667298,0.0213675213675213
29-1031.00,330,0.0142452904766785,0.0142450142450142
29-1031.00,331,0.0134233342206488,0.0142450142450142
29-1031.00,332,0.0673372024398425,0.0071225071225071
29-1031.00,333,0.0295818880432437,0.0071225071225071
29-1031.00,334,0.046315328739394,0.0071225071225071
29-1031.00,335,0.0213861993781864,0.0071225071225071
29-1031.00,336,0.0554833097058208,0.0028490028490028
29-1031.00,23913,0.0193951839879774,0.0569800569800569
29-1031.00,23914,0.0120180137403465,0.0427350427350427
29-1031.00,23915,0.0169040435617169,0.0854700854700854
29-1031.00,23916,0.0061385282367316,0.0569800569800569
29-1031.00,23917,0.0553055461326342,0.0071225071225071
29-1041.00,337,0.2270501927609382,0.404040404040404
29-1041.00,338,0.1950374287334079,0.1616161616161616
29-1041.00,339,0.1790102431248779,0.1212121212121212
29-1041.00,340,0.076153302291083,0.0404040404040404
29-1041.00,341,0.1630168483263418,0.0808080808080808
29-1041.00,342,0.031264796631934,0.0404040404040404
29-1041.00,343,0.0032929805725089,0.0202020202020202
29-1041.00,344,0.0348572347296654,0.0606060606060606
29-1041.00,345,0.0602658494982575,0.0303030303030303
29-1041.00,346,0.030051123330985,0.0404040404040404
29-1051.00,1826,0.0869449844706526,0.0059880239520958
29-1071.00,4073,0.0939477272739854,0.1626016260162601
29-1071.00,4074,0.0794625191604524,0.08130081300813
29-1071.00,4075,0.0979387495443813,0.1300813008130081
29-1071.00,4076,0.096827808464048,0.1951219512195122
29-1071.00,4077,0.0778259574648439,0.048780487804878
29-1071.00,4078,0.0924152583237712,0.065040650406504
29-1071.00,4079,0.0454469472093702,0.065040650406504
29-1071.00,4080,0.0776470216262344,0.0975609756097561
29-1071.00,4081,0.0780451628794168,0.048780487804878
29-1071.00,4082,0.0795590316975022,0.032520325203252
29-1071.00,4083,0.0715031333020115,0.065040650406504
29-1071.00,4084,0.1093806830539821,0.008130081300813
29-1122.00,347,0.1059477483816092,0.1626016260162601
29-1122.00,348,0.0657763831252285,0.08130081300813
29-1122.00,349,0.0545170786340248,0.0975609756097561
29-1122.00,350,0.0906076913280517,0.048780487804878
29-1122.00,351,0.0855266325641238,0.2439024390243902
29-1122.00,352,0.0372520715719131,0.024390243902439
29-1122.00,353,0.0456583280947859,0.048780487804878
29-1122.00,354,0.0491064877718881,0.032520325203252
29-1122.00,355,0.030458472635994,0.016260162601626
29-1122.00,356,0.0117863711991983,0.032520325203252
29-1122.00,357,0.0267474994667857,0.032520325203252
29-1122.00,358,0.0914225545929135,0.065040650406504
29-1122.00,359,0.0525198175815066,0.040650406504065
29-1122.00,360,0.069875710089952,0.008130081300813
29-1122.00,361,0.0625558741499884,0.008130081300813
29-1122.00,362,0.0799935521063281,0.008130081300813
29-1122.00,15231,0.0402477267057074,0.048780487804878
29-1122.01,17336,0.0724774873491909,0.081967213114754
29-1122.01,17337,0.0173567660310076,0.0163934426229508
29-1122.01,17338,0.0087326175012159,0.0327868852459016
29-1122.01,17339,0.0011145723613577,0.0245901639344262
29-1122.01,17340,0.002619664391797,0.0163934426229508
29-1122.01,17341,0.1203629560674442,0.0327868852459016
29-1122.01,17342,0.0039180699594714,0.0327868852459016
29-1122.01,17343,0.1496863327773787,0.040983606557377
29-1122.01,17344,0.13517130779138,0.0491803278688524
29-1122.01,17345,0.0497898793609923,0.081967213114754
29-1122.01,17346,0.0345491429116933,0.0491803278688524
29-1122.01,17347,0.0409463747281542,0.0655737704918032
29-1122.01,17348,0.0292293441222965,0.040983606557377
29-1122.01,17349,0.0242703048431931,0.0983606557377049
29-1122.01,17350,0.0235024421653152,0.0491803278688524
29-1122.01,17351,0.0162367442850132,0.0655737704918032
29-1122.01,17352,0.049804399574845,0.0655737704918032
29-1122.01,17353,0.0861644575510487,0.0327868852459016
29-1122.01,17354,0.0816077191060282,0.0655737704918032
29-1122.01,17355,0.0385828758572751,0.0327868852459016
29-1122.01,23918,0.0138765412639005,0.0245901639344262
29-1124.00,4105,0.0735423445423161,0.0104712041884816
29-1125.00,387,0.095987321646033,0.0909090909090909
29-1125.00,388,0.0394405432830576,0.0727272727272727
29-1125.00,389,0.0788527754648172,0.0545454545454545
29-1125.00,390,0.0685140052610554,0.0545454545454545
29-1125.00,391,0.0619264194521403,0.0545454545454545
29-1125.00,392,0.1618280128520705,0.1818181818181818
29-1125.00,393,0.1041520984579834,0.1454545454545454
29-1125.00,394,0.0676561228588122,0.0727272727272727
29-1125.00,395,0.1288009428253137,0.1454545454545454
29-1125.00,396,0.1081972132946845,0.0909090909090909
29-1125.00,20893,0.0846445446040318,0.0363636363636363
29-1128.00,19191,0.0274372132277175,0.0599700149925037
29-1128.00,19192,0.0512321655321209,0.0899550224887556
29-1128.00,19193,0.0502103885872137,0.0749625187406296
29-1128.00,19194,0.0284447693204976,0.0599700149925037
29-1128.00,19195,0.0617335593340919,0.0599700149925037
29-1128.00,19196,0.020887854879188,0.0299850074962518
29-1128.00,19197,0.0327680900251317,0.0374812593703148
29-1128.00,19198,0.0746508451182005,0.0149925037481259
29-1128.00,19199,0.0421366860742051,0.0674662668665667
29-1128.00,19200,0.0591875987509634,0.1199400299850075
29-1128.00,19201,0.0626513882443142,0.0449775112443778
29-1128.00,19202,0.0325999420565693,0.0224887556221889
29-1128.00,19203,0.042515738263626,0.0524737631184407
29-1128.00,19204,0.0300116643976277,0.0149925037481259
29-1128.00,19205,0.0613062635353398,0.0224887556221889
29-1128.00,19206,0.0280239151978372,0.0149925037481259
29-1128.00,19207,0.0449377870027758,0.0749625187406296
29-1128.00,19208,0.0207389137871888,0.0149925037481259
29-1128.00,19209,0.0527424849202188,0.0149925037481259
29-1128.00,19210,0.0551353012102074,0.0149925037481259
29-1128.00,19211,0.0141120629384626,0.0029985007496251
29-1128.00,19212,0.0067123505381694,0.0074962518740629
29-1128.00,19213,0.0348098867862457,0.0074962518740629
29-1128.00,19214,0.0343835115802484,0.0299850074962518
29-1128.00,19215,0.0306296186918377,0.0449775112443778
29-1129.01,19139,0.0390325939836145,0.0135593220338983
29-1129.01,19140,0.0314083242845395,0.0271186440677966
29-1129.01,19141,0.0393205413351472,0.0542372881355932
29-1129.01,19142,0.0233272450927046,0.0271186440677966
29-1129.01,19143,0.0472378396741377,0.2033898305084746
29-1129.01,19144,0.0123203471474216,0.0406779661016949
29-1129.01,19145,0.0536493513867968,0.0203389830508474
29-1129.01,19146,0.0425654978462338,0.0406779661016949
29-1129.01,19147,0.0356924161920492,0.0406779661016949
29-1129.01,19148,0.0259316525089026,0.0203389830508474
29-1129.01,19149,0.0257991521955891,0.0542372881355932
29-1129.01,19150,0.0422061249398641,0.0406779661016949
29-1129.01,19151,0.0610417590718628,0.0542372881355932
29-1129.01,19152,0.0547609849035319,0.0067796610169491
29-1129.01,19153,0.0529299712556385,0.135593220338983
29-1129.01,19154,0.0402988438493401,0.0677966101694915
29-1129.01,19155,0.0115865394216421,0.0067796610169491
29-1129.01,19156,0.0794661040017082,0.0067796610169491
29-1129.01,19157,0.1132554671272479,0.0033898305084745
29-1129.01,19158,0.0183842451588307,0.0271186440677966
29-1129.01,19159,0.0136339811568567,0.0135593220338983
29-1129.01,19160,0.0023994725314075,0.0135593220338983
29-1129.01,19161,0.0514975444280884,0.0406779661016949
29-1129.01,19162,0.0335769456344083,0.0271186440677966
29-1129.01,19163,0.0486770548724351,0.0135593220338983
29-1129.02,19164,0.0033003859964821,0.0112359550561797
29-1129.02,19165,0.0186266847388151,0.0168539325842696
29-1129.02,19166,0.024413660799482,0.0224719101123595
29-1129.02,19167,0.0462848507359818,0.0337078651685393
29-1129.02,19168,0.035092719715558,0.0224719101123595
29-1129.02,19169,0.0343641712929302,0.0280898876404494
29-1129.02,19170,0.0354151387703558,0.0337078651685393
29-1129.02,19171,0.0600202344293644,0.0449438202247191
29-1129.02,19172,0.0353575578451015,0.0449438202247191
29-1129.02,19173,0.0326228144690466,0.0224719101123595
29-1129.02,19174,0.023743351817239,0.0224719101123595
29-1129.02,19175,0.0483503709769834,0.0449438202247191
29-1129.02,19176,0.0558303782587314,0.0561797752808988
29-1129.02,19177,0.0413988238054701,0.0337078651685393
29-1129.02,19178,0.0781607078208819,0.1348314606741573
29-1129.02,19179,0.0631257573916213,0.1123595505617977
29-1129.02,19180,0.0416672017968518,0.0168539325842696
29-1129.02,19181,0.0589464866798767,0.0561797752808988
29-1129.02,19182,0.0372517717310512,0.0898876404494382
29-1129.02,19183,0.0150411459630823,0.0056179775280898
29-1129.02,19184,0.017765344211716,0.0224719101123595
29-1129.02,19185,0.0002684524494746,0.0056179775280898
29-1129.02,19186,0.0504897686588551,0.0056179775280898
29-1129.02,19187,0.0328422384623449,0.0056179775280898
29-1129.02,19188,0.0463803060112093,0.0337078651685393
29-1129.02,19189,0.0204045392399272,0.0112359550561797
29-1129.02,19190,0.0191974835821826,0.0112359550561797
29-1129.02,20165,0.0176885748154112,0.0168539325842696
29-1129.02,20166,0.0056328478081544,0.0224719101123595
29-1129.02,20167,0.000316229725817,0.0112359550561797
29-1131.00,4117,0.0216954047081593,0.0028901734104046
29-1131.00,18533,0.0006314428456052,0.0144508670520231
29-1131.00,20412,0.0114081741003029,0.0289017341040462
29-1141.00,1844,0.0729727216776938,0.018808777429467
29-1141.00,1859,0.1051242761284114,0.006269592476489
29-1141.01,18297,0.0475751575800195,0.0234375
29-1141.01,18298,0.067158449905877,0.046875
29-1141.01,18299,0.0451332435708077,0.015625
29-1141.01,18300,0.0382446145528799,0.078125
29-1141.01,18301,0.0318100280749903,0.03125
29-1141.01,18302,0.0044742142982851,0.03125
29-1141.01,18303,0.0340809557286643,0.0625
29-1141.01,18304,0.0666849243486171,0.015625
29-1141.01,18305,0.0228109395474833,0.03125
29-1141.01,18306,0.0249600924707916,0.046875
29-1141.01,18307,0.0324564870793087,0.046875
29-1141.01,18308,0.0447875601523628,0.125
29-1141.01,18309,0.0109142789314663,0.03125
29-1141.01,18310,0.0283542366299825,0.0625
29-1141.01,18311,0.0234597335066425,0.03125
29-1141.01,18312,0.0942748175844983,0.0390625
29-1141.01,18313,0.0131771755556744,0.0234375
29-1141.01,18314,0.1182912291370651,0.046875
29-1141.01,18315,0.0927943600830541,0.015625
29-1141.01,18316,0.0090359051113228,0.0625
29-1141.01,18317,0.0417782497075323,0.015625
29-1141.01,18318,0.0320258201540866,0.015625
29-1141.01,18319,0.0223705432122028,0.0234375
29-1141.01,18321,0.0076479207558066,0.015625
29-1141.01,18322,0.0040750313026899,0.0078125
29-1141.01,18323,0.027206156702717,0.0390625
29-1141.01,18324,0.0144178743151703,0.015625
29-1141.02,17312,0.033310093239805,0.008130081300813
29-1141.02,17313,0.0041866743880657,0.016260162601626
29-1141.02,17314,0.1142946144916923,0.008130081300813
29-1141.02,17315,0.079622728231452,0.008130081300813
29-1141.02,17316,0.0141653964716319,0.008130081300813
29-1141.02,17317,0.0198541516300927,0.008130081300813
29-1141.02,17318,0.097340267360144,0.008130081300813
29-1141.02,17319,0.065882357042932,0.048780487804878
29-1141.02,17320,0.0096004255084078,0.016260162601626
29-1141.02,17321,0.0260352430688184,0.024390243902439
29-1141.02,17322,0.008586768866032,0.024390243902439
29-1141.02,17323,0.0206885956612417,0.032520325203252
29-1141.02,17324,0.0527063572584142,0.08130081300813
29-1141.02,17325,0.0369624618557523,0.065040650406504
29-1141.02,17326,0.0536912749920677,0.0975609756097561
29-1141.02,17327,0.0455897438412094,0.065040650406504
29-1141.02,17328,0.0317840583576945,0.032520325203252
29-1141.02,17329,0.0523904113848302,0.1300813008130081
29-1141.02,17330,0.0128742844059328,0.024390243902439
29-1141.02,17331,0.0596183015652122,0.08130081300813
29-1141.02,17332,0.0178669959437033,0.048780487804878
29-1141.02,17333,0.0563476056987532,0.016260162601626
29-1141.02,17334,0.0487430104167413,0.065040650406504
29-1141.02,17335,0.0378581783193723,0.08130081300813
29-1141.03,18325,0.0264057324613647,0.0078740157480314
29-1141.03,18326,0.0265013881070563,0.0078740157480314
29-1141.03,18327,0.0802301955574529,0.0787401574803149
29-1141.03,18328,0.0192889679174277,0.0314960629921259
29-1141.03,18329,0.0045196396631512,0.0236220472440944
29-1141.03,18330,0.0698818818518526,0.0944881889763779
29-1141.03,18331,0.0249248265233942,0.0472440944881889
29-1141.03,18332,0.0389539952833143,0.0629921259842519
29-1141.03,18333,0.0719354640479209,0.0472440944881889
29-1141.03,18334,0.0649212208316029,0.0944881889763779
29-1141.03,18335,0.0524677823291964,0.0472440944881889
29-1141.03,18336,0.0192610390023219,0.0157480314960629
29-1141.03,18337,0.0238631705450223,0.0472440944881889
29-1141.03,18338,0.0503507071604015,0.0314960629921259
29-1141.03,18339,0.0485883198368366,0.0472440944881889
29-1141.03,18340,0.0423724729930326,0.0314960629921259
29-1141.03,18341,0.0325337703317102,0.0629921259842519
29-1141.03,18342,0.0234289886577494,0.0629921259842519
29-1141.03,18343,0.026120956642562,0.0078740157480314
29-1141.03,18344,0.0631992130933126,0.0314960629921259
29-1141.03,18345,0.0093148289943231,0.0314960629921259
29-1141.03,18346,0.0369623458817896,0.0078740157480314
29-1141.03,18347,0.0099770077205396,0.0078740157480314
29-1141.03,18348,0.0251788546293349,0.0157480314960629
29-1141.03,18349,0.0119316707671398,0.0078740157480314
29-1141.03,18350,0.0004464384615279,0.0157480314960629
29-1141.03,18351,0.0092233151598585,0.0078740157480314
29-1141.03,18352,0.0183581875943011,0.0078740157480314
29-1141.03,18353,0.068857617954501,0.0157480314960629
29-1141.04,18000,0.0040601813154022,0.0263157894736842
29-1141.04,18001,0.0194228180646139,0.0631578947368421
29-1141.04,18002,0.0187319320905028,0.031578947368421
29-1141.04,18003,0.071870627529011,0.0631578947368421
29-1141.04,18004,0.0320271995016998,0.0842105263157894
29-1141.04,18005,0.0247271513533411,0.0157894736842105
29-1141.04,18006,0.0326029044469964,0.0526315789473684
29-1141.04,18007,0.0057975730217657,0.0157894736842105
29-1141.04,18008,0.0235680838595864,0.0263157894736842
29-1141.04,18009,0.0297692509393862,0.0421052631578947
29-1141.04,18010,0.0121059699023479,0.0368421052631578
29-1141.04,18011,0.0298725301509996,0.0368421052631578
29-1141.04,18012,0.1142701409625384,0.031578947368421
29-1141.04,18013,0.0278739424389401,0.031578947368421
29-1141.04,18014,0.0408865514946783,0.0421052631578947
29-1141.04,18015,0.0246926804608532,0.0210526315789473
29-1141.04,18016,0.0236474793572874,0.0210526315789473
29-1141.04,18017,0.0253946140707233,0.0526315789473684
29-1141.04,18018,0.0223410922579647,0.0210526315789473
29-1141.04,18019,0.1028288262049606,0.0263157894736842
29-1141.04,18020,0.0271149029625317,0.0421052631578947
29-1141.04,18021,0.091751423073441,0.0263157894736842
29-1141.04,20414,0.0151027954218964,0.0421052631578947
29-1141.04,20415,0.0203439993634287,0.0263157894736842
29-1141.04,20416,0.0080731657694898,0.0157894736842105
29-1141.04,20417,0.0106493236121038,0.0157894736842105
29-1141.04,20418,0.0129857267378738,0.0210526315789473
29-1141.04,20419,0.0539436663798311,0.0157894736842105
29-1141.04,20420,0.0577718544580218,0.0210526315789473
29-1141.04,21188,0.0157715927977818,0.031578947368421
29-1151.00,18354,0.0249248051899088,0.0222222222222222
29-1151.00,18355,0.0448785164605749,0.0444444444444444
29-1151.00,18356,0.036930971916957,0.0444444444444444
29-1151.00,18357,0.0473460910724751,0.0166666666666666
29-1151.00,18358,0.0450463647808555,0.0222222222222222
29-1151.00,18359,0.0572080220035843,0.0166666666666666
29-1151.00,18360,0.0295072111769079,0.0222222222222222
29-1151.00,18361,0.0655264136522798,0.1111111111111111
29-1151.00,18362,0.0920836060057241,0.1666666666666666
29-1151.00,18363,0.0300174917778371,0.0555555555555555
29-1151.00,18364,0.0413795908536907,0.0666666666666666
29-1151.00,18365,0.0175232944078733,0.0222222222222222
29-1151.00,18366,0.0793302620659547,0.0888888888888888
29-1151.00,18367,0.0479030423170426,0.0444444444444444
29-1151.00,18368,0.0562683417294454,0.0333333333333333
29-1151.00,18369,0.0487376870835045,0.0222222222222222
29-1151.00,18370,0.0639589567822877,0.0555555555555555
29-1151.00,18371,0.0304181825568714,0.0222222222222222
29-1151.00,18372,0.0389242042388775,0.0166666666666666
29-1151.00,18373,0.0228779658558036,0.0222222222222222
29-1151.00,18374,0.0304646616657205,0.0333333333333333
29-1151.00,18375,0.0179470332065429,0.0222222222222222
29-1151.00,18376,0.0112254709262147,0.0222222222222222
29-1151.00,18377,0.0195718122730649,0.0055555555555555
29-1161.00,18441,0.0636184295843612,0.0681818181818181
29-1161.00,18442,0.0768507422320366,0.1704545454545454
29-1161.00,18443,0.0717162528454664,0.0909090909090909
29-1161.00,18444,0.0656282154299616,0.0568181818181818
29-1161.00,18445,0.0640878686139905,0.0909090909090909
29-1161.00,18446,0.0133056624960549,0.0227272727272727
29-1161.00,18447,0.0627529013734822,0.0454545454545454
29-1161.00,18448,0.0679020607297284,0.0568181818181818
29-1161.00,18449,0.0604497161343636,0.0454545454545454
29-1161.00,18450,0.0012322774527768,0.0056818181818181
29-1161.00,18451,0.1097731863198541,0.034090909090909
29-1161.00,18452,0.0516859706606678,0.1136363636363636
29-1161.00,18453,0.0654228358544988,0.034090909090909
29-1161.00,18454,0.0389959264217801,0.0227272727272727
29-1161.00,18455,0.0315873496567354,0.034090909090909
29-1161.00,18456,0.0600976368621416,0.034090909090909
29-1161.00,18457,0.024907113311265,0.0056818181818181
29-1161.00,18458,0.0025336562726162,0.0113636363636363
29-1161.00,18459,0.0079951334733737,0.0227272727272727
29-1161.00,18460,0.04654382346762,0.0113636363636363
29-1161.00,23919,0.0129132408072242,0.0227272727272727
29-1171.00,18378,0.042026239602491,0.0423280423280423
29-1171.00,18379,0.0418447469004619,0.0158730158730158
29-1171.00,18380,0.0396873569955547,0.0317460317460317
29-1171.00,18381,0.0424996225847489,0.0529100529100529
29-1171.00,18382,0.0570858600064797,0.0846560846560846
29-1171.00,18383,0.0442977365275957,0.0634920634920634
29-1171.00,18384,0.0328291765605544,0.0634920634920634
29-1171.00,18385,0.0296994444864333,0.037037037037037
29-1171.00,18386,0.0582858837843612,0.0529100529100529
29-1171.00,18387,0.0171814247765147,0.0264550264550264
29-1171.00,18388,0.0272435579683803,0.0158730158730158
29-1171.00,18389,0.0532610909047078,0.0529100529100529
29-1171.00,18390,0.0394456199753187,0.0317460317460317
29-1171.00,18391,0.0438420154750629,0.0529100529100529
29-1171.00,18392,0.0484897436411502,0.0317460317460317
29-1171.00,18393,0.0525468996044632,0.0423280423280423
29-1171.00,18394,0.0369599491655849,0.0317460317460317
29-1171.00,18395,0.046919308179743,0.0264550264550264
29-1171.00,18396,0.047695892542032,0.0317460317460317
29-1171.00,18397,0.0198971557953073,0.0052910052910052
29-1171.00,18398,0.0266329401220492,0.0158730158730158
29-1171.00,18399,0.0611501578827951,0.1058201058201058
29-1171.00,18400,0.0113993277837498,0.0211640211640211
29-1171.00,18401,0.0052420690591553,0.0105820105820105
29-1171.00,18402,0.0077286591894539,0.0105820105820105
29-1171.00,18403,0.0442400160357207,0.0105820105820105
29-1171.00,18404,0.0218681044501292,0.0317460317460317
29-1181.00,7870,0.0521183133321131,0.03125
29-1181.00,7872,0.0497450120479307,0.015625
29-1181.00,7875,0.0198709263856231,0.0078125
29-1181.00,18672,0.0478728870827938,0.0625
29-1181.00,18673,0.069899242784212,0.125
29-1181.00,18674,0.0713380123292601,0.03125
29-1181.00,18675,0.000464537004564,0.015625
29-1181.00,18676,0.0473027487856215,0.0078125
29-1181.00,18677,0.0366266745367803,0.03125
29-1181.00,18678,0.074130420531713,0.1875
29-1181.00,18679,0.0029490455782237,0.015625
29-1181.00,18680,0.0323890132728859,0.046875
29-1181.00,18681,0.074130420531713,0.125
29-1181.00,18682,0.0265789402201236,0.015625
29-1181.00,18683,0.0052736304012863,0.0078125
29-1181.00,18684,0.056150711037266,0.03125
29-1181.00,18685,0.0502727723757199,0.015625
29-1181.00,18686,0.0720408979926474,0.046875
29-1181.00,18687,0.0377482547667955,0.0078125
29-1181.00,18688,0.0258395773955825,0.015625
29-1181.00,18689,0.0311866906364349,0.046875
29-1181.00,18690,0.1160712709707086,0.109375
29-1211.00,7770,0.0647162231400476,0.0118343195266272
29-1213.00,17086,0.056495675771525,0.0198675496688741
29-1214.00,22715,0.0806908651263343,0.0987654320987654
29-1214.00,22716,0.0588220564771932,0.037037037037037
29-1214.00,22717,0.0851427629159463,0.1481481481481481
29-1214.00,22718,0.059022330924633,0.0493827160493827
29-1214.00,22719,0.0826210463951386,0.0987654320987654
29-1214.00,22720,0.0452788597851019,0.0493827160493827
29-1214.00,22721,0.0756573006806797,0.0617283950617283
29-1214.00,22722,0.0380165555521184,0.037037037037037
29-1214.00,22723,0.0851427629159463,0.0617283950617283
29-1214.00,22724,0.0632565390974626,0.0246913580246913
29-1214.00,22725,0.076815989947607,0.074074074074074
29-1214.00,22726,0.0155678217638688,0.0246913580246913
29-1214.00,22727,0.0043043488837138,0.037037037037037
29-1214.00,22728,0.0457517932684543,0.0246913580246913
29-1214.00,22729,0.0750651849230314,0.0493827160493827
29-1214.00,22730,0.0851427629159463,0.074074074074074
29-1214.00,22731,0.0237010184268232,0.0493827160493827
29-1215.00,7782,0.0431731003651678,0.0078125
29-1215.00,20120,0.0375409580978846,0.03125
29-1215.00,20121,0.0600426884086038,0.015625
29-1216.00,7802,0.0875695539338867,0.0049751243781094
29-1221.00,7821,0.0485968997556144,0.1103448275862069
29-1221.00,7824,0.048008871818493,0.1379310344827586
29-1221.00,7832,0.0932930340442073,0.0068965517241379
29-1222.00,17177,0.1002786902402027,0.0059523809523809
29-1229.01,17061,0.0598498913881146,0.0064935064935064
29-1229.01,17062,0.0076279547797693,0.0259740259740259
29-1229.02,17096,0.0597471507882708,0.0372670807453416
29-1229.02,17097,0.0030222684920759,0.0248447204968944
29-1229.02,17098,0.0991019831220818,0.0496894409937888
29-1229.02,17099,0.0555008063294286,0.0993788819875776
29-1229.02,17100,0.0747368324595658,0.0186335403726708
29-1229.02,17101,0.0713931393832533,0.062111801242236
29-1229.02,17102,0.1415448152947402,0.062111801242236
29-1229.02,17103,0.1004076887106832,0.0993788819875776
29-1229.02,17104,0.0963576919394529,0.0372670807453416
29-1229.02,17105,0.0619336130973678,0.0745341614906832
29-1229.02,17106,0.133614972850391,0.2484472049689441
29-1229.02,17107,0.0451235574435646,0.124223602484472
29-1229.02,17108,0.0302091564332626,0.0372670807453416
29-1229.02,23920,0.0273063236558611,0.0248447204968944
29-1229.03,17292,0.0487609682840226,0.0285714285714285
29-1229.05,17211,0.0257515266184105,0.0405405405405405
29-1229.05,17212,0.1521700442226465,0.1081081081081081
29-1229.05,17213,0.0576604222584178,0.0675675675675675
29-1229.05,17214,0.1561721057960296,0.081081081081081
29-1229.05,17215,0.0009963667177066,0.027027027027027
29-1229.05,17216,0.0630927533843477,0.0675675675675675
29-1229.05,17217,0.0138241385842103,0.054054054054054
29-1229.05,17218,0.0828609174737926,0.0675675675675675
29-1229.05,17219,0.0725822826949192,0.0675675675675675
29-1229.05,17220,0.0122548089420994,0.081081081081081
29-1229.05,17221,0.0019185691447689,0.054054054054054
29-1229.05,17222,0.2275462071487623,0.1081081081081081
29-1229.05,17223,0.0106862838902508,0.081081081081081
29-1229.05,17224,0.1123027139045999,0.054054054054054
29-1229.05,17225,0.0101808592190371,0.0405405405405405
29-1291.00,17356,0.0471139199433974,0.02
29-1291.00,17357,0.0679482084569876,0.0533333333333333
29-1291.00,17358,0.0585897436618763,0.0866666666666666
29-1291.00,17359,0.050465531399966,0.0333333333333333
29-1291.00,17360,0.0359516707708107,0.02
29-1291.00,17361,0.0612116337407851,0.02
29-1291.00,17362,0.0685073278734008,0.1066666666666666
29-1291.00,17363,0.0492207641020954,0.0533333333333333
29-1291.00,17364,0.0494212709014685,0.0333333333333333
29-1291.00,17365,0.0576677603374248,0.0466666666666666
29-1291.00,17366,0.0498741200479212,0.0666666666666666
29-1291.00,17367,0.0417969753144927,0.02
29-1291.00,17368,0.0562505434245606,0.0333333333333333
29-1291.00,17369,0.0498594635195298,0.06
29-1291.00,17370,0.0599006887013307,0.0533333333333333
29-1291.00,17371,0.0573302292574337,0.0533333333333333
29-1291.00,17372,0.0703828206731172,0.16
29-1291.00,17373,0.0685073278734008,0.08
29-1292.00,428,0.0856688330499049,0.0046511627906976
29-1292.00,23921,0.0017486525547172,0.0093023255813953
29-1299.01,18405,0.0662718737007283,0.0343642611683848
29-1299.01,18406,0.0156861766904341,0.0257731958762886
29-1299.01,18407,0.0192967075114516,0.0171821305841924
29-1299.01,18408,0.0469272039408708,0.0687285223367697
29-1299.01,18409,0.064495721834157,0.1030927835051546
29-1299.01,18410,0.0624690133297285,0.0859106529209622
29-1299.01,18411,0.0822004297886315,0.1374570446735395
29-1299.01,18412,0.0730951514120447,0.0859106529209622
29-1299.01,18413,0.0670249658276534,0.1030927835051546
29-1299.01,18414,0.057803466743993,0.0859106529209622
29-1299.01,18415,0.0361497532894515,0.0171821305841924
29-1299.01,18416,0.0417225922869054,0.0085910652920962
29-1299.01,18417,0.067457683481853,0.0171821305841924
29-1299.01,18418,0.0777645249384995,0.120274914089347
29-1299.01,18419,0.1022951736063796,0.0085910652920962
29-1299.01,18420,0.0155888980752996,0.0343642611683848
29-1299.01,18421,0.0304628138939393,0.0034364261168384
29-1299.01,18422,0.0122468640143425,0.0085910652920962
29-1299.01,18423,0.0438567182701308,0.0085910652920962
29-1299.01,18424,0.017184267363505,0.0257731958762886
29-1299.02,18425,0.0364927803423012,0.0368098159509202
29-1299.02,18426,0.0732151991013992,0.0981595092024539
29-1299.02,18427,0.0539739975951636,0.0613496932515337
29-1299.02,18428,0.0945786941714556,0.147239263803681
29-1299.02,18429,0.0945114503854026,0.147239263803681
29-1299.02,18430,0.0883887491213337,0.1226993865030674
29-1299.02,18431,0.0798536155749519,0.0736196319018405
29-1299.02,18432,0.0744679803706313,0.0736196319018405
29-1299.02,18433,0.0746538445416023,0.0184049079754601
29-1299.02,18434,0.0780636056976639,0.0490797546012269
29-1299.02,18435,0.057281871382836,0.0490797546012269
29-1299.02,18436,0.0616253693872828,0.0613496932515337
29-1299.02,18437,0.0469743119276056,0.0184049079754601
29-1299.02,18438,0.0311615018275863,0.0061349693251533
29-1299.02,18439,0.0306532977064192,0.0122699386503067
29-1299.02,18440,0.0241037308663641,0.0245398773006134
29-2011.00,1901,0.1086277577267706,0.0254777070063694
29-2011.01,17374,0.00058827515119,0.0106951871657754
29-2011.01,17375,0.01496250651249,0.0320855614973262
29-2011.01,17376,0.028439139069206,0.0320855614973262
29-2011.01,17377,0.0192557635739311,0.0320855614973262
29-2011.01,17378,0.0266172927879179,0.0106951871657754
29-2011.01,17379,0.0085184468085284,0.0106951871657754
29-2011.01,17380,0.0125921968503084,0.0427807486631016
29-2011.01,17381,0.0179161135144651,0.0106951871657754
29-2011.01,17382,0.0119168328840618,0.0427807486631016
29-2011.01,17383,0.0466917976705542,0.0427807486631016
29-2011.01,17384,0.0079421356137477,0.0106951871657754
29-2011.01,17385,0.0548546394457302,0.0855614973262032
29-2011.01,17386,0.0700400467321574,0.053475935828877
29-2011.01,17387,0.1017597336708885,0.0213903743315508
29-2011.01,17388,0.0222527758463744,0.053475935828877
29-2011.01,17389,0.051223272024725,0.0855614973262032
29-2011.01,17390,0.045332355364303,0.053475935828877
29-2011.01,17391,0.048277813694514,0.0641711229946524
29-2011.01,17392,0.0286831415344306,0.0213903743315508
29-2011.01,17393,0.0199997239415095,0.0213903743315508
29-2011.01,17394,0.0360512489142782,0.0213903743315508
29-2011.01,20565,0.018815687699151,0.0213903743315508
29-2011.01,20566,0.0354611594744097,0.0320855614973262
29-2011.01,20567,0.0724921780038986,0.0427807486631016
29-2011.01,20568,0.0362646467039087,0.0427807486631016
29-2011.01,20569,0.0609953225758156,0.0427807486631016
29-2011.01,20570,0.0197774140423897,0.0213903743315508
29-2011.01,20571,0.0199267703532987,0.0213903743315508
29-2011.01,20572,0.0400283680152431,0.0053475935828877
29-2011.01,20573,0.0223232015265721,0.0106951871657754
29-2011.02,17395,0.1296651820394651,0.2903225806451613
29-2011.02,17396,0.0967253012191062,0.064516129032258
29-2011.02,17397,0.0817025375987976,0.1935483870967742
29-2011.02,17398,0.0684228902916816,0.0564516129032258
29-2011.02,17399,0.0268073820639241,0.0483870967741935
29-2011.02,17400,0.1282910321079668,0.032258064516129
29-2011.02,17401,0.1047412204269491,0.0806451612903225
29-2011.02,17402,0.0840468246234165,0.0483870967741935
29-2011.02,17404,0.1371188401505075,0.0806451612903225
29-2011.02,17405,0.0726366602705349,0.0403225806451612
29-2011.02,17406,0.0184605723783083,0.0241935483870967
29-2011.02,17407,0.0337643195153563,0.0241935483870967
29-2011.02,17408,0.0176172373139856,0.0161290322580645
29-2011.04,22778,0.025330777567562,0.036231884057971
29-2011.04,22779,0.0530933097816101,0.0579710144927536
29-2011.04,22780,0.0862587239097675,0.144927536231884
29-2011.04,22781,0.0638415622326472,0.0869565217391304
29-2011.04,22782,0.0341630466261997,0.0579710144927536
29-2011.04,22783,0.096798530468844,0.0434782608695652
29-2011.04,22784,0.0320646951993179,0.072463768115942
29-2011.04,22785,0.2542040477623818,0.0289855072463768
29-2011.04,22786,0.0634616931027694,0.0869565217391304
29-2011.04,22787,0.0671989483340493,0.0579710144927536
29-2011.04,22788,0.0485175269245964,0.0579710144927536
29-2011.04,22789,0.0244493885842474,0.0579710144927536
29-2011.04,22790,0.0238283606587154,0.0289855072463768
29-2011.04,22791,0.0579356592282605,0.1159420289855072
29-2011.04,22792,0.0584000703810032,0.0434782608695652
29-2011.04,22793,0.0104536592380275,0.0217391304347826
29-2012.01,22794,0.1073657266324071,0.0588235294117647
29-2012.01,22795,0.1471630377006995,0.2352941176470588
29-2012.01,22796,0.1276600674288005,0.1568627450980392
29-2012.01,22797,0.087224423205866,0.0588235294117647
29-2012.01,22798,0.0515351924792908,0.0784313725490196
29-2012.01,22799,0.1751985574665544,0.1176470588235294
29-2012.01,22800,0.1497045185142564,0.0980392156862745
29-2012.01,22801,0.1541484765721249,0.196078431372549
29-2031.00,4137,0.0301607468310359,0.0141843971631205
29-2032.00,433,0.0311687157044313,0.1030927835051546
29-2032.00,450,0.0703461604033525,0.0051546391752577
29-2033.00,4163,0.0853273571470541,0.0076335877862595
29-2035.00,19216,0.0393260275533133,0.0236220472440944
29-2035.00,19217,0.0442494725581766,0.0157480314960629
29-2035.00,19218,0.0463377875431108,0.0708661417322834
29-2035.00,19219,0.0527753234550094,0.0078740157480314
29-2035.00,19220,0.0350814486142384,0.0236220472440944
29-2035.00,19221,0.0713657158498849,0.0078740157480314
29-2035.00,19222,0.0318563912653794,0.0551181102362204
29-2035.00,19223,0.0204885330582036,0.0551181102362204
29-2035.00,19224,0.0454353815610471,0.0708661417322834
29-2035.00,19225,0.048717851700129,0.2834645669291338
29-2035.00,19226,0.0476136799242362,0.0866141732283464
29-2035.00,19227,0.048717851700129,0.0078740157480314
29-2035.00,19228,0.0492663280233203,0.0708661417322834
29-2035.00,19229,0.006356658036488,0.0157480314960629
29-2035.00,19230,0.0101666442444075,0.0157480314960629
29-2035.00,19231,0.0199804242210874,0.0236220472440944
29-2035.00,19232,0.0541512255460502,0.0157480314960629
29-2035.00,19233,0.0822596382372664,0.0078740157480314
29-2035.00,19235,0.0648011956362988,0.0157480314960629
29-2035.00,19236,0.0456066139874399,0.0393700787401574
29-2035.00,19237,0.0075984888485621,0.0236220472440944
29-2035.00,19238,0.0575583379273854,0.0551181102362204
29-2036.00,22832,0.0236045839231954,0.0268456375838926
29-2036.00,22833,0.0427969024882157,0.1073825503355704
29-2036.00,22834,0.0462977139695847,0.0805369127516778
29-2036.00,22835,0.0647080589669435,0.0134228187919463
29-2036.00,22836,0.0422560333288024,0.0536912751677852
29-2036.00,22837,0.0537136341490529,0.1342281879194631
29-2036.00,22838,0.0376596170007629,0.1610738255033557
29-2036.00,22839,0.0497208447228169,0.0268456375838926
29-2036.00,22840,0.0950359616975387,0.0402684563758389
29-2036.00,22841,0.1035722088743427,0.0067114093959731
29-2036.00,22842,0.0497797526083207,0.0134228187919463
29-2036.00,22843,0.0459041316136912,0.0134228187919463
29-2036.00,22844,0.0506064050235774,0.1342281879194631
29-2036.00,22846,0.0838201851269505,0.0067114093959731
29-2036.00,22847,0.0453137580798508,0.0402684563758389
29-2036.00,22848,0.0467120111863148,0.0402684563758389
29-2036.00,22849,0.0631388958296619,0.0536912751677852
29-2036.00,22850,0.027220360810721,0.0268456375838926
29-2036.00,22851,0.0281389405996549,0.0134228187919463
29-2053.00,6953,0.1148951340243756,0.0617283950617283
29-2053.00,6956,0.0889000771611891,0.0493827160493827
29-2053.00,6957,0.1510349496674444,0.0185185185185185
29-2056.00,4180,0.0100754285998231,0.0064516129032258
29-2056.00,4196,0.0043709400656155,0.0129032258064516
29-2056.00,4200,0.0649673239602657,0.0064516129032258
29-2057.00,19239,0.0655653411260934,0.0703125
29-2057.00,19240,0.0452416089216772,0.0390625
29-2057.00,19241,0.0189793961721694,0.0234375
29-2057.00,19242,0.0314596047397424,0.0234375
29-2057.00,19243,0.0197945156951042,0.0390625
29-2057.00,19244,0.0500963194931184,0.0234375
29-2057.00,19245,0.0259182444615349,0.0625
29-2057.00,19246,0.0330813129210031,0.03125
29-2057.00,19247,0.0105963693596775,0.0234375
29-2057.00,19248,0.0638142974057928,0.0546875
29-2057.00,19249,0.070565695567468,0.109375
29-2057.00,19250,0.0669289124560745,0.125
29-2057.00,19251,0.0309356986234213,0.0546875
29-2057.00,19252,0.0701573639436164,0.09375
29-2057.00,19253,0.1352737621553787,0.015625
29-2057.00,19254,0.1106850991008661,0.015625
29-2057.00,19255,0.0191964398321224,0.078125
29-2057.00,19256,0.0174381257341108,0.015625
29-2057.00,19257,0.070565695567468,0.0625
29-2057.00,19258,0.0437061967235594,0.0390625
29-2061.00,524,0.1297237469144395,0.0321543408360128
29-2061.00,527,0.0699094864969257,0.0032154340836012
29-2061.00,528,0.0892134879316234,0.0241157556270096
29-2081.00,4201,0.0615268160831193,0.0709219858156028
29-2081.00,4202,0.0376424158204604,0.0425531914893617
29-2081.00,4203,0.0381613801346449,0.0496453900709219
29-2081.00,4204,0.0615268160831193,0.1134751773049645
29-2081.00,4205,0.065612814818865,0.0567375886524822
29-2081.00,4206,0.0318873731649263,0.0567375886524822
29-2081.00,4207,0.0589718785899246,0.0851063829787234
29-2081.00,4208,0.0574407541785353,0.0709219858156028
29-2081.00,4209,0.0589718785899246,0.0709219858156028
29-2081.00,4210,0.0633994513918079,0.0567375886524822
29-2081.00,4211,0.0567435074477786,0.0283687943262411
29-2081.00,4212,0.0360895171769764,0.0425531914893617
29-2081.00,4213,0.0472319031043972,0.0354609929078014
29-2081.00,4214,0.0170288162788902,0.0354609929078014
29-2081.00,4215,0.0244301699762023,0.0283687943262411
29-2081.00,4216,0.0261150336626848,0.0212765957446808
29-2081.00,4217,0.0826865384059925,0.0283687943262411
29-2081.00,4218,0.0679283036008322,0.0212765957446808
29-2081.00,4219,0.0405479459321006,0.0425531914893617
29-2081.00,4220,0.042450778667257,0.0141843971631205
29-2081.00,18551,0.0236059068915596,0.0283687943262411
29-2091.00,9383,0.0839796162461297,0.116504854368932
29-2091.00,9384,0.1002728751256678,0.1553398058252427
29-2091.00,9385,0.0850629446290777,0.058252427184466
29-2091.00,9386,0.0870165580911647,0.0970873786407767
29-2091.00,9387,0.1408326897832413,0.0970873786407767
29-2091.00,9388,0.0208107382364312,0.0776699029126213
29-2091.00,9389,0.0839362831108118,0.0388349514563106
29-2091.00,9390,0.0208974045070671,0.0388349514563106
29-2091.00,9391,0.0476664488497124,0.0776699029126213
29-2091.00,9392,0.0385664904329491,0.116504854368932
29-2091.00,9393,0.0642523814411799,0.058252427184466
29-2091.00,9394,0.0005524974753034,0.0194174757281553
29-2091.00,9395,0.0049074775747544,0.0194174757281553
29-2091.00,9396,0.0280457291186972,0.0194174757281553
29-2091.00,9397,0.1931998653778116,0.0097087378640776
29-2099.01,17423,0.066028762386901,0.08
29-2099.01,17424,0.0467558557193766,0.0666666666666666
29-2099.01,17425,0.0553812109366342,0.2
29-2099.01,17426,0.0313415574899518,0.0266666666666666
29-2099.01,17427,0.0392706167296261,0.0266666666666666
29-2099.01,17428,0.0832650930891847,0.04
29-2099.01,17429,0.1177167508409337,0.0533333333333333
29-2099.01,17430,0.051526177210236,0.0533333333333333
29-2099.01,17431,0.0841671323056087,0.2
29-2099.01,17432,0.0830261394860863,0.0533333333333333
29-2099.01,17433,0.1006004288209474,0.04
29-2099.01,17434,0.0682618060219617,0.04
29-2099.01,17435,0.05658651913297,0.04
29-2099.01,17436,0.0304042488854282,0.0266666666666666
29-2099.01,17437,0.0826743343066943,0.04
29-2099.01,17438,0.0029933666374586,0.0133333333333333
29-2099.05,19259,0.0486504888782576,0.0372670807453416
29-2099.05,19260,0.0165160502901767,0.0124223602484472
29-2099.05,19261,0.0311909749794603,0.0248447204968944
29-2099.05,19262,0.0110389994708129,0.062111801242236
29-2099.05,19263,0.0361447543257409,0.0248447204968944
29-2099.05,19264,0.0177665152310933,0.0248447204968944
29-2099.05,19265,0.0224494784923844,0.0124223602484472
29-2099.05,19266,0.0298935575991155,0.0248447204968944
29-2099.05,19267,0.0121119917153032,0.0124223602484472
29-2099.05,19268,0.0457364791902542,0.0496894409937888
29-2099.05,19269,0.012735370875143,0.0496894409937888
29-2099.05,19270,0.0835823786201323,0.0124223602484472
29-2099.05,19271,0.0482742296993825,0.0372670807453416
29-2099.05,19272,0.0118341307654512,0.0248447204968944
29-2099.05,19273,0.0241562462125394,0.0248447204968944
29-2099.05,19274,0.0290872189867792,0.0248447204968944
29-2099.05,19275,0.0486504888782576,0.0993788819875776
29-2099.05,19276,0.0448786112608413,0.0124223602484472
29-2099.05,19277,0.0503590927751886,0.0186335403726708
29-2099.05,19278,0.0770941764509065,0.0372670807453416
29-2099.05,19279,0.014597762430082,0.0372670807453416
29-2099.05,19280,0.024112433549729,0.0248447204968944
29-2099.05,19281,0.0167740031429922,0.0372670807453416
29-2099.05,19282,0.0457701971642567,0.0186335403726708
29-2099.05,19283,0.0045951751641677,0.0248447204968944
29-2099.05,19284,0.0382632879005279,0.0062111801242236
29-2099.05,19285,0.0284711809644933,0.0186335403726708
29-2099.05,19286,0.0181251008515436,0.0186335403726708
29-2099.05,19287,0.0486504888782576,0.0993788819875776
29-2099.05,21190,0.0255727109576271,0.0372670807453416
29-2099.05,21191,0.0329164242991007,0.0496894409937888
29-9091.00,4233,0.0464870840632405,0.015267175572519
29-9092.00,17500,0.0546118623987579,0.0806451612903225
29-9092.00,17501,0.085743849965875,0.032258064516129
29-9092.00,17502,0.0796809860561066,0.0967741935483871
29-9092.00,17503,0.0401252117400141,0.0403225806451612
29-9092.00,17504,0.0621748248687723,0.0967741935483871
29-9092.00,17505,0.0575273810874637,0.064516129032258
29-9092.00,17506,0.0555068875431383,0.0967741935483871
29-9092.00,17507,0.0566357508660448,0.0806451612903225
29-9092.00,17508,0.0604362128067001,0.0806451612903225
29-9092.00,17509,0.0899495835098403,0.0483870967741935
29-9092.00,17510,0.0169612151491622,0.0161290322580645
29-9092.00,17511,0.0569456147436165,0.1290322580645161
29-9092.00,17512,0.0027366422553964,0.0161290322580645
29-9092.00,17513,0.024276930330824,0.0161290322580645
29-9092.00,17514,0.0031541149032005,0.0241935483870967
29-9092.00,17515,0.0434108716907139,0.0161290322580645
29-9092.00,17516,0.1629888786211998,0.0080645161290322
29-9092.00,17517,0.0147750905148997,0.032258064516129
29-9092.00,17518,0.0323580909482729,0.0241935483870967
29-9093.00,19304,0.0838153472026535,0.008
29-9099.01,17474,0.0080817343433212,0.0133333333333333
29-9099.01,17489,0.0129625023924834,0.0133333333333333
29-9099.01,17490,0.0082172595824859,0.02
29-9099.01,17491,0.0418941873491922,0.0066666666666666
31-1131.00,19347,0.0461194632903476,0.0138888888888888
31-1132.00,19359,0.0599937051755909,0.0151515151515151
31-2011.00,4259,0.0473105667612301,0.0239520958083832
31-2011.00,4260,0.0242260879548024,0.0479041916167664
31-2011.00,4267,0.015638371042776,0.0179640718562874
31-2011.00,4269,0.0417681557754438,0.029940119760479
31-2012.00,9411,0.1010115247300272,0.015625
31-2021.00,2008,0.0413390509863844,0.1967213114754098
31-2021.00,2020,0.0577301611134796,0.0081967213114754
31-2021.00,2022,0.0538483042773459,0.0163934426229508
31-2021.00,21194,0.0641210436709322,0.0081967213114754
31-9011.00,7878,0.0549905678844899,0.064
31-9011.00,7879,0.0871018301131392,0.16
31-9011.00,7880,0.0823408653678831,0.352
31-9011.00,7881,0.0691814114000627,0.056
31-9011.00,7882,0.0675412581924082,0.04
31-9011.00,7883,0.0654754370377385,0.048
31-9011.00,7884,0.0569032448153395,0.032
31-9011.00,7885,0.0046981334297956,0.008
31-9011.00,7886,0.102080151156933,0.04
31-9011.00,7887,0.0711837651077409,0.048
31-9011.00,7888,0.0300628626749503,0.016
31-9011.00,7889,0.1384684682766078,0.032
31-9011.00,20757,0.1216079548479314,0.032
31-9011.00,23928,0.0483640496949796,0.072
31-9092.00,2028,0.0455297589224275,0.0592592592592592
31-9093.00,4304,0.1282211416358283,0.0136054421768707
31-9095.00,2050,0.1220570557392098,0.044378698224852
31-9095.00,2057,0.0708553131201023,0.029585798816568
31-9095.00,2058,0.1106034366419494,0.044378698224852
31-9095.00,2059,0.1035422123332012,0.022189349112426
31-9095.00,2062,0.0681057286263077,0.022189349112426
31-9097.00,19373,0.0428706113544956,0.0215827338129496
31-9097.00,19374,0.0310204111629722,0.0287769784172661
31-9097.00,19375,0.0394984657124881,0.0359712230215827
31-9097.00,19376,0.036037943275508,0.0431654676258992
31-9097.00,19377,0.060224965783029,0.014388489208633
31-9097.00,19378,0.0306951814803806,0.0503597122302158
31-9097.00,19379,0.0361283995234949,0.2589928057553957
31-9097.00,19380,0.0565648242049331,0.0647482014388489
31-9097.00,19381,0.0272627067386518,0.0575539568345323
31-9097.00,19382,0.0265983683320178,0.0431654676258992
31-9097.00,19383,0.0971918913152332,0.0071942446043165
31-9097.00,19384,0.0582207816800349,0.014388489208633
31-9097.00,19385,0.0199705880318376,0.0287769784172661
31-9097.00,19386,0.0452330368901136,0.0215827338129496
31-9097.00,19387,0.020280713504455,0.0359712230215827
31-9097.00,19388,0.0692771296605689,0.0215827338129496
31-9097.00,19389,0.034368384006747,0.0863309352517985
31-9097.00,19390,0.0749732559690379,0.0287769784172661
31-9097.00,19392,0.0356931146498797,0.0575539568345323
31-9097.00,19393,0.0369988304393789,0.014388489208633
31-9097.00,19394,0.077403809226543,0.014388489208633
31-9097.00,19395,0.0116338703651074,0.0071942446043165
31-9097.00,19396,0.0318527166930908,0.0359712230215827
31-9099.01,17537,0.1461458269610399,0.0088495575221238
31-9099.01,17538,0.1060842565691793,0.0176991150442477
31-9099.02,17519,0.0969226399980144,0.2068965517241379
31-9099.02,17520,0.0231897869929464,0.043103448275862
31-9099.02,17521,0.1248838559051475,0.0689655172413793
31-9099.02,17522,0.1067383170129398,0.1379310344827586
31-9099.02,17523,0.0690006869194385,0.0344827586206896
31-9099.02,17524,0.1276718248692374,0.0689655172413793
31-9099.02,17525,0.1230917436344712,0.2586206896551724
31-9099.02,17526,0.0074526264003814,0.0172413793103448
31-9099.02,17527,0.1132293422975542,0.0517241379310344
31-9099.02,17528,0.0501032072092317,0.0086206896551724
31-9099.02,17529,0.0264483400336626,0.0172413793103448
31-9099.02,17530,0.1312676287269744,0.0862068965517241
33-1012.00,573,0.1014086970844299,0.0491803278688524
33-1012.00,579,0.2471846083608283,0.0245901639344262
33-1091.00,22950,0.0670929492299225,0.0925925925925925
33-1091.00,22952,0.0937595222175185,0.0185185185185185
33-1091.00,22955,0.041288454002037,0.0185185185185185
33-1091.00,22956,0.0675723812834,0.037037037037037
33-1091.00,22959,0.1203076247362338,0.0185185185185185
33-2011.00,22963,0.0154509137769103,0.0145560407569141
33-2011.00,22964,0.007082474052375,0.0145560407569141
33-2011.00,22966,0.0084952762145909,0.007278020378457
33-2011.00,22968,0.0077148210250296,0.0145560407569141
33-2011.00,22969,0.0082489543730218,0.0145560407569141
33-2011.00,22970,0.01246573034546,0.0145560407569141
33-2011.00,22980,0.0063795143955115,0.0145560407569141
33-2011.00,22981,0.0083892156024556,0.007278020378457
33-2021.00,22991,0.034682172797993,0.0615384615384615
33-2021.00,22992,0.0290946368270399,0.0153846153846153
33-2021.00,22993,0.0420454464246281,0.023076923076923
33-2021.00,22996,0.0017846168899575,0.0307692307692307
33-2021.00,22997,0.0051173302232419,0.0615384615384615
33-2021.00,23006,0.0032539624381628,0.0307692307692307
33-2021.00,23008,0.0671389785595218,0.0538461538461538
33-2021.00,23010,0.0672351509228052,0.0153846153846153
33-2021.00,23012,0.0541721275425138,0.0076923076923076
33-2021.00,23013,0.1030036689132034,0.0307692307692307
33-2021.00,23019,0.1899861641727387,0.0307692307692307
33-3011.00,20126,0.0805765839079041,0.0355555555555555
33-3011.00,21197,0.073146181034294,0.0088888888888888
33-3012.00,2117,0.0463531756953063,0.0256081946222791
33-3012.00,2118,0.0757655218974709,0.0128040973111395
33-3021.00,23021,0.0545513567955472,0.0069444444444444
33-3021.00,23023,0.0302666584514251,0.0138888888888888
33-3021.00,23032,0.0187119080976015,0.0138888888888888
33-3021.00,23037,0.0171923342719678,0.0347222222222222
33-3021.00,23039,0.0418385028218497,0.0138888888888888
33-3021.00,23042,0.0640736927737244,0.0208333333333333
33-3021.02,2123,0.1742837460187105,0.1
33-3021.06,17542,0.0714227163228974,0.0526315789473684
33-3021.06,17543,0.0124670118771199,0.0789473684210526
33-3021.06,17544,0.0332621877225787,0.0394736842105263
33-3021.06,17545,0.0485316368933912,0.0394736842105263
33-3021.06,17546,0.0196786755975625,0.0526315789473684
33-3021.06,17547,0.0396755367205215,0.0263157894736842
33-3021.06,17548,0.034692516360876,0.0526315789473684
33-3021.06,17549,0.0284153577077304,0.131578947368421
33-3021.06,17550,0.0290472390887337,0.0657894736842105
33-3021.06,17551,0.0710144538451116,0.006578947368421
33-3021.06,17552,0.0073505204474654,0.1052631578947368
33-3021.06,17553,0.1199909791384717,0.0131578947368421
33-3021.06,17554,0.0390688723696274,0.0263157894736842
33-3021.06,17555,0.0321908233496598,0.0657894736842105
33-3021.06,17556,0.0104230120272857,0.0526315789473684
33-3021.06,17557,0.1144860817808207,0.0131578947368421
33-3021.06,17558,0.1005348316522698,0.0131578947368421
33-3021.06,17559,0.1100789909772178,0.0197368421052631
33-3021.06,21199,0.0457639707475487,0.1052631578947368
33-3021.06,21200,0.0226973380030648,0.0394736842105263
33-3031.00,7925,0.1041765537313586,0.053030303030303
33-3031.00,7932,0.153484131860493,0.0227272727272727
33-3031.00,20585,0.0019312063123418,0.0227272727272727
33-3031.00,20586,0.0158434426899607,0.0227272727272727
33-3031.00,20588,0.0025127846146927,0.0151515151515151
33-3031.00,20589,0.1715478382706988,0.0075757575757575
33-3041.00,7935,0.0386144802771873,0.2702702702702703
33-3041.00,7936,0.0193668765922343,0.0432432432432432
33-3041.00,7940,0.0845034711074396,0.0108108108108108
33-3041.00,7947,0.0689449488023555,0.0162162162162162
33-3041.00,7948,0.0328127357389654,0.0216216216216216
33-3041.00,7950,0.0960279044974616,0.0108108108108108
33-3041.00,7951,0.0964733859408436,0.1621621621621621
33-3041.00,7952,0.1455398871710672,0.0216216216216216
33-3051.00,23067,0.0052426367217222,0.0375
33-3051.00,23068,0.0059313752368494,0.01875
33-3051.00,23080,0.0310958150520325,0.00625
33-3051.04,9460,0.2037513457689721,0.0093457943925233
33-3052.00,9482,0.259940280820962,0.0089285714285714
33-9011.00,7958,0.0251287409206901,0.1212121212121212
33-9011.00,7959,0.0358084678066092,0.202020202020202
33-9011.00,7960,0.0357656649846639,0.0606060606060606
33-9011.00,7961,0.0506447283333252,0.0404040404040404
33-9011.00,7962,0.0417310054289954,0.0202020202020202
33-9011.00,7963,0.040671224760546,0.101010101010101
33-9011.00,7964,0.0537658011683909,0.0808080808080808
33-9011.00,7965,0.0083587548110291,0.0202020202020202
33-9011.00,7966,0.0618443652705056,0.0404040404040404
33-9011.00,7967,0.0351907325864868,0.0404040404040404
33-9011.00,7968,0.0573472052493502,0.101010101010101
33-9011.00,7969,0.0270222425262235,0.0404040404040404
33-9011.00,7970,0.0800103758832248,0.0606060606060606
33-9011.00,7971,0.0342464819135223,0.0404040404040404
33-9011.00,7972,0.1317000108968768,0.0202020202020202
33-9011.00,7973,0.2807641974595596,0.0101010101010101
33-9021.00,13099,0.2396128627264763,0.128369704749679
33-9021.00,13100,0.0814104006773812,0.0128369704749679
33-9031.00,4410,0.0835262754917756,0.0610687022900763
33-9031.00,21147,0.0553474585946672,0.1221374045801526
33-9092.00,5051,0.1381413795280007,0.0027137042062415
33-9093.00,15331,0.0485421834511098,0.0914285714285714
33-9093.00,15332,0.0419503600965452,0.0914285714285714
33-9093.00,15333,0.0245437344045473,0.0011428571428571
33-9093.00,15334,0.0264045099661155,0.0171428571428571
33-9093.00,15335,0.0110606543278466,0.0114285714285714
33-9093.00,15336,0.0303815025022808,0.0011428571428571
33-9093.00,15337,0.0598862805407651,0.0342857142857142
33-9093.00,15338,0.0607729744063011,0.0228571428571428
33-9093.00,15339,0.0211203979642274,0.0022857142857142
33-9093.00,15340,0.0334115200613026,0.0114285714285714
33-9093.00,15341,0.0485877629654836,0.1371428571428571
33-9093.00,15342,0.0449692247883661,0.0171428571428571
33-9093.00,15343,0.0841602497811188,0.0285714285714285
33-9093.00,15344,0.0574315375271665,0.0571428571428571
33-9093.00,15345,0.0022115375574067,0.0057142857142857
33-9093.00,15346,0.047934604370381,0.0685714285714285
33-9093.00,15347,0.0366228054634137,0.0114285714285714
33-9093.00,15348,0.0316242244589191,0.0685714285714285
33-9093.00,15349,0.0492422961860899,0.0914285714285714
33-9093.00,15350,0.0377800391816932,0.0571428571428571
33-9093.00,15351,0.0706359501833443,0.0685714285714285
33-9093.00,15352,0.0290621885604017,0.0342857142857142
33-9093.00,15353,0.0135947074997651,0.0057142857142857
33-9093.00,15354,0.0193984839010642,0.0011428571428571
33-9093.00,15355,0.0338855933532472,0.0171428571428571
33-9093.00,15356,0.0347846765010961,0.0457142857142857
33-9099.02,17574,0.0228001433200998,0.0074074074074074
33-9099.02,17580,0.0606780948086282,0.0074074074074074
35-1011.00,11128,0.0540794958635075,0.0764331210191082
35-1011.00,11129,0.1141199129857421,0.0636942675159235
35-1011.00,11130,0.0328973486977969,0.0382165605095541
35-1011.00,11131,0.0323484238168197,0.0382165605095541
35-1011.00,11132,0.0908044615404184,0.1910828025477707
35-1011.00,11133,0.066038197061328,0.0382165605095541
35-1011.00,11134,0.02604850652599,0.0254777070063694
35-1011.00,11135,0.1205150794351579,0.0636942675159235
35-1011.00,11136,0.0178422711414122,0.0254777070063694
35-1011.00,11137,0.0103627771957431,0.0382165605095541
35-1011.00,11138,0.0306507501396383,0.019108280254777
35-1011.00,11139,0.0207047642169805,0.1528662420382165
35-1011.00,11140,0.0477699404653198,0.0382165605095541
35-1011.00,11141,0.0541401124403921,0.019108280254777
35-1011.00,11142,0.0104250488361476,0.019108280254777
35-1011.00,11143,0.0175901439240699,0.019108280254777
35-1011.00,11144,0.0088966372794632,0.0127388535031847
35-1011.00,11145,0.0096078540696327,0.0063694267515923
35-1011.00,11146,0.0768971229166699,0.0318471337579617
35-1011.00,11147,0.0863753562652962,0.0509554140127388
35-1011.00,11148,0.071885795182473,0.0318471337579617
35-1012.00,2155,0.0442821726683984,0.0125
35-1012.00,2156,0.0563226246742879,0.05
35-1012.00,2157,0.0409660018991604,0.05
35-1012.00,2161,0.067814854963822,0.025
35-1012.00,2164,0.0925519310592729,0.025
35-1012.00,18714,0.0367756321018545,0.05625
35-1012.00,18716,0.0382320459521189,0.1
35-1012.00,18718,0.0720393894571514,0.1
35-2011.00,5053,0.0263438282135069,0.0355871886120996
35-2011.00,5059,0.0249885010487417,0.0427046263345195
35-2011.00,5060,0.0222613941042089,0.0177935943060498
35-2011.00,5066,0.0332019975387669,0.0177935943060498
35-2011.00,5069,0.0288044734159132,0.0106761565836298
35-2011.00,5071,0.0182676832029041,0.0213523131672597
35-2012.00,9499,0.0924013223094859,0.0208333333333333
35-2012.00,9500,0.1902703154512887,0.0069444444444444
35-2013.00,9501,0.0245887484381324,0.0333333333333333
35-2013.00,9502,0.0354960513549762,0.0533333333333333
35-2013.00,9503,0.086388925543417,0.2
35-2013.00,9504,0.0686959120396273,0.2666666666666666
35-2013.00,9505,0.0511109415192094,0.1066666666666666
35-2013.00,9506,0.0219712174606292,0.0533333333333333
35-2013.00,9507,0.0108270489977287,0.0266666666666666
35-2013.00,9508,0.1039129736991163,0.04
35-2013.00,9509,0.0345333221078183,0.04
35-2013.00,9510,0.1892244739098918,0.0933333333333333
35-2013.00,9511,0.269887675158949,0.0266666666666666
35-2013.00,20896,0.0728374608440784,0.04
35-2013.00,20897,0.0305252489264252,0.02
35-2014.00,2183,0.0537300681616205,0.0163934426229508
35-2014.00,2184,0.0670526578207096,0.0204918032786885
35-2021.00,2218,0.097076881131905,0.0106951871657754
35-2021.00,2219,0.0627763221761185,0.0427807486631016
35-3011.00,2240,0.095311720352235,0.0133333333333333
35-3023.00,23118,0.0586931724048559,0.0093283582089552
35-3023.00,23122,0.0663893028980469,0.0139925373134328
35-3031.00,18744,0.0199269443507036,0.047808764940239
35-9011.00,11175,0.0166331251689406,0.0441988950276243
35-9011.00,11181,0.0505323667197669,0.0165745856353591
35-9011.00,11183,0.0635406069420607,0.0165745856353591
35-9021.00,11188,0.0774895047591678,0.1269841269841269
35-9021.00,11191,0.0394943031931543,0.0158730158730158
35-9031.00,2306,0.0698435233891907,0.0145560407569141
35-9031.00,2309,0.0765024217903664,0.007278020378457
37-1012.00,11218,0.0343689971568966,0.0196078431372549
37-2011.00,9540,0.0628140840814365,0.25
37-2011.00,9547,0.2074140819315362,0.0208333333333333
37-2011.00,9552,0.1507287209019852,0.0104166666666666
37-2012.00,9570,0.0955645996453022,0.0231660231660231
37-2012.00,9575,0.1213601606360946,0.0386100386100386
37-2012.00,9582,0.1410034936027485,0.0077220077220077
37-3011.00,9590,0.2195524837563718,0.0266666666666666
37-3013.00,13129,0.1253698095783194,0.027434842249657
37-3013.00,13131,0.081018946536084,0.0068587105624142
37-3013.00,13133,0.11695979483237,0.0068587105624142
37-3013.00,13135,0.1309060745219096,0.0027434842249657
39-1013.00,23148,0.0537236016130032,0.0135135135135135
39-1013.00,23151,0.0705700725030602,0.0135135135135135
39-1022.00,13151,0.0877575803639618,0.0330578512396694
39-1022.00,13152,0.0205146615110948,0.0165289256198347
39-2011.00,7998,0.184170350479546,0.0930232558139534
39-2011.00,7999,0.1894038435846552,0.0744186046511627
39-2021.00,5093,0.1663331499074143,0.0141843971631205
39-3011.00,4461,0.0527937215907177,0.0040650406504065
39-3012.00,8015,0.0820575978476368,0.0119521912350597
39-3012.00,8021,0.1198626043531206,0.0119521912350597
39-3021.00,8035,0.0638397544521194,0.0529801324503311
39-3021.00,8044,0.3282479830918392,0.0264900662251655
39-3091.00,5128,0.1741757094573854,0.0680272108843537
39-3091.00,5133,0.1717883829937551,0.0272108843537414
39-3092.00,9630,0.1132512280061118,0.0188679245283018
39-3092.00,9631,0.2144380198517206,0.0125786163522012
39-3092.00,9632,0.0920550425282033,0.0188679245283018
39-3093.00,4474,0.0961615758640585,0.0048309178743961
39-3093.00,4478,0.118155608962867,0.0096618357487922
39-3093.00,4483,0.125986606289451,0.0772946859903381
39-4011.00,4488,0.0221212832322503,0.0648148148148148
39-4011.00,4502,0.0193106312508991,0.0092592592592592
39-4011.00,4509,0.1934795482706396,0.0092592592592592
39-4021.00,20603,0.3006603012789759,0.0145772594752186
39-4031.00,3345,0.0530185797974739,0.0522875816993464
39-5011.00,8062,0.0967735147136138,0.0264084507042253
39-5091.00,14797,0.039255729036934,0.027027027027027
39-5091.00,14798,0.0428662695857851,0.1351351351351351
39-5091.00,14799,0.0290884699865691,0.0135135135135135
39-5091.00,14800,0.0381877128737643,0.2027027027027027
39-5091.00,14801,0.0366121505470037,0.1621621621621621
39-5091.00,14802,0.0526903256324974,0.0405405405405405
39-5091.00,14803,0.0332124142235206,0.054054054054054
39-5091.00,14804,0.0334510679069457,0.0135135135135135
39-5091.00,14805,0.0394554166528429,0.027027027027027
39-5091.00,14806,0.038044489935442,0.027027027027027
39-5091.00,14807,0.0475083871066693,0.027027027027027
39-5091.00,14808,0.0232722108045798,0.0135135135135135
39-5091.00,14809,0.0533983397573046,0.0675675675675675
39-5091.00,14810,0.0170840191378065,0.0135135135135135
39-5091.00,14811,0.0528997510753293,0.0405405405405405
39-5091.00,14812,0.0409561463214935,0.0202702702702702
39-5091.00,14813,0.0836966565011335,0.0067567567567567
39-5091.00,14814,0.0318973310810926,0.027027027027027
39-5091.00,14815,0.0157447142374112,0.0405405405405405
39-5091.00,14816,0.1280725191619508,0.027027027027027
39-5091.00,14817,0.0700420684143176,0.0135135135135135
39-5092.00,8764,0.0340875403399149,0.0064102564102564
39-5094.00,8069,0.0319422922809799,0.097165991902834
39-5094.00,8073,0.0295089716501616,0.0890688259109311
39-5094.00,8074,0.0289017123218974,0.0728744939271255
39-5094.00,8076,0.0192867316101924,0.0040485829959514
39-5094.00,8079,0.0483785650953842,0.0728744939271255
39-5094.00,8082,0.079385474066809,0.0242914979757085
39-5094.00,8083,0.0783866581185442,0.0242914979757085
39-5094.00,8084,0.0605930572608531,0.0242914979757085
39-5094.00,8086,0.0349117737386747,0.0323886639676113
39-6011.00,2323,0.0695238753124085,0.0730593607305936
39-6011.00,2325,0.0946077715431738,0.0182648401826484
39-6011.00,2330,0.1266748649385088,0.0273972602739726
39-6012.00,4529,0.0654964573237649,0.1574803149606299
39-6012.00,4530,0.037748171481589,0.0787401574803149
39-6012.00,4531,0.0467735939677385,0.0787401574803149
39-6012.00,4532,0.0888863195706105,0.0314960629921259
39-6012.00,4533,0.0063436168576407,0.0472440944881889
39-6012.00,4534,0.0096619799543175,0.0314960629921259
39-6012.00,4535,0.0312559974801605,0.0157480314960629
39-6012.00,4536,0.0708240827358993,0.0078740157480314
39-6012.00,20259,0.0441266581400153,0.1889763779527559
39-6012.00,20260,0.0607161897708653,0.1574803149606299
39-6012.00,20261,0.0379732779885568,0.0314960629921259
39-6012.00,20262,0.0603286005606523,0.0314960629921259
39-6012.00,20263,0.0593505037114293,0.0157480314960629
39-6012.00,20264,0.1927932813097939,0.0472440944881889
39-6012.00,20265,0.1213652953113144,0.0629921259842519
39-6012.00,21203,0.0210940826912103,0.0157480314960629
39-7011.00,4552,0.1506814989151959,0.0465116279069767
39-7011.00,4554,0.1627001482598116,0.0581395348837209
39-7012.00,13160,0.0974738801267966,0.2542372881355932
39-7012.00,13167,0.1559682602948611,0.135593220338983
39-7012.00,13168,0.1517714084853301,0.0508474576271186
39-7012.00,13169,0.138256267577349,0.0338983050847457
39-7012.00,13170,0.1512292600856482,0.0169491525423728
39-9011.00,2337,0.047542621874416,0.0234113712374581
39-9011.01,2351,0.0377179247815513,0.0014367816091954
39-9011.01,2352,0.0597931124971389,0.043103448275862
39-9011.01,2353,0.0083817534909739,0.035919540229885
39-9011.01,2354,0.0544813976913305,0.1005747126436781
39-9011.01,2355,0.0571049546783426,0.028735632183908
39-9011.01,2356,0.0550946967272554,0.1149425287356322
39-9011.01,2357,0.0199833269205536,0.014367816091954
39-9011.01,2358,0.0983663509286248,0.0718390804597701
39-9011.01,2359,0.0254348739065529,0.014367816091954
39-9011.01,2360,0.0489349597156061,0.021551724137931
39-9011.01,2361,0.0520364001632152,0.0574712643678161
39-9011.01,2362,0.0715192231103969,0.028735632183908
39-9011.01,2363,0.0411668323533763,0.0718390804597701
39-9011.01,2364,0.0602055220266297,0.0718390804597701
39-9011.01,2365,0.093017020448613,0.1005747126436781
39-9011.01,2366,0.0406140250456947,0.021551724137931
39-9011.01,2367,0.0701886674447409,0.1436781609195402
39-9011.01,2368,0.0671221722651163,0.028735632183908
39-9011.01,21071,0.0388367858042861,0.028735632183908
39-9031.00,4556,0.0157365805630532,0.0289017341040462
39-9031.00,4557,0.0284173269426285,0.0722543352601156
39-9031.00,4558,0.0236294788578036,0.0578034682080924
39-9031.00,4559,0.0374862965187192,0.1445086705202312
39-9031.00,4560,0.0284493526823263,0.0433526011560693
39-9031.00,4561,0.0317471292186476,0.0578034682080924
39-9031.00,4562,0.0664133940308202,0.1156069364161849
39-9031.00,4563,0.034727670050448,0.0289017341040462
39-9031.00,4564,0.0806297456409021,0.1156069364161849
39-9031.00,4565,0.0264477439512122,0.0578034682080924
39-9031.00,4566,0.030433737486208,0.0867052023121387
39-9031.00,4567,0.0633614014937702,0.0289017341040462
39-9031.00,4568,0.0286596330298288,0.0433526011560693
39-9031.00,4569,0.0250536290770188,0.0014450867052023
39-9031.00,4570,0.0036960882636922,0.0072254335260115
39-9031.00,4572,0.1266509025863713,0.0144508670520231
39-9031.00,4573,0.101977660323406,0.0433526011560693
39-9031.00,4575,0.0379863825608548,0.0216763005780346
39-9031.00,4576,0.0833699832002446,0.0072254335260115
39-9031.00,4577,0.1251258635220435,0.0014450867052023
41-1011.00,677,0.0808882373451461,0.0305997552019583
41-1012.00,9661,0.1027166416249769,0.1311475409836065
41-1012.00,9675,0.2380873555129741,0.0163934426229508
41-1012.00,9677,0.2330818762130043,0.0163934426229508
41-2011.00,2406,0.0719245656704063,0.0112994350282485
41-2011.00,2409,0.0685276866995763,0.0022598870056497
41-2011.00,2410,0.0808836265279757,0.0225988700564971
41-2011.00,2415,0.0749959556111725,0.0903954802259887
41-3011.00,4598,0.1125455820656503,0.0139860139860139
41-3021.00,734,0.27106055967292,0.008
41-4011.00,20615,0.0295853578622799,0.0279720279720279
41-4012.00,8118,0.1036641511898874,0.0287769784172661
41-4012.00,8124,0.0354264885284432,0.0575539568345323
41-4012.00,8125,0.1185627957870992,0.014388489208633
41-4012.00,8127,0.1097419621766676,0.0431654676258992
41-4012.00,20268,0.0793931580770742,0.0431654676258992
41-9012.00,13215,0.1411030110471653,0.0261437908496732
41-9012.00,13216,0.1347516522212373,0.1830065359477124
41-9012.00,13218,0.1318333210748128,0.0196078431372549
41-9012.00,13219,0.162460312428346,0.1045751633986928
41-9012.00,13221,0.1507185877060405,0.065359477124183
41-9012.00,13225,0.145649265255859,0.1568627450980392
41-9021.00,4600,0.1075380561300291,0.1226053639846743
41-9021.00,4606,0.0330486201943382,0.0306513409961685
41-9022.00,2440,0.0060357892982376,0.0286532951289398
41-9022.00,2441,0.0082464141597253,0.0429799426934097
41-9022.00,2442,0.0077831707372872,0.0429799426934097
41-9022.00,2443,0.0056354379827987,0.0573065902578796
41-9022.00,2444,0.0192138672859032,0.0286532951289398
41-9022.00,2445,0.0090230281326363,0.0429799426934097
41-9022.00,2446,0.010545600263738,0.0716332378223495
41-9022.00,2447,0.0073437707262981,0.0429799426934097
41-9022.00,2448,0.0101096064543845,0.0429799426934097
41-9022.00,2449,0.0147829150983924,0.0429799426934097
41-9022.00,2450,0.0296434733940594,0.0859598853868194
41-9022.00,2451,0.0416963214171763,0.0071633237822349
41-9022.00,2452,0.0413696163523331,0.0071633237822349
41-9022.00,2453,0.018206993341238,0.0573065902578796
41-9022.00,2454,0.0243109946434755,0.0143266475644699
41-9022.00,2455,0.0071121490150791,0.0573065902578796
41-9022.00,2456,0.0063661908568883,0.0214899713467048
41-9022.00,2457,0.0420761350936715,0.0071633237822349
41-9022.00,2458,0.006720435826988,0.0429799426934097
41-9022.00,2459,0.0642347538454675,0.0071633237822349
41-9022.00,2460,0.0037127597827759,0.0429799426934097
41-9022.00,2461,0.0644682869235721,0.0071633237822349
41-9022.00,2462,0.011761614247638,0.0716332378223495
41-9022.00,2463,0.0124047404564577,0.0286532951289398
41-9022.00,2464,0.0179399510079039,0.0286532951289398
41-9022.00,2465,0.0682259326396158,0.0028653295128939
41-9022.00,2466,0.0474375084994509,0.0028653295128939
41-9022.00,2467,0.1022009481201783,0.0014326647564469
41-9022.00,2468,0.055216406283497,0.0071633237822349
41-9022.00,2469,0.0814710660214539,0.0014326647564469
41-9022.00,2470,0.0432555616672174,0.0143266475644699
41-9022.00,2471,0.1012537989291854,0.0028653295128939
41-9022.00,21155,0.0101947614952738,0.0358166189111747
41-9031.00,9684,0.1644334120009521,0.0264026402640264
41-9031.00,9689,0.0372028633644415,0.066006600660066
41-9031.00,9691,0.0755821977853846,0.033003300330033
41-9031.00,9695,0.1344615320684567,0.0198019801980198
41-9031.00,9702,0.1988784058587457,0.0033003300330033
41-9091.00,13231,0.0688101987523511,0.0895522388059701
41-9091.00,13232,0.0599760939830673,0.0597014925373134
41-9091.00,13233,0.0560666030424641,0.1194029850746268
41-9091.00,13235,0.1340841501315164,0.0298507462686567
41-9091.00,13236,0.051728847333594,0.0895522388059701
41-9091.00,13237,0.0925810375285465,0.2238805970149253
41-9091.00,13238,0.058066152356684,0.044776119402985
41-9091.00,13239,0.0519439660636676,0.0597014925373134
41-9091.00,13240,0.0269358254844396,0.0298507462686567
41-9091.00,13241,0.0457527408414691,0.0597014925373134
41-9091.00,13242,0.2788095566907197,0.044776119402985
41-9091.00,21075,0.07524482779148,0.1492537313432835
43-1011.00,9711,0.0666580406552855,0.0222222222222222
43-1011.00,9718,0.1259385225823049,0.0148148148148148
43-1011.00,9723,0.1052462027135229,0.0148148148148148
43-1011.00,9731,0.1725497286967821,0.0074074074074074
43-2011.00,4637,0.0680236506402213,0.0193236714975845
43-2011.00,4639,0.0769479638884788,0.0193236714975845
43-2011.00,4641,0.0817896592281872,0.0096618357487922
43-2011.00,4642,0.0670091688991527,0.0772946859903381
43-2011.00,4643,0.0849348227554537,0.0096618357487922
43-2021.00,13250,0.1554256575123747,0.0423280423280423
43-2021.00,13251,0.0940467977914442,0.0211640211640211
43-3021.00,23256,0.1544880522456423,0.0327868852459016
43-3021.00,23259,0.1189700529403357,0.0163934426229508
43-3031.00,2493,0.0719001560291119,0.032520325203252
43-3031.00,2494,0.0620040102530234,0.032520325203252
43-3031.00,2496,0.0415780976160009,0.040650406504065
43-3031.00,2504,0.1243632466468106,0.016260162601626
43-3051.00,2516,0.0497013096122659,0.0902255639097744
43-3051.00,2518,0.0425909969169889,0.075187969924812
43-3051.00,2523,0.0878511734430777,0.0601503759398496
43-3051.00,2530,0.1973436760675564,0.0075187969924812
43-3051.00,18564,0.0397153466485828,0.0225563909774436
43-3051.00,20901,0.1637550613982234,0.0300751879699248
43-3051.00,20902,0.1087950118547869,0.0150375939849624
43-4021.00,11275,0.2155164234453146,0.0555555555555555
43-4031.00,23274,0.0334277171993747,0.0193236714975845
43-4041.00,23297,0.0183201644184233,0.0857142857142857
43-4041.00,23298,0.0290421584897015,0.1142857142857142
43-4041.00,23299,0.0765281344847395,0.0928571428571428
43-4041.00,23300,0.0781624004838124,0.0714285714285714
43-4041.00,23301,0.104891591344235,0.1428571428571428
43-4041.00,23302,0.1226352601745767,0.0285714285714285
43-4041.00,23303,0.0965237612652437,0.0642857142857142
43-4041.00,23304,0.0864926260066425,0.0214285714285714
43-4041.00,23305,0.0964551790903073,0.05
43-4041.00,23306,0.1349355399886733,0.0357142857142857
43-4041.00,23307,0.1560131842536443,0.0142857142857142
43-4051.00,2581,0.0684835859609216,0.0575539568345323
43-4051.00,2585,0.11343470618735,0.0503597122302158
43-4051.00,2586,0.127114808068851,0.0431654676258992
43-4051.00,2587,0.1447381177680678,0.0215827338129496
43-4061.00,9747,0.1500547222192386,0.0314960629921259
43-4071.00,2608,0.1466761017171272,0.0073529411764705
43-4121.00,2660,0.0635243478488515,0.0071428571428571
43-4141.00,20141,0.192297344972093,0.0567375886524822
43-4151.00,2671,0.0435815317133955,0.0555555555555555
43-4151.00,2680,0.0850836361348714,0.0277777777777777
43-4151.00,2685,0.1329206552778688,0.0069444444444444
43-4171.00,756,0.1151371917727155,0.0212765957446808
43-4171.00,759,0.1035183613167706,0.0141843971631205
43-4181.00,9749,0.045501205369162,0.0662983425414364
43-4181.00,9761,0.0372535280132439,0.0220994475138121
43-4181.00,9767,0.0415421233308766,0.0441988950276243
43-4181.00,9768,0.0779626108722452,0.005524861878453
43-5011.00,8188,0.027928010092658,0.08
43-5011.00,8194,0.0541646123341658,0.06
43-5011.00,8197,0.0858786517290446,0.02
43-5011.00,8198,0.0854113101724446,0.03
43-5011.00,8200,0.0807041557433119,0.02
43-5011.00,8202,0.0777340272331209,0.04
43-5011.00,8204,0.0890301684950961,0.03
43-5011.00,8208,0.0887865446820358,0.03
43-5011.00,8209,0.0860705728444344,0.01
43-5011.00,8210,0.0841765707383116,0.01
43-5011.01,17685,0.0420149638734164,0.0136054421768707
43-5011.01,17694,0.0367945060650995,0.0204081632653061
43-5021.00,7021,0.0841292353654456,0.0068027210884353
43-5021.00,7024,0.1491300021811317,0.0204081632653061
43-5051.00,11331,0.0721630094101584,0.0210526315789473
43-5051.00,11332,0.0782871299096907,0.0140350877192982
43-5051.00,11335,0.0693735285033247,0.0210526315789473
43-5052.00,11350,0.0149835875641912,0.0214285714285714
43-5052.00,11356,0.0024323155249744,0.0071428571428571
43-5052.00,11361,0.1485203811520921,0.0071428571428571
43-5053.00,8217,0.1113342141408359,0.0122699386503067
43-5053.00,8218,0.1752074683718919,0.0736196319018405
43-5053.00,8222,0.1220390357511139,0.0552147239263803
43-5071.00,19834,0.2815942231705431,0.0078125
43-6011.00,2781,0.0687863343757713,0.0217391304347826
43-6011.00,2782,0.0550072368420839,0.0289855072463768
43-6011.00,2787,0.0673468923721539,0.0144927536231884
43-6011.00,18578,0.1172301304135104,0.0217391304347826
43-6011.00,18579,0.0880470137995458,0.0289855072463768
43-6012.00,21079,0.1744811198576204,0.0178571428571428
43-6014.00,2799,0.0227675957322247,0.0070224719101123
43-6014.00,2802,0.0646504811168362,0.0140449438202247
43-6014.00,20288,0.1095337032529182,0.0070224719101123
43-6014.00,20290,0.0439142667623746,0.0140449438202247
43-9021.00,11409,0.1522603631325892,0.0021008403361344
43-9022.00,797,0.0629417757532118,0.0188679245283018
43-9031.00,2823,0.0639034323110531,0.054054054054054
43-9031.00,2826,0.1408174858829953,0.0067567567567567
43-9051.00,13259,0.0480100563334363,0.0461538461538461
43-9051.00,13263,0.0600774236200953,0.0153846153846153
43-9051.00,13265,0.0513853902348229,0.0615384615384615
43-9051.00,13266,0.0469735172268297,0.0461538461538461
43-9051.00,13273,0.0808718323097441,0.0153846153846153
43-9051.00,13274,0.0816408425112192,0.0153846153846153
43-9051.00,13277,0.0868866538226817,0.023076923076923
43-9051.00,13280,0.0686964999433719,0.0307692307692307
43-9051.00,13283,0.0621394144996304,0.0153846153846153
43-9051.00,13284,0.0502458639464439,0.023076923076923
43-9051.00,13286,0.0668794422093158,0.0076923076923076
43-9061.00,844,0.0872555450317127,0.0116959064327485
43-9071.00,13291,0.0617442708132628,0.0260869565217391
43-9071.00,13304,0.0540373327072339,0.017391304347826
45-1011.00,23352,0.030507184626662,0.024793388429752
45-2011.00,14857,0.2095549636470834,0.0558035714285714
45-2021.00,8239,0.1233487471256232,0.0150375939849624
45-2021.00,8243,0.1857053727404153,0.0225563909774436
45-2021.00,8247,0.1732172327280345,0.0225563909774436
45-2021.00,8250,0.1703869916355198,0.0300751879699248
45-2021.00,8251,0.0644163849997126,0.0150375939849624
45-2091.00,13356,0.0539630720599307,0.0934579439252336
45-2091.00,13357,0.1205681327514705,0.0373831775700934
45-2091.00,13358,0.06013073550229,0.02803738317757
45-2091.00,13360,0.0578757842580768,0.1401869158878504
45-2091.00,13364,0.015291116932902,0.02803738317757
45-2091.00,13365,0.0987389212558051,0.1401869158878504
45-2091.00,13369,0.0846208725398222,0.0467289719626168
45-2091.00,13370,0.1835223182608467,0.0186915887850467
45-2091.00,13371,0.1274911515010085,0.0186915887850467
45-2092.00,23374,0.0608899035627224,0.1408450704225352
45-2092.00,23381,0.1241304355344796,0.028169014084507
45-2092.00,23383,0.0742393666412279,0.0187793427230046
45-2092.00,23387,0.0520934194140429,0.0140845070422535
45-2092.00,23389,0.1097050889810802,0.0046948356807511
45-2092.00,23390,0.1057381294674904,0.0093896713615023
45-2092.00,23395,0.1214544668960882,0.0375586854460093
45-3031.00,23400,0.0412695394619336,0.086021505376344
45-3031.00,23401,0.0441084725756566,0.010752688172043
45-3031.00,23402,0.03022378032009,0.064516129032258
45-3031.00,23403,0.0304647133725341,0.053763440860215
45-3031.00,23404,0.0478715554713384,0.032258064516129
45-3031.00,23405,0.0330178248115592,0.021505376344086
45-3031.00,23406,0.0516822241419337,0.021505376344086
45-3031.00,23407,0.0430147827285898,0.064516129032258
45-3031.00,23408,0.015015519474502,0.043010752688172
45-3031.00,23409,0.0433308890043445,0.053763440860215
45-3031.00,23410,0.0288265761760382,0.043010752688172
45-3031.00,23411,0.0348198980000695,0.032258064516129
45-3031.00,23412,0.0553163611400324,0.0053763440860215
45-3031.00,23413,0.0522242302261863,0.032258064516129
45-3031.00,23414,0.0320338723595043,0.021505376344086
45-3031.00,23415,0.0311478912967049,0.043010752688172
45-3031.00,23416,0.0368967928902863,0.032258064516129
45-3031.00,23417,0.0291940853748558,0.010752688172043
45-3031.00,23418,0.0340019369150715,0.032258064516129
45-3031.00,23419,0.0264895110694182,0.021505376344086
45-3031.00,23420,0.0455015225812064,0.021505376344086
45-3031.00,23421,0.0577413575612803,0.0161290322580645
45-3031.00,23423,0.0146630054378521,0.032258064516129
45-3031.00,23424,0.0247178779605422,0.021505376344086
45-3031.00,23425,0.0418526873273299,0.010752688172043
45-3031.00,23426,0.0241584733522348,0.032258064516129
45-3031.00,23427,0.021564990142592,0.064516129032258
45-3031.00,23428,0.0243092154962922,0.043010752688172
45-3031.00,23429,0.0045404133300194,0.0161290322580645
45-4011.00,7028,0.1606708027495675,0.0422535211267605
45-4011.00,7039,0.4681711226162154,0.0704225352112676
45-4022.00,9810,0.1867391283730496,0.0125786163522012
47-1011.00,11430,0.0424517587176426,0.0461538461538461
47-1011.03,17725,0.0675949447130865,0.1290322580645161
47-1011.03,17736,0.2466052305234993,0.032258064516129
47-2011.00,11444,0.1619791153302245,0.046875
47-2011.00,11447,0.1447728469140528,0.03125
47-2011.00,11448,0.116549600801229,0.0625
47-2011.00,11450,0.1479179149162606,0.0390625
47-2011.00,11454,0.1989232766122959,0.078125
47-2021.00,4781,0.0996860650298219,0.0136986301369863
47-2022.00,8766,0.0256347409543919,0.065040650406504
47-2022.00,8767,0.0565660483985431,0.1463414634146341
47-2022.00,8781,0.2936059659269095,0.016260162601626
47-2031.00,23447,0.0338645740190366,0.0605326876513317
47-2031.00,23449,0.080202250411242,0.0121065375302663
47-2031.00,23455,0.0769555411164372,0.0242130750605326
47-2041.00,2841,0.0240138829163373,0.058252427184466
47-2042.00,8262,0.1107297916801803,0.0185185185185185
47-2061.00,11459,0.0518544625619507,0.0641025641025641
47-2061.00,11463,0.0563969445145509,0.0448717948717948
47-2061.00,11464,0.0891391881207529,0.0384615384615384
47-2061.00,11467,0.091650478185464,0.0384615384615384
47-2061.00,11469,0.0713151460588614,0.032051282051282
47-2061.00,11473,0.0856346574839356,0.0192307692307692
47-2061.00,11474,0.0993413243748988,0.032051282051282
47-2061.00,11477,0.0869881504580834,0.0384615384615384
47-2061.00,11479,0.1034214763584155,0.0192307692307692
47-2071.00,4804,0.0622291000002432,0.0390243902439024
47-2071.00,4807,0.0853552941144725,0.1170731707317073
47-2071.00,4808,0.0984186122329042,0.0195121951219512
47-2071.00,4810,0.1022864544791719,0.0292682926829268
47-2072.00,14905,0.039718461736596,0.0898876404494382
47-2073.00,9855,0.0635012916368056,0.0387096774193548
47-2073.00,9865,0.0966671727278818,0.0032258064516129
47-2073.00,9866,0.0829412355636176,0.0193548387096774
47-2073.00,9873,0.0637438346468237,0.0193548387096774
47-2111.00,2892,0.0588942759335053,0.01953125
47-2111.00,2893,0.0825667929016059,0.0026041666666666
47-2121.00,11496,0.0134644992699187,0.064516129032258
47-2121.00,11508,0.1783879854919919,0.0080645161290322
47-2121.00,11510,0.1605969510011767,0.0080645161290322
47-2131.00,13548,0.0792816141533823,0.0847457627118644
47-2141.00,11511,0.0475040004797712,0.1063829787234042
47-2141.00,11526,0.1238237462598414,0.0212765957446808
47-2142.00,14915,0.0610087781265343,0.0491803278688524
47-2151.00,11535,0.1022401551600818,0.0763358778625954
47-2152.00,23487,0.1280264665520743,0.0071942446043165
47-2181.00,13596,0.1359677163401934,0.0119047619047619
47-2181.00,19850,0.1198545150136545,0.0059523809523809
47-2181.00,19852,0.1410581517378885,0.0119047619047619
47-2181.00,19855,0.0273229991985618,0.0178571428571428
47-2211.00,5169,0.1029286110280427,0.040983606557377
47-2211.00,5170,0.0417549324807297,0.1147540983606557
47-2211.00,5171,0.0162228334386653,0.0245901639344262
47-2211.00,5173,0.0295006846388231,0.1065573770491803
47-2211.00,5174,0.056915164759572,0.0655737704918032
47-2211.00,5175,0.062719150835449,0.0573770491803278
47-2211.00,5176,0.0750127699796032,0.040983606557377
47-2211.00,5177,0.0376639167850461,0.0245901639344262
47-2211.00,5178,0.0671126999440631,0.0327868852459016
47-2211.00,5179,0.0406058199180712,0.0327868852459016
47-2211.00,18782,0.022715322929034,0.0245901639344262
47-2211.00,19858,0.0428103220536205,0.081967213114754
47-2211.00,19862,0.0889118646229632,0.0081967213114754
47-2211.00,20638,0.0245821712379816,0.0491803278688524
47-2211.00,20639,0.0333882660574684,0.0737704918032786
47-2211.00,20642,0.1588759633352653,0.0327868852459016
47-2211.00,20644,0.0880922505628805,0.0327868852459016
47-2221.00,11563,0.1343091019864744,0.0075187969924812
47-3012.00,8268,0.0317839099592551,0.05
47-3012.00,8283,0.1441586332430635,0.0166666666666666
47-3013.00,4852,0.1018144237231892,0.0071942446043165
47-3014.00,13618,0.2336026835094295,0.1212121212121212
47-3015.00,4867,0.207862955750753,0.0133333333333333
47-3016.00,14929,0.0280854286189531,0.08130081300813
47-3016.00,14937,0.069381360671138,0.048780487804878
47-4011.00,869,0.0281281057957175,0.1258741258741259
47-4011.00,870,0.0198433457134904,0.0699300699300699
47-4011.00,871,0.0171572236285119,0.0839160839160839
47-4011.00,872,0.0314854520670622,0.1258741258741259
47-4011.00,873,0.0371431039963537,0.0559440559440559
47-4011.00,875,0.0627342802041625,0.0419580419580419
47-4011.00,878,0.0327170986202178,0.0699300699300699
47-4011.00,880,0.0144004535184806,0.0279720279720279
47-4011.00,19863,0.0708940500975391,0.0209790209790209
47-4011.00,19864,0.078623214131337,0.0349650349650349
47-4011.00,19865,0.0840803318997133,0.0209790209790209
47-4011.00,19866,0.0789583982203454,0.0419580419580419
47-4011.00,19867,0.1156275203265275,0.0139860139860139
47-4011.00,20445,0.0139953041868802,0.0839160839160839
47-4011.00,20446,0.0085415551757494,0.0559440559440559
47-4011.00,20447,0.0405029058876102,0.0559440559440559
47-4011.00,20448,0.102892002886474,0.0279720279720279
47-4011.00,20449,0.0974519864479632,0.0279720279720279
47-4011.00,20450,0.0648236671958632,0.0139860139860139
47-4011.01,18071,0.0136028440270217,0.08
47-4011.01,18072,0.0487945852854979,0.064
47-4011.01,18073,0.0177383145734461,0.096
47-4011.01,18074,0.0201484298889351,0.096
47-4011.01,18075,0.0228929265187276,0.048
47-4011.01,18076,0.0148859508392216,0.048
47-4011.01,18077,0.0188974544667079,0.064
47-4011.01,18078,0.0377128555450599,0.064
47-4011.01,18079,0.0527390746458036,0.024
47-4011.01,18080,0.0382193669244797,0.032
47-4011.01,18081,0.0321821199850782,0.048
47-4011.01,18082,0.0206760273122853,0.048
47-4011.01,18083,0.0344642195152197,0.048
47-4011.01,18084,0.0250179728352127,0.04
47-4011.01,18085,0.121234877523475,0.024
47-4011.01,18086,0.0570589399856194,0.04
47-4011.01,18087,0.0158919444950264,0.032
47-4011.01,19560,0.1337406002945514,0.032
47-4011.01,19561,0.0564464153745256,0.024
47-4011.01,19562,0.0377073271787582,0.032
47-4011.01,19563,0.1799477527853459,0.016
47-4021.00,11565,0.0232821690874657,0.0405405405405405
47-4021.00,11579,0.0861616978684008,0.0405405405405405
47-4021.00,11581,0.1344702901024201,0.027027027027027
47-4021.00,11583,0.1430325750134054,0.0405405405405405
47-4031.00,13623,0.0276803259242141,0.0402576489533011
47-4031.00,13642,0.1774635442658681,0.001610305958132
47-4041.00,11586,0.104713296613227,0.032520325203252
47-4041.00,11592,0.1605613423509601,0.008130081300813
47-4041.00,11596,0.1995306772824406,0.008130081300813
47-4051.00,4882,0.1810585787390339,0.0327868852459016
47-4051.00,4884,0.1845550066961504,0.0163934426229508
47-4051.00,4887,0.1433913657346853,0.0081967213114754
47-4051.00,4888,0.1930924835658694,0.0081967213114754
47-4061.00,13659,0.1330432981005707,0.0865384615384615
47-4061.00,13661,0.1713240418408122,0.0673076923076923
47-4061.00,13664,0.1504364413674041,0.0432692307692307
47-4061.00,20798,0.0957861542004345,0.0144230769230769
47-4071.00,11619,0.1539957735011306,0.02
47-4071.00,11620,0.133986002254533,0.02
47-4071.00,11621,0.14864096567473,0.0133333333333333
47-4091.00,8294,0.1740362762989771,0.0761904761904762
47-4099.03,17787,0.0349546274659467,0.065040650406504
47-4099.03,17788,0.0284790653651024,0.024390243902439
47-4099.03,17789,0.0631474815162442,0.040650406504065
47-4099.03,17790,0.0359617640057152,0.1626016260162601
47-4099.03,17791,0.0604461345881519,0.016260162601626
47-4099.03,17792,0.0444729400165383,0.08130081300813
47-4099.03,17793,0.119562019083903,0.048780487804878
47-4099.03,17794,0.0282322207413623,0.065040650406504
47-4099.03,17795,0.0496340162670248,0.1056910569105691
47-4099.03,17796,0.0569184560333249,0.032520325203252
47-4099.03,17797,0.0326749359965107,0.065040650406504
47-4099.03,17798,0.0841505958728174,0.016260162601626
47-4099.03,17799,0.0411022145461461,0.024390243902439
47-4099.03,17800,0.024559530856663,0.040650406504065
47-4099.03,17801,0.0668580151118395,0.024390243902439
47-4099.03,17802,0.0225147876604678,0.024390243902439
47-4099.03,17803,0.0236848823365031,0.040650406504065
47-4099.03,17804,0.0847400659502594,0.024390243902439
47-4099.03,21204,0.0725023792168555,0.040650406504065
47-4099.03,21205,0.0254038673686228,0.056910569105691
47-5011.00,9902,0.0118653314372593,0.0197368421052631
47-5012.00,8303,0.0649211443349065,0.0425531914893617
47-5012.00,8315,0.1136629673676164,0.0053191489361702
47-5013.00,7077,0.0605116762817113,0.0303030303030303
47-5013.00,7082,0.1162041982649867,0.0363636363636363
47-5013.00,7084,0.1317383738563257,0.0363636363636363
47-5013.00,7086,0.1319781997060653,0.0363636363636363
47-5013.00,7087,0.1187235546940625,0.0363636363636363
47-5013.00,7089,0.1530072185391206,0.0363636363636363
47-5023.00,13672,0.0609261562660277,0.0172413793103448
47-5023.00,13688,0.1123473935784756,0.0229885057471264
47-5032.00,9904,0.0182133157495458,0.0555555555555555
47-5032.00,9905,0.0569936264102876,0.0347222222222222
47-5032.00,9906,0.0159780472160321,0.0277777777777777
47-5032.00,9907,0.0159745471931133,0.0694444444444444
47-5032.00,9908,0.0405986530422162,0.0694444444444444
47-5032.00,9909,0.0163433421064789,0.0416666666666666
47-5032.00,9910,0.0322909251416549,0.0486111111111111
47-5032.00,9911,0.0380137316102806,0.0277777777777777
47-5032.00,9912,0.0183274501368558,0.0416666666666666
47-5032.00,9913,0.0380464488533773,0.0347222222222222
47-5032.00,9914,0.0309113548896165,0.0555555555555555
47-5032.00,9915,0.0272454015885123,0.0208333333333333
47-5032.00,9916,0.0056594784834571,0.0486111111111111
47-5032.00,9917,0.0438843159601684,0.0208333333333333
47-5032.00,9918,0.0086628086696541,0.0555555555555555
47-5032.00,9919,0.0422887565134755,0.0277777777777777
47-5032.00,9920,0.0121913444398965,0.0208333333333333
47-5032.00,9922,0.0476750827287996,0.0347222222222222
47-5032.00,9923,0.0932538252074273,0.0138888888888888
47-5032.00,9924,0.1362751134689089,0.0138888888888888
47-5032.00,9925,0.1350948342150232,0.0138888888888888
47-5032.00,9927,0.1260775963752175,0.0208333333333333
47-5043.00,4897,0.037484602914505,0.0314960629921259
47-5044.00,23501,0.0398266249439191,0.0143540669856459
47-5071.00,7111,0.2286392134299953,0.0277777777777777
47-5071.00,7120,0.1995622326991112,0.1666666666666666
47-5071.00,7121,0.2416817460442814,0.0138888888888888
47-5071.00,7122,0.1241815464579806,0.0138888888888888
47-5081.00,13700,0.1486200205813888,0.0592592592592592
49-1011.00,2930,0.0874506418824384,0.017094017094017
49-2011.00,11645,0.0461091981248902,0.0150375939849624
49-2011.00,11646,0.050293020276985,0.0150375939849624
49-2011.00,11647,0.0869899944600992,0.0075187969924812
49-2021.00,19398,0.0202304297690203,0.0413793103448275
49-2021.00,19403,0.3819299647174856,0.0206896551724137
49-2021.00,19404,0.1804885228675422,0.0275862068965517
49-2022.00,11670,0.0603873490917302,0.0437158469945355
49-2022.00,11682,0.0833186788585498,0.0054644808743169
49-2022.00,11683,0.1011866538705784,0.0109289617486338
49-2022.00,11685,0.0852309339443084,0.0327868852459016
49-2093.00,11741,0.2621004274069068,0.023076923076923
49-2094.00,896,0.0787128849021636,0.0077519379844961
49-2095.00,11749,0.1690758265164882,0.0486111111111111
49-2095.00,11751,0.1763257239569882,0.0555555555555555
49-2095.00,11755,0.1887514408900897,0.0347222222222222
49-2097.00,13744,0.0549850955613911,0.0545454545454545
49-2098.00,11771,0.2096220042293003,0.0333333333333333
49-3011.00,9959,0.0411755570511792,0.0239234449760765
49-3011.00,9964,0.0506000622832914,0.0159489633173843
49-3011.00,9967,0.0225795577007735,0.0159489633173843
49-3011.00,9974,0.0527864962783668,0.0079744816586921
49-3011.00,9975,0.0417699303088527,0.0079744816586921
49-3011.00,9978,0.0725530572598199,0.0318979266347687
49-3011.00,9979,0.0687001326622012,0.0079744816586921
49-3011.00,9980,0.0759011449333254,0.0031897926634768
49-3011.00,9983,0.0804195268273517,0.0031897926634768
49-3021.00,2956,0.0489434357086326,0.0234375
49-3023.00,23547,0.0894632828007442,0.0144092219020172
49-3023.00,23548,0.1192065422484956,0.0028818443804034
49-3031.00,2992,0.0237246490371949,0.031413612565445
49-3031.00,2997,0.0867929875016855,0.0418848167539267
49-3031.00,2998,0.0865753980861863,0.0261780104712041
49-3041.00,13755,0.0424402099073546,0.0579710144927536
49-3041.00,13760,0.1631786936057874,0.0434782608695652
49-3043.00,9987,0.0219340594034254,0.0666666666666666
49-3043.00,9993,0.1131512524559264,0.05
49-3043.00,9994,0.1129422758287618,0.0583333333333333
49-3043.00,9997,0.1336853480516517,0.0333333333333333
49-3043.00,10002,0.1305131857747186,0.0083333333333333
49-3043.00,10003,0.1312929601354215,0.0166666666666666
49-3052.00,8357,0.0183307465499163,0.0909090909090909
49-3091.00,5190,0.1473175405755652,0.0204081632653061
49-3091.00,20921,0.0372750320368574,0.0306122448979591
49-9011.00,8405,0.104915378319492,0.0176991150442477
49-9011.00,8406,0.1429025592423804,0.0088495575221238
49-9011.00,8408,0.0510496155940805,0.0176991150442477
49-9011.00,8411,0.1514381868380639,0.0088495575221238
49-9012.00,11779,0.0472753538552523,0.0748129675810473
49-9012.00,11781,0.0584629418250173,0.0187032418952618
49-9012.00,11783,0.0635491394365119,0.0498753117206982
49-9012.00,11786,0.0586090525547073,0.0374064837905236
49-9012.00,11788,0.0949586328154554,0.0374064837905236
49-9012.00,11789,0.1160256332875957,0.0124688279301745
49-9012.00,11792,0.1088676679733682,0.0436408977556109
49-9012.00,11800,0.1158335748620461,0.0187032418952618
49-9012.00,11804,0.1050168862875219,0.0249376558603491
49-9012.00,11810,0.1104529288719923,0.0187032418952618
49-9021.00,23554,0.0521373742438331,0.0408163265306122
49-9044.00,3041,0.0371219635855986,0.0833333333333333
49-9044.00,3043,0.0647749242200995,0.0277777777777777
49-9044.00,3045,0.0383572307702302,0.0833333333333333
49-9044.00,3046,0.033556058766118,0.0208333333333333
49-9044.00,3047,0.0385020122513248,0.0208333333333333
49-9044.00,3048,0.0381305133021616,0.0555555555555555
49-9044.00,3049,0.0282944176019901,0.0486111111111111
49-9044.00,3050,0.03161796011075,0.0416666666666666
49-9044.00,3051,0.0408405057464887,0.0555555555555555
49-9044.00,3052,0.0197474508192281,0.0277777777777777
49-9044.00,3053,0.0254386636298765,0.0277777777777777
49-9044.00,3054,0.0084669092186142,0.0277777777777777
49-9044.00,3055,0.0487252925887993,0.0416666666666666
49-9044.00,3056,0.0139595400683084,0.0138888888888888
49-9044.00,3057,0.0428327278479366,0.0277777777777777
49-9044.00,3058,0.0711682847371997,0.0138888888888888
49-9044.00,3059,0.1649290389976189,0.0069444444444444
49-9044.00,3060,0.1071177729318539,0.0208333333333333
49-9044.00,18785,0.0287343156431949,0.1111111111111111
49-9044.00,18786,0.0588548277033441,0.0555555555555555
49-9044.00,18787,0.0196268029879225,0.0347222222222222
49-9044.00,18788,0.0164926340847405,0.0833333333333333
49-9044.00,21083,0.0227101523865996,0.0694444444444444
49-9045.00,13822,0.2610847679998199,0.0504201680672268
49-9045.00,13832,0.3426348637054104,0.0336134453781512
49-9051.00,8424,0.011708376723008,0.0263157894736842
49-9051.00,8428,0.0069386939803159,0.0131578947368421
49-9062.00,3073,0.0942416708408686,0.0175438596491228
49-9062.00,3075,0.1001478128996038,0.0263157894736842
49-9063.00,11865,0.0194009991624226,0.0569395017793594
49-9063.00,11866,0.046698879274713,0.0711743772241993
49-9063.00,11867,0.0153947953514106,0.0498220640569395
49-9063.00,11868,0.0087363019966202,0.0427046263345195
49-9063.00,11869,0.0216249752414915,0.0284697508896797
49-9063.00,11870,0.0115837256152697,0.0640569395017793
49-9063.00,11871,0.0214607671550352,0.0498220640569395
49-9063.00,11872,0.0357466524219704,0.0427046263345195
49-9063.00,11873,0.0098247957172981,0.099644128113879
49-9063.00,11874,0.0155144762195435,0.0355871886120996
49-9063.00,11875,0.005591648981696,0.0284697508896797
49-9063.00,11876,0.0433403084445855,0.0213523131672597
49-9063.00,11877,0.0062822674136329,0.0142348754448398
49-9063.00,11878,0.0765273395733585,0.0427046263345195
49-9063.00,11879,0.0610281463832724,0.0284697508896797
49-9063.00,11880,0.0561031244989637,0.0213523131672597
49-9063.00,11881,0.0732347349284189,0.0284697508896797
49-9063.00,11882,0.0766281130792912,0.0213523131672597
49-9063.00,11884,0.0434204633665779,0.0355871886120996
49-9063.00,11885,0.0806453947045494,0.0213523131672597
49-9063.00,11887,0.0592193911485828,0.0142348754448398
49-9063.00,11891,0.0569932603675972,0.0213523131672597
49-9063.00,11896,0.0873513138370635,0.0142348754448398
49-9063.00,11898,0.0676481251166343,0.0213523131672597
49-9071.00,3032,0.1507658177223982,0.01628664495114
49-9071.00,19897,0.2117907190683289,0.003257328990228
49-9081.00,17805,0.1883511470890156,0.0476190476190476
49-9091.00,13836,0.1405860816085081,0.0397350993377483
49-9091.00,13837,0.1629360453236319,0.1059602649006622
49-9091.00,13844,0.1778803903493969,0.0198675496688741
49-9091.00,13845,0.0911391648941375,0.0331125827814569
49-9092.00,13862,0.0101535440448823,0.0298507462686567
49-9092.00,13867,0.0642906791575767,0.0223880597014925
49-9094.00,7124,0.1243772422231485,0.1153846153846153
49-9094.00,7125,0.060114624819208,0.0384615384615384
49-9094.00,7126,0.0926115771596921,0.1153846153846153
49-9094.00,7127,0.034471204534568,0.0769230769230769
49-9094.00,7128,0.0480273962325849,0.0961538461538461
49-9094.00,7129,0.0376519012313187,0.0384615384615384
49-9094.00,7130,0.0579152408540545,0.0288461538461538
49-9094.00,7131,0.0088065058266682,0.0192307692307692
49-9094.00,7132,0.1593985730683041,0.0096153846153846
49-9094.00,18789,0.0980655465407375,0.0576923076923076
49-9094.00,18790,0.0168252307847296,0.0769230769230769
49-9094.00,18791,0.0471397693347146,0.1538461538461538
49-9094.00,18792,0.1406959951716674,0.0769230769230769
49-9094.00,18793,0.0738991922186032,0.0961538461538461
49-9095.00,13879,0.0261283657458872,0.2884615384615384
49-9095.00,13880,0.1204122603322577,0.0769230769230769
49-9095.00,13883,0.0886831708748451,0.0384615384615384
49-9095.00,13884,0.123219192359387,0.0384615384615384
49-9095.00,13886,0.1150126587887708,0.0288461538461538
49-9095.00,13890,0.2405010210759416,0.0576923076923076
49-9095.00,13891,0.138962894255642,0.0384615384615384
49-9099.01,17936,0.1010075971736396,0.0375
49-9099.01,17937,0.1201658865516379,0.025
49-9099.01,17940,0.1112349599967501,0.0625
49-9099.01,17952,0.0687788853007778,0.025
49-9099.01,17954,0.1033956719173735,0.05
49-9099.01,17957,0.1052596806278325,0.05
51-2011.00,13936,0.1818503629105869,0.0210526315789473
51-2011.00,13942,0.1551048694643469,0.0210526315789473
51-2021.00,11904,0.1054127964868681,0.288
51-2021.00,11912,0.145969410270201,0.064
51-2021.00,11913,0.1536432116727413,0.048
51-2021.00,11914,0.121160516174466,0.096
51-2022.00,10030,0.0789194684035516,0.0526315789473684
51-2022.00,10033,0.1717443400568208,0.0087719298245614
51-2023.00,13955,0.2149972754727658,0.0225563909774436
51-2041.00,10056,0.1311057308643357,0.0268456375838926
51-2061.00,15004,0.0479686055373861,0.072463768115942
51-2061.00,15005,0.0512232929798368,0.0869565217391304
51-2061.00,15006,0.0501975757667786,0.1159420289855072
51-2061.00,15008,0.0561628907735764,0.0869565217391304
51-2061.00,15009,0.0490791136634454,0.072463768115942
51-2061.00,15010,0.0594052364315929,0.0579710144927536
51-2061.00,15011,0.0983157291178487,0.0289855072463768
51-2061.00,15013,0.0921092591333183,0.0289855072463768
51-2061.00,15014,0.0691799444662265,0.0217391304347826
51-2061.00,15016,0.0687473729941876,0.0217391304347826
51-2061.00,15017,0.0656352877953028,0.0434782608695652
51-2061.00,15018,0.0621321970971314,0.036231884057971
51-2061.00,15019,0.079164584995102,0.0217391304347826
51-2092.00,20164,0.2164900080551179,0.0521739130434782
51-3022.00,8798,0.1397077703001816,0.1014492753623188
51-3022.00,8802,0.1106813808921276,0.0289855072463768
51-3022.00,8805,0.1678291439117853,0.0144927536231884
51-3023.00,13990,0.1874404708053717,0.1923076923076923
51-3023.00,13999,0.1724086190862343,0.0288461538461538
51-3093.00,4951,0.0606866226899563,0.2093023255813953
51-4021.00,8482,0.112326675195824,0.072
51-4021.00,8483,0.135715875360302,0.064
51-4021.00,8484,0.1175273401769381,0.024
51-4022.00,10090,0.1534382289380097,0.0132450331125827
51-4023.00,10104,0.0538321098076589,0.0384615384615384
51-4031.00,10112,0.0339994848405047,0.0246305418719211
51-4031.00,10116,0.0384418025571282,0.0197044334975369
51-4031.00,10117,0.0431080537228815,0.0394088669950738
51-4031.00,10119,0.0412943829535928,0.0788177339901477
51-4031.00,10120,0.0384010006885134,0.0147783251231527
51-4031.00,10122,0.0455170879228695,0.0098522167487684
51-4031.00,10123,0.0495789138009637,0.0492610837438423
51-4031.00,10126,0.0360639514017427,0.0098522167487684
51-4031.00,10127,0.0446501775903502,0.0295566502463054
51-4031.00,10128,0.0463850819201579,0.0098522167487684
51-4031.00,10131,0.0326464979339487,0.0197044334975369
51-4031.00,10132,0.0440859742522501,0.0147783251231527
51-4031.00,10134,0.0510125108612334,0.0197044334975369
51-4031.00,10138,0.0536802243834193,0.0098522167487684
51-4032.00,11989,0.0847647583160263,0.0080645161290322
51-4041.00,3115,0.0565961069493846,0.0211267605633802
51-4051.00,10166,0.1200035662721825,0.1212121212121212
51-4051.00,10170,0.0776277892941948,0.0227272727272727
51-4052.00,12012,0.1029143780513779,0.0486111111111111
51-4052.00,12014,0.1056265875111162,0.1111111111111111
51-4052.00,12017,0.1131617349901716,0.0555555555555555
51-4061.00,12035,0.1720609321281337,0.0303030303030303
51-4062.00,12043,0.1534711024180772,0.0555555555555555
51-4122.00,10286,0.0507407927742947,0.0208333333333333
51-4122.00,10293,0.1033555758321906,0.0104166666666666
51-4191.00,12097,0.1017178228571904,0.0346820809248554
51-4191.00,12101,0.0945506519990506,0.0231213872832369
51-4191.00,12111,0.1126882183101292,0.0173410404624277
51-4192.00,10308,0.1690103680774752,0.0303030303030303
51-4193.00,10332,0.0614283708581108,0.0229885057471264
51-4193.00,10338,0.0732125668509444,0.0153256704980842
51-4193.00,10339,0.07310336693998,0.0114942528735632
51-4194.00,10365,0.137095460852869,0.0074626865671641
51-5111.00,10404,0.0771569871570834,0.0338983050847457
51-5112.00,19437,0.0413083901835519,0.015625
51-5113.00,19444,0.0931778873848025,0.0073529411764705
51-5113.00,19454,0.103741876219262,0.0073529411764705
51-5113.00,19461,0.0632263130566207,0.0514705882352941
51-6011.00,12127,0.0830067871616022,0.021551724137931
51-6011.00,12131,0.0908995448967848,0.035919540229885
51-6011.00,12133,0.0897638555991535,0.007183908045977
51-6011.00,12136,0.0891622442325968,0.014367816091954
51-6011.00,12138,0.0936118925550407,0.0028735632183908
51-6011.00,12143,0.0740417361494521,0.014367816091954
51-6021.00,14058,0.0430457912649558,0.0097087378640776
51-6021.00,14059,0.048094939351996,0.0194174757281553
51-6021.00,14060,0.0602856950338104,0.0048543689320388
51-6021.00,14061,0.0542966970824586,0.0097087378640776
51-6031.00,12167,0.0806227860653418,0.0110294117647058
51-6041.00,14067,0.0686583821276999,0.0461538461538461
51-6041.00,14068,0.0611532347272034,0.0461538461538461
51-6041.00,14069,0.0740240968600127,0.0384615384615384
51-6041.00,14072,0.0621148613354393,0.0923076923076923
51-6041.00,14076,0.0714952785824769,0.0461538461538461
51-6041.00,14077,0.0656366191377654,0.0153846153846153
51-6041.00,14078,0.0680751535801314,0.0076923076923076
51-6041.00,14083,0.0735428005732501,0.0153846153846153
51-6042.00,14102,0.0865479869041439,0.0131578947368421
51-6042.00,14104,0.0913825600263479,0.0657894736842105
51-6042.00,14106,0.0920309182849377,0.0131578947368421
51-6051.00,14111,0.0958085194058242,0.0634920634920634
51-6051.00,14112,0.0884278802735656,0.0793650793650793
51-6051.00,14118,0.119390603294112,0.0317460317460317
51-6061.00,14136,0.0985072285912433,0.0248447204968944
51-6062.00,14146,0.0350117597840697,0.0073529411764705
51-6091.00,14213,0.0351602032806383,0.028169014084507
51-6091.00,14217,0.1791760667502558,0.0211267605633802
51-6093.00,14239,0.0747811000645616,0.0336134453781512
51-7011.00,12221,0.1150987406838756,0.0441176470588235
51-7011.00,12222,0.0878039591391853,0.0220588235294117
51-7011.00,12228,0.1068346285250346,0.0294117647058823
51-7011.00,12229,0.07250218062958,0.0441176470588235
51-7031.00,14272,0.0420676622070782,0.0833333333333333
51-8013.00,19916,0.1104344764945665,0.0072046109510086
51-8013.00,19917,0.1126494074804111,0.0072046109510086
51-8013.04,17912,0.0524498892167654,0.1212121212121212
51-8021.00,10468,0.0361826502414629,0.1543408360128617
51-8021.00,10490,0.1092727498516643,0.0064308681672025
51-8021.00,10492,0.1265490365314004,0.0064308681672025
51-8031.00,925,0.2035599843015043,0.0769230769230769
51-8031.00,926,0.1170011013187046,0.1923076923076923
51-8031.00,927,0.0922806601764911,0.2307692307692307
51-8031.00,928,0.1089638160501985,0.1538461538461538
51-8031.00,929,0.1810248826274569,0.0961538461538461
51-8031.00,930,0.0745513725794477,0.1153846153846153
51-8031.00,932,0.1477296175080009,0.0576923076923076
51-8031.00,18585,0.0748885654381957,0.0769230769230769
51-8091.00,10499,0.0140759667340143,0.0071174377224199
51-8091.00,10508,0.0679904928802265,0.0213523131672597
51-8091.00,10509,0.0498874468108288,0.0142348754448398
51-8091.00,10510,0.0839258355340581,0.0035587188612099
51-9021.00,12390,0.0958844695753817,0.0273972602739726
51-9021.00,12393,0.0731616436341815,0.0136986301369863
51-9022.00,14330,0.0566275900524696,0.0232558139534883
51-9022.00,14341,0.0966838229863277,0.0232558139534883
51-9022.00,14345,0.0462248241889427,0.0155038759689922
51-9022.00,14346,0.0521664847657941,0.0930232558139534
51-9022.00,14348,0.092589097497549,0.0077519379844961
51-9041.00,12444,0.0399214839012963,0.0544217687074829
51-9041.00,12454,0.0694725492881161,0.0680272108843537
51-9051.00,4978,0.1621636844155586,0.0333333333333333
51-9061.00,12497,0.0940758146217409,0.0024125452352231
51-9071.00,23646,0.0821929048204857,0.0066225165562913
51-9071.00,23648,0.105382973485591,0.0066225165562913
51-9071.06,15092,0.1101807861675657,0.0787401574803149
51-9071.06,15093,0.1026381534617402,0.0629921259842519
51-9071.06,15094,0.0988265639029221,0.0314960629921259
51-9071.06,15095,0.0575260196417939,0.0629921259842519
51-9071.06,15096,0.0857366071460602,0.0314960629921259
51-9071.06,15097,0.0884601289577553,0.0236220472440944
51-9071.06,15099,0.1833880090254887,0.0157480314960629
51-9123.00,12536,0.217868782092371,0.053763440860215
51-9124.00,12516,0.1104377385337656,0.0333333333333333
51-9124.00,12518,0.089186295466993,0.0333333333333333
51-9141.00,12592,0.1158765420159622,0.0075187969924812
51-9141.00,12595,0.1153661612616147,0.0225563909774436
51-9151.00,19488,0.0494626403088972,0.0329670329670329
51-9162.00,11964,0.1016783190116007,0.0491803278688524
51-9162.00,11967,0.0321106800300296,0.0655737704918032
51-9162.00,20922,0.0860847348594565,0.0163934426229508
51-9192.00,14375,0.1541390830393174,0.0491803278688524
51-9193.00,8549,0.1403991855246578,0.0317460317460317
51-9193.00,8551,0.1760706307849365,0.0211640211640211
51-9193.00,8557,0.1290186874002749,0.0529100529100529
51-9194.00,14392,0.1089263349601414,0.0197368421052631
51-9194.00,14401,0.1062454904165018,0.0526315789473684
51-9194.00,14409,0.0927415578395595,0.0394736842105263
51-9195.00,23666,0.0228010798613711,0.0359712230215827
51-9195.00,23667,0.0302998261690776,0.0575539568345323
51-9195.00,23668,0.0442148556995292,0.0503597122302158
51-9195.00,23669,0.0447796304698758,0.014388489208633
51-9195.00,23670,0.0397982348603405,0.0359712230215827
51-9195.00,23671,0.0334488011226079,0.0503597122302158
51-9195.00,23672,0.0437827891735015,0.0431654676258992
51-9195.00,23673,0.0434810424379381,0.0215827338129496
51-9195.00,23674,0.0443826330688446,0.0359712230215827
51-9195.00,23675,0.0369866451942587,0.0287769784172661
51-9195.00,23676,0.0426355286381238,0.0431654676258992
51-9195.00,23677,0.0459523794561588,0.014388489208633
51-9195.00,23678,0.0581731532620076,0.0215827338129496
51-9195.00,23679,0.0541444632082353,0.0215827338129496
51-9195.00,23680,0.0540626189119368,0.0287769784172661
51-9195.00,23681,0.0486309153997693,0.0287769784172661
51-9195.00,23682,0.0454011517350502,0.0359712230215827
51-9195.00,23683,0.0521530413609261,0.0575539568345323
51-9195.00,23684,0.0507004908800148,0.0431654676258992
51-9195.00,23687,0.0482516548548579,0.0359712230215827
51-9195.00,23688,0.0587076729588054,0.0215827338129496
51-9195.00,23690,0.057211391276768,0.0287769784172661
51-9195.04,12635,0.0949533562938896,0.1188118811881188
51-9195.04,12639,0.1115711401079832,0.0198019801980198
51-9195.04,12640,0.1075239187884179,0.0198019801980198
51-9195.04,12645,0.0875724728437954,0.0396039603960396
51-9195.04,12648,0.1078556917413117,0.0099009900990099
51-9195.05,15119,0.0269553604072057,0.0465116279069767
51-9195.05,15124,0.0559637422523596,0.0232558139534883
51-9195.05,15133,0.100489755518683,0.0310077519379844
51-9195.05,21211,0.0355838149466287,0.0930232558139534
51-9195.05,21213,0.0463380610374269,0.0310077519379844
51-9196.00,12688,0.1343098398900383,0.1408450704225352
51-9196.00,12690,0.1177528212569413,0.0704225352112676
51-9196.00,12691,0.1496355066978826,0.056338028169014
51-9197.00,14419,0.1079668374640508,0.0391061452513966
51-9198.00,12693,0.0586723005424921,0.0711111111111111
53-1041.00,20933,0.1000004453608768,0.0576923076923076
53-1042.01,17901,0.1962301838133697,0.0327868852459016
53-1042.01,17903,0.2046778162679029,0.0163934426229508
53-2011.00,10563,0.0011994196440426,0.0042480883602378
53-2011.00,10571,0.0392617205981378,0.1274426508071368
53-2011.00,10580,0.0902375747469324,0.0127442650807136
53-2012.00,10597,0.0573104867167318,0.0125628140703517
53-2012.00,10606,0.0680520949770224,0.0012562814070351
53-2022.00,10627,0.121793367536525,0.0184331797235023
53-2022.00,10634,0.1063855566669064,0.0092165898617511
53-2031.00,9636,0.019119628820742,0.0011415525114155
53-3011.00,8610,0.0324429119227725,0.0078125
53-3011.00,21029,0.0362798497311278,0.0625
53-3031.00,3154,0.0964790735774062,0.0925925925925925
53-3031.00,3157,0.1688194084218363,0.037037037037037
53-3031.00,3162,0.1822662902294784,0.0925925925925925
53-3031.00,3163,0.1276866018965183,0.037037037037037
53-3032.00,10660,0.1243218079225607,0.0028137310073157
53-3051.00,23723,0.0914165014190086,0.0055555555555555
53-3052.00,3144,0.0440430606851411,0.0484496124031007
53-3053.00,23747,0.042578090504234,0.1034482758620689
53-4013.00,10670,0.0298491849509029,0.0387596899224806
53-4013.00,10680,0.0485740013224025,0.0193798449612403
53-4022.00,23774,0.0373653179694917,0.0938967136150234
53-4022.00,23775,0.0428335159290528,0.0751173708920187
53-4022.00,23776,0.036157103083001,0.056338028169014
53-4022.00,23777,0.0330317633247743,0.0751173708920187
53-4022.00,23778,0.0302333485645265,0.0469483568075117
53-4022.00,23779,0.0284776068243576,0.056338028169014
53-4022.00,23780,0.0389157461010059,0.0938967136150234
53-4022.00,23781,0.02151156478664,0.0046948356807511
53-4022.00,23782,0.0382659692562598,0.056338028169014
53-4022.00,23783,0.0304238931430504,0.0375586854460093
53-4022.00,23784,0.0240572693860318,0.028169014084507
53-4022.00,23785,0.0119526994936824,0.028169014084507
53-4022.00,23786,0.0401699962447162,0.0375586854460093
53-4022.00,23787,0.0134887712570173,0.0187793427230046
53-4022.00,23788,0.0311651248630039,0.0469483568075117
53-4022.00,23789,0.03216848579269,0.0046948356807511
53-4022.00,23790,0.0372615424310859,0.028169014084507
53-4022.00,23791,0.0164562626737653,0.0093896713615023
53-4022.00,23792,0.0263639326541993,0.0093896713615023
53-4022.00,23793,0.035074374973975,0.028169014084507
53-4022.00,23794,0.0669013119856443,0.0751173708920187
53-4022.00,23795,0.0899157991591182,0.0093896713615023
53-4022.00,23796,0.0791406222146178,0.0187793427230046
53-4022.00,23798,0.0656851726158865,0.0187793427230046
53-4022.00,23799,0.0929828052724049,0.0046948356807511
53-4031.00,10706,0.1364181615485386,0.0256410256410256
53-4041.00,12774,0.0190870488149756,0.0049212598425196
53-5011.00,14459,0.1291269121188464,0.0497512437810945
53-5011.00,14463,0.1074774345680024,0.0398009950248756
53-5011.00,14475,0.062341140075787,0.0597014925373134
53-5011.00,14476,0.0498525257650855,0.0497512437810945
53-5011.00,20935,0.1380201571876219,0.0199004975124378
53-5021.00,23812,0.0077160227595858,0.0008756567425569
53-5021.00,23820,0.0352118103360984,0.0350262697022767
53-5021.00,23830,0.0740730630983609,0.0043782837127845
53-5022.00,14549,0.15546432790269,0.0092592592592592
53-5031.00,14555,0.1078987475397471,0.0579710144927536
53-5031.00,14564,0.0459361077302345,0.0579710144927536
53-5031.00,14565,0.0377921238846267,0.0289855072463768
53-6011.00,7150,0.0371621204727819,0.0248962655601659
53-6011.00,7151,0.0308906353453034,0.0414937759336099
53-6011.00,7152,0.0307941882233511,0.0829875518672199
53-6011.00,7153,0.0393919793101359,0.0663900414937759
53-6011.00,7154,0.0170905209458107,0.0041493775933609
53-6011.00,7155,0.0457445902453365,0.1244813278008298
53-6011.00,7156,0.0416384904320028,0.1244813278008298
53-6011.00,7157,0.089998942941803,0.1659751037344398
53-6011.00,7158,0.0664563699446106,0.0248962655601659
53-6011.00,7159,0.0827653357711287,0.0331950207468879
53-6011.00,7160,0.0393919793101359,0.0248962655601659
53-6011.00,7161,0.0494208059467043,0.0082987551867219
53-6011.00,7162,0.0196911624766142,0.0414937759336099
53-6011.00,7163,0.0777704553428384,0.0331950207468879
53-6011.00,7164,0.089558041812878,0.0663900414937759
53-6011.00,7165,0.0789749652562182,0.0331950207468879
53-6011.00,7166,0.0789749652562182,0.0663900414937759
53-6011.00,7169,0.0842844509661274,0.0331950207468879
53-6021.00,3187,0.0778742177202418,0.1342281879194631
53-6021.00,3189,0.0946612079910232,0.1073825503355704
53-6021.00,3195,0.0852981183989695,0.0134228187919463
53-6021.00,3196,0.0769806402135421,0.0402684563758389
53-6021.00,3200,0.1359465464368907,0.0067114093959731
53-6021.00,20835,0.0824317997484894,0.1073825503355704
53-6031.00,10718,0.1119264395171421,0.0124223602484472
53-6031.00,10720,0.0657522998071028,0.0248447204968944
53-6031.00,10726,0.0963418043527099,0.0248447204968944
53-6031.00,20937,0.1270661985469864,0.0993788819875776
53-6041.00,8634,0.0835481582312593,0.0287769784172661
53-6041.00,8635,0.0783205368506081,0.0431654676258992
53-6041.00,8638,0.0911233642601244,0.0575539568345323
53-6041.00,8643,0.0731455463589329,0.0431654676258992
53-6041.00,8647,0.1365724737999768,0.0431654676258992
53-6041.00,8649,0.0958592523300686,0.0287769784172661
53-6041.00,8650,0.1149904970190315,0.0287769784172661
53-6041.00,8652,0.159761270178844,0.0215827338129496
53-6051.00,23850,0.0372897165747994,0.08
53-6051.00,23851,0.0503183155391608,0.096
53-6051.00,23852,0.0210914263103378,0.064
53-6051.00,23853,0.0845896572258888,0.032
53-6051.00,23854,0.0459661496246407,0.096
53-6051.00,23855,0.0756630601552459,0.032
53-6051.00,23856,0.0378805273066256,0.112
53-6051.00,23857,0.039834593455048,0.024
53-6051.00,23858,0.0734016234528206,0.032
53-6051.00,23859,0.0670010951680948,0.04
53-6051.00,23860,0.0664722379031643,0.048
53-6051.00,23861,0.0798623877443125,0.016
53-6051.00,23864,0.1822606199220594,0.016
53-6051.00,23865,0.1383685896178008,0.04
53-6051.01,10736,0.08521452274416,0.0186915887850467
53-6051.01,10738,0.1706037833142421,0.0373831775700934
53-6051.01,10740,0.2419878106632847,0.0373831775700934
53-6051.07,14572,0.1215223323997849,0.0794701986754966
53-6051.07,14580,0.1732478502813629,0.0397350993377483
53-6051.07,19926,0.2008783945595564,0.0264900662251655
53-7011.00,10746,0.117482252763059,0.0568181818181818
53-7011.00,10765,0.1368661143961696,0.0113636363636363
53-7011.00,10766,0.1304499414029412,0.0170454545454545
53-7041.00,4979,0.0602206055837126,0.1829268292682926
53-7041.00,4980,0.0696556470832443,0.1219512195121951
53-7041.00,4981,0.0435982583735113,0.1463414634146341
53-7041.00,4982,0.0927899082293106,0.1829268292682926
53-7041.00,4983,0.06641853033927,0.0609756097560975
53-7041.00,4984,0.0611801383521417,0.024390243902439
53-7041.00,4986,0.0676811417647183,0.073170731707317
53-7041.00,4987,0.129827576187603,0.048780487804878
53-7041.00,4988,0.1102227106877649,0.0121951219512195
53-7041.00,4989,0.1551983831403841,0.024390243902439
53-7041.00,4990,0.0883433605272733,0.0365853658536585
53-7051.00,3207,0.1703558493993148,0.0402684563758389
53-7051.00,3210,0.1739568010843053,0.0134228187919463
53-7061.00,5002,0.0961510479129787,0.0425531914893617
53-7062.00,10786,0.1390289808112789,0.0310077519379844
53-7062.00,10788,0.1418886498260698,0.0465116279069767
53-7062.00,10790,0.180303279509655,0.0387596899224806
53-7062.00,10796,0.1613971825534539,0.0077519379844961
53-7062.04,17871,0.1479584255383895,0.032258064516129
53-7062.04,17873,0.155309457478046,0.0552995391705069
53-7062.04,17881,0.1448397655179614,0.0230414746543778
53-7062.04,17883,0.1508464253459686,0.0414746543778801
53-7065.00,23871,0.0672277285619382,0.02
53-7065.00,23896,0.091140916001714,0.005
53-7071.00,14606,0.0262100280790671,0.037037037037037
53-7072.00,14619,0.1706945675482099,0.054054054054054
53-7072.00,14620,0.1198601237289604,0.0405405405405405
53-7072.00,14621,0.1400502215244796,0.0675675675675675
53-7073.00,5019,0.1302207765331313,0.0666666666666666
53-7073.00,5025,0.2033596769108186,0.0266666666666666
53-7073.00,21161,0.1457255255819671,0.0133333333333333
53-7081.00,7183,0.1692479266144351,0.0066577896138482
53-7121.00,12806,0.0916574863742423,0.0327868852459016
11-3012.00,19,0.1503294153345337,0.1428571428571428
11-3012.00,20,0.0715222585702174,0.0357142857142857
11-3012.00,21,0.0709030880649946,0.0714285714285714
11-3012.00,22,0.0468497465010579,0.0535714285714285
11-3012.00,23,0.0611429830452418,0.0535714285714285
11-3012.00,24,0.095246098957455,0.0714285714285714
11-3012.00,30,0.0060179901887126,0.0178571428571428
11-3051.00,32,0.1831101619544647,0.1438848920863309
11-3051.00,33,0.0472691778992312,0.0431654676258992
11-3051.00,34,0.1223735492290538,0.0863309352517985
11-3051.00,35,0.102342859127558,0.0719424460431654
11-3051.00,36,0.0553973216106743,0.0431654676258992
11-3051.00,37,0.0600326279049263,0.0287769784172661
11-3051.00,38,0.0972456364730865,0.0575539568345323
11-3051.00,39,0.1136183626535112,0.0575539568345323
11-3051.00,40,0.0771349905147003,0.0431654676258992
11-3051.00,41,0.0340335850095418,0.0287769784172661
11-3051.00,43,0.0356149217856593,0.0287769784172661
11-3051.00,44,0.0559668431569982,0.014388489208633
11-3051.00,45,0.0158599626805939,0.014388489208633
13-1022.00,66,0.0518135268213896,0.0991735537190082
13-1022.00,68,0.0270189664978507,0.0495867768595041
13-1022.00,72,0.0136574276164999,0.0495867768595041
13-1022.00,76,0.0232780263268748,0.0330578512396694
13-1022.00,77,0.0250614237565857,0.0165289256198347
13-1022.00,78,0.0050690776869045,0.0330578512396694
13-1022.00,79,0.0086684774187978,0.0330578512396694
19-1029.04,173,0.009200225136687,0.0384615384615384
19-1029.04,174,0.0505786717254095,0.0769230769230769
19-1029.04,175,0.011410877437372,0.1025641025641025
19-1029.04,176,0.0090694927216971,0.0384615384615384
19-1029.04,177,0.0014446044187088,0.0256410256410256
19-1029.04,178,0.0567809654876693,0.0769230769230769
19-1029.04,181,0.002141630328331,0.0512820512820512
19-1029.04,182,0.0106591620973043,0.0512820512820512
19-1029.04,184,0.0156148357733201,0.0256410256410256
19-1029.04,185,0.0529044551900982,0.0641025641025641
19-1029.04,186,0.0499228640565045,0.0512820512820512
19-1029.04,192,0.0023528797175905,0.0256410256410256
19-1029.04,194,0.0037310024961668,0.0256410256410256
19-1032.00,195,0.0198526875022985,0.0555555555555555
19-1032.00,196,0.0066536063594465,0.0694444444444444
19-1032.00,197,0.0165189022630002,0.0694444444444444
19-1032.00,198,0.0022058705827054,0.0347222222222222
19-1032.00,199,0.0040029050614865,0.0833333333333333
19-1032.00,200,0.0075492131849146,0.0347222222222222
19-1032.00,201,0.0022515863160591,0.0208333333333333
19-1032.00,202,0.0108587782055718,0.0486111111111111
19-1032.00,203,0.0040277011010698,0.0416666666666666
19-1032.00,204,0.0079968526525472,0.0277777777777777
19-1032.00,205,0.0312306967508757,0.0416666666666666
19-1032.00,206,0.0080998592275899,0.0625
19-1032.00,207,0.0115176411622798,0.0833333333333333
19-1032.00,208,0.0105564863056838,0.0486111111111111
19-1032.00,209,0.0021479144697696,0.0138888888888888
19-1032.00,211,0.0175297919503008,0.0277777777777777
19-1032.00,212,0.009427876331832,0.0555555555555555
19-1032.00,214,0.0056566703429914,0.0277777777777777
19-1032.00,215,0.0016144952032998,0.0208333333333333
19-1032.00,216,0.0117119351706982,0.0416666666666666
19-1032.00,217,0.0048561676345609,0.0208333333333333
19-1032.00,219,0.0098761234120991,0.0069444444444444
21-1021.00,235,0.0423505726755561,0.0981595092024539
21-1021.00,236,0.0517337605915241,0.0858895705521472
21-1021.00,237,0.0928606603733298,0.147239263803681
21-1021.00,238,0.0466012821256968,0.0613496932515337
21-1021.00,239,0.0507730020442127,0.0613496932515337
21-1021.00,240,0.0382362809685455,0.0490797546012269
21-1021.00,241,0.0520840184946508,0.0613496932515337
21-1021.00,242,0.0406943840282022,0.0368098159509202
21-1021.00,243,0.0137285222929252,0.0368098159509202
21-1021.00,244,0.0185192095478476,0.0490797546012269
21-1021.00,245,0.0453442107629517,0.0429447852760736
21-1021.00,246,0.0168760578201494,0.0184049079754601
21-1021.00,250,0.0401947245724922,0.0613496932515337
21-1021.00,252,0.0314882135830393,0.0184049079754601
21-1021.00,253,0.0134862795742946,0.0245398773006134
21-1021.00,254,0.0068773919060141,0.0184049079754601
21-1021.00,255,0.0037648201043439,0.0061349693251533
21-1021.00,256,0.0150804019366078,0.0245398773006134
21-1021.00,257,0.0022606393428956,0.0122699386503067
21-1023.00,273,0.1280186791528918,0.2439024390243902
21-1023.00,275,0.0807930548839165,0.08130081300813
21-1023.00,276,0.0981680502018479,0.1626016260162601
21-1023.00,277,0.0180302419966305,0.065040650406504
21-1023.00,278,0.0525091459634952,0.065040650406504
21-1023.00,279,0.052084583742743,0.048780487804878
21-1023.00,281,0.0634705509118893,0.032520325203252
27-1011.00,284,0.0940241441062395,0.1367521367521367
27-1011.00,285,0.0699680658986077,0.1025641025641025
27-1011.00,286,0.1207915175949704,0.0854700854700854
27-1011.00,287,0.0873257843477269,0.1025641025641025
27-1011.00,288,0.0674161840285387,0.0512820512820512
27-1011.00,289,0.0248265900161278,0.0512820512820512
27-1011.00,290,0.0318079223895597,0.0683760683760683
27-1011.00,291,0.1165832603275481,0.0683760683760683
27-1011.00,292,0.0740791026874797,0.0512820512820512
27-1011.00,293,0.015587780533066,0.0512820512820512
27-1011.00,294,0.1353975711524249,0.0683760683760683
27-1011.00,295,0.0595805108842561,0.0341880341880341
27-1011.00,296,0.014029455113917,0.0256410256410256
27-1011.00,297,0.0270310277402242,0.0341880341880341
27-1011.00,298,0.0108734854526206,0.0341880341880341
29-1123.00,363,0.0947667095227475,0.1764705882352941
29-1123.00,364,0.0431734174439216,0.0941176470588235
29-1123.00,365,0.0829723194047686,0.0588235294117647
29-1123.00,366,0.0829086067926568,0.1411764705882353
29-1123.00,367,0.0434836298827693,0.0470588235294117
29-1123.00,368,0.0734839974375399,0.0352941176470588
29-1123.00,369,0.0433022591336966,0.0352941176470588
29-1123.00,370,0.0854551168546976,0.1176470588235294
29-1123.00,371,0.0569292361286527,0.0117647058823529
29-1123.00,372,0.0156934141135879,0.0176470588235294
29-1123.00,373,0.0593883988370361,0.0470588235294117
29-1123.00,374,0.0531835610837628,0.0352941176470588
29-1123.00,375,0.0528537306896741,0.0235294117647058
29-1123.00,377,0.0789402700231959,0.0352941176470588
29-1123.00,378,0.0539633748994756,0.0470588235294117
29-1123.00,379,0.0049580961091698,0.0117647058823529
29-1123.00,380,0.0025945503513731,0.0117647058823529
29-1123.00,381,0.0347900687735276,0.0117647058823529
29-1123.00,382,0.0076288504846403,0.0058823529411764
29-1123.00,383,0.0134494523964858,0.0058823529411764
29-1123.00,384,0.0011955392980053,0.0058823529411764
29-1123.00,385,0.0038187788369248,0.0058823529411764
29-1123.00,386,0.0057766983898165,0.0117647058823529
29-1126.00,397,0.0722936867847336,0.1153846153846153
29-1126.00,398,0.0145631438654695,0.032051282051282
29-1126.00,399,0.0693784504827477,0.0448717948717948
29-1126.00,400,0.1006488191576909,0.1153846153846153
29-1126.00,401,0.0620914166232508,0.0641025641025641
29-1126.00,403,0.0657292036063363,0.0256410256410256
29-1126.00,404,0.1082426898387535,0.0897435897435897
29-1126.00,405,0.042784243701142,0.0448717948717948
29-1126.00,406,0.0421357519664155,0.0448717948717948
29-1126.00,407,0.0581020064501134,0.0384615384615384
29-1126.00,408,0.03624835386073,0.0192307692307692
29-1126.00,409,0.0181004417399869,0.0576923076923076
29-1126.00,410,0.0537369318574491,0.0576923076923076
29-1126.00,411,0.0215240014462233,0.0192307692307692
29-1126.00,412,0.0155414239164262,0.0256410256410256
29-1126.00,413,0.0238749178277643,0.0192307692307692
29-1126.00,414,0.0234274358006565,0.0128205128205128
29-1126.00,415,0.034707769602589,0.0512820512820512
29-1292.00,416,0.1103640061598165,0.4093023255813953
29-1292.00,417,0.1175469881649797,0.0372093023255813
29-1292.00,418,0.0839331131096024,0.0372093023255813
29-1292.00,419,0.0539370501576735,0.0186046511627906
29-1292.00,420,0.043954929216156,0.027906976744186
29-1292.00,421,0.1015415168605813,0.0651162790697674
29-1292.00,422,0.0679194787286874,0.0837209302325581
29-1292.00,424,0.0045495622579457,0.0093023255813953
29-1292.00,425,0.0003029522955847,0.0186046511627906
29-1292.00,427,0.0199228634657359,0.027906976744186
29-2032.00,431,0.0801540982252252,0.0515463917525773
29-2032.00,432,0.0840350249469982,0.1546391752577319
29-2032.00,434,0.0740984008184152,0.0824742268041237
29-2032.00,435,0.0799004002952884,0.2061855670103092
29-2032.00,436,0.0835991863392977,0.0515463917525773
29-2032.00,437,0.0564139067752535,0.0206185567010309
29-2032.00,438,0.034355492231931,0.0103092783505154
29-2032.00,439,0.0697000955352608,0.0412371134020618
29-2032.00,440,0.0736439511043524,0.0618556701030927
29-2032.00,441,0.0576315021558768,0.0309278350515463
29-2032.00,442,0.0317389610087402,0.0412371134020618
29-2032.00,443,0.0522934581306516,0.0412371134020618
29-2032.00,444,0.0107795349103306,0.0103092783505154
29-2032.00,445,0.0169109190186548,0.0206185567010309
29-2032.00,446,0.0152181873957273,0.0103092783505154
29-2032.00,447,0.0313535080685466,0.0206185567010309
29-2032.00,448,0.0417308602978223,0.0309278350515463
29-2032.00,449,0.0049276366338426,0.0051546391752577
29-2061.00,507,0.0551056329701029,0.1286173633440514
29-2061.00,508,0.0611289198643564,0.1286173633440514
29-2061.00,509,0.0708325695071389,0.0643086816720257
29-2061.00,510,0.0594656249277236,0.0964630225080385
29-2061.00,511,0.0523649729983064,0.0964630225080385
29-2061.00,512,0.0320138724065851,0.0643086816720257
29-2061.00,513,0.0833111640241548,0.0482315112540192
29-2061.00,514,0.0456229051613201,0.0482315112540192
29-2061.00,515,0.0260479691088577,0.0321543408360128
29-2061.00,516,0.0421976841017528,0.040192926045016
29-2061.00,517,0.0294319026150891,0.0321543408360128
29-2061.00,518,0.0154621521880753,0.0241157556270096
29-2061.00,519,0.0220480717387485,0.0321543408360128
29-2061.00,520,0.0256490094856511,0.0160771704180064
29-2061.00,521,0.0224192015973969,0.0080385852090032
29-2061.00,522,0.0145573386427482,0.0160771704180064
29-2061.00,523,0.0095371115843913,0.0160771704180064
29-2061.00,525,0.0191246712871554,0.0160771704180064
29-2061.00,529,0.024832504447456,0.0241157556270096
31-9091.00,550,0.132985157242635,0.3302752293577982
31-9091.00,551,0.1248500430920964,0.091743119266055
31-9091.00,552,0.1248066159591269,0.091743119266055
31-9091.00,553,0.067192121661753,0.073394495412844
31-9091.00,554,0.0872841191618091,0.0458715596330275
31-9091.00,555,0.058245482009437,0.0091743119266055
31-9091.00,556,0.0235299838751293,0.0275229357798165
31-9091.00,557,0.0673015579806529,0.0458715596330275
31-9091.00,558,0.0384567804915284,0.036697247706422
31-9091.00,559,0.0507794333859288,0.018348623853211
31-9091.00,560,0.0405375268963341,0.0275229357798165
31-9091.00,561,0.0532203565208244,0.036697247706422
31-9091.00,562,0.0398992061735852,0.036697247706422
31-9091.00,563,0.0482119581252383,0.073394495412844
33-1012.00,564,0.0853051893780898,0.0655737704918032
33-1012.00,565,0.024629620648476,0.0327868852459016
33-1012.00,566,0.0903515251494132,0.1639344262295081
33-1012.00,567,0.0080480110938995,0.0327868852459016
33-1012.00,568,0.041658363485435,0.0491803278688524
33-1012.00,569,0.0787825781198247,0.1311475409836065
33-1012.00,570,0.0517216248938004,0.0491803278688524
33-1012.00,571,0.0257450150315563,0.0491803278688524
33-1012.00,572,0.0055416283841511,0.0327868852459016
33-1012.00,574,0.1062361875408311,0.0491803278688524
33-1012.00,575,0.0068312159016167,0.0163934426229508
33-1012.00,576,0.0137952904372837,0.0327868852459016
33-1012.00,577,0.0240609815215705,0.0655737704918032
33-1012.00,578,0.0350101580245659,0.0327868852459016
33-1012.00,580,0.0136584447616941,0.0245901639344262
33-1012.00,581,0.0061365393214782,0.0327868852459016
33-1012.00,582,0.0209294985881124,0.0327868852459016
33-1012.00,583,0.0129648222729419,0.0327868852459016
39-5012.00,635,0.0949087943111611,0.0546021840873634
39-5012.00,636,0.0854280779285541,0.234009360374415
39-5012.00,637,0.0696030314978145,0.046801872074883
39-5012.00,638,0.0927820093419518,0.0312012480499219
39-5012.00,639,0.043941797534425,0.15600624024961
39-5012.00,640,0.0672827985595211,0.0156006240249609
39-5012.00,641,0.0743742029135598,0.093603744149766
39-5012.00,642,0.0759943311111965,0.0312012480499219
39-5012.00,643,0.0679638066653816,0.0312012480499219
39-5012.00,644,0.0500539286278271,0.0156006240249609
39-5012.00,645,0.043635866808216,0.078003120124805
39-5012.00,646,0.0575526982753989,0.0624024960998439
39-5012.00,647,0.0207660332202871,0.0312012480499219
39-5012.00,648,0.0089592787995472,0.0015600624024961
39-5012.00,649,0.0397687906363393,0.0078003120124804
39-5012.00,650,0.027944475970906,0.0156006240249609
39-5012.00,651,0.0214636422084881,0.0234009360374415
39-5012.00,652,0.0253746015562342,0.0078003120124804
39-5012.00,653,0.0007668902143386,0.0078003120124804
39-5012.00,654,0.0091238538130072,0.0156006240249609
39-5012.00,656,0.000178927376896,0.0078003120124804
41-1011.00,657,0.1654788332743557,0.1223990208078335
41-1011.00,658,0.0928136159844193,0.0979192166462668
41-1011.00,659,0.0738750401011073,0.0244798041615667
41-1011.00,660,0.0935086761021815,0.1835985312117503
41-1011.00,661,0.0230289591865825,0.0489596083231334
41-1011.00,662,0.0332997983152762,0.0489596083231334
41-1011.00,663,0.046470324893157,0.0244798041615667
41-1011.00,664,0.0375646012135138,0.03671970624235
41-1011.00,665,0.0152345226100247,0.03671970624235
41-1011.00,666,0.0590925198715541,0.1223990208078335
41-1011.00,667,0.0288700217808085,0.0122399020807833
41-1011.00,668,0.0587734881986663,0.03671970624235
41-1011.00,669,0.0267981314194389,0.0061199510403916
41-1011.00,670,0.0180135167829882,0.018359853121175
41-1011.00,671,0.062229324341778,0.0489596083231334
41-1011.00,672,0.0141839799294291,0.03671970624235
41-1011.00,673,0.0160621520150133,0.0244798041615667
41-1011.00,674,0.0109649577867235,0.0244798041615667
41-1011.00,675,0.0127944181268342,0.0122399020807833
41-1011.00,676,0.0300548807210007,0.0024479804161566
41-2021.00,678,0.1011908273097206,0.1052631578947368
41-2021.00,679,0.0405813305927778,0.0526315789473684
41-2021.00,680,0.0502848482532802,0.0394736842105263
41-2021.00,681,0.098953968101486,0.0789473684210526
41-2021.00,682,0.0837514694223632,0.0921052631578947
41-2021.00,683,0.0497322265524667,0.0394736842105263
41-2021.00,684,0.0640790966963948,0.0657894736842105
41-2021.00,685,0.0591185281667997,0.0526315789473684
41-2021.00,686,0.0520191848723126,0.0657894736842105
41-2021.00,687,0.0614946095444355,0.0526315789473684
41-2021.00,688,0.0470289929133719,0.0394736842105263
41-2021.00,689,0.0892951358451688,0.0789473684210526
41-2021.00,690,0.0613478804142622,0.1052631578947368
41-2021.00,691,0.0650399047399386,0.0657894736842105
41-2021.00,692,0.0676498277166893,0.0394736842105263
41-2021.00,693,0.0084321688585314,0.0263157894736842
41-2031.00,694,0.103924294431992,0.1162790697674418
41-2031.00,695,0.0483579402110201,0.0174418604651162
41-2031.00,696,0.0617415184151376,0.0232558139534883
41-2031.00,697,0.0676709479543155,0.0930232558139534
41-2031.00,698,0.0315912836723531,0.0116279069767441
41-2031.00,699,0.033842032895994,0.0465116279069767
41-2031.00,700,0.0823656827027163,0.1395348837209302
41-2031.00,701,0.084175834136013,0.0930232558139534
41-2031.00,702,0.0674337493687588,0.0581395348837209
41-2031.00,703,0.0338478964265013,0.0697674418604651
41-2031.00,704,0.0348574015183815,0.0116279069767441
41-2031.00,705,0.0185630899567907,0.0174418604651162
41-2031.00,706,0.0418221759741165,0.0348837209302325
41-2031.00,707,0.0214243030052667,0.0465116279069767
41-2031.00,708,0.0349373092951786,0.0348837209302325
41-2031.00,709,0.0551187741040403,0.0465116279069767
41-2031.00,710,0.0375221667946984,0.0348837209302325
41-2031.00,711,0.0236804537387115,0.0348837209302325
41-2031.00,712,0.0578771840388827,0.0232558139534883
41-2031.00,713,0.0208936739678886,0.0174418604651162
41-2031.00,714,0.0114917648714661,0.005813953488372
41-2031.00,715,0.006689514326636,0.005813953488372
41-2031.00,716,0.0122901695169183,0.0116279069767441
41-2031.00,717,0.0078808386762212,0.005813953488372
41-3021.00,718,0.0456905940133646,0.064
41-3021.00,719,0.0564446004200317,0.048
41-3021.00,720,0.06982671656896,0.064
41-3021.00,721,0.0752480693148164,0.128
41-3021.00,722,0.0403964095785886,0.08
41-3021.00,723,0.0512312969966922,0.128
41-3021.00,724,0.0739486196438516,0.096
41-3021.00,725,0.0371725342300671,0.048
41-3021.00,726,0.0149858412523256,0.048
41-3021.00,727,0.0247661908416494,0.048
41-3021.00,728,0.0741406338730695,0.08
41-3021.00,729,0.0555906401001211,0.032
41-3021.00,730,0.0160091367335312,0.032
41-3021.00,731,0.0291495195311094,0.032
41-3021.00,732,0.0174413544394949,0.032
41-3021.00,733,0.0140136818503482,0.016
41-3021.00,735,0.02360097207315,0.008
41-3021.00,736,0.0092826288659076,0.008
41-3041.00,737,0.1245507378686127,0.0714285714285714
41-3041.00,738,0.1368098276656638,0.25
41-3041.00,739,0.1424248859416575,0.1071428571428571
41-3041.00,740,0.1306528959639729,0.1607142857142857
41-3041.00,741,0.1535938821323637,0.2142857142857142
41-3041.00,742,0.0681979120526204,0.0535714285714285
41-3041.00,743,0.1176639372617541,0.0535714285714285
43-4171.00,744,0.1177449535753753,0.2127659574468085
43-4171.00,745,0.0697706404390835,0.0425531914893617
43-4171.00,746,0.0487464357276976,0.0709219858156028
43-4171.00,747,0.1189727515256558,0.1702127659574468
43-4171.00,748,0.0314392283802471,0.0283687943262411
43-4171.00,749,0.0582981864936133,0.0567375886524822
43-4171.00,750,0.0462287876297659,0.0425531914893617
43-4171.00,751,0.0729374125718575,0.1134751773049645
43-4171.00,752,0.032257304978184,0.0141843971631205
43-4171.00,753,0.0504227619466417,0.0709219858156028
43-4171.00,754,0.0287409445525957,0.0283687943262411
43-4171.00,755,0.028693460481898,0.0354609929078014
43-4171.00,757,0.0017841874379314,0.0141843971631205
43-4171.00,758,0.0279569514434041,0.0283687943262411
43-4171.00,760,0.0097254607154699,0.0141843971631205
43-4171.00,762,0.0376249790110921,0.0141843971631205
43-6012.00,764,0.073389787194955,0.0535714285714285
43-6012.00,765,0.144405727654543,0.1428571428571428
43-6012.00,766,0.0676115995701055,0.0714285714285714
43-6012.00,767,0.1280614063966163,0.0535714285714285
43-6012.00,768,0.1175367386290806,0.0892857142857142
43-6012.00,769,0.0497343569855007,0.0714285714285714
43-6012.00,770,0.0218999974257207,0.0357142857142857
43-6012.00,771,0.043482554578448,0.0357142857142857
43-6012.00,772,0.013941392807766,0.0357142857142857
43-6012.00,773,0.0254664488002244,0.0178571428571428
43-6012.00,774,0.0552960065820102,0.0535714285714285
43-6013.00,775,0.0911036238292685,0.1103448275862069
43-6013.00,776,0.046162592151772,0.0689655172413793
43-6013.00,777,0.1344151585033699,0.1379310344827586
43-6013.00,778,0.0776990982124552,0.0551724137931034
43-6013.00,779,0.0884906065913182,0.1103448275862069
43-6013.00,780,0.0699923523069373,0.0827586206896551
43-6013.00,781,0.0646550441078284,0.0689655172413793
43-6013.00,782,0.1011718573705288,0.0551724137931034
43-6013.00,783,0.0734034044730559,0.0413793103448275
43-6013.00,784,0.0191688208627432,0.0275862068965517
43-6013.00,786,0.0381820135336884,0.0275862068965517
43-6013.00,787,0.0609371800599949,0.0551724137931034
43-6013.00,788,0.0572012756019634,0.0689655172413793
43-6013.00,789,0.0290721599576418,0.0137931034482758
43-9022.00,790,0.08621573142034,0.0943396226415094
43-9022.00,791,0.1282623609799886,0.0754716981132075
43-9022.00,792,0.038566183922108,0.0377358490566037
43-9022.00,793,0.070151136331545,0.3396226415094339
43-9022.00,794,0.0793205980323201,0.0471698113207547
43-9022.00,795,0.0844675296275994,0.0377358490566037
43-9022.00,796,0.0434777400887771,0.0188679245283018
43-9022.00,798,0.0415781241743075,0.0188679245283018
43-9022.00,799,0.0308680260582713,0.0377358490566037
43-9022.00,800,0.0320550336178512,0.0566037735849056
43-9022.00,801,0.0263419992292601,0.0283018867924528
43-9022.00,802,0.0477659921578361,0.0377358490566037
43-9022.00,803,0.0534825916595159,0.0188679245283018
43-9022.00,804,0.0215946398960773,0.0094339622641509
43-9022.00,805,0.0586911301166396,0.0188679245283018
43-9022.00,806,0.0153820357874775,0.0377358490566037
43-9022.00,807,0.0537625054484141,0.0283018867924528
43-9061.00,825,0.0333405443381953,0.0350877192982456
43-9061.00,826,0.0903454392558445,0.1403508771929824
43-9061.00,827,0.1451298788983288,0.1169590643274853
43-9061.00,828,0.0574740685413578,0.0701754385964912
43-9061.00,829,0.0200820372996285,0.0350877192982456
43-9061.00,830,0.1433509599659038,0.1169590643274853
43-9061.00,831,0.0577985104046905,0.0584795321637426
43-9061.00,832,0.0600915549616775,0.0935672514619883
43-9061.00,833,0.0478745851674174,0.0350877192982456
43-9061.00,834,0.0504045682593142,0.0467836257309941
43-9061.00,835,0.0509236333904235,0.0116959064327485
43-9061.00,836,0.0092085058808178,0.0175438596491228
43-9061.00,837,0.0342984180093982,0.0350877192982456
43-9061.00,838,0.0127392808988489,0.0467836257309941
43-9061.00,839,0.0166392064274098,0.0116959064327485
43-9061.00,840,0.0418422282347414,0.0701754385964912
43-9061.00,841,0.0231875001817008,0.0116959064327485
43-9061.00,842,0.0099102992626876,0.0116959064327485
43-9061.00,843,0.0081032355898999,0.0175438596491228
49-2094.00,882,0.0447100416573407,0.0930232558139534
49-2094.00,883,0.1055067489578848,0.0387596899224806
49-2094.00,884,0.048050094638874,0.0775193798449612
49-2094.00,885,0.0436960138471165,0.0465116279069767
49-2094.00,886,0.0726147277749215,0.1240310077519379
49-2094.00,887,0.0659264409099544,0.1550387596899224
49-2094.00,888,0.0401549360021167,0.0542635658914728
49-2094.00,889,0.0490812862236492,0.0077519379844961
49-2094.00,890,0.0788022495008665,0.0620155038759689
49-2094.00,891,0.0424517376564166,0.0465116279069767
49-2094.00,892,0.0889767699766402,0.0465116279069767
49-2094.00,893,0.0407650099464246,0.0310077519379844
49-2094.00,894,0.0320467573030211,0.0232558139534883
49-2094.00,895,0.0244685749836013,0.0387596899224806
49-2094.00,897,0.0222469061859244,0.0620155038759689
49-2094.00,898,0.0303910004277077,0.0155038759689922
49-2094.00,899,0.0262805550202024,0.0310077519379844
49-2094.00,900,0.014615060902069,0.0155038759689922
49-2094.00,901,0.0505022031831039,0.0232558139534883
11-1021.00,933,0.0748749333472489,0.1568627450980392
11-1021.00,945,0.0087089401797201,0.0392156862745098
11-1021.00,947,0.0182514838521207,0.0392156862745098
11-2021.00,950,0.0160806947593864,0.04
11-2021.00,951,0.0801444329315788,0.12
11-2021.00,952,0.0293177769433782,0.08
11-2021.00,954,0.0478900169816804,0.1
11-2021.00,955,0.0050342243781845,0.04
11-2021.00,956,0.0194752278930167,0.06
11-2021.00,957,0.0249717070166651,0.02
11-2021.00,958,0.0236682921320976,0.08
11-2021.00,960,0.0026329953481119,0.01
11-2021.00,961,0.0160105936263044,0.06
11-2021.00,963,0.0137893807370159,0.08
11-2021.00,964,0.0110689807153207,0.03
11-2021.00,965,0.0054512701084733,0.04
11-3021.00,966,0.1010450064785885,0.0588235294117647
11-3021.00,967,0.0318200944073408,0.0735294117647058
11-3021.00,968,0.0868840142868441,0.1176470588235294
11-3021.00,969,0.0821949303335222,0.088235294117647
11-3021.00,970,0.047285113494088,0.0441176470588235
11-3021.00,971,0.0286267637066058,0.0588235294117647
11-3021.00,972,0.023734090366918,0.0441176470588235
11-3021.00,973,0.0399814161615385,0.0588235294117647
11-3021.00,974,0.0200203142256515,0.0441176470588235
11-3021.00,975,0.0392903301024619,0.088235294117647
11-3021.00,976,0.0317197514210692,0.0441176470588235
11-3021.00,977,0.0302151232756979,0.0588235294117647
11-3021.00,978,0.0421546335223979,0.0735294117647058
11-3021.00,980,0.0461003912187601,0.0588235294117647
11-3021.00,981,0.0121801236664788,0.0220588235294117
11-9041.00,1060,0.0518146646943139,0.0787401574803149
11-9041.00,1070,0.0210032976062958,0.0472440944881889
11-9041.00,1071,0.0368443955059457,0.0629921259842519
11-9051.00,1077,0.048865379262466,0.027027027027027
11-9051.00,1078,0.0287695791007749,0.0405405405405405
11-9051.00,1079,0.025893118770122,0.054054054054054
11-9051.00,1080,0.0711156730892733,0.081081081081081
11-9051.00,1081,0.0199967546582764,0.054054054054054
11-9051.00,1082,0.0285558031969097,0.0405405405405405
11-9051.00,1083,0.028046702420346,0.0405405405405405
11-9051.00,1084,0.0387867044520422,0.0405405405405405
11-9051.00,1085,0.0351969176217999,0.027027027027027
11-9051.00,1086,0.054404751190062,0.0202702702702702
11-9051.00,1087,0.0262114619922148,0.027027027027027
11-9051.00,1088,0.0272715427708764,0.027027027027027
11-9051.00,1089,0.0754849475667804,0.0675675675675675
11-9051.00,1090,0.0411818232288094,0.054054054054054
11-9051.00,1091,0.0193908946652543,0.054054054054054
11-9051.00,1092,0.0114571370685284,0.0405405405405405
11-9051.00,1093,0.0125344677349286,0.027027027027027
11-9051.00,1094,0.0101666689719431,0.027027027027027
11-9051.00,1095,0.0089059769362295,0.0202702702702702
11-9051.00,1096,0.0180067557753526,0.0202702702702702
11-9051.00,1098,0.0483480422016039,0.054054054054054
11-9051.00,1099,0.012466259476779,0.0067567567567567
11-9051.00,1100,0.0134522033421948,0.027027027027027
11-9051.00,1101,0.0116020499058903,0.0135135135135135
11-9051.00,1102,0.0237104060402145,0.0135135135135135
11-9051.00,1103,0.0133532304249456,0.0202702702702702
11-9081.00,1104,0.0879792641654203,0.0410958904109589
11-9081.00,1105,0.052408613481256,0.0684931506849315
11-9081.00,1106,0.0317733288078539,0.0410958904109589
11-9081.00,1107,0.0716916085093616,0.0684931506849315
11-9081.00,1108,0.0193601404957993,0.0547945205479452
11-9081.00,1109,0.0707778992488321,0.0684931506849315
11-9081.00,1111,0.0274494829992509,0.0821917808219178
11-9081.00,1112,0.1244765537486293,0.0821917808219178
11-9081.00,1113,0.0331730187055693,0.0273972602739726
11-9081.00,1114,0.0578876169341541,0.0205479452054794
11-9081.00,1115,0.0396420277178365,0.0273972602739726
11-9081.00,1116,0.0522364137346955,0.0547945205479452
11-9081.00,1117,0.0502646728027288,0.0547945205479452
11-9081.00,1118,0.0070919893718888,0.0273972602739726
11-9081.00,1119,0.0158504089673338,0.0410958904109589
11-9081.00,1120,0.041684523127712,0.0136986301369863
11-9081.00,1121,0.0364404220579865,0.0342465753424657
11-9081.00,1122,0.0280880849815127,0.0410958904109589
11-9081.00,1123,0.0324399822986003,0.0136986301369863
11-9081.00,1124,0.0220818851118907,0.0342465753424657
11-9081.00,1125,0.0265942690452917,0.0273972602739726
11-9081.00,1126,0.0054551268706396,0.0068493150684931
11-9151.00,1127,0.0321610637316488,0.072072072072072
11-9151.00,1128,0.0320119393249947,0.1081081081081081
11-9151.00,1129,0.081581126824571,0.1441441441441441
11-9151.00,1130,0.0412792828596268,0.09009009009009
11-9151.00,1131,0.075013754991291,0.072072072072072
11-9151.00,1132,0.0302782532730183,0.054054054054054
11-9151.00,1133,0.0247310796465014,0.036036036036036
11-9151.00,1137,0.0134397584529993,0.072072072072072
11-9151.00,1139,0.0295212632375694,0.036036036036036
13-1121.00,1209,0.1313681094190965,0.0634920634920634
13-1121.00,1210,0.0551338509566695,0.0793650793650793
13-1121.00,1211,0.0683857020368989,0.0634920634920634
13-1121.00,1212,0.0394338153578743,0.0317460317460317
13-1121.00,1213,0.0217969393546664,0.0793650793650793
13-1121.00,1214,0.07637061783475,0.0952380952380952
13-1121.00,1215,0.0294794914965932,0.0634920634920634
13-1121.00,1216,0.0368683406052033,0.0396825396825396
13-1121.00,1217,0.0431440897599326,0.0476190476190476
13-1121.00,1218,0.0168959018210499,0.0238095238095238
13-1121.00,1219,0.0260263502864741,0.0555555555555555
13-1121.00,1220,0.0078739297360947,0.0555555555555555
13-1121.00,1221,0.046534460298337,0.0476190476190476
13-1121.00,1222,0.0433041714761158,0.0476190476190476
13-1121.00,1223,0.0030775445990353,0.0158730158730158
13-1121.00,1224,0.0161155589719694,0.0317460317460317
13-1121.00,1225,0.001727330281963,0.0396825396825396
13-1121.00,1226,0.0249626089167408,0.0317460317460317
13-1121.00,1229,0.0034192033416633,0.0317460317460317
15-1251.00,1267,0.1007160540737126,0.1134751773049645
15-1251.00,1268,0.0825336493039356,0.0709219858156028
15-1251.00,1269,0.0553114533621086,0.0567375886524822
15-1251.00,1270,0.0999997712857262,0.1134751773049645
15-1251.00,1271,0.0594243913536425,0.0567375886524822
15-1251.00,1272,0.0959264198405177,0.1134751773049645
15-1251.00,1273,0.1273689368112859,0.1418439716312056
15-1251.00,1274,0.0128636504416449,0.0141843971631205
15-1251.00,1275,0.0218753135210507,0.0283687943262411
15-1251.00,1276,0.0428305502420591,0.0425531914893617
15-1251.00,1277,0.0302222551211547,0.0567375886524822
15-1251.00,1278,0.0292640457300897,0.0425531914893617
15-1251.00,1279,0.0272387568338855,0.0425531914893617
15-1251.00,1280,0.0089549402298105,0.0141843971631205
15-1232.00,1282,0.1549340347260833,0.234375
15-1232.00,1283,0.029921860999033,0.0625
15-1232.00,1284,0.0621173013446204,0.078125
15-1232.00,1285,0.1151073713750574,0.0625
15-1232.00,1286,0.0678412297811732,0.09375
15-1232.00,1287,0.1043683913519604,0.125
15-1232.00,1288,0.1196062613858694,0.15625
15-1232.00,1289,0.049531138089659,0.0234375
15-1232.00,1290,0.0144044517045496,0.03125
15-1232.00,1291,0.0207599239763421,0.03125
15-1232.00,1292,0.0151207203681645,0.015625
15-1232.00,1293,0.0054531261411518,0.03125
15-1232.00,1295,0.0408081498297086,0.03125
15-1232.00,1296,0.0076512301405395,0.0078125
15-1232.00,1297,0.0030928420257325,0.0078125
15-1242.00,1298,0.0128738859527977,0.0288461538461538
15-1242.00,1299,0.0987587030915904,0.0961538461538461
15-1242.00,1300,0.096254908313229,0.1153846153846153
15-1242.00,1301,0.0247420696169296,0.0769230769230769
15-1242.00,1302,0.0260694134758894,0.048076923076923
15-1242.00,1303,0.0893308750493104,0.0384615384615384
15-1242.00,1305,0.0495874844732572,0.048076923076923
15-1242.00,1306,0.0426042081137749,0.0576923076923076
15-1242.00,1309,0.0066115997883899,0.0192307692307692
15-1242.00,1311,0.0091145965796547,0.1153846153846153
15-1242.00,1313,0.0457864752819809,0.0673076923076923
15-1242.00,1314,0.0105215905350403,0.0288461538461538
15-1244.00,1317,0.0391175514328147,0.0394736842105263
15-1244.00,1318,0.1851793006183747,0.131578947368421
15-1244.00,1319,0.0222490690590243,0.0657894736842105
15-1244.00,1320,0.1246444283842627,0.0657894736842105
15-1244.00,1321,0.0259953137579348,0.0263157894736842
15-1244.00,1322,0.0471712020010043,0.0789473684210526
15-1244.00,1323,0.0128560266255508,0.0394736842105263
15-1244.00,1324,0.0482916209026896,0.0789473684210526
15-1244.00,1325,0.0647951557001442,0.0526315789473684
15-1244.00,1326,0.059019366617369,0.0263157894736842
15-1244.00,1327,0.0518855006993238,0.0131578947368421
15-1244.00,1329,0.0263512479352686,0.0263157894736842
15-1244.00,1330,0.032441133652928,0.0328947368421052
15-1244.00,1332,0.0085910311458695,0.0131578947368421
15-1244.00,1333,0.0112476891003309,0.0197368421052631
17-2011.00,1335,0.1161210160341588,0.064
17-2011.00,1337,0.0495815393662538,0.08
17-2011.00,1339,0.081534965111508,0.128
17-2011.00,1340,0.0199065694686343,0.096
17-2011.00,1341,0.02402969049892,0.048
17-2011.00,1344,0.0037108945033731,0.024
17-2011.00,1345,0.0289529456239457,0.048
17-2011.00,1346,0.025748467377795,0.032
17-2071.00,1347,0.0562181797762083,0.0718562874251497
17-2071.00,1348,0.087149189138117,0.1197604790419161
17-2071.00,1349,0.0961449226793222,0.1437125748502994
17-2071.00,1350,0.033480251312275,0.059880239520958
17-2071.00,1351,0.0172603195580325,0.059880239520958
17-2071.00,1353,0.0200818339918896,0.0359281437125748
17-2071.00,1354,0.0303677821963888,0.0239520958083832
17-2071.00,1355,0.0138158314523921,0.0359281437125748
17-2071.00,1356,0.0085524279866678,0.0179640718562874
17-2071.00,1357,0.050994617998739,0.0479041916167664
17-2071.00,1358,0.0295893742029049,0.0958083832335329
17-2071.00,1361,0.0082869704617025,0.0119760479041916
17-2071.00,1364,0.004663981119924,0.0119760479041916
17-2071.00,1365,0.0018878415581635,0.0359281437125748
17-2112.00,1391,0.0419382839320598,0.0633802816901408
17-2112.00,1392,0.0280267969715177,0.0704225352112676
17-2112.00,1393,0.0606267399934941,0.056338028169014
17-2112.00,1394,0.0642662592206775,0.0704225352112676
17-2112.00,1395,0.0187024639961318,0.0492957746478873
17-2112.00,1398,0.035929132184049,0.0633802816901408
17-2112.00,1399,0.0307395780267915,0.056338028169014
17-2112.00,1400,0.0510648398420077,0.0492957746478873
17-2112.00,1402,0.0096495116922777,0.028169014084507
17-2112.00,1403,0.0439190551099842,0.0422535211267605
17-2112.00,1404,0.0122122582977271,0.056338028169014
17-2112.00,1405,0.0558439416167007,0.0422535211267605
17-2112.00,1407,0.0400153691674726,0.0352112676056338
17-2112.00,1408,0.0326973786429017,0.0352112676056338
17-2112.00,1409,0.0093884688410618,0.0211267605633802
17-2141.00,1411,0.0847105385241747,0.08
17-2141.00,1412,0.0411635416683752,0.064
17-2141.00,1413,0.0230918774168909,0.04
17-2141.00,1418,0.0152252348139027,0.024
17-2141.00,1419,0.0075147439506569,0.04
17-2141.00,1420,0.0067576571581444,0.048
17-2141.00,1421,0.0139704769877662,0.032
17-2141.00,1423,0.0160648855294347,0.048
17-2141.00,1427,0.0086871196834433,0.024
17-2141.00,1429,0.0143717634979418,0.032
17-2141.00,1430,0.0131593467896654,0.016
17-2141.00,1431,0.0061781216006537,0.032
17-3013.00,1447,0.2084255111968198,0.2205882352941176
17-3013.00,1448,0.0609866735154625,0.0588235294117647
17-3013.00,1449,0.0807469337185589,0.0735294117647058
17-3013.00,1450,0.0463096671224544,0.0441176470588235
17-3013.00,1451,0.0650658995110755,0.0588235294117647
17-3013.00,1452,0.0566527945645706,0.088235294117647
17-3013.00,1453,0.0675256698159039,0.0294117647058823
17-3013.00,1454,0.0730801400110841,0.0441176470588235
17-3013.00,1455,0.1170558306296573,0.1176470588235294
17-3013.00,1456,0.0083583103960389,0.0294117647058823
17-3013.00,1457,0.0156752405178784,0.0073529411764705
17-3013.00,1458,0.0188256417650454,0.0220588235294117
17-3013.00,1459,0.0240947295526613,0.0220588235294117
17-3013.00,1460,0.0042168932961332,0.0073529411764705
17-3022.00,1461,0.1426600309125441,0.0845070422535211
17-3022.00,1462,0.1589993779092549,0.1690140845070422
17-3022.00,1463,0.0800874303567125,0.0704225352112676
17-3022.00,1464,0.1168269050867846,0.0845070422535211
17-3022.00,1465,0.0987929827284518,0.0704225352112676
17-3022.00,1466,0.0740514002712501,0.056338028169014
17-3022.00,1467,0.0822941348561706,0.1126760563380281
17-3022.00,1468,0.0482575665361253,0.0845070422535211
17-3022.00,1469,0.0643323687609035,0.0633802816901408
17-3022.00,1470,0.0210287305945626,0.028169014084507
17-3022.00,1471,0.0640949740214153,0.0704225352112676
17-3022.00,1472,0.0307726482666399,0.0140845070422535
17-3027.00,1474,0.0127971767208999,0.0213903743315508
17-3027.00,1475,0.0316843656114839,0.0320855614973262
17-3027.00,1476,0.0205004614633406,0.0374331550802139
17-3027.00,1477,0.0070927146035256,0.0320855614973262
17-3027.00,1480,0.0158272164095492,0.0481283422459893
17-3027.00,1482,0.0168016658422179,0.0427807486631016
17-3027.00,1483,0.0064836848057478,0.0213903743315508
17-3027.00,1485,0.0552799042149212,0.0213903743315508
17-3027.00,1487,0.0284294827905306,0.0267379679144385
17-3027.00,1488,0.0047255087379303,0.0160427807486631
17-3027.00,1489,0.0272458369149937,0.0427807486631016
19-1023.00,1492,0.0280844685345987,0.15625
19-1023.00,1493,0.0381707003383827,0.125
19-1023.00,1494,0.0220869441016848,0.046875
19-1023.00,1496,0.00991312055537,0.125
19-1023.00,1497,0.034809435432347,0.09375
19-1023.00,1498,0.0254515887373051,0.09375
19-1023.00,1499,0.0090224898416786,0.078125
19-2031.00,1505,0.0877354879642439,0.2068965517241379
19-2031.00,1506,0.1438435072519063,0.1034482758620689
19-2031.00,1507,0.1045499764509465,0.1034482758620689
19-2031.00,1508,0.0809069085007369,0.0517241379310344
19-2031.00,1509,0.0819386659814537,0.043103448275862
19-2031.00,1510,0.0668376368987184,0.0689655172413793
19-2031.00,1511,0.0566221479259839,0.0862068965517241
19-2031.00,1513,0.071708232345324,0.0862068965517241
19-2041.00,1514,0.0052983127015571,0.0694444444444444
19-2041.00,1517,0.017874348597704,0.0486111111111111
19-2041.00,1519,0.0189756354111967,0.0416666666666666
19-2041.00,1520,0.0117106366249873,0.0694444444444444
19-2041.00,1522,0.002628880898849,0.0277777777777777
19-2041.00,1523,0.0076128769423871,0.0416666666666666
19-2041.00,1526,0.0061784950845088,0.0486111111111111
19-2041.00,1530,0.015806749555175,0.0555555555555555
19-2041.00,1533,0.0025223257972164,0.0277777777777777
19-4031.00,1535,0.0806003135565071,0.1265822784810126
19-4031.00,1536,0.070510868479398,0.1518987341772152
19-4031.00,1537,0.0971902762418845,0.189873417721519
19-4031.00,1538,0.0713438701035071,0.1012658227848101
19-4031.00,1539,0.0691702274499176,0.0632911392405063
19-4031.00,1540,0.0420838803082943,0.0759493670886076
19-4031.00,1541,0.0771446486242527,0.0632911392405063
19-4031.00,1542,0.0368073443062313,0.050632911392405
19-4031.00,1543,0.0270185541387418,0.0253164556962025
19-4031.00,1544,0.0404752207914054,0.0379746835443038
19-4031.00,1546,0.0029074300747338,0.0253164556962025
19-4031.00,1548,0.0116096060928944,0.0126582278481012
19-4092.00,1571,0.00057455673337,0.0215827338129496
19-4092.00,1573,0.0151225848844279,0.1007194244604316
19-4092.00,1574,0.0320267438307269,0.0719424460431654
19-4092.00,1575,0.0032654732195854,0.0431654676258992
19-4092.00,1577,0.0410870528530123,0.0863309352517985
19-4092.00,1582,0.0343888989916438,0.0215827338129496
19-4092.00,1584,0.0171571395746881,0.0575539568345323
19-4092.00,1587,0.0048344031470824,0.0287769784172661
19-4092.00,1589,0.0236139120021022,0.0359712230215827
19-4092.00,1590,0.007143141494404,0.0215827338129496
21-1092.00,1614,0.0703939423213876,0.0983606557377049
21-1092.00,1615,0.0583406618190937,0.081967213114754
21-1092.00,1616,0.0370116982907761,0.0327868852459016
21-1092.00,1617,0.0666303835361139,0.0491803278688524
21-1092.00,1618,0.0580636588020502,0.0655737704918032
21-1092.00,1619,0.0227469015658064,0.0327868852459016
21-1092.00,1620,0.0530320258645183,0.0245901639344262
21-1092.00,1621,0.0376821468851305,0.040983606557377
21-1092.00,1622,0.0276829941189204,0.0245901639344262
21-1092.00,1623,0.0202592622215541,0.0327868852459016
21-1092.00,1624,0.0250429151558427,0.0327868852459016
21-1092.00,1625,0.0551904978344077,0.1311475409836065
21-1092.00,1628,0.0390543369097452,0.0573770491803278
21-1092.00,1629,0.0225711584200677,0.0655737704918032
21-1092.00,1630,0.0085715031048866,0.0163934426229508
21-1092.00,1631,0.039433040101517,0.0163934426229508
21-1092.00,1632,0.0212132461147736,0.0163934426229508
21-1092.00,1633,0.0246568031676361,0.0081967213114754
23-2011.00,1636,0.0420964351928763,0.110091743119266
23-2011.00,1639,0.025444206065453,0.055045871559633
25-4012.00,1644,0.0991431165725517,0.1132075471698113
25-4012.00,1645,0.0529711020794712,0.0754716981132075
25-4012.00,1646,0.030152505705604,0.0377358490566037
25-4012.00,1647,0.0584153743608319,0.0754716981132075
25-4012.00,1648,0.0098358185764721,0.0566037735849056
25-4012.00,1649,0.0477103256151165,0.1132075471698113
25-4012.00,1652,0.0198671573049787,0.0566037735849056
25-4012.00,1654,0.0192169639871544,0.0943396226415094
25-4012.00,1655,0.034133224205432,0.0754716981132075
25-4012.00,1656,0.0007472345476347,0.0188679245283018
25-4012.00,1657,0.0017979499656014,0.0094339622641509
25-4031.00,1688,0.1294842652601765,0.1169590643274853
25-4031.00,1689,0.041215146053899,0.0350877192982456
25-4031.00,1690,0.0333141355666081,0.0467836257309941
25-4031.00,1693,0.0237411384876872,0.023391812865497
25-4031.00,1695,0.0182051509451774,0.0350877192982456
25-4031.00,1696,0.078205010154235,0.0467836257309941
25-4031.00,1697,0.0290038607862759,0.0058479532163742
25-4031.00,1698,0.0329134606399206,0.023391812865497
25-4031.00,1699,0.0299006044225216,0.0584795321637426
25-4031.00,1700,0.0316946774569941,0.0116959064327485
25-4031.00,1701,0.0113695604425611,0.023391812865497
25-4031.00,1702,0.0388154403406574,0.023391812865497
25-4031.00,1703,0.0421000125736161,0.0116959064327485
25-4031.00,1704,0.0289426994074382,0.0116959064327485
25-4031.00,1705,0.0151887092067895,0.023391812865497
25-4031.00,1706,0.0080904543651119,0.023391812865497
25-4031.00,1707,0.0141514209992957,0.0116959064327485
25-4031.00,1710,0.0050784081565071,0.0116959064327485
25-4031.00,1714,0.0095483534218122,0.0058479532163742
25-4031.00,1717,0.0024164659673716,0.0116959064327485
25-4031.00,1718,0.0007131753804775,0.0058479532163742
27-1023.00,1719,0.0870983746725795,0.0762711864406779
27-1023.00,1720,0.1026464521232281,0.059322033898305
27-1023.00,1721,0.0382123578486629,0.1016949152542373
27-1023.00,1722,0.12758212682908,0.059322033898305
27-1023.00,1723,0.0189542318219001,0.0423728813559322
27-1023.00,1724,0.0997097317249668,0.0508474576271186
27-1023.00,1725,0.1081717149804986,0.2033898305084746
27-1023.00,1726,0.1074958868750998,0.1101694915254237
27-1023.00,1727,0.0550927491105131,0.0254237288135593
27-1023.00,1728,0.0035956292892205,0.0677966101694915
27-1023.00,1729,0.0626637970571407,0.059322033898305
27-1023.00,1730,0.0218433448766089,0.0423728813559322
27-1023.00,1731,0.0116075805496501,0.0254237288135593
27-2022.00,1742,0.0465774341342907,0.1085972850678733
27-2022.00,1745,0.0414336760732872,0.0361990950226244
27-2022.00,1746,0.0227292593189518,0.0361990950226244
27-2022.00,1747,0.0558064248741319,0.0361990950226244
27-2022.00,1750,0.0754453422342095,0.0542986425339366
27-2022.00,1751,0.0401869089953362,0.0452488687782805
27-2022.00,1752,0.0416808222622281,0.0361990950226244
27-2022.00,1753,0.0323233060090524,0.0271493212669683
27-2022.00,1754,0.0422658556541721,0.0271493212669683
27-2022.00,1755,0.0089542633871342,0.0180995475113122
27-2022.00,1756,0.0427876832103266,0.0135746606334841
27-2022.00,1757,0.0312726398753761,0.0361990950226244
27-2022.00,1758,0.0231153620584554,0.0226244343891402
27-2022.00,1760,0.0200850336685392,0.0271493212669683
27-2022.00,1761,0.0095949713911536,0.0180995475113122
27-3041.00,1776,0.0657583259303872,0.1073825503355704
27-3041.00,1777,0.0947690024682608,0.1073825503355704
27-3041.00,1778,0.0254321042128928,0.0268456375838926
27-3041.00,1780,0.063775089132886,0.0536912751677852
27-3041.00,1781,0.0278881630779256,0.0268456375838926
27-3041.00,1782,0.0517763319643425,0.0402684563758389
27-3041.00,1783,0.0489363731513381,0.0536912751677852
27-3041.00,1784,0.0418497244755515,0.0402684563758389
27-3041.00,1785,0.028752553097583,0.0268456375838926
27-3041.00,1786,0.0633224812282962,0.1342281879194631
27-3041.00,1787,0.0528366557760323,0.0402684563758389
27-3041.00,1788,0.0178945292751419,0.0402684563758389
27-3041.00,1789,0.0472633018731885,0.0671140939597315
27-3041.00,1790,0.0155106745255768,0.0268456375838926
27-3041.00,1791,0.0443633578488772,0.0268456375838926
27-3041.00,1793,0.0190577911467942,0.0268456375838926
27-3041.00,1794,0.0023759413763069,0.0134228187919463
29-1051.00,1808,0.1309031238209001,0.1796407185628742
29-1051.00,1809,0.0959329765526766,0.1197604790419161
29-1051.00,1810,0.0841598659574056,0.0359281437125748
29-1051.00,1811,0.0511571754745302,0.0359281437125748
29-1051.00,1812,0.0896753277586971,0.059880239520958
29-1051.00,1813,0.0276357715683728,0.0239520958083832
29-1051.00,1814,0.0493973131665089,0.059880239520958
29-1051.00,1815,0.0345423426603384,0.0479041916167664
29-1051.00,1816,0.0179101336640283,0.1197604790419161
29-1051.00,1818,0.0093194394610712,0.0119760479041916
29-1051.00,1819,0.0207698773490682,0.0239520958083832
29-1051.00,1820,0.0570436586194473,0.0239520958083832
29-1051.00,1822,0.0380862289884905,0.059880239520958
29-1051.00,1823,0.0239995833523637,0.059880239520958
29-1051.00,1824,0.0957514072865189,0.0239520958083832
29-1051.00,1825,0.0217614528975335,0.0119760479041916
29-1223.00,1827,0.101347615781548,0.1126760563380281
29-1223.00,1828,0.2010296729850441,0.1690140845070422
29-1223.00,1829,0.134655378159234,0.0704225352112676
29-1223.00,1830,0.1426646629331216,0.1408450704225352
29-1223.00,1831,0.1252202395803508,0.2535211267605634
29-1223.00,1832,0.1061227148469542,0.0704225352112676
29-1223.00,1833,0.0711771998609829,0.0352112676056338
29-1223.00,1834,0.0574711340160822,0.0422535211267605
29-1223.00,1835,0.0260739124431155,0.0211267605633802
29-1223.00,1837,0.0162106363134469,0.028169014084507
29-1223.00,1838,0.0025274509423537,0.0140845070422535
29-1141.00,1839,0.072771340747822,0.1253918495297805
29-1141.00,1840,0.0656337133205521,0.1003134796238244
29-1141.00,1841,0.0759777754912255,0.1003134796238244
29-1141.00,1842,0.0346461911931031,0.0376175548589341
29-1141.00,1843,0.0490555689774985,0.0626959247648902
29-1141.00,1845,0.068008738744836,0.0501567398119122
29-1141.00,1846,0.0460298871907739,0.0376175548589341
29-1141.00,1847,0.0370410894279738,0.0501567398119122
29-1141.00,1848,0.0358449080789429,0.018808777429467
29-1141.00,1849,0.0375194986392216,0.0250783699059561
29-1141.00,1850,0.0346339009097284,0.0376175548589341
29-1141.00,1851,0.0239952719308919,0.0313479623824451
29-1141.00,1852,0.0116518139366693,0.0031347962382445
29-1141.00,1854,0.0150846807878765,0.012539184952978
29-1141.00,1855,0.0373851746678188,0.0626959247648902
29-1141.00,1856,0.0086813717096978,0.006269592476489
29-1141.00,1857,0.0170200770517777,0.0250783699059561
29-1141.00,1860,0.0167112203453187,0.006269592476489
29-1141.00,1861,0.0223890817356829,0.012539184952978
29-1141.00,1862,0.0067332159927302,0.012539184952978
29-1141.00,1863,0.0087346777742257,0.012539184952978
29-1141.00,1864,0.007593743635273,0.0031347962382445
29-1141.00,1865,0.0146940195451794,0.012539184952978
29-1141.00,1866,0.0019259483323755,0.0031347962382445
29-1127.00,1867,0.1163725793414015,0.0551724137931034
29-1127.00,1869,0.0304005584237629,0.0689655172413793
29-1127.00,1871,0.1058032436120124,0.0689655172413793
29-1127.00,1873,0.0599976386915365,0.0551724137931034
29-1127.00,1874,0.0635724157493183,0.0551724137931034
29-1127.00,1875,0.0412304924723942,0.0344827586206896
29-1127.00,1876,0.05241858100035,0.0344827586206896
29-1127.00,1878,0.0228276206161109,0.0344827586206896
29-1127.00,1879,0.0385974257375535,0.0206896551724137
29-1127.00,1882,0.0039265400111185,0.0275862068965517
29-1127.00,1883,0.0091030845575711,0.0206896551724137
29-1127.00,1884,0.0209062044858328,0.0275862068965517
29-1127.00,1885,0.0017255150856544,0.0068965517241379
29-2011.00,1886,0.1094939403997694,0.1019108280254777
29-2011.00,1887,0.0854881463102292,0.1528662420382165
29-2011.00,1888,0.0601231747794947,0.0636942675159235
29-2011.00,1889,0.1117209093519912,0.0764331210191082
29-2011.00,1890,0.117143681071499,0.1019108280254777
29-2011.00,1892,0.0595619533686325,0.0509554140127388
29-2011.00,1893,0.0486362461156773,0.0318471337579617
29-2011.00,1894,0.0496570040306462,0.0382165605095541
29-2011.00,1895,0.0188245259769759,0.0254777070063694
29-2011.00,1896,0.0304200851594966,0.0764331210191082
29-2011.00,1898,0.0351309686930341,0.0509554140127388
29-2011.00,1899,0.0455196106941534,0.0254777070063694
29-2012.00,1902,0.1630974237394427,0.225563909774436
29-2012.00,1904,0.1306426225883586,0.075187969924812
29-2012.00,1905,0.0584107625591822,0.0902255639097744
29-2012.00,1906,0.0175765109631958,0.0075187969924812
29-2012.00,1907,0.1009975661198601,0.1203007518796992
29-2012.00,1908,0.1081015211024662,0.075187969924812
29-2012.00,1909,0.0432811487794053,0.0601503759398496
29-2012.00,1910,0.0885999605265613,0.0601503759398496
29-2012.00,1911,0.0040836221017155,0.0150375939849624
29-2012.00,1914,0.072548696812448,0.0300751879699248
29-2012.00,1915,0.0549476437779868,0.0451127819548872
29-2012.00,1917,0.0761402672373525,0.0150375939849624
29-2052.00,1939,0.0779118132813085,0.0919540229885057
29-2052.00,1940,0.0581849442522727,0.0229885057471264
29-2052.00,1941,0.0866366686435013,0.0689655172413793
29-2052.00,1943,0.066218805872969,0.0689655172413793
29-2052.00,1944,0.0622614501965173,0.0344827586206896
29-2052.00,1945,0.0451490677168246,0.0229885057471264
29-2052.00,1946,0.0674008358358873,0.0459770114942528
29-2052.00,1947,0.0354532074188378,0.0344827586206896
29-2052.00,1949,0.034777224839951,0.0229885057471264
29-2052.00,1951,0.0318108110958051,0.0229885057471264
29-2052.00,1952,0.0548061145587253,0.057471264367816
29-2052.00,1953,0.0503379682443757,0.0229885057471264
29-2052.00,1954,0.060506161831831,0.0919540229885057
29-2052.00,1955,0.0430134652162767,0.0229885057471264
29-2052.00,1956,0.0171901435179784,0.0229885057471264
29-2052.00,1957,0.0082218481840293,0.0114942528735632
29-2052.00,1958,0.0089963063401364,0.0114942528735632
29-2055.00,1959,0.066886839597467,0.051063829787234
29-2055.00,1960,0.0881130139395497,0.1531914893617021
29-2055.00,1961,0.0768117662052932,0.0340425531914893
29-2055.00,1963,0.0873294427939688,0.1276595744680851
29-2055.00,1964,0.0444505435545075,0.051063829787234
29-2055.00,1965,0.0655519945439196,0.0212765957446808
29-2055.00,1967,0.0616452646221816,0.025531914893617
29-2055.00,1968,0.0786535264049696,0.0425531914893617
29-2055.00,1969,0.0773421065869614,0.1276595744680851
29-2055.00,1970,0.0417960037395007,0.025531914893617
29-2055.00,1971,0.0387246991318148,0.0212765957446808
29-2055.00,1972,0.0275566795371267,0.025531914893617
31-1133.00,1994,0.092584522860013,0.1518987341772152
31-1133.00,1996,0.0839315004696926,0.0632911392405063
31-1133.00,1997,0.0441843560940138,0.0253164556962025
31-1133.00,1998,0.0659132342303466,0.050632911392405
31-1133.00,1999,0.0357157531929807,0.0379746835443038
31-1133.00,2000,0.0436752452676633,0.050632911392405
31-1133.00,2001,0.03246053801655,0.0253164556962025
31-1133.00,2002,0.0179912886661091,0.0253164556962025
31-1133.00,2003,0.0432459014183844,0.0759493670886076
31-1133.00,2004,0.0380071969555228,0.0379746835443038
31-1133.00,2005,0.0959719263100237,0.050632911392405
31-1133.00,2006,0.0238971120699443,0.0379746835443038
31-1133.00,2007,0.0389212090823577,0.0379746835443038
31-2021.00,2009,0.0317159744272318,0.0491803278688524
31-2021.00,2012,0.027907616700147,0.0491803278688524
31-2021.00,2013,0.0773893225803587,0.0163934426229508
31-2021.00,2014,0.016296037705828,0.0163934426229508
31-2021.00,2015,0.0243560820374884,0.0245901639344262
31-2021.00,2016,0.0413665298267404,0.0327868852459016
31-2021.00,2017,0.0389960741841701,0.0163934426229508
31-2021.00,2018,0.0782713981224963,0.0327868852459016
31-2021.00,2019,0.025025778042249,0.0163934426229508
31-2021.00,2021,0.0135575599888651,0.0245901639344262
31-2021.00,2023,0.0049145646309102,0.0081967213114754
31-9092.00,2024,0.0819900554080524,0.1185185185185185
31-9092.00,2025,0.0890231171874633,0.074074074074074
31-9092.00,2026,0.0846367588275955,0.0888888888888888
31-9092.00,2027,0.0337635815990181,0.0444444444444444
31-9092.00,2029,0.0774019579830027,0.0518518518518518
31-9092.00,2030,0.0464884574450436,0.0888888888888888
31-9092.00,2031,0.059736484924659,0.0296296296296296
31-9092.00,2032,0.0925654849166161,0.0592592592592592
31-9092.00,2033,0.0432873067721229,0.0444444444444444
31-9092.00,2034,0.0586439935709403,0.0444444444444444
31-9092.00,2035,0.0067429976078989,0.0222222222222222
31-9092.00,2036,0.0598230804380105,0.0592592592592592
31-9092.00,2037,0.0309346562862556,0.0296296296296296
31-9092.00,2038,0.0774617627591925,0.074074074074074
31-9092.00,2039,0.0185205289193259,0.0222222222222222
31-9092.00,2040,0.034625025626302,0.037037037037037
31-9092.00,2041,0.0154400884472738,0.0148148148148148
31-9092.00,2042,0.0280668429172778,0.0148148148148148
31-9092.00,2043,0.0153180594415206,0.0222222222222222
31-9095.00,2045,0.0773282678114828,0.1479289940828402
31-9095.00,2046,0.0991016537679233,0.0739644970414201
31-9095.00,2048,0.0947387768136777,0.1183431952662722
31-9095.00,2049,0.0289084020412049,0.0591715976331361
31-9095.00,2052,0.0944998385678344,0.1775147928994083
31-9095.00,2053,0.0480793461503295,0.0591715976331361
31-9095.00,2054,0.0348376164660662,0.044378698224852
31-9095.00,2055,0.0331692063996346,0.044378698224852
33-3011.00,2091,0.0403478502094868,0.2666666666666666
33-3011.00,2092,0.0198385000039482,0.0177777777777777
33-3011.00,2093,0.0185062261745525,0.0266666666666666
33-3011.00,2094,0.1223334884564175,0.0533333333333333
33-3011.00,2095,0.003004326038311,0.0044444444444444
33-3011.00,2097,0.0762789729844747,0.0088888888888888
33-3011.00,2098,0.0132095310670578,0.0088888888888888
33-3012.00,2102,0.0432732169509225,0.0512163892445582
33-3012.00,2103,0.0089711007101879,0.0012804097311139
33-3012.00,2104,0.0154999526576452,0.0192061459667093
33-3012.00,2105,0.0445445351598765,0.0768245838668374
33-3012.00,2107,0.026398906255523,0.0064020486555697
33-3012.00,2108,0.0321356035879091,0.0256081946222791
33-3012.00,2109,0.0299395186761574,0.0256081946222791
33-3012.00,2110,0.0321399026905495,0.0256081946222791
33-3012.00,2111,0.0098276172488777,0.0256081946222791
33-3012.00,2112,0.0224707706721455,0.0128040973111395
33-3012.00,2113,0.0289751399436519,0.0192061459667093
33-3012.00,2114,0.0271077372546587,0.0192061459667093
33-3012.00,2116,0.0100877317973653,0.0064020486555697
33-3012.00,2119,0.0128532065950652,0.0064020486555697
33-3021.02,2120,0.0568269829346112,0.08
33-3021.02,2121,0.0111104707362958,0.04
33-3021.02,2122,0.0384578670366529,0.0666666666666666
33-3021.02,2125,0.1025559339105122,0.0933333333333333
33-3021.02,2127,0.0146277389806767,0.04
33-3021.02,2129,0.0450545584898305,0.04
33-9032.00,2131,0.0952260952253126,0.1886792452830188
33-9032.00,2132,0.0606080521448627,0.0314465408805031
33-9032.00,2133,0.1496223584010486,0.2515723270440251
33-9032.00,2134,0.0856509985659388,0.0628930817610062
33-9032.00,2135,0.0054902012835849,0.0062893081761006
33-9032.00,2136,0.1296503246877057,0.1509433962264151
33-9032.00,2137,0.1092450948636668,0.0628930817610062
33-9032.00,2138,0.0505883540179272,0.0377358490566037
33-9032.00,2139,0.0720769209582433,0.10062893081761
33-9032.00,2140,0.042047168449483,0.0377358490566037
33-9032.00,2141,0.0694541177571433,0.0251572327044025
33-9032.00,2143,0.0122787016382151,0.0125786163522012
35-1012.00,2144,0.0347124167315317,0.0625
35-1012.00,2145,0.0333828387726291,0.0375
35-1012.00,2146,0.0352912944427945,0.0375
35-1012.00,2147,0.0358878126554154,0.075
35-1012.00,2148,0.0367106767287594,0.0375
35-1012.00,2150,0.0357576021536387,0.03125
35-1012.00,2151,0.0379896454919525,0.01875
35-1012.00,2153,0.0330596774839234,0.01875
35-1012.00,2154,0.0430802115627348,0.025
35-1012.00,2158,0.0304247465965328,0.025
35-1012.00,2165,0.0156063315912259,0.0125
35-1012.00,2166,0.0139421934147086,0.0125
35-1012.00,2167,0.0215049708438433,0.00625
35-2014.00,2169,0.0859998804466978,0.0983606557377049
35-2014.00,2170,0.0833519997377565,0.1475409836065573
35-2014.00,2171,0.059677118280707,0.0491803278688524
35-2014.00,2172,0.0684405997602317,0.0655737704918032
35-2014.00,2173,0.1092148888828406,0.081967213114754
35-2014.00,2175,0.0379779173445532,0.040983606557377
35-2014.00,2176,0.064099242372731,0.1311475409836065
35-2014.00,2177,0.0429255159312083,0.081967213114754
35-2014.00,2178,0.0206118250243079,0.0245901639344262
35-2014.00,2179,0.0087759873047752,0.0327868852459016
35-2014.00,2180,0.0496843064907048,0.0327868852459016
35-2014.00,2181,0.0095981721735062,0.0122950819672131
35-2014.00,2182,0.0104465951121541,0.0163934426229508
35-2014.00,2185,0.0104433861840163,0.0081967213114754
35-2014.00,2186,0.0019668608421392,0.0081967213114754
35-2015.00,2187,0.1446255819586753,0.0963855421686747
35-2015.00,2188,0.1142714424725445,0.0481927710843373
35-2015.00,2189,0.1116053236604872,0.180722891566265
35-2015.00,2190,0.0739288382114784,0.1204819277108433
35-2015.00,2191,0.0978312128374749,0.144578313253012
35-2015.00,2192,0.0996349756559396,0.0963855421686747
35-2015.00,2194,0.0145901988109988,0.0240963855421686
35-2021.00,2197,0.032510404744349,0.0320855614973262
35-2021.00,2199,0.0250363322459892,0.0427807486631016
35-2021.00,2200,0.0313512977583943,0.0641711229946524
35-2021.00,2201,0.029636308192832,0.0213903743315508
35-2021.00,2203,0.0424145812796048,0.0320855614973262
35-2021.00,2204,0.0468274081664635,0.0641711229946524
35-2021.00,2206,0.026014240030444,0.0267379679144385
35-2021.00,2207,0.0231187997024585,0.0320855614973262
35-2021.00,2208,0.0443902395272761,0.0213903743315508
35-2021.00,2209,0.0218437733741804,0.0213903743315508
35-2021.00,2210,0.0457803713400028,0.0267379679144385
35-2021.00,2211,0.0134036105265221,0.0213903743315508
35-2021.00,2212,0.0388500183769388,0.0213903743315508
35-2021.00,2213,0.0235699385980106,0.0427807486631016
35-2021.00,2214,0.0206049229960373,0.0106951871657754
35-2021.00,2215,0.0321932700538953,0.0213903743315508
35-2021.00,2216,0.0174379223408344,0.0106951871657754
35-2021.00,2217,0.0315537255315844,0.0320855614973262
35-2021.00,2220,0.0244287778838868,0.0213903743315508
35-2021.00,2221,0.0128598339189068,0.0320855614973262
35-2021.00,2222,0.016217585450415,0.0106951871657754
35-3011.00,2223,0.0912344370053388,0.08
35-3011.00,2224,0.0564755018364898,0.04
35-3011.00,2225,0.0382170191103829,0.0333333333333333
35-3011.00,2226,0.0182787295914532,0.0133333333333333
35-3011.00,2227,0.0890571363135541,0.1066666666666666
35-3011.00,2228,0.0969815073346855,0.1066666666666666
35-3011.00,2229,0.0927892187891743,0.1333333333333333
35-3011.00,2230,0.084294129535717,0.0666666666666666
35-3011.00,2231,0.075810235842468,0.16
35-3011.00,2232,0.0679238714198751,0.04
35-3011.00,2233,0.0081980186586767,0.02
35-3011.00,2234,0.0010713826097909,0.0066666666666666
35-3011.00,2235,0.0153791972851653,0.0333333333333333
35-3011.00,2236,0.0316657120453204,0.0133333333333333
35-3011.00,2237,0.0469093348303569,0.0266666666666666
35-3011.00,2238,0.0303908863795498,0.0266666666666666
35-3011.00,2239,0.001796262923801,0.0066666666666666
35-3011.00,2241,0.0066988550048248,0.0066666666666666
35-3031.00,2275,0.0322987896030381,0.0159362549800796
35-3031.00,2276,0.0639793563637153,0.047808764940239
35-3031.00,2277,0.0595638546177922,0.0637450199203187
35-3031.00,2278,0.0602590921104138,0.0796812749003984
35-3031.00,2279,0.0645723103784114,0.0637450199203187
35-3031.00,2280,0.042006825912169,0.1274900398406374
35-3031.00,2281,0.0600724337118238,0.0318725099601593
35-3031.00,2283,0.0514961462473542,0.047808764940239
35-3031.00,2284,0.051448986707945,0.0239043824701195
35-3031.00,2285,0.0603758912878537,0.047808764940239
35-3031.00,2286,0.0310164468641264,0.0398406374501992
35-3031.00,2287,0.0318780805841765,0.0318725099601593
35-3031.00,2288,0.0362739078535253,0.047808764940239
35-3031.00,2289,0.0263200993945573,0.0318725099601593
35-3031.00,2290,0.0407063555436698,0.0318725099601593
35-3031.00,2291,0.0188877164031662,0.0079681274900398
35-3031.00,2292,0.0230311076719474,0.0239043824701195
35-3031.00,2293,0.0297706173600693,0.0159362549800796
35-3031.00,2294,0.014997258149149,0.0079681274900398
35-3031.00,2295,0.0128461496709811,0.0159362549800796
35-9031.00,2296,0.0882435136152955,0.0727802037845705
35-9031.00,2297,0.0866158776074536,0.1746724890829694
35-9031.00,2301,0.0315822602855013,0.0436681222707423
35-9031.00,2302,0.0681357889304238,0.0582241630276564
35-9031.00,2303,0.0343761741787887,0.0291120815138282
35-9031.00,2304,0.0477280134538687,0.0291120815138282
35-9031.00,2305,0.0423476186365059,0.0582241630276564
35-9031.00,2307,0.0448116723588948,0.0291120815138282
35-9031.00,2310,0.0119741233338178,0.007278020378457
35-9031.00,2312,0.0144225931234535,0.0014556040756914
35-9031.00,2313,0.0087508127092248,0.0014556040756914
39-6011.00,2314,0.0888939088776763,0.2191780821917808
39-6011.00,2315,0.0994933929637807,0.091324200913242
39-6011.00,2316,0.091365831169092,0.091324200913242
39-6011.00,2317,0.1148421413355099,0.1461187214611872
39-6011.00,2318,0.0210054392233684,0.0365296803652968
39-6011.00,2319,0.0317893674449013,0.0365296803652968
39-6011.00,2320,0.0270154791573356,0.0730593607305936
39-6011.00,2321,0.0624638841434913,0.0547945205479452
39-6011.00,2322,0.0059326278429347,0.0182648401826484
39-6011.00,2324,0.0828526264301637,0.0547945205479452
39-6011.00,2326,0.0145611623267456,0.0091324200913242
39-6011.00,2327,0.0490407732013095,0.0273972602739726
39-6011.00,2328,0.0199368540895991,0.0182648401826484
39-9011.00,2331,0.0535189571769587,0.0334448160535117
39-9011.00,2332,0.0550088259754191,0.1337792642140468
39-9011.00,2333,0.0406241001800887,0.0334448160535117
39-9011.00,2334,0.0724962086969296,0.0133779264214046
39-9011.00,2335,0.0420854726323456,0.0066889632107023
39-9011.00,2336,0.1039344189977357,0.1337792642140468
39-9011.00,2338,0.0453009982418787,0.0334448160535117
39-9011.00,2339,0.0496605737177466,0.0668896321070234
39-9011.00,2342,0.0629172045780558,0.0334448160535117
39-9011.00,2344,0.0252936293338241,0.0334448160535117
39-9011.00,2346,0.0552985941788437,0.0501672240802675
39-9011.00,2347,0.0177306898736568,0.0334448160535117
39-9011.00,2348,0.0178635470230158,0.0334448160535117
39-9011.00,2349,0.0033583103932281,0.0100334448160535
31-1122.00,2369,0.1136976820543614,0.0902255639097744
31-1122.00,2370,0.1332095243396316,0.2706766917293233
31-1122.00,2371,0.1149498130960813,0.0601503759398496
31-1122.00,2372,0.074174302301623,0.150375939849624
31-1122.00,2373,0.1144586025716629,0.1804511278195488
31-1122.00,2374,0.1244683913049939,0.037593984962406
31-1122.00,2375,0.0461765438162583,0.0902255639097744
31-1122.00,2376,0.0686155674529561,0.0225563909774436
31-1122.00,2377,0.0139147108913238,0.0601503759398496
31-1122.00,2378,0.0714728892698961,0.0150375939849624
31-1122.00,2379,0.1248619729012112,0.0225563909774436
39-9032.00,2380,0.1479373443523693,0.1
39-9032.00,2381,0.0699698361127312,0.1875
39-9032.00,2382,0.0842194479446237,0.0625
39-9032.00,2383,0.0142209865770982,0.00625
39-9032.00,2385,0.0431297936674277,0.0375
39-9032.00,2386,0.0291159990603759,0.075
39-9032.00,2387,0.0706297480790276,0.025
39-9032.00,2388,0.0437767205889674,0.0375
39-9032.00,2389,0.0333156590319328,0.0125
39-9032.00,2390,0.0440312670144945,0.0375
39-9032.00,2391,0.0132531888171101,0.025
39-9032.00,2392,0.0249376717109008,0.025
39-9032.00,2393,0.0177880896437998,0.05
39-9032.00,2394,0.0273939486343487,0.01875
39-9032.00,2395,0.0329800802010069,0.05
39-9032.00,2396,0.0211633546289191,0.025
39-9032.00,2397,0.0422192020603618,0.01875
39-9032.00,2398,0.0100730123956298,0.0125
39-9032.00,2399,0.0352692678707759,0.025
41-2011.00,2400,0.0790399149130632,0.1694915254237288
41-2011.00,2401,0.0640868570142775,0.1129943502824858
41-2011.00,2402,0.0174658201997122,0.0169491525423728
41-2011.00,2403,0.0588265255006757,0.0564971751412429
41-2011.00,2405,0.0387935833404365,0.1694915254237288
41-2011.00,2408,0.0394205459467988,0.0564971751412429
41-2011.00,2411,0.0129255835210469,0.0169491525423728
41-2011.00,2412,0.0316965272477616,0.0112994350282485
41-2011.00,2413,0.0175512534532127,0.0112994350282485
41-2011.00,2414,0.0130962549047037,0.0056497175141242
41-2011.00,2416,0.0162122722226175,0.0112994350282485
41-2011.00,2417,0.01503544041124,0.0225988700564971
41-2011.00,2419,0.0330773342513067,0.0056497175141242
41-2011.00,2421,0.0132545769525491,0.0022598870056497
41-2011.00,2422,0.0221533944074996,0.0056497175141242
41-2011.00,2423,0.0125923930036212,0.0056497175141242
41-2011.00,2424,0.0189107877210772,0.0112994350282485
41-2022.00,2425,0.0908924888320219,0.1019108280254777
41-2022.00,2426,0.0709978424895014,0.1019108280254777
41-2022.00,2427,0.0938618222559095,0.1273885350318471
41-2022.00,2429,0.0743796165085943,0.0382165605095541
41-2022.00,2430,0.0907590365308257,0.0509554140127388
41-2022.00,2432,0.0428576467916378,0.0254777070063694
41-2022.00,2433,0.0382560292956556,0.0254777070063694
41-2022.00,2434,0.0424267310448735,0.0509554140127388
41-2022.00,2435,0.0396372012754037,0.0509554140127388
41-2022.00,2436,0.0325980455419614,0.0127388535031847
41-2022.00,2437,0.0220184174805028,0.019108280254777
41-2022.00,2438,0.0238138953483216,0.0063694267515923
41-2022.00,2439,0.018923195494167,0.0063694267515923
43-3011.00,2472,0.0690720663155818,0.0606060606060606
43-3011.00,2473,0.0948913862522695,0.0909090909090909
43-3011.00,2474,0.118663231229606,0.1212121212121212
43-3011.00,2475,0.0822143234119745,0.1818181818181818
43-3011.00,2476,0.0918813707102882,0.0757575757575757
43-3011.00,2477,0.0930498942175996,0.0454545454545454
43-3011.00,2478,0.0834989189440328,0.0909090909090909
43-3011.00,2479,0.0369464699644264,0.0454545454545454
43-3011.00,2480,0.0299779046159329,0.0303030303030303
43-3011.00,2481,0.0781376398309194,0.0757575757575757
43-3011.00,2482,0.0150812969038146,0.0151515151515151
43-3011.00,2483,0.0754857142614134,0.0454545454545454
43-3011.00,2484,0.0116463299236936,0.0303030303030303
43-3031.00,2486,0.0598945496486578,0.065040650406504
43-3031.00,2487,0.1021112057947331,0.1219512195121951
43-3031.00,2488,0.0475401086901211,0.016260162601626
43-3031.00,2489,0.022085004394404,0.08130081300813
43-3031.00,2490,0.0194031161667931,0.08130081300813
43-3031.00,2491,0.015584018743296,0.040650406504065
43-3031.00,2492,0.0103488025952364,0.032520325203252
43-3031.00,2495,0.1033530545899001,0.024390243902439
43-3031.00,2497,0.0326540662819092,0.040650406504065
43-3031.00,2498,0.087434179169742,0.040650406504065
43-3031.00,2499,0.0168480767036826,0.024390243902439
43-3031.00,2500,0.0255163073365624,0.032520325203252
43-3031.00,2501,0.020991389634026,0.024390243902439
43-3031.00,2502,0.0339670603166133,0.008130081300813
43-3031.00,2503,0.008610211441,0.032520325203252
43-3031.00,2505,0.0172930572471211,0.024390243902439
43-3031.00,2506,0.0117276598254102,0.016260162601626
43-3031.00,2507,0.0054568117086181,0.016260162601626
43-3031.00,2508,0.0099359372813021,0.016260162601626
43-3031.00,2509,0.0307125844329342,0.032520325203252
43-3031.00,2510,0.0007351880294898,0.016260162601626
43-3031.00,2511,0.0049132821637655,0.016260162601626
43-3031.00,2514,0.0078110229707074,0.016260162601626
43-3051.00,2515,0.0116114043084636,0.075187969924812
43-3051.00,2517,0.0220022924129703,0.075187969924812
43-3051.00,2519,0.046650316171045,0.1203007518796992
43-3051.00,2520,0.028470931019351,0.0451127819548872
43-3051.00,2521,0.0144049554577814,0.0300751879699248
43-3051.00,2522,0.011644195919603,0.0150375939849624
43-3051.00,2524,0.0225278177838435,0.0225563909774436
43-3051.00,2526,0.0334828806052726,0.0300751879699248
43-3051.00,2527,0.0135939222405425,0.0451127819548872
43-3051.00,2528,0.0150951651187982,0.0601503759398496
43-3051.00,2529,0.014075145018086,0.037593984962406
43-3061.00,2531,0.0702071969309866,0.1111111111111111
43-3061.00,2532,0.0475471907434246,0.0555555555555555
43-3061.00,2533,0.072163444095443,0.074074074074074
43-3061.00,2534,0.094004253535311,0.037037037037037
43-3061.00,2535,0.0410481700287431,0.074074074074074
43-3061.00,2536,0.0546151435324317,0.074074074074074
43-3061.00,2537,0.0557095598548323,0.074074074074074
43-3061.00,2538,0.0569518155571976,0.0555555555555555
43-3061.00,2539,0.090247150027299,0.0925925925925925
43-3061.00,2540,0.0706551774679363,0.074074074074074
43-3061.00,2541,0.0466802217318326,0.037037037037037
43-3061.00,2542,0.0413017954207983,0.0555555555555555
43-3061.00,2544,0.0396616180255598,0.037037037037037
43-3061.00,2545,0.0816851766221067,0.0185185185185185
43-3061.00,2546,0.0345026253930735,0.037037037037037
43-3061.00,2547,0.0082648503955507,0.0185185185185185
43-3061.00,2548,0.0299888712227498,0.0185185185185185
43-3071.00,2549,0.048306304138257,0.0435255712731229
43-3071.00,2550,0.0900430769306329,0.1305767138193688
43-3071.00,2551,0.0933950784815355,0.1305767138193688
43-3071.00,2552,0.0896140854898478,0.0652883569096844
43-3071.00,2553,0.0926088360534022,0.1305767138193688
43-3071.00,2554,0.0491086521957771,0.0652883569096844
43-3071.00,2555,0.0318439193115686,0.0217627856365614
43-3071.00,2556,0.0348354659620957,0.0217627856365614
43-3071.00,2557,0.0497155845576579,0.0326441784548422
43-3071.00,2558,0.0454884149564456,0.0435255712731229
43-3071.00,2559,0.0270144713620073,0.0326441784548422
43-3071.00,2560,0.0262926708414116,0.0326441784548422
43-3071.00,2561,0.0267275716533248,0.0326441784548422
43-3071.00,2562,0.0251939354935942,0.0217627856365614
43-3071.00,2563,0.0166714109091006,0.0163220892274211
43-3071.00,2564,0.0124547149319205,0.0054406964091403
43-3071.00,2565,0.0366264088426578,0.0326441784548422
43-3071.00,2566,0.0269529969636338,0.0163220892274211
43-3071.00,2567,0.0130383059720186,0.0054406964091403
43-3071.00,2568,0.0121271173238511,0.0108813928182807
43-3071.00,2569,0.0352301613267638,0.0217627856365614
43-3071.00,2570,0.0124965557183991,0.0108813928182807
43-3071.00,2571,0.0083078838836214,0.0217627856365614
43-3071.00,2572,0.0063454181974638,0.0054406964091403
43-3071.00,2573,0.0083740958313258,0.0021762785636561
43-3071.00,2574,0.0046916211180374,0.0021762785636561
43-3071.00,2575,0.0044903053145838,0.0054406964091403
43-4051.00,2578,0.1039673842641078,0.1438848920863309
43-4051.00,2579,0.0405309651842534,0.1151079136690647
43-4051.00,2580,0.0737337452245799,0.0431654676258992
43-4051.00,2582,0.050735828973853,0.0287769784172661
43-4051.00,2583,0.0545330862169727,0.0719424460431654
43-4051.00,2584,0.076537215731627,0.0575539568345323
43-4051.00,2589,0.0088072536569117,0.0215827338129496
43-4051.00,2591,0.0085782455877623,0.0071942446043165
43-4071.00,2593,0.0422789556263375,0.0735294117647058
43-4071.00,2595,0.0296039795420387,0.0294117647058823
43-4071.00,2596,0.0466795934002345,0.0441176470588235
43-4071.00,2597,0.0547574646190842,0.088235294117647
43-4071.00,2599,0.0728060551379937,0.0735294117647058
43-4071.00,2600,0.0511612719525414,0.088235294117647
43-4071.00,2601,0.0409460565425296,0.0441176470588235
43-4071.00,2602,0.0577455173132526,0.0441176470588235
43-4071.00,2603,0.0260943894242842,0.0147058823529411
43-4071.00,2604,0.0337632214525776,0.0294117647058823
43-4071.00,2605,0.0357351471133947,0.0294117647058823
43-4071.00,2607,0.0101251843436494,0.0147058823529411
43-4081.00,2610,0.0841818838228898,0.1619433198380566
43-4081.00,2611,0.0750666820479289,0.0647773279352226
43-4081.00,2612,0.0754999693872553,0.048582995951417
43-4081.00,2613,0.0639866503663606,0.0647773279352226
43-4081.00,2615,0.0789691727039429,0.048582995951417
43-4081.00,2616,0.0669935205916488,0.0809716599190283
43-4081.00,2617,0.0618729291246519,0.0323886639676113
43-4081.00,2618,0.0608779176107028,0.0647773279352226
43-4081.00,2619,0.0632888238528382,0.0323886639676113
43-4081.00,2620,0.076337685373492,0.097165991902834
43-4081.00,2622,0.0442690127045002,0.0242914979757085
43-4081.00,2623,0.0402820204305618,0.0242914979757085
43-4081.00,2624,0.0220081275131393,0.0242914979757085
43-4081.00,2625,0.0148849635204157,0.0040485829959514
43-4081.00,2626,0.0235947390829385,0.0080971659919028
43-4111.00,2627,0.109360873808188,0.2112676056338028
43-4111.00,2628,0.0727496831534137,0.0422535211267605
43-4111.00,2629,0.0782758030755271,0.0845070422535211
43-4111.00,2630,0.0792649805033176,0.0704225352112676
43-4111.00,2631,0.0640217005645476,0.1126760563380281
43-4111.00,2632,0.0732769215023904,0.056338028169014
43-4111.00,2633,0.0692169248582255,0.0422535211267605
43-4111.00,2634,0.0713351202550652,0.028169014084507
43-4111.00,2635,0.0430029448923293,0.056338028169014
43-4111.00,2636,0.0915832665556357,0.0422535211267605
43-4111.00,2637,0.0175751540838047,0.028169014084507
43-4111.00,2638,0.0543368773441209,0.0422535211267605
43-4111.00,2640,0.0267179235948764,0.0352112676056338
43-4111.00,2641,0.0271698315254005,0.0422535211267605
43-4121.00,2643,0.037187350310514,0.0357142857142857
43-4121.00,2644,0.0066944345462381,0.0357142857142857
43-4121.00,2645,0.0846956957480959,0.1428571428571428
43-4121.00,2646,0.0732253572663061,0.0714285714285714
43-4121.00,2647,0.0445398556166299,0.0285714285714285
43-4121.00,2648,0.0666788701201259,0.0571428571428571
43-4121.00,2649,0.0575727031408149,0.0714285714285714
43-4121.00,2650,0.0490080678034958,0.0285714285714285
43-4121.00,2652,0.0532783257706193,0.0285714285714285
43-4121.00,2653,0.0228642620619392,0.0071428571428571
43-4121.00,2654,0.0094348613387647,0.0142857142857142
43-4121.00,2655,0.0150126205918555,0.0214285714285714
43-4121.00,2656,0.0159214014010306,0.0214285714285714
43-4121.00,2657,0.0276369288503215,0.0071428571428571
43-4121.00,2658,0.0281468238826184,0.0142857142857142
43-4121.00,2661,0.0238795512176609,0.0142857142857142
43-4121.00,2662,0.0062366140154078,0.0071428571428571
43-4121.00,2664,0.022095243389673,0.0142857142857142
43-4121.00,2667,0.0067349070545438,0.0071428571428571
43-4151.00,2668,0.0720104175065935,0.1388888888888889
43-4151.00,2669,0.0363902720970842,0.0833333333333333
43-4151.00,2670,0.0568449188829176,0.0694444444444444
43-4151.00,2672,0.0753051622059466,0.1111111111111111
43-4151.00,2673,0.0394613314863342,0.0416666666666666
43-4151.00,2674,0.0489259760738753,0.0833333333333333
43-4151.00,2675,0.0688694242694922,0.0694444444444444
43-4151.00,2676,0.0376597051475741,0.0277777777777777
43-4151.00,2677,0.0512446288367919,0.0416666666666666
43-4151.00,2678,0.060424619866862,0.0555555555555555
43-4151.00,2679,0.0379722090792617,0.0416666666666666
43-4151.00,2681,0.0209804220082791,0.0347222222222222
43-4151.00,2682,0.0183920183804854,0.0555555555555555
43-4151.00,2683,0.0767909559098838,0.0208333333333333
43-4151.00,2684,0.0146410880905362,0.0138888888888888
43-4151.00,2686,0.0225010270319453,0.0208333333333333
43-4161.00,2687,0.097521078406066,0.0787401574803149
43-4161.00,2689,0.0921410846433635,0.0944881889763779
43-4161.00,2690,0.0558941924775553,0.0787401574803149
43-4161.00,2691,0.0721486270261288,0.0787401574803149
43-4161.00,2692,0.076670090272603,0.0472440944881889
43-4161.00,2693,0.0496186262927639,0.0314960629921259
43-4161.00,2694,0.0308789481433852,0.0236220472440944
43-4161.00,2695,0.0523848861413454,0.0629921259842519
43-4161.00,2696,0.023095055467775,0.0393700787401574
43-4161.00,2697,0.0274691464119168,0.0472440944881889
43-4161.00,2698,0.0485038098147017,0.0314960629921259
43-4161.00,2699,0.0461422545202483,0.0472440944881889
43-4161.00,2700,0.0086166420129788,0.0314960629921259
43-4161.00,2701,0.021340113740462,0.0314960629921259
43-4161.00,2702,0.0795775115130211,0.0629921259842519
43-4161.00,2703,0.0354096033214862,0.0236220472440944
43-4161.00,2704,0.0397898155207449,0.0157480314960629
43-5031.00,2705,0.0801890416711211,0.0993788819875776
43-5031.00,2706,0.0885676957311106,0.0993788819875776
43-5031.00,2707,0.0924520860314798,0.124223602484472
43-5031.00,2708,0.067934835132188,0.062111801242236
43-5031.00,2709,0.0570418500946821,0.0745341614906832
43-5031.00,2710,0.0753361315718332,0.0993788819875776
43-5031.00,2711,0.0735809568854432,0.124223602484472
43-5031.00,2712,0.0523348511842638,0.0124223602484472
43-5031.00,2713,0.0435008691030126,0.0372670807453416
43-5031.00,2714,0.0312820906308842,0.0248447204968944
43-5031.00,2715,0.0748964581585474,0.0496894409937888
43-5031.00,2716,0.0133376507901156,0.0124223602484472
43-5031.00,2717,0.0693573240214466,0.0496894409937888
43-5031.00,2718,0.0865534826116812,0.0496894409937888
43-5031.00,2719,0.0410912700605276,0.0372670807453416
43-5031.00,2720,0.0184011289551653,0.0248447204968944
43-5031.00,2721,0.0107686960287268,0.0124223602484472
43-5031.00,2722,0.0233735813377701,0.0062111801242236
43-5032.00,2723,0.1603397403402154,0.1840490797546012
43-5032.00,2724,0.0454527141037559,0.0245398773006134
43-5032.00,2725,0.1160526788358045,0.1226993865030674
43-5032.00,2726,0.098698599871532,0.0981595092024539
43-5032.00,2727,0.1247205050896755,0.0613496932515337
43-5032.00,2728,0.0765384460978557,0.0736196319018405
43-5032.00,2729,0.0637968808828392,0.0981595092024539
43-5032.00,2730,0.1017992161817558,0.147239263803681
43-5032.00,2731,0.0845052533238245,0.0613496932515337
43-5032.00,2732,0.0694602319094052,0.0490797546012269
43-5032.00,2733,0.0507132178504552,0.0368098159509202
43-5032.00,2735,0.0079225155128805,0.0184049079754601
43-6011.00,2770,0.0664065131222488,0.0942028985507246
43-6011.00,2771,0.0499746098648725,0.1159420289855072
43-6011.00,2772,0.0298908130138859,0.0507246376811594
43-6011.00,2773,0.051718254807983,0.072463768115942
43-6011.00,2774,0.0333974037687899,0.036231884057971
43-6011.00,2775,0.0369179226290065,0.0507246376811594
43-6011.00,2776,0.0460057257301115,0.0652173913043478
43-6011.00,2779,0.0281153105297926,0.036231884057971
43-6011.00,2780,0.0110540428335273,0.0434782608695652
43-6011.00,2784,0.0049937168247175,0.0144927536231884
43-6011.00,2785,0.0084990033618571,0.0217391304347826
43-6011.00,2788,0.0109149813744851,0.0144927536231884
43-6014.00,2790,0.0731956937153364,0.1123595505617977
43-6014.00,2791,0.059607967780763,0.0702247191011235
43-6014.00,2793,0.0231994188872588,0.0140449438202247
43-6014.00,2794,0.0230136074871629,0.0280898876404494
43-6014.00,2795,0.0274065338953258,0.0280898876404494
43-6014.00,2796,0.0486937136948464,0.021067415730337
43-6014.00,2797,0.0106220975575139,0.0140449438202247
43-6014.00,2800,0.0247129594013378,0.0280898876404494
43-6014.00,2801,0.0331032260485963,0.0421348314606741
43-6014.00,2803,0.0051529509920459,0.0070224719101123
43-6014.00,2804,0.0054266445462957,0.0140449438202247
43-6014.00,2805,0.0309032342284438,0.021067415730337
43-6014.00,2806,0.0230173430541653,0.0280898876404494
43-6014.00,2808,0.0047129493377569,0.0070224719101123
43-6014.00,2809,0.0131459881796726,0.0070224719101123
43-6014.00,2812,0.0062072951487897,0.0140449438202247
43-6014.00,2813,0.0452007220351882,0.1123595505617977
43-6014.00,2814,0.0030978253143083,0.0070224719101123
43-9031.00,2815,0.0504809249099878,0.0675675675675675
43-9031.00,2816,0.0953466017887352,0.1621621621621621
43-9031.00,2817,0.0781181711165425,0.081081081081081
43-9031.00,2818,0.071100396536768,0.081081081081081
43-9031.00,2819,0.0139561851428079,0.0135135135135135
43-9031.00,2820,0.0827682954649979,0.1351351351351351
43-9031.00,2821,0.0483271670889353,0.0337837837837837
43-9031.00,2822,0.0387240117949113,0.0675675675675675
43-9031.00,2824,0.0790730819948815,0.054054054054054
43-9031.00,2825,0.0442801036633751,0.0405405405405405
43-9031.00,2827,0.0406138179988257,0.0405405405405405
43-9031.00,2828,0.0365953359845447,0.027027027027027
43-9031.00,2829,0.0420930765801101,0.027027027027027
43-9031.00,2830,0.0156868139537522,0.0202702702702702
43-9031.00,2831,0.0449903670160276,0.054054054054054
43-9031.00,2832,0.013124730770748,0.0337837837837837
47-2041.00,2833,0.0791023578889606,0.0776699029126213
47-2041.00,2834,0.1053934119817096,0.0970873786407767
47-2041.00,2835,0.0878053994464495,0.0485436893203883
47-2041.00,2836,0.1347913721923783,0.116504854368932
47-2041.00,2837,0.0634684993498372,0.0388349514563106
47-2041.00,2838,0.0671403276141774,0.116504854368932
47-2041.00,2839,0.0461805441209204,0.0485436893203883
47-2041.00,2840,0.0592994273640591,0.0776699029126213
47-2041.00,2842,0.0595679025918267,0.0388349514563106
47-2041.00,2843,0.0516312305704916,0.029126213592233
47-2041.00,2844,0.06022602635377,0.0485436893203883
47-2041.00,2845,0.0140876008535969,0.0194174757281553
47-2041.00,2846,0.0272799096989199,0.0970873786407767
47-2041.00,2847,0.0512714764836139,0.0194174757281553
47-2044.00,2848,0.1106026924997857,0.0816326530612244
47-2044.00,2849,0.0601440125658601,0.0408163265306122
47-2044.00,2850,0.0908436977509557,0.0979591836734693
47-2044.00,2851,0.0808362617310465,0.073469387755102
47-2044.00,2852,0.0810357856170513,0.1306122448979592
47-2044.00,2853,0.088729077077099,0.0979591836734693
47-2044.00,2854,0.005107390165885,0.0244897959183673
47-2044.00,2855,0.0535950067689173,0.0326530612244898
47-2044.00,2856,0.0263139418055477,0.0326530612244898
47-2044.00,2857,0.0087823444962904,0.0244897959183673
47-2044.00,2858,0.0333981653104186,0.0489795918367346
47-2044.00,2859,0.0336347767492383,0.0163265306122449
47-2044.00,2860,0.0316072532472656,0.0489795918367346
47-2044.00,2861,0.0280938676896442,0.0163265306122449
47-2044.00,2862,0.0358935143414024,0.0244897959183673
47-2044.00,2863,0.008798815794157,0.0571428571428571
47-2044.00,2864,0.0377813034209043,0.0326530612244898
47-2044.00,2865,0.0053409921194487,0.0163265306122449
47-2044.00,2866,0.0118816353326194,0.0244897959183673
47-2044.00,2867,0.023863959155031,0.0163265306122449
47-2044.00,2868,0.0170732154815779,0.0163265306122449
47-2044.00,2869,0.0531108930067412,0.0081632653061224
47-2044.00,2870,0.0408528028610729,0.0081632653061224
47-2044.00,2871,0.0326785950120388,0.0244897959183673
47-2111.00,2873,0.0751446767883793,0.1302083333333333
47-2111.00,2874,0.0220705084220606,0.05859375
47-2111.00,2875,0.030138520760393,0.0520833333333333
47-2111.00,2876,0.0451646734794797,0.0325520833333333
47-2111.00,2877,0.0184347960127123,0.0065104166666666
47-2111.00,2878,0.0451443968601938,0.0455729166666666
47-2111.00,2879,0.0418970637155481,0.0013020833333333
47-2111.00,2880,0.040604514714252,0.0325520833333333
47-2111.00,2881,0.0411047454983412,0.0390625
47-2111.00,2882,0.0765237457979568,0.0325520833333333
47-2111.00,2883,0.0934346897212238,0.15625
47-2111.00,2884,0.0115765959001218,0.0260416666666666
47-2111.00,2885,0.0266315271705081,0.0260416666666666
47-2111.00,2886,0.0386173697856451,0.0651041666666666
47-2111.00,2887,0.0918437301882386,0.078125
47-2111.00,2888,0.0708232727273366,0.1041666666666666
47-2111.00,2890,0.0229615382676977,0.0390625
47-2111.00,2891,0.0430291966706911,0.0325520833333333
49-1011.00,2912,0.0836042377549985,0.0854700854700854
49-1011.00,2914,0.0986923201520891,0.1367521367521367
49-1011.00,2915,0.0974713484021963,0.0683760683760683
49-1011.00,2916,0.0305793138681405,0.017094017094017
49-1011.00,2917,0.0343647370055968,0.0256410256410256
49-1011.00,2918,0.0956803594104215,0.0341880341880341
49-1011.00,2919,0.044210978129043,0.0427350427350427
49-1011.00,2920,0.0274334917276867,0.0512820512820512
49-1011.00,2921,0.0216689669796549,0.0256410256410256
49-1011.00,2922,0.0102150555560721,0.0085470085470085
49-1011.00,2923,0.0437497246800466,0.0683760683760683
49-1011.00,2924,0.0105519639503151,0.0085470085470085
49-1011.00,2925,0.0507893074138223,0.0854700854700854
49-1011.00,2926,0.0191279197104899,0.0683760683760683
49-1011.00,2927,0.0162408962831657,0.017094017094017
49-1011.00,2929,0.0580121537829953,0.1025641025641025
49-1011.00,2931,0.025243261397923,0.0085470085470085
49-1011.00,2932,0.009518463855956,0.0085470085470085
49-3021.00,2933,0.089837032342667,0.109375
49-3021.00,2934,0.0855442772611445,0.078125
49-3021.00,2935,0.0583383468355845,0.0234375
49-3021.00,2936,0.0273832940885785,0.078125
49-3021.00,2937,0.0422729740080915,0.03125
49-3021.00,2938,0.0609305184373403,0.0625
49-3021.00,2940,0.0435174241478717,0.0234375
49-3021.00,2941,0.0179574190714088,0.0546875
49-3021.00,2942,0.0364762094776269,0.0546875
49-3021.00,2943,0.0575595699047111,0.0859375
49-3021.00,2944,0.0492814805134334,0.046875
49-3021.00,2945,0.0268939645250925,0.0234375
49-3021.00,2946,0.0392561766251729,0.0390625
49-3021.00,2947,0.033050417692972,0.0390625
49-3021.00,2948,0.0472545252100406,0.046875
49-3021.00,2949,0.0319967559729584,0.03125
49-3021.00,2950,0.0236134474481246,0.0234375
49-3021.00,2951,0.0240983447994279,0.015625
49-3021.00,2952,0.0107502930271011,0.015625
49-3021.00,2953,0.0114788671393239,0.0078125
49-3021.00,2954,0.0330191726709512,0.0234375
49-3021.00,2955,0.0226855208559244,0.015625
49-3021.00,2957,0.0109256959389426,0.0078125
49-3031.00,2981,0.1793858897810493,0.1570680628272251
49-3031.00,2982,0.0494989835283707,0.0523560209424083
49-3031.00,2983,0.0464216044710685,0.0837696335078534
49-3031.00,2984,0.0365113838435552,0.06282722513089
49-3031.00,2985,0.081425504800417,0.031413612565445
49-3031.00,2986,0.0444743233491294,0.031413612565445
49-3031.00,2987,0.0378699468974992,0.0523560209424083
49-3031.00,2988,0.0290385296907477,0.0209424083769633
49-3031.00,2989,0.0212106626435723,0.0209424083769633
49-3031.00,2990,0.0198011149428973,0.031413612565445
49-3031.00,2991,0.0323988448395387,0.0418848167539267
49-3031.00,2993,0.0132231123317034,0.0418848167539267
49-3031.00,2995,0.0236395215134804,0.0418848167539267
49-3031.00,2996,0.0041023836223134,0.06282722513089
49-3031.00,2999,0.001975551711332,0.0052356020942408
49-3042.00,3000,0.0908843209309707,0.0472440944881889
49-3042.00,3001,0.1283312776776121,0.1259842519685039
49-3042.00,3002,0.0874994908509952,0.0629921259842519
49-3042.00,3003,0.0422056726797462,0.0551181102362204
49-3042.00,3004,0.0361889344362771,0.0944881889763779
49-3042.00,3005,0.0424178591299591,0.0787401574803149
49-3042.00,3006,0.0320262772015053,0.0314960629921259
49-3042.00,3007,0.0392962231098262,0.0314960629921259
49-3042.00,3008,0.0612197359916922,0.0314960629921259
49-3042.00,3009,0.0440487671518994,0.0629921259842519
49-3042.00,3010,0.0217621413952769,0.0314960629921259
49-3042.00,3011,0.0229983637499493,0.0393700787401574
49-3042.00,3012,0.0323409713297584,0.0472440944881889
49-3042.00,3013,0.060378571076747,0.0314960629921259
49-3042.00,3014,0.0811447530281423,0.0787401574803149
49-3042.00,3015,0.0312909060177768,0.0236220472440944
49-3042.00,3016,0.0345879103451325,0.0157480314960629
49-3042.00,3017,0.034100122604144,0.0157480314960629
49-9071.00,3022,0.033137032044569,0.0814332247557003
49-9071.00,3023,0.0262424001327381,0.0488599348534201
49-9071.00,3024,0.0429210581897584,0.0651465798045602
49-9071.00,3025,0.0249590314346892,0.0407166123778501
49-9071.00,3026,0.0286613535357462,0.0325732899022801
49-9071.00,3028,0.0216911439145249,0.02442996742671
49-9071.00,3030,0.0607851899287187,0.0325732899022801
49-9071.00,3031,0.0240267267164329,0.0488599348534201
49-9071.00,3033,0.0120904611521296,0.01628664495114
49-9071.00,3034,0.0107185368206177,0.00814332247557
49-9071.00,3035,0.0219836785580227,0.01628664495114
49-9071.00,3037,0.0122808152316387,0.01628664495114
49-9062.00,3062,0.0285484785103079,0.0526315789473684
49-9062.00,3063,0.0432204876994316,0.1403508771929824
49-9062.00,3064,0.0917611123316905,0.0701754385964912
49-9062.00,3065,0.079260198813337,0.1403508771929824
49-9062.00,3066,0.1218445719332893,0.1052631578947368
49-9062.00,3067,0.0217362210633342,0.0350877192982456
49-9062.00,3068,0.0277884734990103,0.0350877192982456
49-9062.00,3069,0.0552310155994084,0.0526315789473684
49-9062.00,3070,0.0207676004406749,0.0175438596491228
49-9062.00,3071,0.0415259833849637,0.0350877192982456
49-9062.00,3072,0.0268323965934119,0.0350877192982456
49-9062.00,3074,0.0351756163713093,0.0087719298245614
49-9062.00,3076,0.0122490522594435,0.0350877192982456
49-9062.00,3077,0.0274801014781166,0.0263157894736842
49-9062.00,3078,0.0064815674071132,0.0087719298245614
49-9062.00,3079,0.0299136370525279,0.0175438596491228
49-9098.00,3080,0.0738572829775839,0.0338983050847457
49-9098.00,3081,0.0843695693630049,0.0338983050847457
49-9098.00,3082,0.0759372828266888,0.0508474576271186
49-9098.00,3083,0.10157046818902,0.0508474576271186
49-9098.00,3084,0.0720397202750826,0.135593220338983
49-9098.00,3085,0.0213781601145076,0.0338983050847457
49-9098.00,3086,0.0780341542670278,0.1016949152542373
49-9098.00,3087,0.0501273359729622,0.0677966101694915
49-9098.00,3088,0.0649543739400896,0.0338983050847457
49-9098.00,3090,0.0924266151834459,0.0677966101694915
49-9098.00,3091,0.0772477997101258,0.1694915254237288
49-9098.00,3092,0.015124500426045,0.0847457627118644
51-4041.00,3094,0.0915433820737952,0.2112676056338028
51-4041.00,3095,0.0722209938503499,0.0704225352112676
51-4041.00,3097,0.0486636758298298,0.056338028169014
51-4041.00,3098,0.0693319680965357,0.1126760563380281
51-4041.00,3101,0.0191166609750058,0.028169014084507
51-4041.00,3103,0.0253384137244495,0.028169014084507
51-4041.00,3106,0.0471017475809073,0.0140845070422535
51-4041.00,3107,0.0077980600019121,0.0070422535211267
51-4041.00,3109,0.0049729197996031,0.0035211267605633
51-4041.00,3110,0.0324326370932942,0.056338028169014
51-4041.00,3112,0.0159939124521917,0.0140845070422535
51-4041.00,3113,0.0140747797085616,0.0070422535211267
51-4041.00,3114,0.0162845263165705,0.0070422535211267
51-4041.00,3116,0.0305180368614549,0.0140845070422535
51-4041.00,3117,0.02366617386869,0.0211267605633802
51-4041.00,3119,0.024266743541247,0.0070422535211267
51-4041.00,3120,0.0079186801966494,0.0035211267605633
51-4041.00,3121,0.0052851870447403,0.0035211267605633
51-4041.00,3122,0.0272460828986168,0.0070422535211267
51-4041.00,3123,0.0131107773832304,0.0035211267605633
51-9111.00,3124,0.0639993816796251,0.1136363636363636
51-9111.00,3125,0.036335690414833,0.0227272727272727
51-9111.00,3126,0.0423294622882926,0.1704545454545454
51-9111.00,3127,0.0518858984729776,0.0681818181818181
51-9111.00,3128,0.0312093876505271,0.0227272727272727
51-9111.00,3129,0.0425804606158084,0.0284090909090909
51-9111.00,3130,0.053866654521094,0.034090909090909
51-9111.00,3131,0.0432361070308495,0.0454545454545454
51-9111.00,3132,0.0581883368133486,0.034090909090909
51-9111.00,3133,0.04367822722957,0.0227272727272727
51-9111.00,3134,0.0654166248095882,0.0454545454545454
51-9111.00,3135,0.033504967341101,0.034090909090909
51-9111.00,3136,0.0510141218004117,0.1136363636363636
51-9111.00,3137,0.072111561858973,0.0568181818181818
51-9111.00,3138,0.0550331041387679,0.0056818181818181
51-9111.00,3139,0.0381773489789477,0.0227272727272727
51-9111.00,3140,0.0563505619413143,0.0454545454545454
51-9111.00,3141,0.0477006940678494,0.0681818181818181
51-9111.00,3142,0.0742474628927507,0.0227272727272727
51-9111.00,3143,0.0391339454533695,0.0227272727272727
53-3052.00,3146,0.1478234883415398,0.0775193798449612
53-3052.00,3148,0.0521473395555662,0.0096899224806201
53-3052.00,3149,0.0637918517948266,0.0193798449612403
53-3052.00,3150,0.1039516926608126,0.0096899224806201
53-3052.00,3151,0.01552930020941,0.0387596899224806
53-3031.00,3155,0.0460434596868856,0.0277777777777777
53-3031.00,3156,0.0453376825307016,0.0462962962962962
53-3031.00,3158,0.1678362046246685,0.3703703703703703
53-3031.00,3161,0.1114756462089499,0.074074074074074
53-3031.00,3164,0.0540556328235549,0.0555555555555555
53-6021.00,3188,0.0494438188594878,0.0402684563758389
53-6021.00,3190,0.0165518709752007,0.0536912751677852
53-6021.00,3191,0.0787261640216146,0.2013422818791946
53-6021.00,3192,0.0904915022001705,0.0671140939597315
53-6021.00,3198,0.0152645339787192,0.0134228187919463
53-7051.00,3201,0.1101396481911184,0.2013422818791946
53-7051.00,3202,0.1263820110585383,0.2416107382550335
53-7051.00,3203,0.1106168464310092,0.1610738255033557
53-7051.00,3205,0.0261789190363053,0.0335570469798657
53-7051.00,3206,0.0626421469604378,0.0536912751677852
53-7064.00,3211,0.1140700485714371,0.0583941605839416
53-7064.00,3212,0.1168068770801721,0.072992700729927
53-7064.00,3214,0.0812142677255942,0.072992700729927
53-7064.00,3215,0.0714294096480531,0.072992700729927
53-7064.00,3216,0.0844722447517724,0.1167883211678832
53-7064.00,3217,0.0451917508692938,0.0583941605839416
53-7064.00,3218,0.1125992956537513,0.1021897810218978
53-7064.00,3219,0.0445455327739935,0.0364963503649635
53-7064.00,3220,0.0280624037458202,0.0291970802919708
53-7064.00,3221,0.0585554289274429,0.1751824817518248
53-7064.00,3222,0.0725794087910747,0.1167883211678832
11-2011.00,3224,0.0426665831062959,0.0655737704918032
11-2011.00,3226,0.0349418175313824,0.0546448087431694
11-2011.00,3227,0.0311147850659562,0.0437158469945355
11-2011.00,3229,0.0204657428511165,0.0327868852459016
11-2011.00,3231,0.0483403155325254,0.0437158469945355
11-2011.00,3233,0.0126599780951983,0.0437158469945355
11-2011.00,3234,0.0140528532786407,0.0218579234972677
11-2011.00,3236,0.0166012241135425,0.0218579234972677
11-2011.00,3237,0.0285281785646177,0.0437158469945355
11-2011.00,3238,0.0285381296782876,0.0546448087431694
11-2011.00,3239,0.0090547724456637,0.0382513661202185
11-2011.00,3240,0.0102690536444853,0.0163934426229508
11-2011.00,3241,0.0223901769568158,0.0327868852459016
11-2011.00,3242,0.012391858275472,0.0327868852459016
39-4031.00,3332,0.0584331248433009,0.1111111111111111
39-4031.00,3334,0.0653585895230815,0.0522875816993464
39-4031.00,3335,0.0514851618610446,0.0588235294117647
39-4031.00,3336,0.0435418714124047,0.0196078431372549
39-4031.00,3337,0.0567698948545155,0.0457516339869281
39-4031.00,3339,0.0807270971594877,0.0392156862745098
39-4031.00,3340,0.0466086567274849,0.0457516339869281
39-4031.00,3341,0.0403150101211342,0.0196078431372549
39-4031.00,3342,0.0627176501754189,0.0326797385620915
39-4031.00,3343,0.0363484443233242,0.0784313725490196
39-4031.00,3344,0.0125465766514386,0.0130718954248366
39-4031.00,3346,0.0386121240108704,0.0196078431372549
39-4031.00,3347,0.0389150248826344,0.0588235294117647
39-4031.00,3348,0.0485720838481885,0.0261437908496732
39-4031.00,3349,0.0393602355473885,0.0130718954248366
39-4031.00,3350,0.0388733815207771,0.0326797385620915
13-2031.00,3394,0.0985373029222082,0.1481481481481481
13-2031.00,3395,0.0476475116576354,0.074074074074074
13-2031.00,3396,0.0480986927789152,0.074074074074074
13-2031.00,3397,0.0493989166126813,0.0555555555555555
13-2031.00,3398,0.1853532392923034,0.074074074074074
13-2031.00,3399,0.0890624636799142,0.0925925925925925
13-2031.00,3400,0.0314745930101685,0.037037037037037
13-2031.00,3401,0.1330097579773705,0.0925925925925925
13-2031.00,3402,0.1025823161082592,0.1111111111111111
13-2031.00,3403,0.040055715262311,0.074074074074074
13-2031.00,3404,0.0620250978611048,0.037037037037037
13-2031.00,3405,0.0769796763402077,0.1111111111111111
13-2031.00,3406,0.03577471649692,0.0185185185185185
13-2072.00,3407,0.0432062649569481,0.054054054054054
13-2072.00,3408,0.0779379696950575,0.1081081081081081
13-2072.00,3409,0.0836662261452588,0.1351351351351351
13-2072.00,3410,0.0786970222766105,0.0675675675675675
13-2072.00,3411,0.0533180804179147,0.054054054054054
13-2072.00,3412,0.0716827191773017,0.0405405405405405
13-2072.00,3413,0.0363841046402761,0.054054054054054
13-2072.00,3414,0.0414132052467019,0.0202702702702702
13-2072.00,3415,0.040451973472999,0.027027027027027
13-2072.00,3416,0.0313521925295669,0.027027027027027
13-2072.00,3417,0.0213812252426662,0.0135135135135135
13-2072.00,3418,0.0600883812490642,0.0405405405405405
13-2072.00,3421,0.0300203824275372,0.054054054054054
13-2072.00,3422,0.0372512628141759,0.0135135135135135
13-2072.00,3425,0.0194729043693257,0.0405405405405405
13-2072.00,3426,0.0059821902205401,0.0135135135135135
15-1211.00,3464,0.1162360404188369,0.0458015267175572
15-1211.00,3465,0.0685719416674914,0.0916030534351145
15-1211.00,3466,0.1137337408209115,0.0610687022900763
15-1211.00,3467,0.0173866351756792,0.0458015267175572
15-1211.00,3468,0.0340072565682868,0.0458015267175572
15-1211.00,3469,0.0085552072692953,0.0305343511450381
15-1211.00,3470,0.0076972967574954,0.0610687022900763
15-1211.00,3473,0.0128706984980392,0.0229007633587786
15-1211.00,3474,0.0590028779828537,0.0763358778625954
15-1211.00,3476,0.0049594406829496,0.0534351145038167
15-1211.00,3477,0.0075867367336963,0.0610687022900763
15-1211.00,3478,0.0530685034950451,0.0381679389312977
15-1211.00,3479,0.0041149368448617,0.015267175572519
15-1211.00,3480,0.0082992092556072,0.0305343511450381
15-1211.00,3481,0.031783042732168,0.0458015267175572
15-1211.00,3482,0.0594304811877988,0.0610687022900763
15-1211.00,3483,0.0103642639606193,0.015267175572519
15-1211.00,3484,0.0137548316496066,0.0305343511450381
17-1021.00,3514,0.0751287535471872,0.0689655172413793
17-1021.00,3515,0.1010581085475348,0.0689655172413793
17-1021.00,3516,0.087282015455007,0.0862068965517241
17-1021.00,3517,0.1453214989071808,0.1034482758620689
17-1021.00,3518,0.0780374458212739,0.0689655172413793
17-1021.00,3519,0.0684670295402457,0.0517241379310344
17-1021.00,3520,0.0566762949889031,0.0862068965517241
17-1021.00,3521,0.0377431765837748,0.0344827586206896
17-1021.00,3522,0.1032547628212108,0.0862068965517241
17-1021.00,3523,0.0434452420208044,0.1379310344827586
17-1021.00,3524,0.1231695810594778,0.1034482758620689
17-1021.00,3525,0.0214672672644418,0.0258620689655172
17-1021.00,3526,0.0528129047653655,0.0344827586206896
17-1021.00,3527,0.0061359186775918,0.043103448275862
17-2151.00,3561,0.0556405384435004,0.0923076923076923
17-2151.00,3562,0.0218910727440456,0.0769230769230769
17-2151.00,3563,0.0199580388532246,0.0615384615384615
17-2151.00,3565,0.0202629109625624,0.0615384615384615
17-2151.00,3566,0.0400373739428154,0.0615384615384615
17-2151.00,3567,0.0448437946794792,0.0923076923076923
17-2151.00,3568,0.0217412862118996,0.0615384615384615
17-2151.00,3569,0.0427708342449887,0.0769230769230769
17-2151.00,3570,0.0359528201389177,0.0461538461538461
17-2151.00,3571,0.0176279326553784,0.0307692307692307
17-2151.00,3572,0.0412470827335409,0.0615384615384615
17-2151.00,3573,0.0048222792390498,0.0307692307692307
17-2151.00,3574,0.0306599189083049,0.0307692307692307
17-2151.00,3575,0.0109655454031808,0.0615384615384615
17-2151.00,3576,0.006561352011708,0.0307692307692307
17-2151.00,3577,0.0099917431653582,0.0153846153846153
17-2171.00,3579,0.0175751699461735,0.0547945205479452
17-2171.00,3580,0.0275819256319648,0.0684931506849315
17-2171.00,3581,0.0324761774243146,0.0821917808219178
17-2171.00,3582,0.0368234047446186,0.0547945205479452
17-2171.00,3583,0.0424738223257311,0.0684931506849315
17-2171.00,3584,0.0318152214261508,0.0547945205479452
17-2171.00,3585,0.0181409620171872,0.0821917808219178
17-2171.00,3587,0.0174620836013028,0.047945205479452
17-2171.00,3588,0.0146323095466396,0.0547945205479452
17-2171.00,3589,0.0208563640090666,0.0410958904109589
17-2171.00,3590,0.0251841587593542,0.0273972602739726
17-2171.00,3591,0.0172479026049439,0.0342465753424657
17-2171.00,3592,0.0243546139617328,0.0273972602739726
17-2171.00,3593,0.0214636435188868,0.0342465753424657
17-2171.00,3594,0.0085409279763393,0.0136986301369863
17-2171.00,3595,0.0186869451187423,0.0273972602739726
17-2171.00,3597,0.0199322392534072,0.0205479452054794
17-2171.00,3598,0.0250385569141096,0.0273972602739726
17-2171.00,3600,0.0040376404227324,0.0205479452054794
17-2171.00,3601,0.0059734821982868,0.0205479452054794
17-3025.00,3640,0.0232398910262636,0.0441176470588235
17-3025.00,3641,0.0240195690982348,0.0588235294117647
17-3025.00,3643,0.0426316430085369,0.1176470588235294
17-3025.00,3644,0.019043417990879,0.0294117647058823
17-3025.00,3646,0.0126612275422406,0.0220588235294117
17-3025.00,3647,0.0044873754850745,0.0220588235294117
17-3025.00,3648,0.0036491360881932,0.0147058823529411
17-3025.00,3649,0.0103758002319365,0.0588235294117647
17-3025.00,3650,0.0065601514594324,0.0294117647058823
17-3025.00,3652,0.0111048381789882,0.0220588235294117
17-3025.00,3653,0.0065226824707228,0.0147058823529411
17-3025.00,3654,0.0289937622205056,0.0735294117647058
17-3025.00,3656,0.0114634551541407,0.0220588235294117
17-3025.00,3657,0.0117725741880473,0.0294117647058823
17-3025.00,3658,0.0099752817895412,0.0220588235294117
17-3026.00,3660,0.1242088619490867,0.0612244897959183
17-3026.00,3668,0.0825670983886563,0.0306122448979591
17-3026.00,3672,0.1357755330109605,0.0408163265306122
19-1031.03,3686,0.2585608340140381,0.1626016260162601
19-1031.03,3687,0.031776447331689,0.1300813008130081
19-1031.03,3688,0.0368211948903749,0.0975609756097561
19-1031.03,3690,0.0556095138387901,0.032520325203252
19-1031.03,3691,0.1868658456625095,0.08130081300813
19-1031.03,3692,0.0695135138468339,0.048780487804878
19-1031.03,3693,0.0225064056752857,0.032520325203252
19-1031.03,3694,0.0037011890139211,0.032520325203252
19-1031.03,3696,0.0348322524045876,0.048780487804878
19-1031.03,3697,0.0023045440297525,0.008130081300813
19-1031.03,3698,0.0178655938433267,0.024390243902439
19-1031.03,3699,0.0117922177168807,0.024390243902439
19-1031.03,3700,0.0065620295300744,0.065040650406504
19-1031.03,3701,0.0146282012860697,0.032520325203252
19-3093.00,3717,0.0491987557697867,0.0969696969696969
19-3093.00,3718,0.0933220149573577,0.1212121212121212
19-3093.00,3720,0.0316120337662834,0.0484848484848484
19-3093.00,3721,0.0088673318446557,0.1454545454545454
19-3093.00,3722,0.0658209787200955,0.0727272727272727
19-3093.00,3725,0.0615133058300698,0.0969696969696969
19-3093.00,3726,0.0318826783538752,0.0484848484848484
19-3093.00,3727,0.0340395144422698,0.0242424242424242
19-3093.00,3728,0.0520075408038639,0.0363636363636363
19-3093.00,3729,0.0152992343748766,0.0363636363636363
19-3093.00,3730,0.010369460712761,0.0242424242424242
19-3093.00,3732,0.0059914665631964,0.0181818181818181
19-3093.00,3733,0.0012077513002585,0.0181818181818181
19-3093.00,3734,0.0140927799986061,0.0121212121212121
19-3093.00,3735,0.0192848334187686,0.0242424242424242
19-3093.00,3736,0.0008218525117767,0.0181818181818181
19-4021.00,3737,0.1152573455229984,0.0520833333333333
19-4021.00,3739,0.0261199497266678,0.0833333333333333
19-4021.00,3740,0.137692170106332,0.1041666666666666
19-4021.00,3741,0.0654196662210111,0.0833333333333333
19-4021.00,3743,0.086123429646615,0.0625
19-4021.00,3744,0.0576825141886949,0.0416666666666666
19-4021.00,3745,0.0389585179377,0.0416666666666666
19-4021.00,3746,0.0122661873915042,0.125
19-4021.00,3747,0.0540003717218084,0.0520833333333333
19-4021.00,3748,0.0290334510502184,0.0416666666666666
19-4021.00,3749,0.075644684697928,0.1041666666666666
19-4021.00,3750,0.028511753832969,0.03125
19-4021.00,3752,0.0110513730974749,0.03125
21-1093.00,3753,0.0405631348243981,0.096
21-1093.00,3754,0.047887651342057,0.128
21-1093.00,3755,0.0324310064382934,0.064
21-1093.00,3756,0.0399466345961735,0.064
21-1093.00,3757,0.0353952134259656,0.032
21-1093.00,3758,0.0442946592741436,0.064
21-1093.00,3759,0.0426087443429943,0.08
21-1093.00,3761,0.0075028348379554,0.064
21-1093.00,3762,0.0059341160192192,0.016
21-1093.00,3763,0.0046125135544948,0.016
21-1093.00,3764,0.0080630673100494,0.008
21-1093.00,3767,0.0049071141720362,0.016
21-1093.00,3768,0.0024056300704486,0.008
21-1093.00,3770,0.0276015447686449,0.048
21-1093.00,3771,0.0031796130189606,0.048
23-1011.00,3773,0.0559870384559866,0.0909090909090909
23-1011.00,3774,0.0936614558378109,0.0606060606060606
23-1011.00,3775,0.1070041022747923,0.0606060606060606
23-1011.00,3776,0.0216935362101386,0.0227272727272727
23-1011.00,3777,0.0266721352146733,0.0606060606060606
23-1011.00,3778,0.0719864482281471,0.053030303030303
23-1011.00,3779,0.0247747334740718,0.0454545454545454
23-1011.00,3780,0.0565240962921093,0.0454545454545454
23-1011.00,3781,0.0148559738188078,0.0303030303030303
23-1011.00,3782,0.026391321391138,0.0303030303030303
23-1011.00,3783,0.0495191107514573,0.0757575757575757
23-1011.00,3785,0.0064953718984479,0.0681818181818181
23-1011.00,3786,0.0381275975065,0.0454545454545454
23-1011.00,3787,0.0476212128539148,0.0303030303030303
23-1011.00,3788,0.0323221174696081,0.0227272727272727
23-1011.00,3789,0.0989621118559861,0.0378787878787878
23-1011.00,3790,0.0471507785919829,0.0606060606060606
23-1011.00,3791,0.015222356307539,0.0075757575757575
23-1011.00,3792,0.034242798062109,0.0151515151515151
23-1011.00,3793,0.0099819105267914,0.0075757575757575
25-4013.00,3806,0.0280270021071206,0.0824742268041237
25-4013.00,3807,0.0060893540571314,0.0549828178694158
25-4013.00,3808,0.0251233823758414,0.0412371134020618
25-4013.00,3809,0.0257308996739883,0.0687285223367697
25-4013.00,3810,0.0191106270882798,0.0549828178694158
25-4013.00,3811,0.0214878320864197,0.0274914089347079
25-4013.00,3813,0.0248003606879551,0.0274914089347079
25-4013.00,3814,0.0052663119667789,0.0206185567010309
25-4013.00,3815,0.0177417643702852,0.0549828178694158
25-4013.00,3818,0.0405873050068875,0.1099656357388316
25-4013.00,3819,0.0168334123241705,0.0549828178694158
25-4013.00,3820,0.0191399235736257,0.0481099656357388
25-4013.00,3822,0.004825545833424,0.0274914089347079
25-4013.00,3825,0.0007525383413342,0.0068728522336769
25-4013.00,3826,0.002221677233799,0.0412371134020618
25-4013.00,3827,0.008985237200235,0.0137457044673539
27-2012.05,3894,0.0974662815781316,0.1685393258426966
27-2012.05,3895,0.046128967741547,0.0337078651685393
27-2012.05,3896,0.0630152931161358,0.0449438202247191
27-2012.05,3898,0.0426821771407455,0.0337078651685393
27-2012.05,3899,0.0850595368484706,0.0561797752808988
27-2012.05,3900,0.0158358289373726,0.0337078651685393
27-2012.05,3901,0.0157434148755176,0.0224719101123595
27-2012.05,3902,0.0392838464582679,0.0898876404494382
27-2012.05,3903,0.0077989628443347,0.0224719101123595
27-2012.05,3906,0.0318396686207828,0.0224719101123595
27-2012.05,3907,0.0130305886669359,0.0224719101123595
27-3011.00,3924,0.0612993399774633,0.0753768844221105
27-3011.00,3925,0.0451013247770342,0.0150753768844221
27-3011.00,3927,0.0440625261330782,0.0402010050251256
27-3011.00,3928,0.0415556493821458,0.0603015075376884
27-3011.00,3929,0.0730615653185136,0.100502512562814
27-3011.00,3930,0.0223333217957655,0.0402010050251256
27-3011.00,3931,0.0113088382083146,0.0452261306532663
27-3011.00,3932,0.0033248378257729,0.0150753768844221
27-3011.00,3933,0.0100176968597675,0.0301507537688442
27-3011.00,3934,0.0666820241181788,0.1507537688442211
27-3011.00,3935,0.0693411334662533,0.1206030150753768
27-3011.00,3936,0.0475304611144831,0.0301507537688442
27-3011.00,3937,0.0224999062702819,0.0402010050251256
27-3011.00,3938,0.0102458631804966,0.0251256281407035
27-3011.00,3940,0.0065338860899251,0.0201005025125628
27-3011.00,3941,0.0030164433432796,0.0100502512562814
27-3011.00,3942,0.0150131196833316,0.0201005025125628
27-3011.00,3944,0.005634998968339,0.0150753768844221
27-3042.00,3966,0.2071092751986969,0.2459016393442623
27-3042.00,3967,0.1171558395950943,0.0491803278688524
27-3042.00,3968,0.0880910021397019,0.081967213114754
27-3042.00,3969,0.0179942901980784,0.0491803278688524
27-3042.00,3970,0.0428758800456982,0.0327868852459016
27-3042.00,3971,0.0738101978823295,0.0327868852459016
27-3042.00,3972,0.0494219635595821,0.0655737704918032
27-3042.00,3973,0.0593426092092197,0.0983606557377049
27-3042.00,3974,0.0477396209056727,0.0327868852459016
27-3042.00,3975,0.0349151915349103,0.0163934426229508
27-3042.00,3976,0.0690805957625321,0.0327868852459016
27-3042.00,3977,0.0478930043031338,0.0491803278688524
27-3042.00,3978,0.0432171946561217,0.0327868852459016
27-3042.00,3979,0.0260394002455147,0.0163934426229508
27-4011.00,3980,0.0335389587095836,0.0071942446043165
27-4011.00,3981,0.0252711910267615,0.0863309352517985
27-4011.00,3982,0.0406825156323058,0.0863309352517985
27-4011.00,3984,0.0098335705919277,0.0287769784172661
27-4011.00,3985,0.019781768932772,0.0287769784172661
27-4011.00,3987,0.05917048245559,0.0575539568345323
27-4011.00,3988,0.0096131425104517,0.0287769784172661
27-4011.00,3989,0.0190544181176671,0.0431654676258992
27-4011.00,3990,0.0307639392589862,0.0431654676258992
27-4011.00,3991,0.0227440697341773,0.0287769784172661
27-4011.00,3992,0.0190236286959989,0.0431654676258992
27-4011.00,3993,0.0806761027442233,0.0287769784172661
27-4011.00,3994,0.0132791277039216,0.014388489208633
27-4011.00,3995,0.0148724961254823,0.014388489208633
27-4011.00,3996,0.0130711692275318,0.014388489208633
27-4011.00,3997,0.0571630103790682,0.0575539568345323
27-4011.00,3998,0.017643051676178,0.0071942446043165
27-4011.00,3999,0.0267502966107423,0.014388489208633
27-4011.00,4001,0.0323725078121884,0.014388489208633
27-4011.00,4002,0.0248842610780108,0.0719424460431654
27-4011.00,4003,0.0040440019489861,0.014388489208633
27-4011.00,4004,0.0175858092228805,0.0071942446043165
27-4011.00,4005,0.0046262103405565,0.0071942446043165
27-4011.00,4006,0.0210257494046659,0.0071942446043165
27-4012.00,4007,0.0527427050598047,0.048780487804878
27-4012.00,4008,0.0268674985717259,0.0780487804878048
27-4012.00,4009,0.0494753747409048,0.1170731707317073
27-4012.00,4010,0.0167179501316298,0.0780487804878048
27-4012.00,4011,0.0780875254835438,0.0975609756097561
27-4012.00,4012,0.0376195017519737,0.048780487804878
27-4012.00,4013,0.0301102222687389,0.0195121951219512
27-4012.00,4015,0.037181077279726,0.0292682926829268
27-4012.00,4016,0.0076355605753558,0.0195121951219512
27-4012.00,4017,0.0027005721326884,0.0048780487804878
27-4012.00,4018,0.0094819575706448,0.0195121951219512
27-4012.00,4020,0.0048728997873791,0.0097560975609756
27-4012.00,4021,0.0228301402319707,0.0195121951219512
27-4012.00,4022,0.0390648219112523,0.0390243902439024
27-4012.00,4023,0.0115712240759626,0.0195121951219512
27-4012.00,4024,0.0015957670208476,0.0292682926829268
27-4012.00,4025,0.0053908765866756,0.0195121951219512
27-4012.00,4026,0.0079063056683375,0.0097560975609756
27-4031.00,4030,0.0856387514699979,0.1734104046242774
27-4031.00,4031,0.0732448378364129,0.1156069364161849
27-4031.00,4032,0.0694527992735208,0.0693641618497109
27-4031.00,4033,0.0716115281253733,0.0462427745664739
27-4031.00,4035,0.0790233127514877,0.0924855491329479
27-4031.00,4037,0.0653867870947305,0.0578034682080924
27-4031.00,4038,0.0542206861117914,0.0462427745664739
27-4031.00,4042,0.0034310300790212,0.0231213872832369
27-4031.00,4043,0.0211850893539982,0.0346820809248554
27-4031.00,4044,0.0263849241788903,0.0231213872832369
27-4031.00,4046,0.0409401364293372,0.0231213872832369
27-4032.00,4050,0.0526492746168321,0.0804597701149425
27-4032.00,4051,0.0404737449977158,0.0229885057471264
27-4032.00,4052,0.0600540109118263,0.0919540229885057
27-4032.00,4053,0.0731004217998604,0.0919540229885057
27-4032.00,4054,0.0445660277265758,0.0344827586206896
27-4032.00,4055,0.0373071107229303,0.0229885057471264
27-4032.00,4056,0.0556677052654891,0.0229885057471264
27-4032.00,4057,0.0731539728808483,0.1149425287356321
27-4032.00,4058,0.0574947974858687,0.0459770114942528
27-4032.00,4059,0.0406057105993342,0.0344827586206896
27-4032.00,4060,0.0705753393314444,0.0689655172413793
27-4032.00,4061,0.0718115927136251,0.057471264367816
27-4032.00,4062,0.0210537874712841,0.0229885057471264
27-4032.00,4063,0.0243068095308127,0.0344827586206896
27-4032.00,4064,0.0478998019217014,0.0459770114942528
27-4032.00,4065,0.0205792969663374,0.0229885057471264
27-4032.00,4066,0.0474800744519653,0.0919540229885057
27-4032.00,4067,0.0215759614092233,0.0114942528735632
27-4032.00,4068,0.0208782657124867,0.0344827586206896
27-4032.00,4070,0.0199033107573577,0.0114942528735632
27-4032.00,4071,0.0233682979214934,0.0114942528735632
29-1124.00,4085,0.0736345497658542,0.1570680628272251
29-1124.00,4086,0.0786206690152348,0.0837696335078534
29-1124.00,4087,0.0653834454454214,0.06282722513089
29-1124.00,4088,0.0769990443140696,0.0523560209424083
29-1124.00,4089,0.0665456230882546,0.0523560209424083
29-1124.00,4090,0.0698204176761866,0.0523560209424083
29-1124.00,4091,0.0591370115221872,0.1047120418848167
29-1124.00,4092,0.0212316378623468,0.031413612565445
29-1124.00,4093,0.0588063388493107,0.0837696335078534
29-1124.00,4094,0.057320476839769,0.031413612565445
29-1124.00,4095,0.0477164377681796,0.0418848167539267
29-1124.00,4096,0.0159114881772433,0.0209424083769633
29-1124.00,4097,0.0353330029171772,0.0418848167539267
29-1124.00,4098,0.0409991977406389,0.0418848167539267
29-1124.00,4099,0.0217101099145827,0.031413612565445
29-1124.00,4100,0.0242114780398757,0.0209424083769633
29-1124.00,4101,0.0380142445889298,0.0209424083769633
29-1124.00,4102,0.0156167871994331,0.0209424083769633
29-1124.00,4103,0.013065911956955,0.0104712041884816
29-1124.00,4104,0.0053497307835383,0.0104712041884816
29-1131.00,4106,0.1236812498004752,0.2023121387283236
29-1131.00,4107,0.1032428143738011,0.180635838150289
29-1131.00,4108,0.1329090953087464,0.065028901734104
29-1131.00,4109,0.1109870258788538,0.0361271676300578
29-1131.00,4110,0.0545929529681437,0.0578034682080924
29-1131.00,4112,0.0541211946267507,0.0072254335260115
29-1131.00,4113,0.0620340961269804,0.0505780346820809
29-1131.00,4114,0.0406061566012301,0.0289017341040462
29-1131.00,4115,0.0224262209782373,0.0216763005780346
29-1131.00,4116,0.0050570729446335,0.0028901734104046
29-1131.00,4119,0.0534467757377949,0.0361271676300578
29-1131.00,4121,0.0307735357156737,0.0144508670520231
29-1131.00,4122,0.0188624193743182,0.0072254335260115
29-1131.00,4123,0.0181135042046725,0.0072254335260115
29-1131.00,4124,0.0074605543975533,0.0072254335260115
29-1131.00,4126,0.0124941099297096,0.0014450867052023
29-2031.00,4127,0.0599604299672351,0.0709219858156028
29-2031.00,4128,0.0675293926995209,0.0567375886524822
29-2031.00,4129,0.085029237101341,0.0354609929078014
29-2031.00,4131,0.0535622968187927,0.0567375886524822
29-2031.00,4132,0.0823301068256469,0.1063829787234042
29-2031.00,4133,0.0914613337769146,0.0354609929078014
29-2031.00,4134,0.0776391617344435,0.0425531914893617
29-2031.00,4135,0.05430394945162,0.0709219858156028
29-2031.00,4136,0.0720470047765032,0.0283687943262411
29-2031.00,4138,0.0065320227570865,0.0141843971631205
29-2031.00,4140,0.0378829775109488,0.0425531914893617
29-2031.00,4141,0.0164474072705967,0.0141843971631205
29-2031.00,4142,0.0465062754843362,0.0709219858156028
29-2031.00,4143,0.0435387713860301,0.0283687943262411
29-2031.00,4144,0.0489158706234684,0.0354609929078014
29-2033.00,4148,0.0837885577587555,0.0610687022900763
29-2033.00,4149,0.0972579690346354,0.183206106870229
29-2033.00,4150,0.0941288697368777,0.0763358778625954
29-2033.00,4152,0.086718059233278,0.0916030534351145
29-2033.00,4153,0.0577652968833576,0.0763358778625954
29-2033.00,4154,0.0713563218797091,0.0229007633587786
29-2033.00,4155,0.0868220254981954,0.0763358778625954
29-2033.00,4156,0.046486810610086,0.0458015267175572
29-2033.00,4157,0.0321756228063776,0.0305343511450381
29-2033.00,4158,0.0566455296771416,0.0458015267175572
29-2033.00,4159,0.0218064016336168,0.0305343511450381
29-2033.00,4160,0.0183581333308747,0.0229007633587786
29-2033.00,4161,0.0232724397066179,0.0610687022900763
29-2033.00,4162,0.0075053475263559,0.015267175572519
29-2051.00,4165,0.09304122645931,0.0363636363636363
29-2051.00,4166,0.0830077459013771,0.0545454545454545
29-2051.00,4167,0.1550273594540706,0.1454545454545454
29-2051.00,4169,0.1002620845224003,0.1454545454545454
29-2051.00,4170,0.0323304098698606,0.0454545454545454
29-2051.00,4171,0.0595908093450009,0.0181818181818181
29-2051.00,4172,0.0175394507867052,0.0272727272727272
29-2051.00,4173,0.0839109441661087,0.0363636363636363
29-2051.00,4174,0.0242643147252279,0.0181818181818181
29-2051.00,4175,0.0537810474954989,0.0181818181818181
29-2056.00,4176,0.0206360887940889,0.0451612903225806
29-2056.00,4177,0.0299979644600476,0.0516129032258064
29-2056.00,4178,0.0651650593659701,0.064516129032258
29-2056.00,4179,0.0469581280615687,0.0580645161290322
29-2056.00,4181,0.0427809546005466,0.0387096774193548
29-2056.00,4182,0.0300281487061082,0.0387096774193548
29-2056.00,4183,0.0492934188002503,0.032258064516129
29-2056.00,4184,0.0528182408948732,0.032258064516129
29-2056.00,4185,0.0210759044981087,0.032258064516129
29-2056.00,4186,0.0556697154313711,0.0580645161290322
29-2056.00,4187,0.0470827826658757,0.0516129032258064
29-2056.00,4188,0.0250327111484153,0.032258064516129
29-2056.00,4189,0.0301329472413158,0.0258064516129032
29-2056.00,4190,0.0237653789337435,0.0258064516129032
29-2056.00,4191,0.0201719840997123,0.0258064516129032
29-2056.00,4192,0.0145050011396969,0.0129032258064516
29-2056.00,4193,0.0139584425641646,0.0258064516129032
29-2056.00,4194,0.0518790338421078,0.0451612903225806
29-2056.00,4195,0.0202542332111778,0.032258064516129
29-2056.00,4197,0.0087702387029393,0.0193548387096774
29-2056.00,4198,0.0175206143007316,0.0258064516129032
29-2056.00,4199,0.0286191946370467,0.0193548387096774
29-9091.00,4221,0.1006257133780057,0.0763358778625954
29-9091.00,4222,0.1610774595418641,0.1221374045801526
29-9091.00,4223,0.0516987386580162,0.0305343511450381
29-9091.00,4224,0.0822605205082833,0.1221374045801526
29-9091.00,4225,0.0779994009079796,0.0458015267175572
29-9091.00,4226,0.0129033055155717,0.0305343511450381
29-9091.00,4227,0.0328317624211834,0.015267175572519
29-9091.00,4228,0.0284106093278848,0.0305343511450381
29-9091.00,4229,0.0493727288561327,0.0305343511450381
29-9091.00,4230,0.0073770300271668,0.1526717557251908
29-9091.00,4231,0.0535109744663851,0.0305343511450381
29-9091.00,4232,0.0147891686670978,0.015267175572519
29-9091.00,4234,0.0049153812487258,0.0076335877862595
29-9091.00,4235,0.0616977636487095,0.0458015267175572
29-9091.00,4236,0.0157986079977777,0.0076335877862595
29-9091.00,4237,0.00166487128164,0.0076335877862595
29-9091.00,4238,0.0190062166886414,0.0305343511450381
29-9091.00,4239,0.0089203486539394,0.0305343511450381
31-1121.00,4240,0.116213119612411,0.0615384615384615
31-1121.00,4241,0.1190745328756026,0.1846153846153846
31-1121.00,4242,0.0680271855075927,0.0461538461538461
31-1121.00,4244,0.114656472519454,0.123076923076923
31-1121.00,4245,0.0983642212790651,0.1307692307692307
31-1121.00,4246,0.0426682287756067,0.0384615384615384
31-1121.00,4247,0.0649718550244829,0.023076923076923
31-1121.00,4248,0.0200962971895174,0.023076923076923
31-1121.00,4249,0.0366722986747329,0.0461538461538461
31-1121.00,4250,0.0277651448168295,0.0461538461538461
31-1121.00,4252,0.0169829386065112,0.0153846153846153
31-1121.00,4253,0.0406941151844269,0.023076923076923
31-2011.00,4254,0.0852763176015648,0.0958083832335329
31-2011.00,4255,0.0913263793077528,0.0479041916167664
31-2011.00,4256,0.0965300370022122,0.1197604790419161
31-2011.00,4257,0.0742671557420063,0.0359281437125748
31-2011.00,4258,0.0804305094795687,0.059880239520958
31-2011.00,4261,0.0598332834903873,0.1796407185628742
31-2011.00,4262,0.0516167616998374,0.0359281437125748
31-2011.00,4263,0.0357180270808288,0.0239520958083832
31-2011.00,4264,0.060653492904944,0.0718562874251497
31-2011.00,4265,0.0167565832911188,0.0179640718562874
31-2011.00,4266,0.0639317518604097,0.0359281437125748
31-2011.00,4268,0.0252624386450985,0.0239520958083832
31-2011.00,4270,0.041793782399729,0.0479041916167664
31-2011.00,4271,0.0080613816773054,0.0059880239520958
31-2011.00,4272,0.0046376601076588,0.0059880239520958
31-2022.00,4273,0.1182785987981991,0.1290322580645161
31-2022.00,4274,0.0698946722401969,0.0483870967741935
31-2022.00,4275,0.0808914401127083,0.1612903225806451
31-2022.00,4276,0.0784090661009584,0.0483870967741935
31-2022.00,4277,0.0495668720460108,0.0806451612903225
31-2022.00,4278,0.0669713721661373,0.032258064516129
31-2022.00,4279,0.0581902603942231,0.0483870967741935
31-2022.00,4280,0.067022355380753,0.0806451612903225
31-2022.00,4281,0.0362577431127155,0.032258064516129
31-2022.00,4282,0.0605638810076785,0.064516129032258
31-2022.00,4283,0.0966589842888535,0.064516129032258
31-2022.00,4284,0.0490248974212376,0.0483870967741935
31-2022.00,4285,0.0301337935894297,0.032258064516129
31-2022.00,4286,0.0361555863688354,0.0080645161290322
31-2022.00,4287,0.0193834251610739,0.0161290322580645
31-2022.00,4288,0.0087982123802996,0.0080645161290322
31-2022.00,4289,0.0068854188010622,0.0161290322580645
31-2022.00,4290,0.0178434277200906,0.0161290322580645
31-9093.00,4291,0.1262318421292473,0.1632653061224489
31-9093.00,4292,0.1133825244289689,0.1904761904761904
31-9093.00,4293,0.083333247596845,0.1360544217687075
31-9093.00,4294,0.0798795440507415,0.0340136054421768
31-9093.00,4295,0.0500966558035656,0.0816326530612244
31-9093.00,4296,0.0572839158883884,0.0612244897959183
31-9093.00,4297,0.0714579372308529,0.0476190476190476
31-9093.00,4298,0.0471281009401329,0.0136054421768707
31-9093.00,4299,0.038622291263283,0.0272108843537414
31-9093.00,4301,0.0174371936492857,0.0136054421768707
31-9093.00,4302,0.0579132436107881,0.0340136054421768
31-9093.00,4303,0.0264908708660565,0.0680272108843537
31-9096.00,4306,0.0220630331531962,0.0467836257309941
31-9096.00,4307,0.0137926276146624,0.0116959064327485
31-9096.00,4308,0.0260350862745055,0.0467836257309941
31-9096.00,4309,0.0246553724563018,0.0467836257309941
31-9096.00,4310,0.0101820402059202,0.0116959064327485
31-9096.00,4311,0.0894070980808214,0.1169590643274853
31-9096.00,4312,0.1013390208928439,0.0935672514619883
31-9096.00,4313,0.0385585362363295,0.0467836257309941
31-9096.00,4314,0.0638460141553974,0.0292397660818713
31-9096.00,4315,0.0509186503754842,0.0350877192982456
31-9096.00,4316,0.0306137481409827,0.0350877192982456
31-9096.00,4317,0.0884214702090551,0.0701754385964912
31-9096.00,4318,0.0115465937967653,0.0409356725146198
31-9096.00,4319,0.0106139820388531,0.0175438596491228
31-9096.00,4320,0.024381802742651,0.0584795321637426
31-9096.00,4321,0.0290701299568209,0.0467836257309941
31-9096.00,4322,0.0441048393898785,0.0350877192982456
31-9096.00,4323,0.044751346179513,0.023391812865497
31-9096.00,4324,0.0317576270637961,0.0350877192982456
31-9096.00,4325,0.0284049378187871,0.0292397660818713
31-9096.00,4326,0.0104782982361942,0.0116959064327485
31-9096.00,4327,0.0740527845570317,0.0350877192982456
31-9096.00,4328,0.0071478369986803,0.0175438596491228
31-9096.00,4329,0.0400552652767061,0.023391812865497
31-9096.00,4330,0.0282011751759398,0.0058479532163742
31-9096.00,4332,0.0285362674089747,0.0058479532163742
31-9096.00,4333,0.0058998861429009,0.0116959064327485
33-9031.00,4407,0.1697950987093709,0.3816793893129771
33-9031.00,4408,0.150122262533716,0.0610687022900763
33-9031.00,4409,0.1790641398027523,0.2290076335877862
33-9031.00,4411,0.0330565267518456,0.0305343511450381
39-3011.00,4445,0.0643438178000714,0.032520325203252
39-3011.00,4446,0.0686139984083599,0.1219512195121951
39-3011.00,4447,0.0652480058350159,0.0975609756097561
39-3011.00,4448,0.0662539650359407,0.1626016260162601
39-3011.00,4449,0.0704825404788297,0.065040650406504
39-3011.00,4450,0.0661544778675272,0.1219512195121951
39-3011.00,4451,0.0421777062839548,0.008130081300813
39-3011.00,4452,0.0525199616666459,0.08130081300813
39-3011.00,4453,0.0311750049148563,0.0121951219512195
39-3011.00,4454,0.0521785953749377,0.08130081300813
39-3011.00,4455,0.0619199250511168,0.016260162601626
39-3011.00,4456,0.0589322925058669,0.040650406504065
39-3011.00,4457,0.0346400814389657,0.016260162601626
39-3011.00,4458,0.0342529319775364,0.008130081300813
39-3011.00,4459,0.0568330604781181,0.065040650406504
39-3011.00,4460,0.0178151863372181,0.0040650406504065
39-3011.00,4462,0.0091321643074804,0.0040650406504065
39-3011.00,4464,0.0018453960458129,0.008130081300813
39-3093.00,4465,0.0594405342380722,0.0579710144927536
39-3093.00,4466,0.0558584460806209,0.0483091787439613
39-3093.00,4467,0.025207147843936,0.0241545893719806
39-3093.00,4468,0.0224629864144092,0.0144927536231884
39-3093.00,4469,0.0587747703896202,0.0193236714975845
39-3093.00,4470,0.0067214769468999,0.0096618357487922
39-3093.00,4471,0.0220289712125143,0.0772946859903381
39-3093.00,4472,0.0364215176014008,0.1159420289855072
39-3093.00,4473,0.0555736454921566,0.0289855072463768
39-3093.00,4475,0.0302514797853464,0.1159420289855072
39-3093.00,4476,0.0657732314759568,0.0772946859903381
39-3093.00,4477,0.0477512801067732,0.0579710144927536
39-3093.00,4479,0.0275848791901531,0.038647342995169
39-3093.00,4480,0.0225048253267514,0.038647342995169
39-3093.00,4481,0.007212922206624,0.0048309178743961
39-3093.00,4482,0.0222923775113754,0.0289855072463768
39-3093.00,4484,0.0178889417811837,0.0096618357487922
39-3093.00,4485,0.0031312722227591,0.0289855072463768
39-3093.00,4486,0.0222798498385899,0.0144927536231884
39-4011.00,4487,0.0654248433834571,0.037037037037037
39-4011.00,4489,0.037656821131691,0.0555555555555555
39-4011.00,4490,0.0440866970055687,0.0277777777777777
39-4011.00,4491,0.0029929112087845,0.0277777777777777
39-4011.00,4492,0.0269820793103251,0.0925925925925925
39-4011.00,4493,0.0462263040227906,0.0648148148148148
39-4011.00,4494,0.0384857462653403,0.0555555555555555
39-4011.00,4495,0.0417824455181361,0.0185185185185185
39-4011.00,4496,0.0288865350344773,0.037037037037037
39-4011.00,4497,0.0333138922872428,0.0462962962962962
39-4011.00,4498,0.0079280321752036,0.0185185185185185
39-4011.00,4499,0.0613844000839019,0.037037037037037
39-4011.00,4500,0.0369845612152289,0.0185185185185185
39-4011.00,4501,0.0521667107937303,0.0555555555555555
39-4011.00,4503,0.0209380296356778,0.037037037037037
39-4011.00,4504,0.0136408642825397,0.0185185185185185
39-4011.00,4505,0.0208273580714426,0.0277777777777777
39-4011.00,4506,0.0252335859332688,0.037037037037037
39-4011.00,4507,0.0238339152007562,0.0185185185185185
39-4011.00,4508,0.0446447375135781,0.0277777777777777
39-4011.00,4510,0.0100075045371804,0.0092592592592592
39-4021.00,4511,0.0665066041422443,0.1457725947521866
39-4021.00,4512,0.0784254769501162,0.1166180758017492
39-4021.00,4513,0.0198194534223963,0.0218658892128279
39-4021.00,4514,0.0237166681104917,0.0072886297376093
39-4021.00,4516,0.0115105114156063,0.0072886297376093
39-4021.00,4517,0.0452862389617762,0.0874635568513119
39-4021.00,4518,0.0455451880622222,0.0218658892128279
39-4021.00,4519,0.0248638241634343,0.0874635568513119
39-4021.00,4520,0.0307627360012019,0.0218658892128279
39-4021.00,4521,0.0349280481689109,0.0728862973760933
39-4021.00,4522,0.0467968512098681,0.0291545189504373
39-4021.00,4523,0.0279670332420138,0.0072886297376093
39-4021.00,4525,0.0180344880727154,0.0218658892128279
39-4021.00,4526,0.0123099416220676,0.0218658892128279
39-4021.00,4527,0.0098232294419606,0.0145772594752186
39-7011.00,4538,0.0183081405387441,0.0348837209302325
39-7011.00,4539,0.0644733741303121,0.1744186046511628
39-7011.00,4540,0.0969948948424483,0.1744186046511628
39-7011.00,4541,0.0739835488555315,0.1162790697674418
39-7011.00,4542,0.0486643315412936,0.0465116279069767
39-7011.00,4543,0.0201083374845817,0.0348837209302325
39-7011.00,4544,0.0743743701099018,0.0581395348837209
39-7011.00,4545,0.041988320926037,0.0116279069767441
39-7011.00,4547,0.0440817122406251,0.0348837209302325
39-7011.00,4548,0.031097921738912,0.0232558139534883
39-7011.00,4549,0.0069700228450033,0.0232558139534883
39-7011.00,4550,0.0333335649621968,0.0232558139534883
39-7011.00,4551,0.0263235288611616,0.0232558139534883
39-7011.00,4553,0.0381085037178769,0.0348837209302325
39-7011.00,4555,0.0234605636214866,0.0232558139534883
41-3011.00,4579,0.0447147069184303,0.1118881118881118
41-3011.00,4580,0.0583815481564128,0.0699300699300699
41-3011.00,4581,0.0947286280286756,0.1398601398601398
41-3011.00,4582,0.0732557785072361,0.0699300699300699
41-3011.00,4583,0.0407970714376724,0.0279720279720279
41-3011.00,4584,0.0326017250613047,0.0419580419580419
41-3011.00,4585,0.0724758616115113,0.1398601398601398
41-3011.00,4586,0.0695969198847199,0.0419580419580419
41-3011.00,4587,0.0551198132695667,0.0279720279720279
41-3011.00,4588,0.0369710164314074,0.0279720279720279
41-3011.00,4589,0.0596539154786253,0.0559440559440559
41-3011.00,4590,0.0460855345635055,0.0349650349650349
41-3011.00,4591,0.0230724999849299,0.0279720279720279
41-3011.00,4592,0.0492562666552323,0.0559440559440559
41-3011.00,4593,0.0287534824937047,0.0279720279720279
41-3011.00,4594,0.0519624544846713,0.0209790209790209
41-3011.00,4595,0.0153809354193196,0.0279720279720279
41-3011.00,4596,0.0263766194018802,0.0209790209790209
41-3011.00,4597,0.0082696401455425,0.0139860139860139
41-9021.00,4599,0.1156682012787282,0.1532567049808429
41-9021.00,4601,0.0751078789282743,0.0613026819923371
41-9021.00,4602,0.075691280521595,0.0613026819923371
41-9021.00,4603,0.0610461151875486,0.0919540229885057
41-9021.00,4604,0.0781198213521785,0.0766283524904214
41-9021.00,4605,0.0746614085204189,0.0306513409961685
41-9021.00,4607,0.011251580960743,0.0153256704980842
41-9021.00,4608,0.0171759833929415,0.0229885057471264
41-9021.00,4609,0.0363963803352437,0.0229885057471264
41-9021.00,4610,0.1090717650575713,0.1226053639846743
41-9021.00,4611,0.0968572864510635,0.0919540229885057
41-9021.00,4612,0.0719893046858061,0.0306513409961685
41-9021.00,4613,0.0130675879595106,0.0153256704980842
41-9021.00,4614,0.012507014705951,0.0229885057471264
41-9021.00,4615,0.0108017143380579,0.0076628352490421
41-9041.00,4618,0.1191193122044588,0.1948051948051948
41-9041.00,4619,0.1121138899318499,0.2597402597402597
41-9041.00,4620,0.1432867696415754,0.1298701298701298
41-9041.00,4621,0.1204858361996668,0.0649350649350649
41-9041.00,4622,0.111520491194234,0.0649350649350649
41-9041.00,4623,0.0455009792938042,0.0259740259740259
41-9041.00,4624,0.0362208795697011,0.0389610389610389
41-9041.00,4625,0.0909777141536093,0.0519480519480519
41-9041.00,4626,0.0706437437171881,0.0389610389610389
41-9041.00,4627,0.1208216980673512,0.0519480519480519
41-9041.00,4628,0.0121768960014304,0.0519480519480519
41-9041.00,4629,0.0171317900251303,0.0259740259740259
43-2011.00,4630,0.0927059273747912,0.2415458937198067
43-2011.00,4631,0.0993651619707742,0.2898550724637681
43-2011.00,4633,0.0594298857466545,0.0289855072463768
43-2011.00,4634,0.0492242379683377,0.038647342995169
43-2011.00,4635,0.0436060482474065,0.0193236714975845
43-2011.00,4638,0.0363283184407251,0.0048309178743961
43-2011.00,4640,0.033351542059833,0.0483091787439613
43-3041.00,4661,0.1127703274139326,0.0595238095238095
43-3041.00,4662,0.0972832226364148,0.0238095238095238
43-3041.00,4663,0.0449678912940707,0.0595238095238095
43-3041.00,4664,0.099084861510935,0.1785714285714285
43-3041.00,4665,0.0852051930616039,0.0595238095238095
43-3041.00,4666,0.0405841293265889,0.0238095238095238
43-3041.00,4667,0.0526802314211089,0.0357142857142857
43-3041.00,4668,0.0911346538454261,0.0952380952380952
43-3041.00,4669,0.0386079410805013,0.1428571428571428
43-3041.00,4670,0.0447935828503043,0.0357142857142857
43-3041.00,4671,0.0760246103317016,0.0476190476190476
43-3041.00,4672,0.0109394380899035,0.0119047619047619
43-3041.00,4673,0.051222153844228,0.0238095238095238
43-3041.00,4674,0.0562348882154575,0.119047619047619
43-3041.00,4675,0.02063293861073,0.0357142857142857
43-3041.00,4676,0.0345992348785029,0.0297619047619047
43-3041.00,4677,0.0432347015885893,0.0178571428571428
43-4141.00,4722,0.0947359536898099,0.1134751773049645
43-4141.00,4723,0.101949330745974,0.1702127659574468
43-4141.00,4724,0.0721993181241142,0.0354609929078014
43-4141.00,4725,0.0791834088534966,0.1418439716312056
43-4141.00,4726,0.103278331777136,0.0851063829787234
43-4141.00,4727,0.0101782820929575,0.0425531914893617
43-4141.00,4728,0.1498428380675532,0.0709219858156028
43-4141.00,4729,0.0304011820205487,0.0567375886524822
43-4141.00,4730,0.1169263918576912,0.1134751773049645
43-4141.00,4731,0.0199861799567566,0.0283687943262411
43-4141.00,4732,0.0010243553145302,0.0212765957446808
43-4141.00,4733,0.0223093623756626,0.0425531914893617
43-4141.00,4734,0.005108109895221,0.0141843971631205
43-4141.00,4735,0.0005796102564547,0.0070921985815602
43-5071.00,4737,0.09308811085219,0.125
43-5071.00,4739,0.078869328635361,0.09375
43-5071.00,4740,0.0386712375847019,0.0625
43-5071.00,4741,0.0738406714935856,0.046875
43-5071.00,4742,0.0572220652381919,0.03125
43-5071.00,4744,0.046857902675985,0.0390625
47-2021.00,4768,0.0829993381906194,0.1643835616438356
47-2021.00,4769,0.1118652771504752,0.0547945205479452
47-2021.00,4770,0.082566713802651,0.0342465753424657
47-2021.00,4771,0.0828852099935852,0.0410958904109589
47-2021.00,4772,0.097505990475679,0.0684931506849315
47-2021.00,4773,0.1254253160583466,0.0821917808219178
47-2021.00,4774,0.0608091348094868,0.0273972602739726
47-2021.00,4775,0.1279999416438933,0.136986301369863
47-2021.00,4776,0.0272027413451823,0.0410958904109589
47-2021.00,4777,0.0182838027497838,0.0205479452054794
47-2021.00,4778,0.058615760658572,0.0342465753424657
47-2021.00,4779,0.0125311223639334,0.2465753424657534
47-2021.00,4780,0.0116235857279694,0.0342465753424657
47-2071.00,4796,0.1121178971651548,0.1463414634146341
47-2071.00,4797,0.0459810976036888,0.048780487804878
47-2071.00,4798,0.0692862716411457,0.1463414634146341
47-2071.00,4799,0.0441339215429823,0.0390243902439024
47-2071.00,4800,0.055187457880495,0.048780487804878
47-2071.00,4801,0.0279511911594488,0.0292682926829268
47-2071.00,4802,0.026403911057961,0.0780487804878048
47-2071.00,4803,0.0636343850405216,0.0195121951219512
47-2071.00,4805,0.0421945251817688,0.0975609756097561
47-2071.00,4806,0.030556695232685,0.0292682926829268
47-2071.00,4809,0.064089171090086,0.0390243902439024
47-2071.00,4811,0.0106613115894269,0.0195121951219512
47-2071.00,4812,0.0082004365114077,0.0146341463414634
47-2071.00,4813,0.0125064756832279,0.0195121951219512
47-3013.00,4832,0.0424368968909935,0.0215827338129496
47-3013.00,4833,0.074149955711678,0.1151079136690647
47-3013.00,4834,0.0506042492856942,0.0719424460431654
47-3013.00,4835,0.0719479528219103,0.1151079136690647
47-3013.00,4836,0.0856885426953685,0.0863309352517985
47-3013.00,4837,0.0354652352288262,0.0287769784172661
47-3013.00,4838,0.0701532964161108,0.0863309352517985
47-3013.00,4839,0.0544184510384924,0.0287769784172661
47-3013.00,4840,0.1063754398045112,0.0575539568345323
47-3013.00,4841,0.0462057240498103,0.0719424460431654
47-3013.00,4842,0.0415462964366455,0.0215827338129496
47-3013.00,4843,0.0188189761045778,0.0431654676258992
47-3013.00,4844,0.0788309273774767,0.0575539568345323
47-3013.00,4845,0.008647326271895,0.0287769784172661
47-3013.00,4846,0.0067018194500284,0.014388489208633
47-3013.00,4847,0.0144579662241636,0.0431654676258992
47-3013.00,4848,0.0234346628214423,0.0431654676258992
47-3013.00,4849,0.0180798365608776,0.014388489208633
47-3013.00,4850,0.0255629109465902,0.0071942446043165
47-3013.00,4851,0.0079015715835412,0.0071942446043165
47-3013.00,4853,0.0064878604227098,0.014388489208633
47-3013.00,4854,0.0029315024109884,0.0071942446043165
47-3013.00,4855,0.0062883173071322,0.0071942446043165
47-3015.00,4857,0.0907163805006942,0.0533333333333333
47-3015.00,4858,0.1052532524894568,0.1066666666666666
47-3015.00,4859,0.0579224435211518,0.0666666666666666
47-3015.00,4860,0.0769353696077815,0.1066666666666666
47-3015.00,4861,0.0898412457449037,0.0666666666666666
47-3015.00,4862,0.0633932365701476,0.1333333333333333
47-3015.00,4863,0.0216105425414798,0.08
47-3015.00,4864,0.0735923216530008,0.1066666666666666
47-3015.00,4865,0.0444362966106924,0.0533333333333333
47-3015.00,4866,0.0300361276249224,0.0666666666666666
47-3015.00,4868,0.0083729368028193,0.0133333333333333
47-3015.00,4869,0.0264165996417627,0.0266666666666666
47-3015.00,4870,0.011683545471653,0.0266666666666666
47-4051.00,4871,0.0347833090085541,0.0655737704918032
47-4051.00,4872,0.0518774925849112,0.0491803278688524
47-4051.00,4874,0.0211681151189047,0.0983606557377049
47-4051.00,4875,0.0288412627114274,0.081967213114754
47-4051.00,4876,0.0109961153147625,0.0491803278688524
47-4051.00,4877,0.0130545319852292,0.0655737704918032
47-4051.00,4878,0.0091941120918361,0.0983606557377049
47-4051.00,4879,0.0083254149540502,0.081967213114754
47-4051.00,4880,0.0303014449056275,0.0655737704918032
47-4051.00,4881,0.0055359557119557,0.0655737704918032
47-4051.00,4883,0.0067652057311147,0.0081967213114754
47-4051.00,4885,0.0202988986617285,0.0163934426229508
47-4051.00,4886,0.0075282869114466,0.0163934426229508
47-5043.00,4889,0.0879182478202034,0.1574803149606299
47-5043.00,4890,0.0809675831205199,0.1259842519685039
47-5043.00,4891,0.0871304296502888,0.0629921259842519
47-5043.00,4893,0.0484852109930376,0.0787401574803149
47-5043.00,4894,0.0891591724979047,0.0944881889763779
47-5043.00,4895,0.072595220083427,0.0787401574803149
51-3092.00,4919,0.0539768758604423,0.0357142857142857
51-3092.00,4920,0.0525597289266833,0.0446428571428571
51-3092.00,4921,0.0345165657290077,0.0446428571428571
51-3092.00,4922,0.0489022375273861,0.0446428571428571
51-3092.00,4923,0.051845794624717,0.0357142857142857
51-3092.00,4924,0.0609821421047652,0.1071428571428571
51-3092.00,4925,0.0512365009143635,0.0892857142857142
51-3092.00,4926,0.0585490196010761,0.0714285714285714
51-3092.00,4927,0.0437011985939056,0.0535714285714285
51-3092.00,4928,0.0328991217351517,0.0357142857142857
51-3092.00,4929,0.0437291096280723,0.0178571428571428
51-3092.00,4930,0.0404265048556886,0.0535714285714285
51-3092.00,4931,0.0420228375593694,0.0267857142857142
51-3092.00,4932,0.0323264651070796,0.0267857142857142
51-3092.00,4933,0.0314771867515791,0.0133928571428571
51-3092.00,4934,0.0389637601805291,0.0357142857142857
51-3092.00,4935,0.0336489949292028,0.0357142857142857
51-3092.00,4936,0.0186274549341494,0.0133928571428571
51-3092.00,4937,0.0335653001729594,0.0357142857142857
51-3092.00,4938,0.0397123792043409,0.0178571428571428
51-3092.00,4939,0.0212826152399921,0.0267857142857142
51-3092.00,4940,0.0259898022258606,0.0267857142857142
51-3092.00,4941,0.0340705159798924,0.0267857142857142
51-3092.00,4942,0.0409377453217354,0.0357142857142857
51-3092.00,4943,0.0340501422920492,0.0446428571428571
51-3093.00,4944,0.0688035652815981,0.0465116279069767
51-3093.00,4945,0.0572472275292024,0.0174418604651162
51-3093.00,4946,0.0649127947989417,0.0348837209302325
51-3093.00,4947,0.0813907731987675,0.1395348837209302
51-3093.00,4948,0.0720707330240949,0.0290697674418604
51-3093.00,4949,0.0764980909019665,0.0697674418604651
51-3093.00,4950,0.0517405107487964,0.0348837209302325
51-3093.00,4952,0.0712865761742922,0.0581395348837209
51-3093.00,4953,0.0506466553514747,0.0348837209302325
51-3093.00,4954,0.0435077335908359,0.0581395348837209
51-3093.00,4955,0.0376501668844644,0.0174418604651162
51-3093.00,4956,0.0456080616162831,0.0465116279069767
51-3093.00,4957,0.0487607096633621,0.0581395348837209
51-3093.00,4958,0.0630339772246713,0.0697674418604651
51-3093.00,4959,0.0523822381337297,0.0290697674418604
51-3093.00,4960,0.0537735631875622,0.0465116279069767
51-9051.00,4961,0.0367230506694325,0.0444444444444444
51-9051.00,4962,0.0956533934777603,0.0666666666666666
51-9051.00,4963,0.1329256144174776,0.2
51-9051.00,4964,0.0419401227375922,0.0277777777777777
51-9051.00,4965,0.0653176172428991,0.0444444444444444
51-9051.00,4966,0.0598314466065077,0.0277777777777777
51-9051.00,4967,0.0513722976597864,0.0555555555555555
51-9051.00,4968,0.0191715386981815,0.0444444444444444
51-9051.00,4969,0.0549088600402372,0.0888888888888888
51-9051.00,4970,0.0338032701570314,0.0166666666666666
51-9051.00,4971,0.0725504603582584,0.0888888888888888
51-9051.00,4972,0.0527502737212696,0.0333333333333333
51-9051.00,4973,0.0315152321546732,0.0333333333333333
51-9051.00,4974,0.0458215399031062,0.0666666666666666
51-9051.00,4975,0.00525086429094,0.0166666666666666
51-9051.00,4976,0.0383007334492872,0.0888888888888888
53-7041.00,4985,0.0374694531657329,0.048780487804878
53-7041.00,4991,0.0173942865653323,0.0365853658536585
53-7061.00,4992,0.0747015144851544,0.0567375886524822
53-7061.00,4993,0.0876977282678487,0.2127659574468085
53-7061.00,4994,0.0356403155702314,0.0283687943262411
53-7061.00,4995,0.0517105526689602,0.0141843971631205
53-7061.00,4996,0.1124173887556095,0.0851063829787234
53-7061.00,4997,0.0742617849611909,0.1134751773049645
53-7061.00,4998,0.048709438730051,0.0425531914893617
53-7061.00,4999,0.0338207762326735,0.0283687943262411
53-7061.00,5000,0.0649503847626677,0.0567375886524822
53-7061.00,5001,0.0214240924563804,0.0141843971631205
53-7061.00,5003,0.0078320848897588,0.0141843971631205
53-7061.00,5004,0.0245476383329033,0.0212765957446808
53-7061.00,5005,0.0241483828020029,0.0141843971631205
53-7061.00,5006,0.0625961094639126,0.0709219858156028
53-7061.00,5007,0.0365890897592632,0.0212765957446808
53-7061.00,5008,0.0552650113098762,0.0851063829787234
53-7061.00,5009,0.0186345689317023,0.0212765957446808
53-7061.00,5011,0.056833130313576,0.0425531914893617
53-7061.00,5012,0.0120689593932576,0.0070921985815602
53-7073.00,5013,0.0994523492825995,0.16
53-7073.00,5014,0.0465464669139844,0.08
53-7073.00,5015,0.0304476449190578,0.0533333333333333
53-7073.00,5016,0.027470499135521,0.0266666666666666
53-7073.00,5017,0.020729841772778,0.0533333333333333
53-7073.00,5018,0.0222738521302487,0.0533333333333333
53-7073.00,5020,0.0368764899096949,0.04
53-7073.00,5021,0.0378433198803857,0.0266666666666666
53-7073.00,5023,0.0203632682293274,0.04
33-9092.00,5039,0.0326759527698593,0.0135685210312075
33-9092.00,5040,0.0282508010623911,0.0067842605156037
33-9092.00,5041,0.2447281117234219,0.3392130257801899
33-9092.00,5042,0.0206669881381251,0.0203527815468113
33-9092.00,5043,0.0781182487713506,0.0542740841248303
33-9092.00,5044,0.0550583561815903,0.0678426051560379
33-9092.00,5045,0.0884460870803002,0.0339213025780189
33-9092.00,5046,0.0426018643350744,0.0271370420624151
33-9092.00,5047,0.0217612742193183,0.0203527815468113
33-9092.00,5048,0.0651187280212812,0.0271370420624151
33-9092.00,5049,0.1053063008879533,0.2713704206241519
33-9092.00,5050,0.0140896116448745,0.0678426051560379
33-9092.00,5052,0.0077464028285774,0.0067842605156037
35-2011.00,5054,0.067577174523919,0.0711743772241993
35-2011.00,5055,0.0825014853917679,0.1565836298932384
35-2011.00,5056,0.0558953983068095,0.0249110320284697
35-2011.00,5057,0.0665295836837333,0.0355871886120996
35-2011.00,5058,0.0685399554474189,0.1281138790035587
35-2011.00,5061,0.0674171026186572,0.1138790035587188
35-2011.00,5062,0.0785364610328349,0.1281138790035587
35-2011.00,5063,0.0681222877373598,0.0284697508896797
35-2011.00,5064,0.0521128699381803,0.0427046263345195
35-2011.00,5065,0.0671691715974701,0.0854092526690391
35-2011.00,5067,0.0502573737053969,0.0071174377224199
35-2011.00,5068,0.0682107431116101,0.0213523131672597
35-2011.00,5070,0.0532625153807996,0.0106761565836298
39-2021.00,5072,0.0794203439988184,0.1418439716312056
39-2021.00,5074,0.0662636467743558,0.0283687943262411
39-2021.00,5075,0.0853403232506654,0.0709219858156028
39-2021.00,5076,0.0732484633383533,0.0425531914893617
39-2021.00,5077,0.0386748614868477,0.0425531914893617
39-2021.00,5078,0.0386399436510456,0.0425531914893617
39-2021.00,5079,0.0487149304787477,0.0709219858156028
39-2021.00,5080,0.0704500032416081,0.0992907801418439
39-2021.00,5081,0.0037396945282593,0.0283687943262411
39-2021.00,5082,0.0341189228532171,0.0567375886524822
39-2021.00,5083,0.0026996613376905,0.0141843971631205
39-2021.00,5084,0.0486226537088357,0.0141843971631205
39-2021.00,5085,0.0197520814217577,0.0141843971631205
39-2021.00,5086,0.0302589080088769,0.0283687943262411
39-2021.00,5087,0.0133621054740308,0.0070921985815602
39-2021.00,5088,0.004755802558832,0.0070921985815602
39-2021.00,5089,0.019159967590834,0.0354609929078014
39-2021.00,5090,0.0069408056586171,0.0212765957446808
39-2021.00,5091,0.014588924562668,0.0283687943262411
39-3031.00,5096,0.1066229524922414,0.1297016861219196
39-3031.00,5097,0.0690852715659394,0.1037613488975356
39-3031.00,5098,0.0312694337140139,0.0259403372243839
39-3031.00,5099,0.0625348915821683,0.0778210116731517
39-3031.00,5100,0.0381352547559642,0.0389105058365758
39-3031.00,5102,0.0312692264100375,0.0129701686121919
39-3031.00,5103,0.0417592818788434,0.0259403372243839
39-3031.00,5104,0.048445663899946,0.1037613488975356
39-3031.00,5105,0.0336559925422302,0.0129701686121919
39-3031.00,5106,0.0384888597548831,0.0194552529182879
39-3031.00,5107,0.0470285428541298,0.0259403372243839
39-3031.00,5108,0.0455521686183254,0.0194552529182879
39-3031.00,5109,0.0366930586265108,0.0389105058365758
39-3031.00,5111,0.0100602339171656,0.0064850843060959
39-3031.00,5112,0.0187131492132655,0.0129701686121919
39-3031.00,5113,0.045218579181381,0.0129701686121919
39-3031.00,5114,0.0152021909489622,0.0194552529182879
39-3031.00,5115,0.0169621503078991,0.0012970168612191
39-3091.00,5116,0.098095819940136,0.0544217687074829
39-3091.00,5117,0.0565500618985734,0.0272108843537414
39-3091.00,5118,0.068723344851833,0.1088435374149659
39-3091.00,5119,0.0787548161041021,0.0680272108843537
39-3091.00,5120,0.0199266090015052,0.0136054421768707
39-3091.00,5121,0.0211378142414482,0.0544217687074829
39-3091.00,5123,0.0399447198966327,0.0272108843537414
39-3091.00,5124,0.0281959616631235,0.0680272108843537
39-3091.00,5125,0.0230193391809202,0.0272108843537414
39-3091.00,5126,0.0175110030312657,0.1088435374149659
39-3091.00,5127,0.016651329225401,0.0408163265306122
39-3091.00,5130,0.0887251773642522,0.0680272108843537
39-3091.00,5131,0.0496189794240443,0.0816326530612244
39-3091.00,5132,0.0175558641225541,0.0408163265306122
39-3091.00,5134,0.0296250676030674,0.0272108843537414
43-9081.00,5158,0.1448354082425054,0.1875
43-9081.00,5159,0.1646559735124882,0.234375
43-9081.00,5160,0.1179862833284991,0.15625
43-9081.00,5161,0.0952556677634917,0.125
43-9081.00,5162,0.0803432843754874,0.046875
43-9081.00,5163,0.1073498460826361,0.03125
43-9081.00,5165,0.0128208843687921,0.015625
49-3091.00,5184,0.0890699712372572,0.1020408163265306
49-3091.00,5185,0.0561747202681789,0.1224489795918367
49-3091.00,5186,0.0637260996200993,0.0816326530612244
49-3091.00,5187,0.0795529144583768,0.0612244897959183
49-3091.00,5188,0.0212773293932533,0.0510204081632653
49-3091.00,5189,0.0069687955149763,0.010204081632653
11-9031.00,5193,0.1582584849016439,0.1239669421487603
11-9031.00,5194,0.0908583041633009,0.0991735537190082
11-9031.00,5195,0.0551103797005946,0.0330578512396694
11-9031.00,5196,0.1120734174610809,0.0826446280991735
11-9031.00,5197,0.0446638496833036,0.0578512396694214
11-9031.00,5198,0.0496502759978497,0.0661157024793388
11-9031.00,5199,0.1004274653933188,0.1322314049586777
11-9031.00,5200,0.0757152172151966,0.0495867768595041
11-9031.00,5201,0.0364932628137901,0.0413223140495867
11-9031.00,5202,0.0524495708280361,0.0495867768595041
11-9031.00,5203,0.0188947901702179,0.0330578512396694
11-9031.00,5204,0.1425986381865383,0.1322314049586777
11-9031.00,5205,0.0070783552528682,0.0165289256198347
11-9031.00,5206,0.0170212396883492,0.024793388429752
11-9031.00,5207,0.0116986874980486,0.0165289256198347
11-9031.00,5208,0.00790638213226,0.024793388429752
11-9031.00,5209,0.0191016789136019,0.0165289256198347
11-9032.00,5210,0.0036372122882305,0.0133333333333333
11-9032.00,5211,0.0225484423134493,0.0533333333333333
11-9032.00,5212,0.069642664936161,0.0666666666666666
11-9032.00,5213,0.0066321325308166,0.0266666666666666
11-9032.00,5214,0.0124620947321892,0.0266666666666666
11-9032.00,5215,0.0956587944520862,0.0666666666666666
11-9032.00,5216,0.0061715618344276,0.02
11-9032.00,5217,0.0437708597222722,0.0066666666666666
11-9032.00,5218,0.0047318031935182,0.0066666666666666
11-9032.00,5219,0.0152080608294674,0.02
11-9032.00,5220,0.0084231642026126,0.0133333333333333
11-9032.00,5221,0.0450151808787647,0.08
11-9032.00,5222,0.0315484133573201,0.04
11-9032.00,5223,0.0327539828880143,0.0266666666666666
11-9032.00,5224,0.012159068589414,0.0466666666666666
11-9032.00,5225,0.1042555756054374,0.0666666666666666
11-9032.00,5226,0.0433679914517225,0.0533333333333333
11-9032.00,5228,0.0032962046567682,0.0333333333333333
11-9032.00,5229,0.0178426609410095,0.0266666666666666
11-9032.00,5230,0.0069271553037346,0.0066666666666666
11-9032.00,5231,0.0275401143273596,0.0133333333333333
11-9032.00,5232,0.0325449272369186,0.04
11-9032.00,5233,0.0093340145787981,0.0133333333333333
11-9033.00,5235,0.0093761807878405,0.0419580419580419
11-9033.00,5236,0.0190357061032981,0.0699300699300699
11-9033.00,5237,0.0138490919340951,0.0559440559440559
11-9033.00,5238,0.0169895884238908,0.0559440559440559
11-9033.00,5239,0.0135067889037869,0.0279720279720279
11-9033.00,5240,0.0178574392557766,0.0419580419580419
11-9033.00,5242,0.0058574730327636,0.0349650349650349
11-9033.00,5243,0.0616430281945699,0.0699300699300699
11-9033.00,5244,0.0030135958321576,0.0279720279720279
11-9033.00,5246,0.008367158209006,0.0209790209790209
11-9033.00,5248,0.0100125026648511,0.0419580419580419
11-9033.00,5249,0.0221197748631909,0.0279720279720279
11-9033.00,5250,0.0067964277626927,0.0209790209790209
11-9033.00,5253,0.0027985465728899,0.0139860139860139
11-9033.00,5254,0.0017078821401027,0.0139860139860139
11-9033.00,5255,0.0125320360823055,0.0139860139860139
11-9033.00,5258,0.0050332471838734,0.0139860139860139
11-9131.00,5260,0.1507795585140253,0.25
11-9131.00,5261,0.1520810075443225,0.2083333333333333
11-9131.00,5262,0.0985324455214011,0.0833333333333333
11-9131.00,5263,0.0212826808338681,0.0625
11-9131.00,5264,0.0449958622708647,0.0520833333333333
11-9131.00,5265,0.0754175968037686,0.0833333333333333
11-9131.00,5266,0.0312893990695188,0.0104166666666666
11-9131.00,5267,0.013229954248916,0.0208333333333333
11-9131.00,5268,0.0106402612943941,0.0416666666666666
11-9131.00,5269,0.0333887619841283,0.0416666666666666
11-9131.00,5271,0.0055068871640892,0.03125
13-2081.00,5288,0.0635261305613351,0.0484848484848484
13-2081.00,5289,0.0119091913953665,0.0363636363636363
13-2081.00,5290,0.0584507870611733,0.0727272727272727
13-2081.00,5291,0.0298828823016628,0.0606060606060606
13-2081.00,5292,0.0351834175439221,0.0484848484848484
13-2081.00,5293,0.0449684069969122,0.0242424242424242
13-2081.00,5294,0.0404498844902403,0.0242424242424242
13-2081.00,5297,0.0214249782132558,0.0363636363636363
13-2081.00,5298,0.013712564163695,0.0484848484848484
13-2081.00,5299,0.0057105561033797,0.0484848484848484
13-2081.00,5301,0.0489886918766795,0.0303030303030303
13-2081.00,5302,0.0393942425805742,0.0606060606060606
13-2081.00,5305,0.0348336677109384,0.0363636363636363
13-2081.00,5306,0.0014787648753169,0.0242424242424242
13-2081.00,5308,0.0214957218868391,0.0181818181818181
13-2081.00,5310,0.0199854900492969,0.0424242424242424
15-1212.00,5313,0.0432461179429402,0.0416666666666666
15-1212.00,5314,0.1085876986321454,0.0833333333333333
15-1212.00,5315,0.1017041719801557,0.0625
15-1212.00,5316,0.1133203317947891,0.1041666666666666
15-1212.00,5317,0.1091987025453863,0.1041666666666666
15-1212.00,5319,0.1379635890458068,0.125
15-1212.00,5320,0.072006308728773,0.125
15-1212.00,5321,0.1033600005119728,0.125
15-1212.00,5322,0.0424242709614314,0.0833333333333333
15-1212.00,5323,0.0430749572415492,0.0625
17-2072.00,5339,0.0472716158769536,0.1162790697674418
17-2072.00,5346,0.0120738401730763,0.0348837209302325
17-2072.00,5348,0.0376209166727762,0.0581395348837209
17-2072.00,5349,0.0567786005024395,0.0581395348837209
17-2072.00,5350,0.0300817818553431,0.0697674418604651
17-2072.00,5351,0.0188864329012044,0.0465116279069767
17-2072.00,5354,0.0211626744036841,0.0348837209302325
17-2072.00,5355,0.016384058559192,0.0348837209302325
19-3034.00,5446,0.0513122928151744,0.091743119266055
19-3034.00,5447,0.0035343081395607,0.0091743119266055
19-3034.00,5448,0.0713090480131959,0.091743119266055
19-3034.00,5449,0.0526538212739981,0.146788990825688
19-3034.00,5450,0.0555160696229301,0.073394495412844
19-3034.00,5451,0.0685278571009145,0.018348623853211
19-3034.00,5452,0.0687006583756106,0.055045871559633
19-3034.00,5453,0.0612885394684304,0.091743119266055
19-3034.00,5454,0.0406996031913459,0.073394495412844
19-3034.00,5455,0.2164945486402859,0.073394495412844
19-3034.00,5456,0.0309431474660406,0.0275229357798165
19-3034.00,5457,0.0022323840288849,0.018348623853211
19-3034.00,5458,0.0416775474659635,0.018348623853211
19-3034.00,5459,0.0360452069151248,0.018348623853211
19-3034.00,5460,0.0292123898880557,0.018348623853211
19-3034.00,5461,0.0824755013096829,0.036697247706422
19-3034.00,5462,0.0065060918261889,0.018348623853211
19-3034.00,5463,0.0310613494158385,0.0091743119266055
19-4012.00,5528,0.0686341297206337,0.0571428571428571
19-4012.00,5530,0.0193578262885379,0.0428571428571428
19-4012.00,5538,0.0121610785098294,0.0428571428571428
19-4012.00,5540,0.0155624252499614,0.0428571428571428
19-4012.00,5541,0.2535022375211451,0.0571428571428571
19-4012.00,5542,0.1071303837378565,0.0571428571428571
19-4012.00,5543,0.0088830195862343,0.0142857142857142
19-4012.00,5544,0.1398540385294429,0.0428571428571428
19-4012.00,5547,0.0067521927228793,0.0285714285714285
19-4012.00,5548,0.0339703416079198,0.0285714285714285
19-4012.00,5549,0.0065474718876323,0.0142857142857142
19-4071.00,5563,0.038220538754903,0.0526315789473684
19-4071.00,5565,0.0179243590869817,0.0789473684210526
19-4071.00,5566,0.064428743440259,0.0657894736842105
19-4071.00,5567,0.0519515309604749,0.0394736842105263
19-4071.00,5568,0.0114184693821861,0.0657894736842105
19-4071.00,5569,0.0389486944679893,0.1052631578947368
19-4071.00,5570,0.0375622389874078,0.0526315789473684
19-4071.00,5571,0.0044921507113635,0.0263157894736842
19-4071.00,5572,0.0094651436619993,0.0526315789473684
19-4071.00,5573,0.0036153458824509,0.0263157894736842
19-4071.00,5574,0.0273870184066882,0.0394736842105263
19-4071.00,5575,0.0057826693562122,0.0394736842105263
19-4071.00,5576,0.0066632201014168,0.0263157894736842
19-4071.00,5577,0.017479851276977,0.0263157894736842
19-4071.00,5578,0.0418764828684608,0.0526315789473684
19-4071.00,5580,0.0240270687971586,0.0394736842105263
19-4071.00,5581,0.0211051924544247,0.0526315789473684
21-1011.00,5583,0.1171953245556389,0.2465753424657534
21-1011.00,5584,0.1472837036572853,0.136986301369863
21-1011.00,5585,0.060781394649775,0.0547945205479452
21-1011.00,5586,0.0646999707312535,0.047945205479452
21-1011.00,5587,0.0225692351953666,0.0616438356164383
21-1011.00,5588,0.0203720900034135,0.0205479452054794
21-1011.00,5589,0.022723461319614,0.0342465753424657
21-1011.00,5590,0.0354121240948725,0.0273972602739726
21-1011.00,5591,0.0626962844812767,0.0342465753424657
21-1011.00,5592,0.0058088951522013,0.0205479452054794
21-1011.00,5593,0.0367754789254592,0.0273972602739726
21-1011.00,5594,0.0298157373881588,0.0205479452054794
21-1011.00,5595,0.0114439533981235,0.0342465753424657
21-1011.00,5596,0.0308030450066117,0.0342465753424657
21-1011.00,5597,0.0417029283714897,0.0205479452054794
21-1011.00,5598,0.0499016646495901,0.0342465753424657
21-1011.00,5599,0.0093569687409073,0.0205479452054794
21-1011.00,5600,0.0422266687675994,0.0136986301369863
21-1011.00,5601,0.0336217808511469,0.0205479452054794
21-1011.00,5602,0.026317571230959,0.0136986301369863
21-1011.00,5603,0.0587105850526578,0.0205479452054794
21-1012.00,5606,0.059419717268586,0.0625
21-1012.00,5608,0.0236128763514576,0.01875
21-1012.00,5611,0.0653541419146615,0.0375
21-1012.00,5616,0.0597382567240784,0.05
21-1012.00,5619,0.0168771486742441,0.025
21-1012.00,5621,0.0129879670301707,0.03125
21-1012.00,5623,0.0180119209986975,0.03125
21-1012.00,5624,0.0062731264096915,0.01875
21-1012.00,5625,0.0262045921364016,0.01875
21-1012.00,5626,0.0152188354519555,0.0375
21-1012.00,5629,0.0062627307588196,0.01875
21-1012.00,5630,0.0153291971376392,0.0125
21-1012.00,5631,0.0475868939387439,0.05
21-1012.00,5632,0.0439166976035288,0.01875
21-1012.00,5633,0.0011560652432655,0.0125
21-1012.00,5634,0.017259007820111,0.00625
21-1012.00,5636,0.0079725375895133,0.01875
21-1012.00,5639,0.0039710488500399,0.00625
21-1012.00,5640,0.0054759944521741,0.01875
23-1023.00,5643,0.0019798770711885,0.0264550264550264
23-1023.00,5644,0.0160606585573478,0.0317460317460317
23-1023.00,5645,0.0363232928827798,0.0529100529100529
23-1023.00,5646,0.0510166596577848,0.1481481481481481
23-1023.00,5647,0.1451910246406527,0.1269841269841269
23-1023.00,5648,0.090743774265103,0.0211640211640211
23-1023.00,5649,0.2241217306778893,0.1269841269841269
23-1023.00,5650,0.0783389421320791,0.0317460317460317
23-1023.00,5651,0.0186415077343045,0.0846560846560846
23-1023.00,5652,0.0121054117184885,0.0423280423280423
23-1023.00,5653,0.0411874878078162,0.1058201058201058
23-1023.00,5654,0.0061198868254106,0.0158730158730158
23-1023.00,5655,0.0374885429106515,0.0264550264550264
23-1023.00,5656,0.0401267806305994,0.0317460317460317
23-1023.00,5657,0.0085370856976524,0.0158730158730158
23-1023.00,5658,0.0349646658116257,0.0317460317460317
23-1023.00,5659,0.0138114333388716,0.0264550264550264
23-1023.00,5660,0.0228048488280445,0.0158730158730158
25-1011.00,5662,0.0663426235192242,0.1194029850746268
25-1011.00,5663,0.0525906228802249,0.0895522388059701
25-1011.00,5664,0.0262872955541468,0.044776119402985
25-1011.00,5665,0.0353932216519556,0.0597014925373134
25-1011.00,5666,0.0410907086994339,0.0223880597014925
25-1011.00,5667,0.0498479907397449,0.044776119402985
25-1011.00,5668,0.0230276716178171,0.0298507462686567
25-1011.00,5669,0.0543431218489083,0.044776119402985
25-1011.00,5670,0.0538917473510045,0.0597014925373134
25-1011.00,5671,0.0193223794545833,0.0373134328358208
25-1011.00,5673,0.0129005807104584,0.0298507462686567
25-1011.00,5674,0.0062663140426711,0.0223880597014925
25-1011.00,5675,0.0120256688224121,0.0149253731343283
25-1011.00,5676,0.0096146082517802,0.044776119402985
25-1011.00,5677,0.0115914983399378,0.0149253731343283
25-1011.00,5678,0.0124324868527639,0.0074626865671641
25-1011.00,5679,0.0190975749277745,0.0298507462686567
25-1011.00,5680,0.0124287219695097,0.0373134328358208
25-1011.00,5681,0.05106647520709,0.1492537313432835
25-1011.00,5682,0.0175582728102588,0.0074626865671641
25-1011.00,5683,0.0207624928244529,0.0223880597014925
25-1021.00,5685,0.0363630052479338,0.0757575757575757
25-1021.00,5686,0.0366519852708749,0.0151515151515151
25-1021.00,5688,0.0382404626667192,0.0606060606060606
25-1021.00,5689,0.0368924771452307,0.0454545454545454
25-1021.00,5690,0.0300341630571316,0.0606060606060606
25-1021.00,5691,0.0361715869621457,0.0303030303030303
25-1021.00,5692,0.0102401091226525,0.0303030303030303
25-1021.00,5693,0.0214378604189452,0.0303030303030303
25-1021.00,5694,0.0360374242835096,0.0454545454545454
25-1021.00,5695,0.0014459284499487,0.0075757575757575
25-1021.00,5696,0.0213879667684897,0.0303030303030303
25-1021.00,5697,0.0053976402284309,0.0151515151515151
25-1021.00,5698,0.0213640800089587,0.0454545454545454
25-1021.00,5699,0.0078631507730797,0.0454545454545454
25-1021.00,5701,0.0312942540860228,0.0454545454545454
25-1021.00,5702,0.0350630333850625,0.0303030303030303
25-1021.00,5703,0.0397878795089323,0.1212121212121212
25-1021.00,5704,0.015626350479232,0.0606060606060606
25-1021.00,5705,0.0014751563898614,0.0151515151515151
25-1021.00,5706,0.006453706871166,0.0075757575757575
25-1022.00,5710,0.0496052566216649,0.0625
25-1022.00,5711,0.0737886934721179,0.15625
25-1022.00,5712,0.0280518232026107,0.0625
25-1022.00,5713,0.0755497929301254,0.0234375
25-1022.00,5714,0.0645779048388742,0.046875
25-1022.00,5715,0.0215442783912144,0.03125
25-1022.00,5716,0.0790883976509519,0.03125
25-1022.00,5719,0.0099823978583895,0.03125
25-1022.00,5720,0.0132916018797021,0.03125
25-1022.00,5721,0.0048939328407719,0.046875
25-1022.00,5722,0.0028931061815709,0.015625
25-1022.00,5723,0.0076317640291771,0.015625
25-1022.00,5724,0.0244809036138011,0.15625
25-1022.00,5725,0.0050802480571352,0.046875
25-1022.00,5726,0.0064095084246604,0.0078125
25-1022.00,5727,0.0047902703183282,0.0078125
25-1022.00,5728,0.0007376963874602,0.03125
25-1022.00,5729,0.0010371133170766,0.0078125
25-1031.00,5731,0.0490099598871452,0.1185185185185185
25-1031.00,5732,0.0494201453125921,0.1185185185185185
25-1031.00,5733,0.032972490406,0.0592592592592592
25-1031.00,5734,0.0860997574589957,0.0444444444444444
25-1031.00,5735,0.0463497556458267,0.0444444444444444
25-1031.00,5736,0.0421274230435345,0.0592592592592592
25-1031.00,5737,0.0663997433256382,0.0222222222222222
25-1031.00,5738,0.0463766109084954,0.0444444444444444
25-1031.00,5739,0.0469588532221265,0.0296296296296296
25-1031.00,5740,0.03977070494352,0.1481481481481481
25-1031.00,5741,0.0272309013487143,0.0592592592592592
25-1031.00,5742,0.0392087640687635,0.0296296296296296
25-1031.00,5743,0.0419780880486711,0.0296296296296296
25-1031.00,5744,0.0065571366518389,0.0074074074074074
25-1031.00,5745,0.0175145968879619,0.037037037037037
25-1031.00,5746,0.0061729693358822,0.0148148148148148
25-1031.00,5747,0.0067636178181263,0.0074074074074074
25-1031.00,5749,0.020905880811218,0.0296296296296296
25-1031.00,5750,0.0760382382317354,0.0296296296296296
25-1031.00,5751,0.0225511067686804,0.0074074074074074
25-1031.00,5752,0.0192669466616439,0.0148148148148148
25-1032.00,5753,0.043170555589457,0.0945945945945946
25-1032.00,5754,0.0459442609377293,0.054054054054054
25-1032.00,5755,0.0701076686400045,0.081081081081081
25-1032.00,5756,0.0740261611636552,0.0675675675675675
25-1032.00,5757,0.1427360065803202,0.1621621621621621
25-1032.00,5758,0.115401524652362,0.0675675675675675
25-1032.00,5759,0.0241821043408347,0.0337837837837837
25-1032.00,5760,0.0213293356338122,0.0675675675675675
25-1032.00,5761,0.0673109582253447,0.0405405405405405
25-1032.00,5762,0.0537994304796154,0.027027027027027
25-1032.00,5763,0.0525113658434505,0.0405405405405405
25-1032.00,5764,0.0166855200475362,0.0202702702702702
25-1032.00,5766,0.0315998526043103,0.0135135135135135
25-1032.00,5767,0.0199982066680678,0.0337837837837837
25-1032.00,5768,0.0084655131581559,0.0202702702702702
25-1032.00,5769,0.0154768953589144,0.0135135135135135
25-1032.00,5770,0.0176566902074787,0.0405405405405405
25-1032.00,5771,0.0396100028373451,0.027027027027027
25-1032.00,5773,0.0016796129520205,0.0067567567567567
25-1032.00,5774,0.0071516501268681,0.0067567567567567
25-1041.00,5776,0.0365808478759286,0.0592592592592592
25-1041.00,5777,0.0584001080406591,0.074074074074074
25-1041.00,5778,0.0881908650572688,0.0592592592592592
25-1041.00,5779,0.0484000454719061,0.1185185185185185
25-1041.00,5780,0.0666973566382194,0.0296296296296296
25-1041.00,5781,0.0819496456607169,0.1481481481481481
25-1041.00,5782,0.0479214916775292,0.0592592592592592
25-1041.00,5783,0.0590029784665463,0.074074074074074
25-1041.00,5784,0.0214234904194408,0.0296296296296296
25-1041.00,5785,0.0369081123789563,0.0444444444444444
25-1041.00,5786,0.0225998335373715,0.0296296296296296
25-1041.00,5787,0.0496994005013238,0.0148148148148148
25-1041.00,5789,0.0470169619984804,0.0296296296296296
25-1041.00,5790,0.0775402740628165,0.0444444444444444
25-1041.00,5791,0.0146030881946187,0.0148148148148148
25-1041.00,5792,0.0125886707224912,0.0148148148148148
25-1041.00,5793,0.0207835082159829,0.0148148148148148
25-1041.00,5794,0.0211654857633908,0.0148148148148148
25-1041.00,5795,0.0094556817823588,0.0296296296296296
25-1041.00,5796,0.0137149897579831,0.0148148148148148
25-1041.00,5797,0.0568386912121994,0.0296296296296296
25-1041.00,5798,0.0058670170474586,0.0074074074074074
25-1042.00,5799,0.0712499941918045,0.1025641025641025
25-1042.00,5800,0.0933794523804652,0.0769230769230769
25-1042.00,5802,0.0255448278966268,0.0384615384615384
25-1042.00,5803,0.0776387751599398,0.0512820512820512
25-1042.00,5804,0.0759673643825135,0.0512820512820512
25-1042.00,5805,0.0782221673491779,0.0192307692307692
25-1042.00,5807,0.0392898112390307,0.0384615384615384
25-1042.00,5808,0.0459393010952906,0.032051282051282
25-1042.00,5809,0.0725106109958713,0.0384615384615384
25-1042.00,5810,0.0722817092926317,0.0641025641025641
25-1042.00,5811,0.0109748835507249,0.0128205128205128
25-1042.00,5812,0.0271172929461268,0.0256410256410256
25-1042.00,5813,0.0719392470868557,0.1282051282051282
25-1042.00,5814,0.0297695883826806,0.0384615384615384
25-1042.00,5815,0.0023644176784184,0.0128205128205128
25-1042.00,5816,0.0104818656514147,0.0512820512820512
25-1042.00,5817,0.0314112440796925,0.0256410256410256
25-1042.00,5818,0.0088498760511819,0.0064102564102564
25-1042.00,5819,0.0082076990552825,0.0064102564102564
25-1042.00,5821,0.0011475307504066,0.0128205128205128
25-1043.00,5822,0.0725617994169135,0.1481481481481481
25-1043.00,5823,0.0724027235829001,0.0592592592592592
25-1043.00,5824,0.0761874275915207,0.1185185185185185
25-1043.00,5825,0.0597921847289167,0.074074074074074
25-1043.00,5826,0.0034626144926984,0.0592592592592592
25-1043.00,5827,0.0790104750964572,0.074074074074074
25-1043.00,5828,0.0164848346264126,0.0222222222222222
25-1043.00,5829,0.0845968431095586,0.0592592592592592
25-1043.00,5830,0.0253264880346764,0.0296296296296296
25-1043.00,5831,0.0447156178985979,0.0296296296296296
25-1043.00,5832,0.0844645216371855,0.0296296296296296
25-1043.00,5833,0.0469435342973594,0.0592592592592592
25-1043.00,5834,0.0844675595382756,0.0148148148148148
25-1043.00,5836,0.0778769740543704,0.0444444444444444
25-1043.00,5837,0.0068634964141837,0.0074074074074074
25-1043.00,5838,0.0118403450229118,0.0074074074074074
25-1043.00,5839,0.0177307357354928,0.0296296296296296
25-1043.00,5840,0.0016669495035437,0.0148148148148148
25-1043.00,5841,0.0538991663005575,0.0296296296296296
25-1043.00,5842,0.0027460040215541,0.0074074074074074
25-1043.00,5843,0.0159219054346378,0.0074074074074074
25-1043.00,5844,0.0076845958960712,0.0074074074074074
25-1051.00,5845,0.0300756751040889,0.1621621621621621
25-1051.00,5846,0.0012932562053411,0.054054054054054
25-1051.00,5847,0.0427969896020951,0.0608108108108108
25-1051.00,5848,0.0116658119656183,0.0675675675675675
25-1051.00,5849,0.0576970275655288,0.1081081081081081
25-1051.00,5850,0.0629766226534872,0.054054054054054
25-1051.00,5851,0.0550511785716966,0.0675675675675675
25-1051.00,5852,0.0367446692773852,0.0472972972972973
25-1051.00,5853,0.0176120712197456,0.0337837837837837
25-1051.00,5854,0.0244373118255766,0.0337837837837837
25-1051.00,5855,0.0542385843180507,0.0202702702702702
25-1051.00,5856,0.065709389564594,0.027027027027027
25-1051.00,5857,0.058039896157092,0.0405405405405405
25-1051.00,5858,0.0130432091361325,0.027027027027027
25-1051.00,5859,0.0745473526210561,0.0202702702702702
25-1051.00,5861,0.0188960625996859,0.027027027027027
25-1051.00,5862,0.0037441840907268,0.0067567567567567
25-1051.00,5863,0.0121571236942785,0.0337837837837837
25-1051.00,5864,0.0043091762537501,0.0067567567567567
25-1051.00,5865,0.0011977758591516,0.0135135135135135
25-1051.00,5866,0.0053398285365388,0.0067567567567567
25-1051.00,5867,0.0047018860872488,0.0135135135135135
25-1052.00,5868,0.0585012323029256,0.1185185185185185
25-1052.00,5869,0.0819755870739578,0.0592592592592592
25-1052.00,5871,0.0253199524169564,0.0296296296296296
25-1052.00,5873,0.0516471224086697,0.0444444444444444
25-1052.00,5874,0.0377205459050458,0.0444444444444444
25-1052.00,5875,0.0440069350213512,0.0222222222222222
25-1052.00,5876,0.0593900263692464,0.074074074074074
25-1052.00,5877,0.0301301091247606,0.0592592592592592
25-1052.00,5878,0.0620129831474481,0.0296296296296296
25-1052.00,5880,0.097816539704935,0.1481481481481481
25-1052.00,5881,0.0221607857872636,0.0296296296296296
25-1052.00,5882,0.0154979893592148,0.0296296296296296
25-1052.00,5883,0.0086276920326569,0.0296296296296296
25-1052.00,5884,0.0086702262037264,0.0444444444444444
25-1052.00,5885,0.0042961010806377,0.0074074074074074
25-1052.00,5886,0.0180726367402323,0.0074074074074074
25-1052.00,5887,0.0463623346806609,0.0296296296296296
25-1052.00,5888,0.0052668943776137,0.0074074074074074
25-1052.00,5889,0.0027172941598411,0.0074074074074074
25-1052.00,5890,0.0088179410250104,0.0074074074074074
25-1053.00,5892,0.0649189707146028,0.0632911392405063
25-1053.00,5893,0.0325507549333362,0.1518987341772152
25-1053.00,5894,0.0350850325601123,0.0569620253164556
25-1053.00,5895,0.0677061227516178,0.0759493670886076
25-1053.00,5896,0.0033470291339517,0.050632911392405
25-1053.00,5897,0.0444402478268644,0.050632911392405
25-1053.00,5899,0.0281375577676103,0.0253164556962025
25-1053.00,5900,0.0675792423255476,0.0316455696202531
25-1053.00,5903,0.0241892450970268,0.0886075949367088
25-1053.00,5904,0.0671277712131481,0.0189873417721519
25-1053.00,5905,0.0087727741931372,0.0126582278481012
25-1053.00,5906,0.0576066398312241,0.0379746835443038
25-1053.00,5908,0.0387756944619599,0.0379746835443038
25-1053.00,5909,0.008318629072884,0.0126582278481012
25-1053.00,5911,0.0164841772065858,0.0379746835443038
25-1053.00,5912,0.007598763184668,0.0063291139240506
25-1053.00,5914,0.0097170372806109,0.0126582278481012
25-1054.00,5915,0.0652996369301309,0.0701754385964912
25-1054.00,5916,0.0724177263829086,0.0935672514619883
25-1054.00,5917,0.0210434767844018,0.0350877192982456
25-1054.00,5918,0.0440731634436632,0.0175438596491228
25-1054.00,5919,0.0310000697392576,0.0467836257309941
25-1054.00,5920,0.0478281863035833,0.0584795321637426
25-1054.00,5921,0.0636651798999797,0.0467836257309941
25-1054.00,5922,0.0585272389391061,0.0701754385964912
25-1054.00,5923,0.0268445195023901,0.0584795321637426
25-1054.00,5924,0.0275999619167361,0.0292397660818713
25-1054.00,5925,0.0638414689405113,0.0350877192982456
25-1054.00,5926,0.0312257141869741,0.175438596491228
25-1054.00,5928,0.010399062057641,0.0116959064327485
25-1054.00,5929,0.0308243768887847,0.0350877192982456
25-1054.00,5930,0.002338841000568,0.0116959064327485
25-1054.00,5931,0.0049248826258902,0.0350877192982456
25-1054.00,5932,0.0017674976850564,0.0467836257309941
25-1054.00,5933,0.0351409594549005,0.0350877192982456
25-1054.00,5934,0.00386303347029,0.0116959064327485
25-1054.00,5936,0.0040872141973268,0.0058479532163742
25-1054.00,5937,0.0093190772376773,0.0116959064327485
25-1062.00,5961,0.0640284230460016,0.0612244897959183
25-1062.00,5962,0.0324492213168755,0.1632653061224489
25-1062.00,5963,0.0587857791285141,0.0952380952380952
25-1062.00,5965,0.0599892121748869,0.0952380952380952
25-1062.00,5966,0.0714784447857142,0.0680272108843537
25-1062.00,5967,0.0332420594515593,0.0340136054421768
25-1062.00,5968,0.0363698419357692,0.0408163265306122
25-1062.00,5969,0.0192659558926503,0.0272108843537414
25-1062.00,5970,0.0431852961967359,0.0204081632653061
25-1062.00,5971,0.022142771523564,0.0340136054421768
25-1062.00,5972,0.0213821430866893,0.0544217687074829
25-1062.00,5973,0.0166078219081252,0.0272108843537414
25-1062.00,5975,0.0178903749053197,0.0476190476190476
25-1062.00,5976,0.0227430033834278,0.0068027210884353
25-1062.00,5977,0.0039309875830913,0.0408163265306122
25-1062.00,5979,0.0114324692096779,0.0136054421768707
25-1062.00,5980,0.0194119569727891,0.0136054421768707
25-1062.00,5982,0.0403377517628583,0.0408163265306122
25-1063.00,5984,0.0394922802638661,0.1203007518796992
25-1063.00,5985,0.0372381736201304,0.0601503759398496
25-1063.00,5986,0.0481598818879155,0.075187969924812
25-1063.00,5987,0.0305765730672578,0.0451127819548872
25-1063.00,5988,0.0591891237387797,0.0601503759398496
25-1063.00,5989,0.0262268870156861,0.0150375939849624
25-1063.00,5990,0.0511974640121273,0.0451127819548872
25-1063.00,5991,0.0557957399250291,0.0451127819548872
25-1063.00,5992,0.0236321102266835,0.0075187969924812
25-1063.00,5993,0.0159854967514617,0.0300751879699248
25-1063.00,5994,0.0655005522410218,0.225563909774436
25-1063.00,5995,0.030909320077257,0.0601503759398496
25-1063.00,5996,0.0275273815408906,0.0300751879699248
25-1063.00,5997,0.0161480624364508,0.0300751879699248
25-1063.00,5998,0.0244092725148077,0.0300751879699248
25-1063.00,5999,0.0259283856800333,0.0075187969924812
25-1063.00,6000,0.012822421086687,0.0150375939849624
25-1063.00,6001,0.0669325677666194,0.0300751879699248
25-1063.00,6002,0.019332764623,0.0300751879699248
25-1063.00,6003,0.0102490743762336,0.0150375939849624
25-1064.00,6006,0.1141960218307458,0.1095890410958904
25-1064.00,6007,0.0549052058591302,0.0821917808219178
25-1064.00,6008,0.0487493807435292,0.0410958904109589
25-1064.00,6009,0.1265637487541699,0.0410958904109589
25-1064.00,6011,0.1258192461750918,0.0547945205479452
25-1064.00,6012,0.0564148833288373,0.0547945205479452
25-1064.00,6013,0.0525116137176894,0.0547945205479452
25-1064.00,6014,0.0552929084992149,0.0273972602739726
25-1064.00,6015,0.0610988753378193,0.0410958904109589
25-1064.00,6016,0.018322635090379,0.0410958904109589
25-1064.00,6017,0.0493990020743279,0.136986301369863
25-1064.00,6018,0.0189000128666606,0.0273972602739726
25-1064.00,6019,0.0028650291884579,0.0068493150684931
25-1064.00,6020,0.0183963803652133,0.0273972602739726
25-1064.00,6021,0.0181507475193046,0.0410958904109589
25-1064.00,6022,0.0096091180656293,0.0136986301369863
25-1064.00,6023,0.0242801621841206,0.0136986301369863
25-1064.00,6024,0.0070102938457286,0.0068493150684931
25-1064.00,6025,0.0491406198942017,0.0273972602739726
25-1064.00,6026,0.0052823143004253,0.0410958904109589
25-1064.00,6027,0.0060054143692377,0.0136986301369863
25-1064.00,6028,0.0357553225823466,0.0547945205479452
25-1064.00,6029,0.0085594680034774,0.0068493150684931
25-1064.00,6030,0.0018868869584417,0.0136986301369863
25-1065.00,6031,0.0843755045267349,0.048780487804878
25-1065.00,6032,0.0589852343088335,0.1300813008130081
25-1065.00,6033,0.0376866820818287,0.0975609756097561
25-1065.00,6034,0.0179388197338327,0.032520325203252
25-1065.00,6035,0.020063918153373,0.032520325203252
25-1065.00,6036,0.0789833959633857,0.08130081300813
25-1065.00,6037,0.0353714113394061,0.040650406504065
25-1065.00,6038,0.0447849418363161,0.016260162601626
25-1065.00,6039,0.0437099528590857,0.048780487804878
25-1065.00,6040,0.0373510601816647,0.032520325203252
25-1065.00,6041,0.0045533099775777,0.008130081300813
25-1065.00,6042,0.0736470483207617,0.1626016260162601
25-1065.00,6043,0.036870043389161,0.056910569105691
25-1065.00,6044,0.014555769044125,0.032520325203252
25-1065.00,6045,0.0105160509041336,0.048780487804878
25-1065.00,6046,0.0120128962205171,0.016260162601626
25-1065.00,6047,0.0041510577250399,0.016260162601626
25-1065.00,6048,0.0113057696125241,0.008130081300813
25-1065.00,6049,0.024360102389978,0.008130081300813
25-1065.00,6050,0.0733554215027331,0.032520325203252
25-1065.00,6051,0.0013895819920453,0.032520325203252
25-1066.00,6054,0.0326010273674394,0.0827586206896551
25-1066.00,6055,0.0675223696876847,0.0413793103448275
25-1066.00,6056,0.024643538633046,0.0275862068965517
25-1066.00,6057,0.0750993695341252,0.0551724137931034
25-1066.00,6058,0.0208612284500786,0.0413793103448275
25-1066.00,6059,0.0140785688226969,0.0206896551724137
25-1066.00,6060,0.036201470222581,0.0137931034482758
25-1066.00,6061,0.0511891305105996,0.0551724137931034
25-1066.00,6062,0.0562053025061442,0.0413793103448275
25-1066.00,6063,0.0544182925333939,0.1379310344827586
25-1066.00,6064,0.0183327267335039,0.0275862068965517
25-1066.00,6066,0.0165668698491889,0.0275862068965517
25-1066.00,6067,0.0117137817744708,0.0344827586206896
25-1066.00,6068,0.0037500959833775,0.0068965517241379
25-1066.00,6069,0.0046832839095186,0.0068965517241379
25-1066.00,6070,0.0376706037085469,0.0275862068965517
25-1066.00,6071,0.065111845812186,0.0275862068965517
25-1066.00,6072,0.0099176446796862,0.0068965517241379
25-1066.00,6073,0.0021475017829499,0.0413793103448275
25-1066.00,6074,0.006991932058688,0.0137931034482758
25-1066.00,6075,0.0024567729912275,0.0137931034482758
25-1067.00,6076,0.0424989616013745,0.1007194244604316
25-1067.00,6077,0.042898642018943,0.1294964028776978
25-1067.00,6078,0.0917403508306354,0.0575539568345323
25-1067.00,6079,0.0352023156455316,0.0359712230215827
25-1067.00,6080,0.0370954451674114,0.0503597122302158
25-1067.00,6081,0.0446067623224904,0.0647482014388489
25-1067.00,6082,0.0616316482391844,0.0215827338129496
25-1067.00,6083,0.0476225086792498,0.0431654676258992
25-1067.00,6084,0.0131041447832956,0.0287769784172661
25-1067.00,6085,0.0219699396107772,0.0215827338129496
25-1067.00,6086,0.0116810519918357,0.0359712230215827
25-1067.00,6087,0.0541984502648136,0.1726618705035971
25-1067.00,6088,0.004431767495219,0.0071942446043165
25-1067.00,6089,0.0547701603568014,0.0575539568345323
25-1067.00,6090,0.0156928418359923,0.0431654676258992
25-1067.00,6091,0.0050290580268404,0.0071942446043165
25-1067.00,6092,0.0276334117607925,0.0287769784172661
25-1067.00,6094,0.0030026327873136,0.0431654676258992
25-1067.00,6095,0.006459495894277,0.0071942446043165
25-1067.00,6096,0.0100702549248199,0.0071942446043165
25-1067.00,6097,0.0117933484602659,0.0071942446043165
25-1067.00,6098,0.0026357432481875,0.0071942446043165
25-1071.00,6099,0.0810592894578806,0.048780487804878
25-1071.00,6100,0.0538614576873928,0.065040650406504
25-1071.00,6101,0.0318191288780487,0.032520325203252
25-1071.00,6102,0.0963356985584017,0.08130081300813
25-1071.00,6103,0.0189376987838409,0.065040650406504
25-1071.00,6104,0.0425079290208069,0.0975609756097561
25-1071.00,6105,0.0316213594228932,0.032520325203252
25-1071.00,6106,0.0275425158889283,0.065040650406504
25-1071.00,6107,0.0065891425249105,0.1300813008130081
25-1071.00,6108,0.0501251855566968,0.032520325203252
25-1071.00,6110,0.0601044324198447,0.016260162601626
25-1071.00,6111,0.0666787750088528,0.048780487804878
25-1071.00,6112,0.0353760201239857,0.032520325203252
25-1071.00,6113,0.0091154724931278,0.016260162601626
25-1071.00,6114,0.0007352555451949,0.048780487804878
25-1071.00,6115,0.0230501848984023,0.032520325203252
25-1071.00,6116,0.0085647414320511,0.008130081300813
25-1071.00,6117,0.0153580701612615,0.008130081300813
25-1071.00,6118,0.0687366880780536,0.032520325203252
25-1071.00,6119,0.0031140789171094,0.008130081300813
25-1071.00,6121,0.0200016156884202,0.016260162601626
25-1072.00,6122,0.033524750831763,0.0394736842105263
25-1072.00,6123,0.023298341634992,0.0789473684210526
25-1072.00,6124,0.0290664338255116,0.0394736842105263
25-1072.00,6125,0.016797113237149,0.0526315789473684
25-1072.00,6127,0.0461441403962708,0.0789473684210526
25-1072.00,6128,0.0241129635324042,0.0263157894736842
25-1072.00,6129,0.0101182383991506,0.0263157894736842
25-1072.00,6130,0.0384495939997166,0.0263157894736842
25-1072.00,6131,0.0230472369263715,0.0394736842105263
25-1072.00,6132,0.0333635627762888,0.0263157894736842
25-1072.00,6133,0.0269543272255501,0.0197368421052631
25-1072.00,6135,0.0101286600525821,0.0394736842105263
25-1072.00,6136,0.0126379764044334,0.0526315789473684
25-1072.00,6137,0.0038467042900593,0.0131578947368421
25-1072.00,6138,0.0064004458776122,0.0263157894736842
25-1072.00,6139,0.0167129559545331,0.0197368421052631
25-1072.00,6142,0.0050253431463547,0.006578947368421
25-1072.00,6143,0.0013534750464765,0.0131578947368421
25-1072.00,6145,0.0241063573470412,0.0526315789473684
25-1072.00,6146,0.018620972926089,0.0263157894736842
25-1081.00,6148,0.0411293326353493,0.0689655172413793
25-1081.00,6149,0.0438103776252751,0.1103448275862069
25-1081.00,6150,0.0728618394077301,0.0551724137931034
25-1081.00,6151,0.0623332501612851,0.0827586206896551
25-1081.00,6152,0.0130069005226603,0.0275862068965517
25-1081.00,6153,0.0399486700016796,0.0689655172413793
25-1081.00,6154,0.0685493374846066,0.0551724137931034
25-1081.00,6155,0.0469767741202769,0.0344827586206896
25-1081.00,6156,0.1315599006265245,0.0413793103448275
25-1081.00,6157,0.0623831622694214,0.0206896551724137
25-1081.00,6158,0.0437901084011206,0.0344827586206896
25-1081.00,6159,0.072595839128505,0.0413793103448275
25-1081.00,6160,0.0692052401187801,0.1379310344827586
25-1081.00,6161,0.0036859164551914,0.0068965517241379
25-1081.00,6162,0.0214584803785295,0.0137931034482758
25-1081.00,6163,0.0046322291106224,0.0206896551724137
25-1081.00,6164,0.0142977970395599,0.0413793103448275
25-1081.00,6165,0.0030912933908518,0.0068965517241379
25-1081.00,6166,0.0010117823384122,0.0413793103448275
25-1081.00,6167,0.0143626216898296,0.0137931034482758
25-1081.00,6168,0.1430192832831425,0.0413793103448275
25-1081.00,6169,0.0064792795268431,0.0068965517241379
25-1081.00,6170,0.0043165966858826,0.0137931034482758
25-1082.00,6171,0.0086215142891683,0.0583941605839416
25-1082.00,6172,0.0188610729914484,0.1167883211678832
25-1082.00,6173,0.0550459671531611,0.0875912408759124
25-1082.00,6175,0.0538100581166572,0.0437956204379562
25-1082.00,6176,0.0111099545458054,0.0291970802919708
25-1082.00,6178,0.0367167992932119,0.0145985401459854
25-1082.00,6179,0.0526274025967539,0.0291970802919708
25-1082.00,6180,0.0281875936339357,0.0437956204379562
25-1082.00,6182,0.0325858007100238,0.0437956204379562
25-1082.00,6183,0.0414625658585316,0.0437956204379562
25-1082.00,6184,0.001607024690516,0.0291970802919708
25-1082.00,6185,0.0297304839820794,0.0072992700729927
25-1082.00,6186,0.0361655191641281,0.0437956204379562
25-1082.00,6188,0.0236447857359603,0.0145985401459854
25-1082.00,6189,0.0676677477717364,0.0291970802919708
25-1082.00,6190,0.0296344914928795,0.0145985401459854
25-1082.00,6191,0.0050928102121154,0.0072992700729927
25-1082.00,6192,0.0008226684276702,0.0145985401459854
25-1111.00,6193,0.0845950535526688,0.0552995391705069
25-1111.00,6194,0.0640446709722595,0.0552995391705069
25-1111.00,6195,0.0621583111305537,0.1105990783410138
25-1111.00,6196,0.018516538445627,0.0460829493087557
25-1111.00,6197,0.0985891436575205,0.1658986175115207
25-1111.00,6198,0.02911737442034,0.0737327188940092
25-1111.00,6199,0.0107707472336317,0.1105990783410138
25-1111.00,6200,0.0158583774773926,0.0276497695852534
25-1111.00,6201,0.00940589911253,0.0368663594470046
25-1111.00,6202,0.0751581542489766,0.0276497695852534
25-1111.00,6203,0.0077836667552603,0.0046082949308755
25-1111.00,6204,0.0450016363775875,0.0368663594470046
25-1111.00,6205,0.0548659493412833,0.064516129032258
25-1111.00,6206,0.0154379842276374,0.0276497695852534
25-1111.00,6209,0.0076996956680819,0.0092165898617511
25-1111.00,6210,0.0057348615900842,0.0092165898617511
25-1111.00,6211,0.0026230214718879,0.0184331797235023
25-1111.00,6212,0.0280713293964387,0.0276497695852534
25-1111.00,6213,0.0069664020403868,0.0092165898617511
25-1111.00,6214,0.006083168825619,0.0092165898617511
25-1112.00,6215,0.0278989284217097,0.0967741935483871
25-1112.00,6217,0.0251060423061647,0.0967741935483871
25-1112.00,6218,0.0684002066962215,0.064516129032258
25-1112.00,6220,0.0612765368659069,0.0806451612903225
25-1112.00,6221,0.0178872502677447,0.032258064516129
25-1112.00,6222,0.0286205169649777,0.0483870967741935
25-1112.00,6223,0.0368997312167619,0.1612903225806451
25-1112.00,6224,0.0197613459620965,0.032258064516129
25-1112.00,6225,0.0104408533518062,0.032258064516129
25-1112.00,6226,0.0061345439451759,0.0080645161290322
25-1112.00,6227,0.0381163981996464,0.0161290322580645
25-1112.00,6228,0.0077591759782266,0.0483870967741935
25-1112.00,6229,0.0283204362686372,0.032258064516129
25-1112.00,6230,0.011356323961376,0.032258064516129
25-1112.00,6232,0.0039139973384798,0.0080645161290322
25-1112.00,6233,0.0066449868226634,0.0161290322580645
25-1112.00,6236,0.0015947189547623,0.032258064516129
25-1113.00,6238,0.0643708361043816,0.064
25-1113.00,6239,0.0329553504902245,0.08
25-1113.00,6240,0.0431614449023986,0.096
25-1113.00,6241,0.0503204280752804,0.048
25-1113.00,6242,0.035334177227922,0.128
25-1113.00,6243,0.0294228356927635,0.08
25-1113.00,6244,0.0297422948612803,0.048
25-1113.00,6245,0.0396213727953118,0.064
25-1113.00,6246,0.0342639624783536,0.048
25-1113.00,6247,0.0219165194193966,0.032
25-1113.00,6248,0.0367023313812515,0.032
25-1113.00,6249,0.0334629652960447,0.04
25-1113.00,6250,0.0292277852512041,0.04
25-1113.00,6251,0.0335536175720466,0.024
25-1113.00,6253,0.0142012734511478,0.032
25-1113.00,6254,0.0623229016192438,0.032
25-1113.00,6255,0.0201964471875881,0.008
25-1113.00,6256,0.0144854530279187,0.008
25-1113.00,6257,0.0152204266697995,0.016
25-1113.00,6258,0.0148308655338006,0.016
25-1113.00,6260,0.0117839325694581,0.008
25-1121.00,6261,0.0588893491485894,0.0779220779220779
25-1121.00,6262,0.1228311098452434,0.0779220779220779
25-1121.00,6263,0.0640059495825797,0.0519480519480519
25-1121.00,6264,0.0354505773791189,0.1038961038961039
25-1121.00,6265,0.0331248843038088,0.0519480519480519
25-1121.00,6266,0.0223054692923268,0.0519480519480519
25-1121.00,6267,0.0631101120136069,0.0389610389610389
25-1121.00,6268,0.0233743489918759,0.0519480519480519
25-1121.00,6269,0.0363854601672797,0.0259740259740259
25-1121.00,6270,0.0719635469216694,0.0194805194805194
25-1121.00,6271,0.0110963739481455,0.0779220779220779
25-1121.00,6272,0.0131073502218789,0.0389610389610389
25-1121.00,6273,0.0171779914802784,0.0324675324675324
25-1121.00,6274,0.0343639599786456,0.0519480519480519
25-1121.00,6275,0.0234272405716041,0.0259740259740259
25-1121.00,6276,0.0137394708358016,0.0194805194805194
25-1121.00,6277,0.0164574296282448,0.0129870129870129
25-1121.00,6278,0.0180768393703094,0.0259740259740259
25-1121.00,6279,0.0101122514642245,0.0324675324675324
25-1121.00,6280,0.0149916830442143,0.0129870129870129
25-1121.00,6281,0.0186232717033639,0.0064935064935064
25-1121.00,6283,0.0063396399143933,0.0194805194805194
25-1121.00,6284,0.045772488689575,0.0259740259740259
25-1121.00,6285,0.0079875743012136,0.0129870129870129
25-1121.00,6287,0.0011151178821141,0.0129870129870129
25-1122.00,6288,0.0759703239826334,0.1167883211678832
25-1122.00,6289,0.0209880520613961,0.072992700729927
25-1122.00,6290,0.0545415985603423,0.0583941605839416
25-1122.00,6291,0.0487121936478773,0.1167883211678832
25-1122.00,6292,0.0385739752299696,0.0437956204379562
25-1122.00,6293,0.0644167410605062,0.0218978102189781
25-1122.00,6294,0.0130511516665444,0.0291970802919708
25-1122.00,6295,0.0462999151071513,0.0437956204379562
25-1122.00,6297,0.0309007394373782,0.0291970802919708
25-1122.00,6298,0.0219861687685959,0.0437956204379562
25-1122.00,6300,0.0266629401843442,0.0291970802919708
25-1122.00,6301,0.017340394025131,0.145985401459854
25-1122.00,6302,0.0115522044206713,0.0145985401459854
25-1122.00,6303,0.0088660438405607,0.0437956204379562
25-1122.00,6304,0.0025226655739818,0.0072992700729927
25-1122.00,6305,0.0191399208338651,0.0145985401459854
25-1122.00,6306,0.0110084025479365,0.0145985401459854
25-1122.00,6307,0.0665822191925099,0.0291970802919708
25-1123.00,6311,0.068918934638064,0.1486988847583643
25-1123.00,6312,0.0438170579065717,0.0557620817843866
25-1123.00,6313,0.0203341736217037,0.0867410161090458
25-1123.00,6314,0.05805486225539,0.0185873605947955
25-1123.00,6315,0.0294877255876373,0.0247831474597273
25-1123.00,6316,0.0260624955962275,0.0309789343246592
25-1123.00,6317,0.0455282665860232,0.037174721189591
25-1123.00,6320,0.017609479003414,0.0185873605947955
25-1123.00,6321,0.0386568023831615,0.0991325898389095
25-1123.00,6322,0.0171335421909202,0.0185873605947955
25-1123.00,6323,0.0088430723177105,0.0309789343246592
25-1123.00,6324,0.0164027634753232,0.0123915737298636
25-1123.00,6325,0.0021664444168128,0.0061957868649318
25-1123.00,6326,0.0053381892709313,0.0061957868649318
25-1123.00,6327,0.0228183008171577,0.0247831474597273
25-1123.00,6328,0.0045934270430697,0.0123915737298636
25-1123.00,6331,0.0071015588412191,0.0061957868649318
25-1123.00,6332,0.0043798522564504,0.0123915737298636
25-1123.00,6333,0.0002660610700932,0.0024783147459727
25-1124.00,6334,0.0783550460155583,0.1203007518796992
25-1124.00,6335,0.0742117107997346,0.0601503759398496
25-1124.00,6336,0.1048798735537457,0.075187969924812
25-1124.00,6337,0.106527913895162,0.0225563909774436
25-1124.00,6338,0.0160237730736323,0.0451127819548872
25-1124.00,6339,0.0311316133403386,0.0300751879699248
25-1124.00,6340,0.0902689457875879,0.1203007518796992
25-1124.00,6341,0.0726599943524701,0.0451127819548872
25-1124.00,6342,0.0135594490579414,0.0075187969924812
25-1124.00,6343,0.0238450032193737,0.0601503759398496
25-1124.00,6344,0.0140639931939819,0.0300751879699248
25-1124.00,6345,0.0207810085194317,0.150375939849624
25-1124.00,6346,0.0115911638403843,0.0300751879699248
25-1124.00,6347,0.0082706604417757,0.0451127819548872
25-1124.00,6348,0.0035784075777383,0.0150375939849624
25-1124.00,6349,0.0146379354006525,0.0075187969924812
25-1124.00,6350,0.0473220480688085,0.0150375939849624
25-1124.00,6351,0.0034680638687923,0.0075187969924812
25-1124.00,6352,0.0465337347101255,0.0225563909774436
25-1124.00,6353,0.0203391230578126,0.0300751879699248
25-1124.00,6354,0.0017849867524116,0.0150375939849624
25-1125.00,6356,0.0779007988986509,0.1134751773049645
25-1125.00,6357,0.0509215823338485,0.0851063829787234
25-1125.00,6358,0.0568258704349421,0.0567375886524822
25-1125.00,6359,0.0221374922267994,0.0425531914893617
25-1125.00,6360,0.0846600762324277,0.0567375886524822
25-1125.00,6361,0.0558196245376009,0.0709219858156028
25-1125.00,6362,0.0609953653833378,0.0212765957446808
25-1125.00,6363,0.0464292313973204,0.0283687943262411
25-1125.00,6364,0.0609773130287198,0.0425531914893617
25-1125.00,6365,0.0444398583415403,0.1702127659574468
25-1125.00,6367,0.0178034773414796,0.0283687943262411
25-1125.00,6368,0.0353035303760628,0.0212765957446808
25-1125.00,6369,0.0164505886018962,0.0425531914893617
25-1125.00,6370,0.017672915283548,0.0141843971631205
25-1125.00,6372,0.0099445886742438,0.0070921985815602
25-1125.00,6373,0.0058020801399802,0.0070921985815602
25-1125.00,6374,0.0190301320655313,0.0425531914893617
25-1125.00,6375,0.0690210471872816,0.0283687943262411
25-1125.00,6376,0.0105079247665729,0.0283687943262411
25-1125.00,6377,0.0031065653706017,0.0070921985815602
25-1126.00,6378,0.0476811512416329,0.109375
25-1126.00,6379,0.0718992228359134,0.0625
25-1126.00,6382,0.0339210888434779,0.0390625
25-1126.00,6383,0.0278992606747632,0.0703125
25-1126.00,6384,0.0585429634117566,0.0234375
25-1126.00,6385,0.020159493950034,0.0234375
25-1126.00,6386,0.0440393013611714,0.046875
25-1126.00,6387,0.0152442347711865,0.0078125
25-1126.00,6389,0.031404610442199,0.109375
25-1126.00,6390,0.0751613543195947,0.046875
25-1126.00,6391,0.0246831793837627,0.0390625
25-1126.00,6392,0.0222798802820112,0.0234375
25-1126.00,6393,0.0217611120707183,0.015625
25-1126.00,6394,0.0025039080515259,0.0078125
25-1126.00,6396,0.0079543316330373,0.0390625
25-1126.00,6397,0.0066418103575336,0.0078125
25-1192.00,6400,0.0696019521257999,0.1166666666666666
25-1192.00,6401,0.0689224871365473,0.05
25-1192.00,6402,0.0457762831399335,0.15
25-1192.00,6403,0.0348975520345493,0.0833333333333333
25-1192.00,6404,0.0337965906302352,0.0583333333333333
25-1192.00,6405,0.0631741456152467,0.025
25-1192.00,6407,0.0324360646949312,0.0333333333333333
25-1192.00,6408,0.0428346434028965,0.0333333333333333
25-1192.00,6409,0.0719564042521673,0.05
25-1192.00,6410,0.0248929884076645,0.0666666666666666
25-1192.00,6411,0.010822629690499,0.0083333333333333
25-1192.00,6412,0.0153284970855404,0.1
25-1192.00,6413,0.0337244729044095,0.025
25-1192.00,6414,0.0057099593551009,0.0083333333333333
25-1192.00,6419,0.0353361163803948,0.025
25-1192.00,6421,0.0166926483017274,0.0083333333333333
25-1193.00,6422,0.1023166767845505,0.0895522388059701
25-1193.00,6423,0.086091722851012,0.0223880597014925
25-1193.00,6424,0.0757856973004374,0.1194029850746268
25-1193.00,6425,0.0885617423700813,0.0746268656716417
25-1193.00,6426,0.0259023442353032,0.0298507462686567
25-1193.00,6427,0.08041858699175,0.0597014925373134
25-1193.00,6428,0.0522851147500907,0.0373134328358208
25-1193.00,6429,0.1299902836391767,0.044776119402985
25-1193.00,6430,0.0769529008361535,0.0597014925373134
25-1193.00,6431,0.0302059457545721,0.044776119402985
25-1193.00,6432,0.0128668879962789,0.0149253731343283
25-1193.00,6433,0.0202698286100017,0.0298507462686567
25-1193.00,6434,0.005944169162179,0.0074626865671641
25-1193.00,6435,0.0298480901530844,0.0149253731343283
25-1193.00,6436,0.02061922135138,0.0373134328358208
25-1193.00,6437,0.0081192741760685,0.0074626865671641
25-1193.00,6438,0.0423378819539225,0.0522388059701492
25-1193.00,6439,0.067268640081571,0.0298507462686567
25-1193.00,6440,0.0120961781737755,0.0298507462686567
25-1193.00,6441,0.0163735295270598,0.0895522388059701
25-1193.00,6442,0.0044258602343645,0.0149253731343283
25-1193.00,6443,0.0037170187614952,0.0298507462686567
25-1193.00,6444,0.0076024043056909,0.0149253731343283
25-1194.00,6445,0.1079033520464982,0.1342281879194631
25-1194.00,6446,0.1025544116272978,0.0805369127516778
25-1194.00,6447,0.1061117450792612,0.1610738255033557
25-1194.00,6448,0.0361869347219104,0.0402684563758389
25-1194.00,6449,0.0407987779257809,0.0536912751677852
25-1194.00,6450,0.0608633659551019,0.0536912751677852
25-1194.00,6451,0.0698699389925062,0.0201342281879194
25-1194.00,6452,0.0924920851408676,0.0536912751677852
25-1194.00,6453,0.0445025479530499,0.0671140939597315
25-1194.00,6454,0.0194064046555675,0.0671140939597315
25-1194.00,6455,0.0148690907003799,0.0201342281879194
25-1194.00,6456,0.0597060340943534,0.0201342281879194
25-1194.00,6457,0.0112710128840635,0.0402684563758389
25-1194.00,6458,0.0408300849663129,0.0335570469798657
25-1194.00,6459,0.0274471186896735,0.0402684563758389
25-1194.00,6461,0.0027268193843326,0.0268456375838926
25-1194.00,6462,0.0044174593346649,0.0134228187919463
25-2011.00,6464,0.0578473549761313,0.0384615384615384
25-2011.00,6465,0.049252470966618,0.0641025641025641
25-2011.00,6466,0.0762053425888753,0.1025641025641025
25-2011.00,6467,0.0707505118589799,0.0641025641025641
25-2011.00,6468,0.0392279021411854,0.032051282051282
25-2011.00,6469,0.0481725647558813,0.1025641025641025
25-2011.00,6470,0.0408495942702934,0.0512820512820512
25-2011.00,6471,0.0127762917569682,0.0128205128205128
25-2011.00,6472,0.006687418438626,0.0192307692307692
25-2011.00,6473,0.0443701603732556,0.0128205128205128
25-2011.00,6474,0.0360375278793217,0.0384615384615384
25-2011.00,6475,0.0437233277693137,0.0256410256410256
25-2011.00,6476,0.0325008698263477,0.0641025641025641
25-2011.00,6477,0.0552337408716685,0.032051282051282
25-2011.00,6478,0.0531273862687699,0.0256410256410256
25-2011.00,6479,0.0317916992831038,0.0128205128205128
25-2011.00,6480,0.0634677273506278,0.0256410256410256
25-2011.00,6481,0.0382804938605824,0.0192307692307692
25-2011.00,6482,0.0248206954008908,0.0256410256410256
25-2011.00,6483,0.0089545889990432,0.0128205128205128
25-2011.00,6484,0.0247941538860445,0.0512820512820512
25-2011.00,6485,0.0284857820340177,0.0128205128205128
25-2011.00,6487,0.0094286559152892,0.0192307692307692
25-2011.00,6488,0.0116049630877082,0.0256410256410256
25-2011.00,6489,0.0087129876157746,0.0128205128205128
25-2011.00,6490,0.0020893326947859,0.0128205128205128
25-2011.00,6491,0.0074164656789199,0.0064102564102564
25-2011.00,6492,0.014723231528524,0.0192307692307692
25-2011.00,6493,0.016837149427319,0.0064102564102564
25-2011.00,6494,0.0055516969279766,0.0064102564102564
25-2011.00,6495,0.0088199191223455,0.0192307692307692
25-2011.00,6496,0.0038969973058183,0.0064102564102564
25-2011.00,6497,0.0099378438632302,0.0128205128205128
25-2012.00,6498,0.0575329588613248,0.1271186440677966
25-2012.00,6499,0.0716212725411785,0.0677966101694915
25-2012.00,6500,0.0584181486308421,0.0423728813559322
25-2012.00,6501,0.0583666874147051,0.1271186440677966
25-2012.00,6502,0.0351141711660991,0.0254237288135593
25-2012.00,6503,0.071633016968022,0.0423728813559322
25-2012.00,6504,0.0377914532718445,0.0211864406779661
25-2012.00,6505,0.0397697987114514,0.0847457627118644
25-2012.00,6506,0.0053524879486147,0.0127118644067796
25-2012.00,6507,0.0603420850639929,0.0338983050847457
25-2012.00,6508,0.0528168367881777,0.0169491525423728
25-2012.00,6509,0.0265450009185104,0.0169491525423728
25-2012.00,6510,0.001976338612375,0.0084745762711864
25-2012.00,6511,0.0373072796714205,0.0677966101694915
25-2012.00,6512,0.013744249602972,0.0169491525423728
25-2012.00,6513,0.0462370768578595,0.0127118644067796
25-2012.00,6514,0.0364025372289044,0.0169491525423728
25-2012.00,6515,0.0225013900595848,0.0084745762711864
25-2012.00,6516,0.0274403571482342,0.0211864406779661
25-2012.00,6517,0.0130897209145298,0.0254237288135593
25-2012.00,6518,0.0197636635584893,0.0254237288135593
25-2012.00,6519,0.0134557615499238,0.0084745762711864
25-2012.00,6521,0.0109560093857297,0.0084745762711864
25-2012.00,6522,0.0265551711066663,0.0127118644067796
25-2012.00,6523,0.0121561199972091,0.0127118644067796
25-2012.00,6524,0.0113738962956669,0.0127118644067796
25-2012.00,6525,0.0025700276128317,0.0042372881355932
25-2012.00,6526,0.0191510347275805,0.0254237288135593
25-2012.00,6527,0.0522315354774475,0.0169491525423728
25-2012.00,6529,0.0047362600903333,0.0042372881355932
25-2012.00,6531,0.014379287713425,0.0211864406779661
25-2012.00,6532,0.006146947369787,0.0084745762711864
25-2012.00,6533,0.0100699589257251,0.0042372881355932
25-2012.00,6534,0.0129973963131029,0.0042372881355932
25-2021.00,6535,0.0733026466502304,0.0449438202247191
25-2021.00,6536,0.059841610737795,0.0393258426966292
25-2021.00,6537,0.0497936931774729,0.0449438202247191
25-2021.00,6538,0.0541509216597656,0.0337078651685393
25-2021.00,6539,0.0522427045387613,0.0561797752808988
25-2021.00,6540,0.0860657457593205,0.2022471910112359
25-2021.00,6541,0.0495568295960266,0.0168539325842696
25-2021.00,6542,0.0346712744203714,0.0505617977528089
25-2021.00,6543,0.0243303847021006,0.0280898876404494
25-2021.00,6545,0.0110621963742243,0.0168539325842696
25-2021.00,6546,0.0025514917703531,0.0112359550561797
25-2021.00,6547,0.01966278023931,0.0280898876404494
25-2021.00,6548,0.0436267567578596,0.0112359550561797
25-2021.00,6549,0.046586279600786,0.0168539325842696
25-2021.00,6550,0.0229013237725681,0.0224719101123595
25-2021.00,6552,0.028320140915648,0.0224719101123595
25-2021.00,6553,0.0371357996024664,0.0112359550561797
25-2021.00,6554,0.01282104496696,0.0168539325842696
25-2021.00,6555,0.0075460695245804,0.0112359550561797
25-2021.00,6556,0.0720617285953628,0.0337078651685393
25-2021.00,6557,0.0191688501277286,0.0337078651685393
25-2021.00,6558,0.0057629344519584,0.0112359550561797
25-2021.00,6559,0.0036190415900599,0.0112359550561797
25-2021.00,6560,0.039461127941801,0.0112359550561797
25-2021.00,6561,0.0270522889799982,0.0337078651685393
25-2021.00,6562,0.0038091055462461,0.0112359550561797
25-2021.00,6563,0.0037716055428776,0.0112359550561797
25-2021.00,6564,0.0117804095603443,0.0112359550561797
25-2021.00,6565,0.0031367168056229,0.0112359550561797
25-2021.00,6566,0.0034356335983827,0.0056179775280898
25-2021.00,6567,0.0111228521408814,0.0056179775280898
25-2021.00,6569,0.0140816380327584,0.0280898876404494
25-2021.00,6570,0.0074560518643668,0.0056179775280898
25-2021.00,6571,0.0085661534110715,0.0056179775280898
25-2021.00,6572,0.0013054559975711,0.0056179775280898
25-2022.00,6573,0.0617637834485076,0.0470588235294117
25-2022.00,6574,0.0416498023110372,0.0352941176470588
25-2022.00,6575,0.0759277402061583,0.2117647058823529
25-2022.00,6576,0.0417830839240048,0.0588235294117647
25-2022.00,6577,0.0575026408713544,0.0235294117647058
25-2022.00,6578,0.0430628510021363,0.0529411764705882
25-2022.00,6579,0.0362134039551431,0.0235294117647058
25-2022.00,6580,0.1007545517911899,0.0411764705882352
25-2022.00,6581,0.0694278304662821,0.0352941176470588
25-2022.00,6582,0.0492813947331518,0.0470588235294117
25-2022.00,6583,0.0678856878548779,0.0235294117647058
25-2022.00,6584,0.0154346996324764,0.0176470588235294
25-2022.00,6585,0.0368646436460235,0.0176470588235294
25-2022.00,6586,0.0203996059002319,0.0294117647058823
25-2022.00,6588,0.0127195891300313,0.0176470588235294
25-2022.00,6589,0.0075152533210047,0.0117647058823529
25-2022.00,6591,0.0225880955729761,0.0411764705882352
25-2022.00,6592,0.0382479475285875,0.0470588235294117
25-2022.00,6593,0.027244482280845,0.0117647058823529
25-2022.00,6594,0.0063784422421862,0.0117647058823529
25-2022.00,6595,0.0047087270031732,0.0176470588235294
25-2022.00,6596,0.0196297123445847,0.0117647058823529
25-2022.00,6597,0.0012737152800902,0.0117647058823529
25-2022.00,6598,0.0128121768149973,0.0294117647058823
25-2022.00,6600,0.0159157651841498,0.0117647058823529
25-2022.00,6601,0.0087576921692209,0.0058823529411764
25-2022.00,6604,0.0058165508657373,0.0058823529411764
25-2022.00,6606,0.0042911775551213,0.0058823529411764
25-2022.00,6607,0.007217584356952,0.0058823529411764
25-2023.00,6608,0.0946359799425117,0.036144578313253
25-2023.00,6609,0.0600187360705284,0.0481927710843373
25-2023.00,6610,0.0820512460952138,0.2409638554216867
25-2023.00,6611,0.0391906832050295,0.0301204819277108
25-2023.00,6612,0.0565724151175887,0.0481927710843373
25-2023.00,6613,0.0534112375897016,0.0180722891566265
25-2023.00,6614,0.0429688972980361,0.0481927710843373
25-2023.00,6615,0.0635306042547954,0.0301204819277108
25-2023.00,6616,0.00931434618244,0.036144578313253
25-2023.00,6617,0.0843146646276489,0.0180722891566265
25-2023.00,6618,0.0434765627760035,0.0602409638554216
25-2023.00,6619,0.0461089387169342,0.0301204819277108
25-2023.00,6620,0.061871906246725,0.036144578313253
25-2023.00,6621,0.0199220695791932,0.0180722891566265
25-2023.00,6622,0.0452338846533089,0.0180722891566265
25-2023.00,6623,0.0229678054267475,0.0180722891566265
25-2023.00,6624,0.0127349067731474,0.0180722891566265
25-2023.00,6626,0.0183467310689842,0.0481927710843373
25-2023.00,6627,0.0123943101687082,0.0180722891566265
25-2023.00,6628,0.0205462321682382,0.0120481927710843
25-2023.00,6629,0.0043328425738822,0.0120481927710843
25-2023.00,6631,0.0179895486646656,0.0120481927710843
25-2023.00,6633,0.0018935401269814,0.0120481927710843
25-2023.00,6634,0.0072175242988037,0.0180722891566265
25-2023.00,6635,0.0056596770619301,0.0120481927710843
25-2023.00,6637,0.0371689727082598,0.0240963855421686
25-2023.00,6638,0.0048705449387617,0.0180722891566265
25-2031.00,6639,0.099979482554928,0.0333333333333333
25-2031.00,6640,0.0898002506227751,0.24
25-2031.00,6641,0.0497166106042819,0.02
25-2031.00,6642,0.0297919234264217,0.0533333333333333
25-2031.00,6643,0.0706251381789641,0.04
25-2031.00,6644,0.0485576345899487,0.0266666666666666
25-2031.00,6645,0.0386660151151279,0.0266666666666666
25-2031.00,6646,0.0388366905333245,0.08
25-2031.00,6647,0.046424202807885,0.0333333333333333
25-2031.00,6648,0.0533400303213056,0.0133333333333333
25-2031.00,6649,0.0404258679840603,0.0533333333333333
25-2031.00,6650,0.0767801475070357,0.0133333333333333
25-2031.00,6651,0.0249612705793366,0.02
25-2031.00,6652,0.0283554330937264,0.0133333333333333
25-2031.00,6653,0.0244633535500845,0.04
25-2031.00,6654,0.0683132934786274,0.04
25-2031.00,6656,0.0073930380910949,0.02
25-2031.00,6657,0.0248081338070237,0.0266666666666666
25-2031.00,6658,0.008055581564184,0.0133333333333333
25-2031.00,6659,0.0111517442535234,0.0133333333333333
25-2031.00,6661,0.0169857813088525,0.02
25-2031.00,6662,0.0073396425912436,0.0133333333333333
25-2031.00,6663,0.0152347706254476,0.0133333333333333
25-2031.00,6665,0.0106568466083352,0.0133333333333333
25-2031.00,6666,0.0099574750629343,0.0066666666666666
25-2031.00,6667,0.0083611328393054,0.0266666666666666
25-2031.00,6668,0.0056673139304533,0.02
25-2031.00,6669,0.0141665031250788,0.0266666666666666
25-2031.00,6670,0.0190863349677742,0.0066666666666666
25-2032.00,6671,0.0515837373833111,0.0432432432432432
25-2032.00,6672,0.0345222131236403,0.0324324324324324
25-2032.00,6673,0.0753462516748321,0.1621621621621621
25-2032.00,6674,0.0719378726292268,0.0324324324324324
25-2032.00,6675,0.0683096919229604,0.0432432432432432
25-2032.00,6676,0.0528738329232094,0.0432432432432432
25-2032.00,6677,0.0334077936347594,0.054054054054054
25-2032.00,6678,0.0307636171240821,0.0432432432432432
25-2032.00,6679,0.0608845596388968,0.0216216216216216
25-2032.00,6680,0.0263454898577638,0.054054054054054
25-2032.00,6681,0.0626159819475733,0.1081081081081081
25-2032.00,6682,0.0600298008446283,0.0216216216216216
25-2032.00,6683,0.0664339245222553,0.0324324324324324
25-2032.00,6684,0.0157730452775076,0.0324324324324324
25-2032.00,6685,0.0314217985809359,0.0108108108108108
25-2032.00,6686,0.0127637587180416,0.0162162162162162
25-2032.00,6687,0.0220133978868154,0.0216216216216216
25-2032.00,6688,0.0500042516138038,0.0162162162162162
25-2032.00,6689,0.0224378139898041,0.0216216216216216
25-2032.00,6691,0.0105939896990938,0.0108108108108108
25-2032.00,6692,0.0118922802980608,0.0108108108108108
25-2032.00,6693,0.0120308581097846,0.0162162162162162
25-2032.00,6694,0.0084771223570801,0.0108108108108108
25-2032.00,6695,0.0204230935499234,0.0162162162162162
25-2032.00,6696,0.007675570895174,0.0108108108108108
25-2032.00,6697,0.008106982635213,0.0216216216216216
25-2032.00,6698,0.0131478265776753,0.0108108108108108
25-2032.00,6699,0.0095205128444976,0.0108108108108108
25-2032.00,6700,0.0109948169580553,0.0108108108108108
25-2032.00,6702,0.0128946870939874,0.0216216216216216
25-2032.00,6703,0.0133229501643467,0.0054054054054054
25-2057.00,6744,0.0787359560308928,0.0473933649289099
25-2057.00,6745,0.0308934028934113,0.0284360189573459
25-2057.00,6746,0.0518031043313021,0.0284360189573459
25-2057.00,6747,0.0160100036197624,0.0284360189573459
25-2057.00,6748,0.0587614592474393,0.0379146919431279
25-2057.00,6749,0.0522340241526885,0.0284360189573459
25-2057.00,6750,0.0359863741134544,0.0379146919431279
25-2057.00,6751,0.0356333281768308,0.0947867298578199
25-2057.00,6752,0.0173935893692838,0.0284360189573459
25-2057.00,6753,0.0640549118604974,0.0947867298578199
25-2057.00,6754,0.0170938665660985,0.0094786729857819
25-2057.00,6755,0.0117280443288612,0.0189573459715639
25-2057.00,6756,0.0229462716889377,0.0379146919431279
25-2057.00,6757,0.038143766401001,0.0189573459715639
25-2057.00,6758,0.0335541343713304,0.0379146919431279
25-2057.00,6759,0.031234843516648,0.0189573459715639
25-2057.00,6760,0.0356655857511234,0.0189573459715639
25-2057.00,6761,0.04260879970223,0.0473933649289099
25-2057.00,6762,0.0174831092367531,0.0284360189573459
25-2057.00,6763,0.0375604353296755,0.0094786729857819
25-2057.00,6764,0.0089384696641687,0.0094786729857819
25-2057.00,6765,0.0146081765952331,0.0189573459715639
25-2057.00,6766,0.0069107212477507,0.0094786729857819
25-2057.00,6767,0.010475256794907,0.0189573459715639
25-2057.00,6768,0.0072687386992026,0.0189573459715639
25-2057.00,6769,0.0320470170334015,0.0094786729857819
25-2057.00,6770,0.0108980968513759,0.0094786729857819
25-2057.00,6771,0.0406569596308605,0.0284360189573459
25-2057.00,6772,0.0052091266816124,0.0094786729857819
25-2057.00,6773,0.0085852399421077,0.0094786729857819
25-2057.00,6774,0.0166947162146763,0.0189573459715639
25-2057.00,6775,0.0070309428275603,0.0094786729857819
25-2057.00,6776,0.0109036489276029,0.0094786729857819
25-2057.00,6777,0.0076597951028438,0.0047393364928909
25-2057.00,6778,0.0174390488853188,0.0189573459715639
25-2057.00,6780,0.0148665560442119,0.0094786729857819
25-2057.00,6781,0.0100668950843612,0.0047393364928909
25-2057.00,6782,0.0061207430059586,0.0047393364928909
25-2058.00,6784,0.0315518989891858,0.0470588235294117
25-2058.00,6785,0.0592391645403666,0.0352941176470588
25-2058.00,6786,0.0357699458715326,0.0352941176470588
25-2058.00,6787,0.0722125731735224,0.0352941176470588
25-2058.00,6788,0.0124956899408329,0.0352941176470588
25-2058.00,6789,0.0324532417165168,0.1176470588235294
25-2058.00,6790,0.0514503147331077,0.0588235294117647
25-2058.00,6791,0.031022446226532,0.0470588235294117
25-2058.00,6792,0.0354056142711606,0.0235294117647058
25-2058.00,6793,0.0427555899800765,0.0117647058823529
25-2058.00,6794,0.0667924854905117,0.0176470588235294
25-2058.00,6795,0.0290749273552415,0.0352941176470588
25-2058.00,6796,0.0204274715106412,0.0352941176470588
25-2058.00,6798,0.0195021758508635,0.0235294117647058
25-2058.00,6799,0.0035465106686882,0.0176470588235294
25-2058.00,6800,0.0353832385134577,0.0235294117647058
25-2058.00,6801,0.0109803616491839,0.0117647058823529
25-2058.00,6802,0.0386853982238122,0.0470588235294117
25-2058.00,6803,0.0163506759242113,0.0176470588235294
25-2058.00,6804,0.0175675270989957,0.0352941176470588
25-2058.00,6805,0.0221787567840625,0.0235294117647058
25-2058.00,6806,0.0028769717673309,0.0058823529411764
25-2058.00,6807,0.0133363915904803,0.0117647058823529
25-2058.00,6808,0.0164396156435359,0.0176470588235294
25-2058.00,6809,0.0324686581611422,0.0176470588235294
25-2058.00,6810,0.0093851109811041,0.0117647058823529
25-2058.00,6811,0.0550817531798509,0.0235294117647058
25-2058.00,6812,0.0073818066660934,0.0117647058823529
25-2058.00,6813,0.0181002409268049,0.0117647058823529
25-2058.00,6814,0.0143877579479156,0.0352941176470588
25-2058.00,6816,0.0085795841129964,0.0058823529411764
25-2058.00,6817,0.0037014183748322,0.0117647058823529
25-2058.00,6818,0.0033150244639208,0.0058823529411764
25-2058.00,6819,0.0110803764794448,0.0235294117647058
25-2058.00,6820,0.0168251605254614,0.0176470588235294
25-2058.00,6822,0.0064206100207022,0.0058823529411764
25-2058.00,6823,0.0039500093319855,0.0058823529411764
25-3011.00,6824,0.0566311942963385,0.038550501156515
25-3011.00,6825,0.0670816116791988,0.046260601387818
25-3011.00,6826,0.0578867929680879,0.061680801850424
25-3011.00,6827,0.087430885631938,0.1542020046260601
25-3011.00,6828,0.0294016416746994,0.030840400925212
25-3011.00,6829,0.0313661460679345,0.030840400925212
25-3011.00,6830,0.0539029493571505,0.015420200462606
25-3011.00,6831,0.0509963566995701,0.1233616037008481
25-3011.00,6832,0.0402845186819644,0.015420200462606
25-3011.00,6833,0.0426210861300553,0.015420200462606
25-3011.00,6834,0.0102428636054651,0.030840400925212
25-3011.00,6835,0.0362597843506454,0.061680801850424
25-3011.00,6836,0.0710278170733081,0.023130300693909
25-3011.00,6837,0.008907826392917,0.023130300693909
25-3011.00,6838,0.0123232796044911,0.023130300693909
25-3011.00,6839,0.0088161780170821,0.030840400925212
25-3011.00,6840,0.0329464348623653,0.030840400925212
25-3011.00,6841,0.0100216297427477,0.023130300693909
25-3011.00,6843,0.0312568611118029,0.007710100231303
25-3011.00,6844,0.0167065622543917,0.015420200462606
25-3011.00,6845,0.0061725886022496,0.015420200462606
25-3011.00,6846,0.0063735157689645,0.007710100231303
25-3011.00,6847,0.0102858928453593,0.007710100231303
25-3011.00,6848,0.0259686185112319,0.038550501156515
25-3011.00,6849,0.0129216390250587,0.015420200462606
25-3011.00,6850,0.0120674404076984,0.007710100231303
25-3011.00,6852,0.0004082309904559,0.007710100231303
25-3011.00,6853,0.0035758037323147,0.023130300693909
25-3011.00,6854,0.008102821119385,0.007710100231303
25-3011.00,6855,0.0021019642166695,0.007710100231303
25-3011.00,6856,0.0114377971883158,0.0038550501156515
25-3011.00,6858,0.0205327610582581,0.0038550501156515
25-3011.00,6859,0.0022998637865469,0.007710100231303
25-3011.00,6860,0.0013528651346003,0.0038550501156515
25-3011.00,6861,0.0093729251607742,0.0038550501156515
25-9031.00,6863,0.0260986487914764,0.03125
25-9031.00,6864,0.0499563783076099,0.0546875
25-9031.00,6865,0.0310106358779182,0.0703125
25-9031.00,6866,0.0140708650879003,0.0234375
25-9031.00,6867,0.0531799434473969,0.015625
25-9031.00,6870,0.0186054146742781,0.0546875
25-9031.00,6871,0.0817373199365172,0.0625
25-9031.00,6873,0.0017891194057595,0.0234375
25-9031.00,6875,0.0212861872862389,0.0390625
25-9031.00,6876,0.0147111010978001,0.0078125
25-9031.00,6877,0.2731477647649446,0.015625
25-9031.00,6878,0.0028531090322405,0.015625
27-1014.00,6882,0.1785265500450832,0.1587301587301587
27-1014.00,6883,0.0788887253938354,0.1904761904761904
27-1014.00,6884,0.0533437246272071,0.1693121693121693
27-1014.00,6885,0.0490596954032901,0.0105820105820105
27-1014.00,6886,0.0433824563650901,0.0634920634920634
27-1014.00,6887,0.0908222101961465,0.1269841269841269
27-1014.00,6888,0.1078135343562305,0.0211640211640211
27-1014.00,6889,0.0276788283350831,0.0423280423280423
27-1014.00,6891,0.0082097985769558,0.0529100529100529
27-1014.00,6893,0.1357901372667037,0.0423280423280423
27-1014.00,6894,0.0087777278112737,0.0529100529100529
27-1014.00,6895,0.037757740458765,0.0158730158730158
27-1021.00,6896,0.177945191319252,0.1739130434782608
27-1021.00,6897,0.0345758152692,0.0579710144927536
27-1021.00,6898,0.1310745491853734,0.1159420289855072
27-1021.00,6899,0.0073346105417082,0.0434782608695652
27-1021.00,6900,0.059220990004172,0.0869565217391304
27-1021.00,6901,0.036595218012767,0.0434782608695652
27-1021.00,6902,0.082445757481632,0.072463768115942
27-1021.00,6903,0.0068386574418919,0.036231884057971
27-1021.00,6904,0.0232013209032797,0.0579710144927536
27-1021.00,6905,0.0463946713116759,0.0289855072463768
27-1021.00,6906,0.0402976480258994,0.0434782608695652
27-1021.00,6907,0.0265824635982657,0.0579710144927536
27-1021.00,6908,0.0083292622185133,0.072463768115942
27-1021.00,6909,0.0244088235163141,0.0434782608695652
27-1021.00,6911,0.0231827026420271,0.036231884057971
27-1021.00,6912,0.0016797226250566,0.0144927536231884
29-1011.00,6913,0.1573869352882629,0.2884615384615384
29-1011.00,6914,0.1556902455970723,0.1538461538461538
29-1011.00,6915,0.1160602405396084,0.1153846153846153
29-1011.00,6916,0.1242917600634086,0.1153846153846153
29-1011.00,6917,0.1226241724705432,0.0769230769230769
29-1011.00,6918,0.1097499212197849,0.0576923076923076
29-1011.00,6919,0.056550048335941,0.0576923076923076
29-1011.00,6920,0.104087535992948,0.0576923076923076
29-1011.00,6922,0.0231479852582969,0.0192307692307692
29-1011.00,6923,0.0106946574937864,0.0288461538461538
29-1021.00,6925,0.0928288873204498,0.0347071583514099
29-1021.00,6926,0.1119271270017879,0.1041214750542299
29-1021.00,6927,0.0686007160673426,0.0433839479392624
29-1021.00,6929,0.0704995788008645,0.0347071583514099
29-1021.00,6930,0.033150087366719,0.0433839479392624
29-1021.00,6931,0.076664483882018,0.1301518438177874
29-1021.00,6932,0.0139906545244046,0.0260303687635574
29-1021.00,6933,0.0297066732227695,0.0130151843817787
29-1021.00,6934,0.062969239014331,0.0086767895878524
29-1021.00,6935,0.0125309395523805,0.0216919739696312
29-1021.00,6936,0.0246841767574187,0.0130151843817787
29-1021.00,6937,0.015168652484776,0.0347071583514099
29-1021.00,6938,0.0206552442339294,0.0260303687635574
29-1021.00,6939,0.0287648385398954,0.0086767895878524
29-1021.00,6941,0.0323334274006194,0.0086767895878524
29-1021.00,6942,0.0319860043077346,0.0043383947939262
29-1021.00,6943,0.0129902246424564,0.0021691973969631
29-2053.00,6944,0.1026350490026892,0.1481481481481481
29-2053.00,6945,0.0848648762951205,0.1728395061728395
29-2053.00,6946,0.0841955297996566,0.1234567901234567
29-2053.00,6947,0.0387389150869918,0.0493827160493827
29-2053.00,6948,0.0885429656317274,0.0617283950617283
29-2053.00,6949,0.0494836987166492,0.0617283950617283
29-2053.00,6950,0.0438106819870472,0.0432098765432098
29-2053.00,6951,0.027521405806751,0.0185185185185185
29-2053.00,6952,0.0410211461083898,0.0864197530864197
29-2053.00,6954,0.0317357646580548,0.0308641975308641
29-2053.00,6955,0.0065965008602274,0.037037037037037
39-9041.00,6970,0.1011454630453739,0.0695652173913043
39-9041.00,6971,0.027282860968783,0.008695652173913
39-9041.00,6972,0.0481778107754044,0.0347826086956521
39-9041.00,6973,0.0182233350623538,0.0260869565217391
39-9041.00,6974,0.0705832289120482,0.0434782608695652
39-9041.00,6975,0.0123022206168518,0.0434782608695652
39-9041.00,6976,0.0919430153933563,0.1043478260869565
39-9041.00,6977,0.0781578138176961,0.0869565217391304
39-9041.00,6978,0.0652154759232777,0.0260869565217391
39-9041.00,6979,0.0312248107256988,0.017391304347826
39-9041.00,6980,0.021738668843939,0.017391304347826
39-9041.00,6981,0.0140681875952839,0.0260869565217391
39-9041.00,6982,0.0087305571297505,0.0347826086956521
39-9041.00,6983,0.014615468949569,0.008695652173913
39-9041.00,6984,0.025535507323107,0.017391304347826
39-9041.00,6985,0.0099204660890315,0.008695652173913
39-9041.00,6986,0.0956160549550345,0.0782608695652174
39-9041.00,6988,0.0219773760949546,0.008695652173913
39-9041.00,6989,0.0129862990896505,0.0260869565217391
39-9041.00,6990,0.0184894013899057,0.017391304347826
39-9041.00,6991,0.0080672919838564,0.008695652173913
39-9041.00,6992,0.015396938317944,0.017391304347826
39-9041.00,6993,0.0110748452664821,0.0260869565217391
39-9041.00,6994,0.0241221357140459,0.0347826086956521
39-9041.00,6995,0.0273400887291625,0.0521739130434782
39-9041.00,6996,0.0168446944754219,0.0260869565217391
39-9041.00,6997,0.006084680106257,0.008695652173913
41-2012.00,6998,0.1067623388901846,0.0526315789473684
41-2012.00,6999,0.1304105815626881,0.0789473684210526
41-2012.00,7002,0.0500526583548663,0.0526315789473684
41-2012.00,7003,0.1191622186120155,0.0394736842105263
41-2012.00,7004,0.0417771309262046,0.0197368421052631
41-2012.00,7005,0.0356314423734777,0.0328947368421052
41-2012.00,7006,0.0855051396445514,0.131578947368421
41-2012.00,7007,0.0692297058337527,0.0657894736842105
41-2012.00,7008,0.0386701645553563,0.0197368421052631
41-2012.00,7009,0.0249549261864856,0.0263157894736842
43-5021.00,7010,0.1129367690828684,0.272108843537415
43-5021.00,7011,0.0503501320046269,0.0544217687074829
43-5021.00,7012,0.046932287725193,0.0272108843537414
43-5021.00,7013,0.0811992729800363,0.0476190476190476
43-5021.00,7014,0.0804326467515227,0.0544217687074829
43-5021.00,7015,0.0598494792311851,0.2040816326530612
43-5021.00,7016,0.0694210413373457,0.0408163265306122
43-5021.00,7017,0.035575328355678,0.0680272108843537
43-5021.00,7018,0.0718048579288657,0.0544217687074829
43-5021.00,7019,0.0441766363305624,0.0340136054421768
43-5021.00,7020,0.0136632863199919,0.0136054421768707
43-5021.00,7023,0.0326611303194289,0.0204081632653061
45-4011.00,7026,0.0768907278997206,0.0352112676056338
45-4011.00,7027,0.0273463081984271,0.028169014084507
45-4011.00,7029,0.0310501466218508,0.0704225352112676
45-4011.00,7030,0.0381777225211934,0.0845070422535211
45-4011.00,7031,0.026602503287454,0.0845070422535211
45-4011.00,7032,0.0115839383963603,0.056338028169014
45-4011.00,7034,0.0139233321386606,0.0704225352112676
45-4011.00,7035,0.0360980240441402,0.028169014084507
45-4011.00,7037,0.0077655338149815,0.0352112676056338
45-4011.00,7038,0.0052878881597787,0.056338028169014
45-4011.00,7040,0.0424317105482789,0.0422535211267605
45-4011.00,7041,0.0285804089525477,0.0211267605633802
45-4011.00,7042,0.0077388154149543,0.056338028169014
45-4011.00,7045,0.0129382060578719,0.0492957746478873
47-2051.00,7047,0.0684458194365629,0.045045045045045
47-2051.00,7048,0.0595503092697794,0.09009009009009
47-2051.00,7049,0.1091652412953892,0.2162162162162162
47-2051.00,7050,0.065777195980778,0.072072072072072
47-2051.00,7051,0.065686066879687,0.054054054054054
47-2051.00,7052,0.0569210911660282,0.036036036036036
47-2051.00,7053,0.0683047754131467,0.036036036036036
47-2051.00,7054,0.019884572469897,0.036036036036036
47-2051.00,7055,0.0564947696078926,0.054054054054054
47-2051.00,7056,0.0460000126622811,0.036036036036036
47-2051.00,7057,0.0141004350790335,0.018018018018018
47-2051.00,7058,0.0302825407671956,0.027027027027027
47-2051.00,7059,0.0699782485178889,0.036036036036036
47-2051.00,7060,0.021791225786881,0.018018018018018
47-2051.00,7061,0.0327895276089144,0.036036036036036
47-2051.00,7062,0.0668495844898055,0.036036036036036
47-2051.00,7063,0.0064058274332577,0.009009009009009
47-2051.00,7064,0.0211485699664009,0.027027027027027
47-2051.00,7065,0.0126288224926975,0.009009009009009
47-2051.00,7066,0.0292377954637011,0.009009009009009
47-2051.00,7067,0.0146192062367388,0.018018018018018
47-2051.00,7068,0.0179350575028483,0.018018018018018
47-2051.00,7069,0.0138251007191182,0.027027027027027
47-2051.00,7070,0.0057578021574328,0.009009009009009
47-2051.00,7071,0.0087415383973799,0.009009009009009
47-2051.00,7072,0.0176788631992623,0.018018018018018
47-5013.00,7074,0.0228175234337172,0.0363636363636363
47-5013.00,7075,0.0132499908699788,0.0727272727272727
47-5013.00,7076,0.0166432072700166,0.0363636363636363
47-5013.00,7078,0.0146084275945304,0.1212121212121212
47-5013.00,7079,0.0036250246704134,0.0242424242424242
47-5013.00,7080,0.0176692122737481,0.0484848484848484
47-5013.00,7081,0.0203517216561422,0.0606060606060606
47-5013.00,7083,0.0512958405389871,0.0484848484848484
47-5013.00,7085,0.0106428524153824,0.0363636363636363
47-5013.00,7088,0.0138165056876613,0.0363636363636363
47-5071.00,7112,0.0667907804830188,0.2083333333333333
47-5071.00,7113,0.0099766638231453,0.0416666666666666
47-5071.00,7115,0.0300961341678441,0.1111111111111111
47-5071.00,7116,0.0177938010137442,0.0555555555555555
47-5071.00,7117,0.0044956737349506,0.0277777777777777
47-5071.00,7119,0.0113024174684457,0.1111111111111111
51-9081.00,7133,0.1262422163806064,0.0671641791044776
51-9081.00,7134,0.1208807159891073,0.1791044776119403
51-9081.00,7135,0.0919510023621823,0.0522388059701492
51-9081.00,7136,0.0828411942040573,0.0373134328358208
51-9081.00,7137,0.0665721801999944,0.0746268656716417
51-9081.00,7138,0.0294362029094105,0.0522388059701492
51-9081.00,7139,0.0612765602757829,0.0820895522388059
51-9081.00,7140,0.0367123909802701,0.0522388059701492
51-9081.00,7141,0.0459511947760143,0.0223880597014925
51-9081.00,7142,0.065723172708449,0.0895522388059701
51-9081.00,7143,0.068009859742622,0.1044776119402985
51-9081.00,7144,0.0201428123910062,0.0223880597014925
51-9081.00,7145,0.0326665166461137,0.0223880597014925
51-9081.00,7146,0.0359430641516998,0.0373134328358208
51-9081.00,7147,0.0466024324479947,0.0223880597014925
51-9081.00,7148,0.0399490742275994,0.044776119402985
51-9081.00,7149,0.029099409607089,0.0373134328358208
53-7081.00,7170,0.0452322140339048,0.033288948069241
53-7081.00,7171,0.0408288634836081,0.0199733688415446
53-7081.00,7172,0.0288660998112783,0.0066577896138482
53-7081.00,7174,0.1072787780583741,0.2396804260985353
53-7081.00,7175,0.1275944419735839,0.1065246338215712
53-7081.00,7176,0.0830760958909563,0.1997336884154461
53-7081.00,7177,0.0923820307186908,0.1597869507323568
53-7081.00,7178,0.0658087003254145,0.0133155792276964
53-7081.00,7179,0.0443194643318799,0.0066577896138482
53-7081.00,7180,0.0355886061082428,0.0133155792276964
53-7081.00,7181,0.025985089069043,0.033288948069241
11-9071.00,7185,0.0508052043650712,0.0620155038759689
11-9071.00,7186,0.0412276631792486,0.0232558139534883
11-9071.00,7187,0.0566959267015058,0.0310077519379844
11-9071.00,7188,0.031731805867162,0.0465116279069767
11-9071.00,7189,0.0848651562419642,0.2325581395348837
11-9071.00,7190,0.058939427171814,0.0465116279069767
11-9071.00,7191,0.094150357915573,0.0775193798449612
11-9071.00,7192,0.0074708004478928,0.0232558139534883
11-9071.00,7193,0.0405880880772559,0.0465116279069767
11-9071.00,7194,0.0499927637706331,0.0620155038759689
11-9071.00,7195,0.0397514463470221,0.0155038759689922
11-9071.00,7196,0.0811452760393322,0.0775193798449612
11-9071.00,7197,0.0320014618956219,0.0310077519379844
11-9071.00,7198,0.0153308620827318,0.0465116279069767
11-9071.00,7199,0.0217814838750582,0.0620155038759689
11-9071.00,7200,0.0408223238641956,0.0155038759689922
11-9071.00,7202,0.0244149613244085,0.0310077519379844
11-9121.00,7203,0.1274436286306232,0.1147540983606557
11-9121.00,7204,0.0587617711985685,0.0655737704918032
11-9121.00,7205,0.1243067068167172,0.1311475409836065
11-9121.00,7206,0.007339661555943,0.0491803278688524
11-9121.00,7207,0.1283150238920895,0.081967213114754
11-9121.00,7208,0.1074758201862691,0.0983606557377049
11-9121.00,7209,0.1427324473353088,0.0983606557377049
11-9121.00,7210,0.0469798739311518,0.0655737704918032
11-9121.00,7211,0.028649998230372,0.0491803278688524
11-9121.00,7212,0.0191439511537021,0.0327868852459016
11-9121.00,7213,0.0327433942913594,0.0163934426229508
11-9121.00,7214,0.0710429571017749,0.0655737704918032
11-9121.00,7215,0.0446958719014948,0.0327868852459016
11-9121.00,7216,0.004437625053653,0.0163934426229508
11-9121.00,7217,0.0427007439022745,0.0655737704918032
11-9121.00,7218,0.0132305248186974,0.0163934426229508
13-1032.00,7246,0.2047767567963277,0.2222222222222222
13-1032.00,7247,0.194557692498638,0.1414141414141414
13-1032.00,7248,0.1837528179285718,0.2828282828282828
13-1032.00,7249,0.1358294740003782,0.0909090909090909
13-1032.00,7250,0.0682270590325677,0.0505050505050505
13-1032.00,7251,0.1931841113936964,0.1818181818181818
13-1032.00,7252,0.0196720883498199,0.0303030303030303
19-1031.02,7497,0.0860354087370309,0.1071428571428571
19-1031.02,7498,0.0638418396457025,0.0535714285714285
19-1031.02,7499,0.0238196832031513,0.0357142857142857
19-1031.02,7500,0.1450393518106355,0.0714285714285714
19-1031.02,7501,0.1050388166559174,0.0446428571428571
19-1031.02,7502,0.0629584805104389,0.0714285714285714
19-1031.02,7503,0.04368237604262,0.0803571428571428
19-1031.02,7504,0.1238104852861193,0.0714285714285714
19-1031.02,7505,0.0237028631626352,0.0357142857142857
19-1031.02,7506,0.0487745255767358,0.0625
19-1031.02,7507,0.0201765528328273,0.0446428571428571
19-1031.02,7508,0.0509296389901545,0.0357142857142857
19-1031.02,7509,0.0143252486467237,0.0357142857142857
19-1031.02,7511,0.0072910980679485,0.0178571428571428
19-1042.00,7513,0.0887546470964977,0.081081081081081
19-1042.00,7514,0.0934671767434236,0.0405405405405405
19-1042.00,7515,0.0629287619713435,0.1081081081081081
19-1042.00,7516,0.0335786859791278,0.054054054054054
19-1042.00,7517,0.047091539354293,0.1351351351351351
19-1042.00,7518,0.0124926555375095,0.027027027027027
19-1042.00,7519,0.0318599596830803,0.081081081081081
19-1042.00,7520,0.0027171267515876,0.027027027027027
19-1042.00,7521,0.0718653507489525,0.081081081081081
19-1042.00,7523,0.0174635903249512,0.1081081081081081
19-4013.00,7576,0.0906178091743797,0.192
19-4013.00,7577,0.0636290731349746,0.096
19-4013.00,7578,0.0400186908556427,0.064
19-4013.00,7579,0.0543646449272194,0.08
19-4013.00,7581,0.0884933508064282,0.08
19-4013.00,7582,0.1279860544390267,0.032
19-4013.00,7583,0.0435904589414261,0.064
19-4013.00,7584,0.0178833956260355,0.064
19-4013.00,7585,0.098304087762457,0.032
19-4013.00,7587,0.0168878796798167,0.024
19-4051.02,7597,0.0672557385270321,0.0379746835443038
19-4051.02,7599,0.0878929947101019,0.0886075949367088
19-4051.02,7600,0.0279610520967113,0.0189873417721519
19-4051.02,7601,0.1041621859465198,0.0379746835443038
19-4051.02,7602,0.119448034593804,0.1139240506329113
19-4051.02,7603,0.0599516845384643,0.0886075949367088
19-4051.02,7604,0.0253076579965122,0.0569620253164556
19-4051.02,7605,0.0399929891963026,0.0316455696202531
19-4051.02,7606,0.0340782847280107,0.050632911392405
19-4051.02,7608,0.0250330700475537,0.050632911392405
19-4051.02,7610,0.0555478770181643,0.0569620253164556
19-4051.02,7612,0.0455441466451696,0.0632911392405063
23-1021.00,7617,0.0894702643467398,0.1739130434782608
23-1021.00,7618,0.1204152947031241,0.1159420289855072
23-1021.00,7619,0.0652636476737592,0.1159420289855072
23-1021.00,7620,0.1039245375480085,0.0434782608695652
23-1021.00,7621,0.0744021267300274,0.0579710144927536
23-1021.00,7622,0.0710628202455385,0.0144927536231884
23-1021.00,7623,0.0709789323748324,0.144927536231884
23-1021.00,7624,0.0839023001752985,0.0289855072463768
23-1021.00,7625,0.073472460004284,0.144927536231884
23-1021.00,7626,0.0508313278163211,0.0434782608695652
23-1021.00,7627,0.0922942473488276,0.072463768115942
23-1021.00,7628,0.0385691285496593,0.0144927536231884
23-1021.00,7629,0.0264874693434202,0.0144927536231884
27-2011.00,7643,0.054889489704405,0.1641137855579868
27-2011.00,7644,0.0805671818949712,0.087527352297593
27-2011.00,7645,0.0486369854025802,0.0547045951859956
27-2011.00,7646,0.1012961118052244,0.1094091903719912
27-2011.00,7647,0.0726105378340019,0.1312910284463894
27-2011.00,7648,0.0085325553544589,0.1094091903719912
27-2011.00,7649,0.0618730046175335,0.1641137855579868
27-2011.00,7650,0.0323117161493837,0.0437636761487965
27-2011.00,7651,0.068572458996339,0.0328227571115973
27-2011.00,7652,0.0233280049603723,0.0218818380743982
27-2011.00,7655,0.0159022016243231,0.0109409190371991
27-2011.00,7656,0.0340278193051395,0.0218818380743982
27-2011.00,7659,0.0012297718260486,0.0010940919037199
27-2012.03,7662,0.0511459686661394,0.123076923076923
27-2012.03,7663,0.0747046613397525,0.0769230769230769
27-2012.03,7664,0.062147650747208,0.0923076923076923
27-2012.03,7665,0.0306872254739059,0.0461538461538461
27-2012.03,7666,0.0520267488966045,0.0461538461538461
27-2012.03,7667,0.0594919662380614,0.0769230769230769
27-2012.03,7668,0.0108710892088385,0.0307692307692307
27-2012.03,7669,0.0142133757938238,0.0615384615384615
27-2012.03,7670,0.0060778103476589,0.0384615384615384
27-2012.03,7671,0.0242866246665885,0.0615384615384615
27-2012.03,7672,0.0152015515774165,0.0615384615384615
27-2012.03,7673,0.0343836605628459,0.0307692307692307
27-2012.03,7675,0.0574739249876756,0.0307692307692307
27-2012.03,7676,0.0286407529921551,0.0461538461538461
27-2012.03,7677,0.0028685145631945,0.0153846153846153
27-2012.03,7678,0.0204774150807359,0.023076923076923
27-2012.03,7679,0.083476557294785,0.0153846153846153
27-2012.03,7680,0.1034865123941258,0.0153846153846153
27-2012.03,7682,0.0507598194936549,0.0153846153846153
27-2012.03,7683,0.0267408997941745,0.0153846153846153
27-2012.03,7684,0.0254282545644687,0.0307692307692307
27-2031.00,7685,0.1220567043638121,0.16
27-2031.00,7686,0.1523163760087325,0.2
27-2031.00,7687,0.1612544986336662,0.1333333333333333
27-2031.00,7688,0.045227919000978,0.1066666666666666
27-2031.00,7689,0.0429392902789841,0.0533333333333333
27-2031.00,7690,0.1416657132567588,0.1066666666666666
27-2031.00,7691,0.0035665421924212,0.0266666666666666
27-2031.00,7693,0.0683092062226182,0.0133333333333333
27-2031.00,7694,0.0414351068012288,0.02
27-2031.00,7695,0.0246668082790229,0.0666666666666666
27-2031.00,7696,0.0225451069245967,0.0266666666666666
27-2031.00,7697,0.0448682305802442,0.04
29-1023.00,7732,0.093479296344523,0.1487603305785124
29-1023.00,7733,0.0829812090097725,0.0991735537190082
29-1023.00,7734,0.1095312607209282,0.0743801652892562
29-1023.00,7735,0.1100706730700436,0.1157024793388429
29-1023.00,7736,0.0867724938127821,0.0826446280991735
29-1023.00,7737,0.1111238737787434,0.2975206611570248
29-1023.00,7738,0.0742481035778118,0.0661157024793388
29-1023.00,7739,0.1088087734432796,0.0413223140495867
29-1023.00,7740,0.0407276659229806,0.024793388429752
29-1023.00,7741,0.0661601116532962,0.0495867768595041
29-1024.00,7743,0.1176594023290956,0.1509433962264151
29-1024.00,7744,0.0973181016043964,0.0943396226415094
29-1024.00,7745,0.1275778089463952,0.1509433962264151
29-1024.00,7746,0.0795795776467145,0.0754716981132075
29-1024.00,7747,0.0557547677237441,0.0566037735849056
29-1024.00,7748,0.0502170968036801,0.0566037735849056
29-1024.00,7749,0.0901066770684122,0.0566037735849056
29-1024.00,7750,0.0412218722990589,0.0377358490566037
29-1024.00,7751,0.0371004594741338,0.0754716981132075
29-1024.00,7752,0.020353500392002,0.0188679245283018
29-1211.00,7753,0.0900713916586012,0.1420118343195266
29-1211.00,7754,0.1011274571729095,0.2130177514792899
29-1211.00,7755,0.0543993712258041,0.0710059171597633
29-1211.00,7756,0.1221043518616431,0.1183431952662721
29-1211.00,7757,0.0697402578374149,0.0946745562130177
29-1211.00,7758,0.0804059188648244,0.029585798816568
29-1211.00,7759,0.0735265367071311,0.0473372781065088
29-1211.00,7760,0.0731225285152901,0.059171597633136
29-1211.00,7761,0.0412843306777961,0.0414201183431952
29-1211.00,7762,0.0394286917132668,0.0473372781065088
29-1211.00,7763,0.0311809672611201,0.0177514792899408
29-1211.00,7764,0.021484862100529,0.0118343195266272
29-1211.00,7765,0.029427391494982,0.0355029585798816
29-1211.00,7766,0.0350158168855562,0.0177514792899408
29-1211.00,7767,0.04879384209637,0.0236686390532544
29-1211.00,7768,0.0140966631508516,0.0118343195266272
29-1211.00,7769,0.0100733976358612,0.0059171597633136
29-1215.00,7771,0.1260749579136652,0.15625
29-1215.00,7772,0.114755403452643,0.125
29-1215.00,7773,0.107153061503896,0.09375
29-1215.00,7774,0.1195079714652602,0.234375
29-1215.00,7775,0.111110474820798,0.109375
29-1215.00,7776,0.1145877704869484,0.078125
29-1215.00,7777,0.0480290267126733,0.03125
29-1215.00,7778,0.0681411359446021,0.046875
29-1215.00,7779,0.0498834508278571,0.046875
29-1216.00,7785,0.072242632638279,0.1194029850746268
29-1216.00,7786,0.0785345664207621,0.099502487562189
29-1216.00,7787,0.0783606254805544,0.0597014925373134
29-1216.00,7788,0.0635538374088243,0.1194029850746268
29-1216.00,7789,0.0788200999792655,0.099502487562189
29-1216.00,7790,0.0736776609650877,0.0796019900497512
29-1216.00,7791,0.0792543589451813,0.1393034825870646
29-1216.00,7792,0.0379143827704268,0.0497512437810945
29-1216.00,7793,0.076564816190737,0.0597014925373134
29-1216.00,7794,0.0677606173890827,0.0398009950248756
29-1216.00,7795,0.0493905711964383,0.0248756218905472
29-1216.00,7796,0.0326741529576096,0.0049751243781094
29-1216.00,7797,0.0098967812689044,0.0149253731343283
29-1216.00,7798,0.0658538277662943,0.0398009950248756
29-1216.00,7799,0.0247800374198689,0.0298507462686567
29-1216.00,7800,0.0120442633384505,0.0
29-1216.00,7801,0.0064967140649451,0.0049751243781094
29-1216.00,7803,0.0046104998654005,0.0099502487562189
29-1218.00,7804,0.1299137208338793,0.1678321678321678
29-1218.00,7805,0.1083882965012437,0.0839160839160839
29-1218.00,7806,0.0943060374882921,0.1118881118881118
29-1218.00,7807,0.0976530947513394,0.0699300699300699
29-1218.00,7808,0.0144068495605172,0.1118881118881118
29-1218.00,7809,0.0855493308522599,0.0559440559440559
29-1218.00,7810,0.1372441801013436,0.0699300699300699
29-1218.00,7811,0.1387984570732108,0.1678321678321678
29-1218.00,7812,0.0658701431745833,0.0419580419580419
29-1218.00,7813,0.0158024800807707,0.0139860139860139
29-1218.00,7814,0.0193198918602527,0.0279720279720279
29-1218.00,7815,0.0763601235213035,0.0419580419580419
29-1218.00,7816,0.0056748626551151,0.0069930069930069
29-1218.00,7817,0.0098230503999474,0.0139860139860139
29-1218.00,7818,0.0008894811459407,0.0139860139860139
29-1221.00,7819,0.1013783212808902,0.0689655172413793
29-1221.00,7820,0.1285606626430765,0.1379310344827586
29-1221.00,7822,0.1200600158692454,0.1655172413793103
29-1221.00,7823,0.106764851665913,0.0827586206896551
29-1221.00,7825,0.0952910170129022,0.0689655172413793
29-1221.00,7826,0.0687664103347418,0.0551724137931034
29-1221.00,7827,0.0619986879272524,0.0275862068965517
29-1221.00,7828,0.030210223206778,0.0275862068965517
29-1221.00,7829,0.0609304785567835,0.0413793103448275
29-1221.00,7830,0.009046569546377,0.0137931034482758
29-1221.00,7831,0.0068339110769136,0.0137931034482758
29-1221.00,7833,0.007053750763696,0.0068965517241379
29-1081.00,7849,0.1639370431359927,0.2201834862385321
29-1081.00,7850,0.1236636228334569,0.073394495412844
29-1081.00,7851,0.123736852251015,0.146788990825688
29-1081.00,7852,0.1728596978414432,0.091743119266055
29-1081.00,7853,0.06567987711842,0.018348623853211
29-1081.00,7854,0.0525154002632938,0.036697247706422
29-1081.00,7855,0.0568320226791408,0.055045871559633
29-1081.00,7856,0.0415820305150758,0.146788990825688
29-1081.00,7857,0.0299077720107639,0.0091743119266055
29-1081.00,7858,0.0215704161617254,0.018348623853211
33-3031.00,7915,0.1612841322518718,0.2727272727272727
33-3031.00,7918,0.1098510130520309,0.0606060606060606
33-3031.00,7919,0.003118816997308,0.0227272727272727
33-3031.00,7921,0.0163425064527061,0.0303030303030303
33-3031.00,7922,0.0069840222941424,0.0227272727272727
33-3031.00,7923,0.0039908084565336,0.0151515151515151
33-3031.00,7924,0.0439201246700779,0.0378787878787878
33-3031.00,7926,0.0094392013797919,0.0303030303030303
33-3031.00,7928,0.0064780323172492,0.0303030303030303
33-3031.00,7929,0.020976363699643,0.0227272727272727
33-3031.00,7930,0.0030595078056836,0.0151515151515151
33-3031.00,7931,0.0015881238057909,0.0227272727272727
33-3031.00,7933,0.0276375095636725,0.0454545454545454
33-3031.00,7934,0.0029602882164098,0.0303030303030303
33-3041.00,7937,0.0727034450202623,0.1081081081081081
33-3041.00,7938,0.0472631907442121,0.0864864864864864
33-3041.00,7939,0.0385278727676537,0.0324324324324324
33-3041.00,7941,0.0514484692531801,0.054054054054054
33-3041.00,7942,0.0196312885202559,0.0108108108108108
33-3041.00,7943,0.0218724148150483,0.0108108108108108
33-3041.00,7944,0.0221415490866322,0.0162162162162162
33-3041.00,7945,0.0365700768892584,0.0108108108108108
33-3041.00,7946,0.0430655429234828,0.0324324324324324
33-3041.00,7949,0.0061301552272212,0.0216216216216216
33-3041.00,7953,0.0272362626242876,0.027027027027027
33-3041.00,7954,0.0173476036880139,0.0108108108108108
33-3041.00,7956,0.0137784383129362,0.0108108108108108
37-2021.00,7974,0.2509581039443649,0.0592592592592592
37-2021.00,7975,0.1672340354969349,0.1481481481481481
37-2021.00,7976,0.1085313120944292,0.1777777777777777
37-2021.00,7977,0.0598250293117712,0.0444444444444444
37-2021.00,7978,0.0392249961436289,0.0444444444444444
37-2021.00,7979,0.1256681571680594,0.1481481481481481
37-2021.00,7981,0.0150239689600341,0.0222222222222222
37-2021.00,7982,0.0115716628457707,0.0444444444444444
37-2021.00,7983,0.0248744290258133,0.037037037037037
37-2021.00,7985,0.0237754432743526,0.0888888888888888
37-2021.00,7986,0.0093401254380468,0.0296296296296296
39-2011.00,7988,0.0766322694076062,0.0372093023255813
39-2011.00,7989,0.0705239817141035,0.0372093023255813
39-2011.00,7990,0.0200598433129934,0.0186046511627906
39-2011.00,7991,0.053451610251572,0.027906976744186
39-2011.00,7992,0.0752039512715489,0.1116279069767441
39-2011.00,7993,0.1362314743827474,0.0744186046511627
39-2011.00,7995,0.0310595022737154,0.0465116279069767
39-2011.00,7996,0.0114036698406249,0.013953488372093
39-2011.00,8001,0.0336855872322976,0.0744186046511627
39-2011.00,8002,0.0105418537718625,0.0465116279069767
39-2011.00,8004,0.0004486125215463,0.0186046511627906
39-3012.00,8007,0.0934740647348463,0.1195219123505976
39-3012.00,8008,0.0819710838712944,0.0796812749003984
39-3012.00,8009,0.058003210062914,0.0318725099601593
39-3012.00,8010,0.0422354186441993,0.0796812749003984
39-3012.00,8011,0.0606737725167994,0.0637450199203187
39-3012.00,8012,0.0578818608311891,0.1195219123505976
39-3012.00,8013,0.0176759550554085,0.0159362549800796
39-3012.00,8014,0.0654670869085896,0.095617529880478
39-3012.00,8016,0.0569147930600232,0.0637450199203187
39-3012.00,8017,0.0277424658650795,0.0199203187250996
39-3012.00,8018,0.0385464578291431,0.0318725099601593
39-3012.00,8019,0.0328962353252431,0.0278884462151394
39-3012.00,8020,0.0252845052981313,0.0398406374501992
39-3012.00,8023,0.0249166757453679,0.0159362549800796
39-3012.00,8026,0.0222289595690509,0.0079681274900398
39-3021.00,8029,0.0867094482022929,0.0662251655629139
39-3021.00,8030,0.1248100062287067,0.1986754966887417
39-3021.00,8031,0.0843089544028179,0.1324503311258278
39-3021.00,8032,0.0031434711393507,0.0529801324503311
39-3021.00,8033,0.012482055309597,0.0397350993377483
39-3021.00,8034,0.0460065425903313,0.0397350993377483
39-3021.00,8039,0.0077934696753027,0.0198675496688741
39-3021.00,8040,0.0381565870743966,0.0397350993377483
39-3021.00,8041,0.0369413246958237,0.0529801324503311
39-3021.00,8042,0.0401291886207669,0.0132450331125827
39-3021.00,8046,0.0417223188686309,0.0132450331125827
39-3021.00,8047,0.0120602151396283,0.0132450331125827
39-3021.00,8048,0.027032289367323,0.0264900662251655
39-5011.00,8049,0.1151711293212524,0.0704225352112676
39-5011.00,8050,0.1241841161700235,0.3873239436619718
39-5011.00,8051,0.1263658663891397,0.0264084507042253
39-5011.00,8052,0.0938828296814413,0.0440140845070422
39-5011.00,8053,0.1140606122940297,0.0616197183098591
39-5011.00,8054,0.0820411853870747,0.0440140845070422
39-5011.00,8055,0.0034566819712433,0.0088028169014084
39-5011.00,8056,0.0536782276461048,0.079225352112676
39-5011.00,8057,0.0239786419601142,0.0176056338028169
39-5011.00,8058,0.0259313597014639,0.0088028169014084
39-5011.00,8059,0.0202751361877032,0.0352112676056338
39-5011.00,8060,0.0158104265262654,0.0176056338028169
39-5011.00,8061,0.029084927551716,0.0264084507042253
39-5011.00,8063,0.0466116574606217,0.0880281690140845
39-5011.00,8065,0.013735047975678,0.0176056338028169
39-5011.00,8066,0.0070788658905079,0.0264084507042253
39-5011.00,8067,0.0078797731720055,0.0088028169014084
39-5094.00,8070,0.0971568072907874,0.0404858299595141
39-5094.00,8071,0.0697784586205773,0.0404858299595141
39-5094.00,8072,0.083292119304535,0.0566801619433198
39-5094.00,8075,0.0840913199386328,0.145748987854251
39-5094.00,8077,0.0650302561268005,0.0323886639676113
39-5094.00,8078,0.0560013290098995,0.048582995951417
39-5094.00,8080,0.0483385546821998,0.1133603238866396
39-5094.00,8081,0.0386492408456485,0.0566801619433198
41-4012.00,8113,0.0731143482233064,0.1151079136690647
41-4012.00,8114,0.0733036132975074,0.0863309352517985
41-4012.00,8115,0.0373633644708083,0.1438848920863309
41-4012.00,8116,0.048810118673334,0.0719424460431654
41-4012.00,8117,0.0392120134122629,0.0719424460431654
41-4012.00,8119,0.0467818890245754,0.0287769784172661
41-4012.00,8120,0.0371637553765889,0.0719424460431654
41-4012.00,8121,0.0154272454396381,0.0215827338129496
41-4012.00,8122,0.0469519128481803,0.0287769784172661
41-4012.00,8126,0.0270272169420083,0.0287769784172661
41-4012.00,8128,0.0438644372193473,0.0287769784172661
41-4012.00,8129,0.0285364781150083,0.0431654676258992
43-4011.00,8145,0.2341732834507323,0.1517857142857142
43-4011.00,8147,0.0234104559607159,0.0446428571428571
43-4011.00,8148,0.0702427426203815,0.125
43-4011.00,8149,0.2239915691681646,0.0803571428571428
43-4011.00,8151,0.0348640112578521,0.0892857142857142
43-4011.00,8152,0.0165414829447733,0.0625
43-4011.00,8153,0.0269157542581114,0.0982142857142857
43-5011.00,8190,0.0422961487392012,0.05
43-5011.00,8192,0.0252886812273186,0.1
43-5011.00,8195,0.0223204472154037,0.08
43-5011.00,8196,0.0068060160328118,0.03
43-5011.00,8199,0.0090250355422797,0.04
43-5011.00,8201,0.0231511131009922,0.06
43-5011.00,8203,0.009269161451274,0.02
43-5053.00,8213,0.0547736573402469,0.1226993865030674
43-5053.00,8214,0.0678251176650171,0.0981595092024539
43-5053.00,8219,0.1125890301634079,0.1840490797546012
43-5053.00,8220,0.0101811101145265,0.0245398773006134
43-5053.00,8221,0.1098652981738283,0.0306748466257668
43-5053.00,8223,0.0744249473615912,0.0368098159509202
43-5053.00,8224,0.0128883856787272,0.0184049079754601
43-5053.00,8226,0.0328357783669502,0.0736196319018405
43-5053.00,8227,0.0749348663232685,0.0981595092024539
43-5053.00,8229,0.0235022797044188,0.0613496932515337
43-5053.00,8230,0.0175988108441751,0.0122699386503067
45-2021.00,8232,0.0358244847919318,0.2105263157894736
45-2021.00,8233,0.0272781365788361,0.0601503759398496
45-2021.00,8234,0.0038250523418082,0.0225563909774436
45-2021.00,8235,0.0277182552316015,0.0451127819548872
45-2021.00,8236,0.0088815581355345,0.0300751879699248
45-2021.00,8237,0.0338177165555626,0.075187969924812
45-2021.00,8238,0.0074854717371502,0.0601503759398496
45-2021.00,8240,0.0007759275062729,0.0300751879699248
45-2021.00,8241,0.0026196562451492,0.0150375939849624
45-2021.00,8245,0.0219796709510244,0.0225563909774436
45-2021.00,8248,0.0293923380802594,0.0451127819548872
45-2021.00,8249,0.0224932627578413,0.0075187969924812
47-2042.00,8253,0.0810048713559677,0.1111111111111111
47-2042.00,8254,0.118462052925223,0.074074074074074
47-2042.00,8255,0.0545693469228586,0.0277777777777777
47-2042.00,8256,0.0775443178103832,0.074074074074074
47-2042.00,8257,0.057496833232329,0.1111111111111111
47-2042.00,8258,0.0608173765818279,0.0462962962962962
47-2042.00,8259,0.0927121790003819,0.0925925925925925
47-2042.00,8260,0.0458187636656917,0.0555555555555555
47-2042.00,8261,0.13450693711978,0.0925925925925925
47-2042.00,8263,0.0623401861349517,0.1481481481481481
47-2042.00,8264,0.0403455887198877,0.037037037037037
47-2042.00,8265,0.0314395956696582,0.074074074074074
47-2042.00,8266,0.0322121591808784,0.037037037037037
47-3012.00,8267,0.1033800365708653,0.1333333333333333
47-3012.00,8269,0.0481969325938553,0.1333333333333333
47-3012.00,8270,0.1183141921704737,0.0833333333333333
47-3012.00,8271,0.0689240012674519,0.1
47-3012.00,8272,0.038840521995563,0.0333333333333333
47-3012.00,8273,0.068902805264657,0.05
47-3012.00,8275,0.0274258007804809,0.05
47-3012.00,8276,0.0519125917605968,0.0333333333333333
47-3012.00,8277,0.0067346450889312,0.0416666666666666
47-3012.00,8278,0.036769010263706,0.05
47-3012.00,8279,0.0282544005835842,0.025
47-3012.00,8280,0.017557074498965,0.0333333333333333
47-3012.00,8281,0.0142572877942367,0.0333333333333333
47-3012.00,8282,0.0123922133272245,0.0166666666666666
47-4091.00,8284,0.0744146704089343,0.1142857142857142
47-4091.00,8285,0.0590172202251832,0.1523809523809524
47-4091.00,8286,0.0982876518378155,0.019047619047619
47-4091.00,8287,0.1405922762747847,0.2285714285714285
47-4091.00,8288,0.0450719229081052,0.0571428571428571
47-4091.00,8289,0.1328898852410509,0.0571428571428571
47-4091.00,8290,0.0663958083516075,0.0380952380952381
47-4091.00,8291,0.0427040869256826,0.0761904761904762
47-4091.00,8292,0.0256420587831001,0.0380952380952381
47-4091.00,8293,0.129448989345969,0.0952380952380952
47-4091.00,8295,0.0114991533987895,0.0476190476190476
47-5012.00,8296,0.0665597875248023,0.026595744680851
47-5012.00,8297,0.0956834432941019,0.1914893617021276
47-5012.00,8298,0.0759563412548965,0.0212765957446808
47-5012.00,8299,0.0900585653424412,0.1276595744680851
47-5012.00,8300,0.0967085810477531,0.0851063829787234
47-5012.00,8301,0.0777767019639093,0.0425531914893617
47-5012.00,8302,0.0612914122779916,0.0531914893617021
47-5012.00,8304,0.0117399060338758,0.0159574468085106
47-5012.00,8305,0.0526238836447246,0.0212765957446808
47-5012.00,8306,0.0476151387657917,0.1276595744680851
47-5012.00,8307,0.039765566827287,0.0531914893617021
47-5012.00,8308,0.0234759012806222,0.0319148936170212
47-5012.00,8309,0.0246022688450209,0.0212765957446808
47-5012.00,8310,0.0268552157271997,0.026595744680851
47-5012.00,8311,0.0161026109207252,0.0159574468085106
47-5012.00,8312,0.0009984496221653,0.0106382978723404
47-5012.00,8313,0.0097246487573477,0.0425531914893617
47-5012.00,8314,0.0038774651668202,0.0212765957446808
49-3022.00,8318,0.0876078931929016,0.0679611650485436
49-3022.00,8320,0.084607012014907,0.0388349514563106
49-3022.00,8322,0.0750292712855916,0.0485436893203883
49-3022.00,8323,0.0623821159098484,0.0388349514563106
49-3022.00,8324,0.0923094890693289,0.0679611650485436
49-3022.00,8325,0.082266674789634,0.0485436893203883
49-3022.00,8326,0.0486985877460371,0.116504854368932
49-3022.00,8327,0.0735445417834324,0.0776699029126213
49-3022.00,8328,0.0728119697361321,0.0970873786407767
49-3022.00,8329,0.0329301732447367,0.0776699029126213
49-3022.00,8330,0.0128857350187879,0.0388349514563106
49-3022.00,8331,0.0080707280770814,0.0097087378640776
49-3022.00,8332,0.0104745803956335,0.0194174757281553
49-3022.00,8333,0.014427498629487,0.0388349514563106
49-3022.00,8334,0.0222863334086196,0.0194174757281553
49-3022.00,8335,0.0292120425455922,0.0097087378640776
49-3052.00,8352,0.0692053488450325,0.1454545454545454
49-3052.00,8353,0.1470071807390036,0.109090909090909
49-3052.00,8354,0.0666805995762288,0.0727272727272727
49-3052.00,8355,0.1152978876889074,0.0909090909090909
49-3052.00,8356,0.0540703800207719,0.0545454545454545
49-3052.00,8358,0.0339845935405435,0.0545454545454545
49-3052.00,8359,0.1177849831646836,0.109090909090909
49-3052.00,8360,0.1152202780643842,0.0545454545454545
49-3093.00,8363,0.0639674708905174,0.08
49-3093.00,8364,0.0624942988800066,0.0533333333333333
49-3093.00,8365,0.0676603755138024,0.0666666666666666
49-3093.00,8366,0.048177600713062,0.0266666666666666
49-3093.00,8368,0.0526774013007023,0.08
49-3093.00,8369,0.0556632698460631,0.0333333333333333
49-3093.00,8370,0.0579932292407281,0.0466666666666666
49-3093.00,8371,0.0530930450811403,0.0533333333333333
49-3093.00,8372,0.0362653587635803,0.04
49-3093.00,8373,0.0431561024289121,0.0466666666666666
49-3093.00,8374,0.0336971813168248,0.0266666666666666
49-3093.00,8376,0.0325586498296958,0.0733333333333333
49-3093.00,8377,0.0144116790272285,0.0066666666666666
49-3093.00,8378,0.0305402473152242,0.0066666666666666
49-3093.00,8379,0.0245461873756767,0.0066666666666666
49-3093.00,8380,0.0211774594650408,0.0133333333333333
49-3093.00,8381,0.0112644456095286,0.0333333333333333
49-3093.00,8382,0.0209233903097838,0.02
49-3093.00,8383,0.0289297116740091,0.02
49-3093.00,8385,0.0273630382316279,0.0066666666666666
49-9011.00,8387,0.0503833352225933,0.0707964601769911
49-9011.00,8388,0.0355770976959253,0.0353982300884955
49-9011.00,8389,0.0213060169918477,0.0530973451327433
49-9011.00,8390,0.0359441401472367,0.0265486725663716
49-9011.00,8391,0.0635477705609144,0.0530973451327433
49-9011.00,8392,0.0275142069179171,0.0442477876106194
49-9011.00,8393,0.0591169719981923,0.1061946902654867
49-9011.00,8394,0.029183366482946,0.0530973451327433
49-9011.00,8395,0.0275519024284507,0.0707964601769911
49-9011.00,8396,0.0271151845543344,0.0530973451327433
49-9011.00,8397,0.0236828269294013,0.0884955752212389
49-9011.00,8399,0.027881970585497,0.0619469026548672
49-9011.00,8400,0.0148113635244041,0.0353982300884955
49-9011.00,8401,0.0150078786722288,0.0265486725663716
49-9011.00,8402,0.009231537718493,0.0265486725663716
49-9011.00,8403,0.0077762546332062,0.0265486725663716
49-9011.00,8404,0.0127391945445192,0.0176991150442477
49-9011.00,8407,0.0258745026119017,0.0265486725663716
49-9011.00,8409,0.0118365273663484,0.0176991150442477
49-9011.00,8410,0.0047381326641373,0.0176991150442477
49-9051.00,8412,0.1129923374429352,0.0657894736842105
49-9051.00,8413,0.0480933650995033,0.0394736842105263
49-9051.00,8414,0.0822645361445928,0.1052631578947368
49-9051.00,8415,0.0308099782209033,0.0197368421052631
49-9051.00,8416,0.0535557453527818,0.131578947368421
49-9051.00,8417,0.0283664299532985,0.0394736842105263
49-9051.00,8418,0.1134051781185523,0.0789473684210526
49-9051.00,8419,0.0786673447824036,0.0328947368421052
49-9051.00,8420,0.0558944576091407,0.0526315789473684
49-9051.00,8421,0.0394898193226448,0.0657894736842105
49-9051.00,8422,0.021172888258906,0.0263157894736842
49-9051.00,8423,0.041007619532335,0.0263157894736842
49-9051.00,8425,0.0562409112054926,0.0394736842105263
49-9051.00,8426,0.0456632174680141,0.0263157894736842
49-9051.00,8427,0.0609084944458701,0.0328947368421052
49-9051.00,8429,0.0266550418164043,0.0460526315789473
49-9051.00,8430,0.0126555055894306,0.0197368421052631
49-9051.00,8431,0.0234703560596589,0.0263157894736842
49-9051.00,8432,0.0285536034684533,0.0263157894736842
49-9051.00,8433,0.0119048135371472,0.0394736842105263
49-9051.00,8434,0.0095812858682066,0.0197368421052631
49-9061.00,8435,0.0803794748805179,0.0970873786407767
49-9061.00,8436,0.1351890044202759,0.116504854368932
49-9061.00,8437,0.1371330997859935,0.1553398058252427
49-9061.00,8438,0.1272094208640049,0.0776699029126213
49-9061.00,8439,0.0513646220073493,0.058252427184466
49-9061.00,8440,0.1143084706575877,0.0970873786407767
49-9061.00,8441,0.0647984229080139,0.116504854368932
49-9061.00,8442,0.0651276625976388,0.0388349514563106
49-9061.00,8443,0.067461720059119,0.058252427184466
49-9061.00,8444,0.0233852522649091,0.0388349514563106
49-9061.00,8445,0.046317978017268,0.0776699029126213
49-9061.00,8447,0.0174264335784933,0.0388349514563106
49-9061.00,8448,0.0041389612109726,0.0097087378640776
49-9061.00,8449,0.0016336758178911,0.0097087378640776
51-1011.00,8450,0.097838621849014,0.0689655172413793
51-1011.00,8451,0.0917448732109012,0.1379310344827586
51-1011.00,8452,0.1121767977761035,0.0689655172413793
51-1011.00,8453,0.054252126152772,0.0517241379310344
51-1011.00,8454,0.0700392873521578,0.0517241379310344
51-1011.00,8455,0.0857374563763851,0.0862068965517241
51-1011.00,8457,0.077771116328714,0.1034482758620689
51-1011.00,8458,0.0516061645524169,0.0344827586206896
51-1011.00,8459,0.0752143723142768,0.0517241379310344
51-1011.00,8460,0.0392689545604083,0.0517241379310344
51-1011.00,8461,0.0323069590693941,0.0344827586206896
51-1011.00,8462,0.0175795343676012,0.0344827586206896
51-1011.00,8463,0.0300033751326062,0.0258620689655172
51-1011.00,8465,0.021049626336104,0.0344827586206896
51-1011.00,8466,0.0395620100144095,0.0258620689655172
51-1011.00,8467,0.018425012754798,0.0172413793103448
51-2092.00,8468,0.1060622094822298,0.4347826086956521
51-2092.00,8469,0.0565343539167145,0.0260869565217391
51-2092.00,8472,0.0805646886022658,0.0869565217391304
51-4021.00,8473,0.0968416641086054,0.136
51-4021.00,8474,0.0469635744732997,0.056
51-4021.00,8475,0.0351725078758656,0.072
51-4021.00,8476,0.0473754102726998,0.048
51-4021.00,8477,0.0635140800922686,0.08
51-4021.00,8478,0.0197337396775746,0.024
51-4021.00,8479,0.0738034520180818,0.112
51-4021.00,8480,0.0468432817578025,0.056
51-4021.00,8481,0.0706362561488645,0.04
51-4021.00,8485,0.0226305737882991,0.064
51-4021.00,8486,0.0406757795953779,0.088
51-4021.00,8487,0.0360103906214727,0.04
51-4021.00,8488,0.0342293988367229,0.024
51-4111.00,8489,0.0805345154561612,0.05
51-4111.00,8490,0.1557842579068295,0.0666666666666666
51-4111.00,8491,0.0737832022383399,0.0416666666666666
51-4111.00,8492,0.0951055311496675,0.2
51-4111.00,8493,0.0474899251290721,0.0666666666666666
51-4111.00,8495,0.0353527436914573,0.05
51-4111.00,8496,0.0481313921979794,0.0333333333333333
51-4111.00,8497,0.044724102184675,0.05
51-4111.00,8498,0.0799023089060538,0.05
51-4111.00,8499,0.0578553856216218,0.0416666666666666
51-4111.00,8500,0.0510988662850233,0.0416666666666666
51-4111.00,8501,0.038414416501594,0.0333333333333333
51-4111.00,8502,0.0453003135299896,0.0166666666666666
51-4111.00,8503,0.0394081110847762,0.0333333333333333
51-4111.00,8504,0.0196441924245735,0.0666666666666666
51-4111.00,8505,0.0153312925398952,0.025
51-8011.00,8506,0.0432075438400846,0.0634920634920634
51-8011.00,8507,0.0507471764224687,0.0317460317460317
51-8011.00,8508,0.1816437952501496,0.1904761904761904
51-8011.00,8509,0.0270184866544952,0.0317460317460317
51-8011.00,8510,0.052235097334331,0.0238095238095238
51-8011.00,8511,0.162700783163075,0.0634920634920634
51-8011.00,8512,0.085556580878196,0.0476190476190476
51-8011.00,8513,0.0669267570281115,0.0793650793650793
51-8011.00,8514,0.0001951469264212,0.0158730158730158
51-8011.00,8515,0.0213994594240804,0.0634920634920634
51-8011.00,8516,0.0049712157504155,0.0158730158730158
51-8011.00,8517,0.020427452501758,0.0317460317460317
51-9193.00,8542,0.045172242638949,0.0476190476190476
51-9193.00,8543,0.0965759934117463,0.1904761904761904
51-9193.00,8544,0.0969644505033532,0.0529100529100529
51-9193.00,8545,0.0578790380339655,0.1269841269841269
51-9193.00,8546,0.0186925552659254,0.0317460317460317
51-9193.00,8547,0.0503544935207892,0.0529100529100529
51-9193.00,8548,0.0439069301484032,0.0264550264550264
51-9193.00,8552,0.0397307952494561,0.0264550264550264
51-9193.00,8553,0.0575503454883742,0.0634920634920634
51-9193.00,8559,0.0247368778866461,0.0423280423280423
51-9193.00,8560,0.022947774142522,0.0158730158730158
53-1042.00,8561,0.0712650206718013,0.05
53-1042.00,8562,0.0854950528171518,0.05
53-1042.00,8563,0.0781917895424226,0.125
53-1042.00,8564,0.0978986846641753,0.05
53-1042.00,8565,0.0469831076677392,0.0625
53-1042.00,8566,0.0427997799866583,0.0375
53-1042.00,8567,0.043483005861974,0.05
53-1042.00,8568,0.006323596400418,0.01875
53-1042.00,8569,0.074605182858367,0.1
53-1042.00,8570,0.0215171056054564,0.0625
53-1042.00,8571,0.0090109228890061,0.01875
53-1042.00,8572,0.031608130104234,0.0125
53-1042.00,8573,0.0456530563982733,0.0375
53-1042.00,8574,0.033360350353009,0.025
53-1042.00,8575,0.0118855716064188,0.0125
53-1042.00,8576,0.0258233665998228,0.01875
53-1042.00,8577,0.0481690597249841,0.0375
53-1042.00,8579,0.0574749695552958,0.0375
53-1042.00,8580,0.0114592878390485,0.01875
53-1042.00,8581,0.0164593298272483,0.025
53-1042.00,8582,0.0051245665644015,0.01875
53-1042.00,8583,0.0273664195717746,0.025
53-1043.00,8584,0.081397211321925,0.0510204081632653
53-1043.00,8585,0.0701290568942893,0.0816326530612244
53-1043.00,8586,0.0784943458154709,0.0816326530612244
53-1043.00,8588,0.0869694452409454,0.0306122448979591
53-1043.00,8589,0.0755307155248778,0.0714285714285714
53-1043.00,8591,0.0422472167181693,0.0204081632653061
53-1043.00,8592,0.0386635427876905,0.0510204081632653
53-1043.00,8593,0.0541036845108488,0.0204081632653061
53-1043.00,8594,0.0364720389927485,0.0255102040816326
53-1043.00,8595,0.0394931990026571,0.0408163265306122
53-1043.00,8596,0.0157172474051105,0.0204081632653061
53-1043.00,8597,0.050940134543081,0.0204081632653061
53-1043.00,8599,0.0359820025138502,0.0510204081632653
53-1043.00,8600,0.0289116273608655,0.0306122448979591
53-1043.00,8601,0.0591538763457951,0.0153061224489795
53-1043.00,8602,0.0474776048995477,0.0306122448979591
53-1043.00,8603,0.0620261499762172,0.0204081632653061
53-1043.00,8605,0.0441214849530503,0.0408163265306122
53-3011.00,8606,0.1514847173405858,0.3125
53-3011.00,8607,0.1574502264599746,0.0625
53-3011.00,8608,0.1440665642572423,0.09375
53-3011.00,8609,0.1233141368079382,0.28125
53-3011.00,8611,0.1594879342975258,0.046875
53-3011.00,8612,0.0751368316128504,0.046875
53-3011.00,8613,0.0700514473453214,0.0546875
53-3011.00,8614,0.0052664057236127,0.0078125
53-3033.00,8615,0.1797204333615309,0.2898550724637681
53-3033.00,8616,0.0601533476857389,0.0289855072463768
53-3033.00,8617,0.0614416757197295,0.0048309178743961
53-3033.00,8618,0.0601115633447105,0.0483091787439613
53-3033.00,8619,0.1263975997366647,0.1159420289855072
53-3033.00,8620,0.1212375844203936,0.038647342995169
53-3033.00,8621,0.0525862278220203,0.0241545893719806
53-3033.00,8622,0.0614955290566028,0.0338164251207729
53-3033.00,8623,0.1358013178656806,0.0772946859903381
53-3033.00,8624,0.0411482577346024,0.0144927536231884
53-3033.00,8626,0.0663345031739247,0.2898550724637681
53-3033.00,8628,0.0213260077520892,0.0096618357487922
53-3033.00,8629,0.0122459523263111,0.0048309178743961
53-6041.00,8630,0.0131746974504294,0.0575539568345323
53-6041.00,8631,0.0105104941714624,0.0575539568345323
53-6041.00,8632,0.0241329274992181,0.0575539568345323
53-6041.00,8633,0.0194433046385323,0.0719424460431654
53-6041.00,8636,0.0097592773482099,0.0431654676258992
53-6041.00,8637,0.0025867406981549,0.0287769784172661
53-6041.00,8639,0.0206757955923522,0.0287769784172661
53-6041.00,8640,0.0059108047301911,0.0575539568345323
53-6041.00,8641,0.010784490528819,0.0575539568345323
53-6041.00,8642,0.0118873159101489,0.0431654676258992
53-6041.00,8644,0.0099005704571663,0.0431654676258992
53-6041.00,8645,0.0105552698655922,0.0431654676258992
53-6041.00,8646,0.0114390219788806,0.0287769784172661
53-6041.00,8648,0.0031528483396407,0.0431654676258992
27-3092.00,8653,0.126216435611819,0.1829268292682926
27-3092.00,8654,0.0697756887250871,0.0304878048780487
27-3092.00,8655,0.1116498057674622,0.1829268292682926
27-3092.00,8656,0.0809109412827807,0.1463414634146341
27-3092.00,8657,0.0547169248062729,0.0060975609756097
27-3092.00,8658,0.0196108315522681,0.0182926829268292
27-3092.00,8659,0.0959724915532289,0.0121951219512195
27-3092.00,8660,0.0261427367883926,0.0121951219512195
27-3092.00,8661,0.0463262737199966,0.0975609756097561
27-3092.00,8662,0.0415156779048985,0.0609756097560975
25-3021.00,8664,0.0536749388825914,0.036231884057971
25-3021.00,8665,0.0234587769758234,0.1739130434782608
25-3021.00,8666,0.059397589108157,0.0434782608695652
25-3021.00,8667,0.0475207007575288,0.0289855072463768
25-3021.00,8668,0.075472079114986,0.144927536231884
25-3021.00,8669,0.0448494899413819,0.0217391304347826
25-3021.00,8671,0.0478801748387782,0.0217391304347826
25-3021.00,8672,0.0340870352839925,0.0434782608695652
25-3021.00,8673,0.0458221958694013,0.0217391304347826
25-3021.00,8674,0.020071893419271,0.0579710144927536
25-3021.00,8675,0.0176493547536634,0.0507246376811594
25-3021.00,8676,0.0314997104655726,0.0289855072463768
25-3021.00,8677,0.0015906039489615,0.0289855072463768
25-3021.00,8678,0.0074193721257636,0.0217391304347826
25-3021.00,8680,0.0098968287464142,0.0144927536231884
25-3021.00,8681,0.011285255580115,0.0144927536231884
25-3021.00,8682,0.0017104038517628,0.0144927536231884
25-3021.00,8683,0.0078507182641544,0.0144927536231884
25-3021.00,8684,0.0038166350925755,0.0217391304347826
25-3021.00,8686,0.003778017907778,0.0144927536231884
25-3021.00,8687,0.0201077008403063,0.0144927536231884
25-3021.00,8688,0.0018808609487429,0.0144927536231884
25-3021.00,8690,0.0215843696457639,0.0289855072463768
25-3021.00,8691,0.0109745457303049,0.0072463768115942
25-3021.00,8692,0.0065580078682029,0.0144927536231884
39-5092.00,8748,0.0792931901267334,0.0769230769230769
39-5092.00,8749,0.0530488306566957,0.0512820512820512
39-5092.00,8750,0.0744667213833426,0.0448717948717948
39-5092.00,8752,0.0812678360216516,0.0897435897435897
39-5092.00,8753,0.0792856915756408,0.1153846153846153
39-5092.00,8754,0.0598662279492888,0.032051282051282
39-5092.00,8758,0.0551258464369868,0.032051282051282
39-5092.00,8760,0.0494441590889914,0.032051282051282
39-5092.00,8761,0.024873597368003,0.0192307692307692
39-5092.00,8763,0.0511589967163704,0.0512820512820512
39-5092.00,8765,0.0291940831591452,0.0384615384615384
47-2022.00,8768,0.0708246535485818,0.073170731707317
47-2022.00,8769,0.0844052960224043,0.0975609756097561
47-2022.00,8770,0.0718322808269424,0.089430894308943
47-2022.00,8771,0.1481211470953435,0.1788617886178861
47-2022.00,8772,0.0789534232336855,0.056910569105691
47-2022.00,8773,0.0267781675278327,0.032520325203252
47-2022.00,8774,0.0195101315832486,0.040650406504065
47-2022.00,8775,0.0388462888600838,0.048780487804878
47-2022.00,8776,0.0321236898891384,0.040650406504065
47-2022.00,8777,0.0094569731646712,0.024390243902439
47-2022.00,8778,0.0075233649313367,0.024390243902439
47-2022.00,8779,0.0272127412586966,0.032520325203252
47-2022.00,8780,0.0086050867781892,0.016260162601626
51-3021.00,8783,0.2084204934201688,0.1584158415841584
51-3021.00,8784,0.2253593228176368,0.099009900990099
51-3021.00,8785,0.0965703205868325,0.0792079207920792
51-3021.00,8786,0.1806020577449256,0.3564356435643564
51-3021.00,8787,0.0503803206468633,0.0693069306930693
51-3021.00,8788,0.0603974538777731,0.0495049504950495
51-3021.00,8789,0.0365933352089098,0.0297029702970297
51-3021.00,8790,0.0717022218922864,0.0297029702970297
51-3021.00,8791,0.0317308644146724,0.0297029702970297
51-3021.00,8792,0.0196488773220797,0.0198019801980198
51-3021.00,8793,0.0185947320678511,0.0396039603960396
51-3022.00,8795,0.0964752891799222,0.181159420289855
51-3022.00,8796,0.060615583818267,0.1304347826086956
51-3022.00,8797,0.1000862091778449,0.144927536231884
51-3022.00,8799,0.0947107637900815,0.072463768115942
51-3022.00,8800,0.0271824243783262,0.0579710144927536
51-3022.00,8801,0.0679294444596321,0.108695652173913
51-3022.00,8803,0.0522186295014162,0.0579710144927536
51-3022.00,8804,0.0707687150726877,0.036231884057971
51-3022.00,8807,0.0117946455177273,0.0289855072463768
11-1011.00,8823,0.014404630436245,0.0552486187845303
11-1011.00,8824,0.0147833091503016,0.1104972375690607
11-1011.00,8825,0.01655894768451,0.0690607734806629
11-1011.00,8826,0.0274544435481691,0.0828729281767955
11-1011.00,8827,0.0095527401506607,0.0276243093922651
11-1011.00,8828,0.0290121249116775,0.0552486187845303
11-1011.00,8830,0.0268782587359468,0.0690607734806629
11-1011.00,8832,0.0031262676984022,0.0276243093922651
11-1011.00,8833,0.0027879626233075,0.0552486187845303
11-1011.00,8834,0.0134682168236904,0.0414364640883977
11-1011.00,8835,0.0108959510820874,0.0414364640883977
11-1011.00,8836,0.0113631462417891,0.0345303867403314
11-1011.00,8837,0.0093353568407348,0.0207182320441988
11-1011.00,8838,0.0080604259933299,0.0207182320441988
11-1011.00,8839,0.0097130065017607,0.0345303867403314
11-1011.00,8840,0.0157791203130309,0.0414364640883977
11-1011.00,8843,0.0206588032853393,0.0207182320441988
11-1011.00,8844,0.0008976898102719,0.0069060773480662
11-1011.00,8845,0.0060229517985649,0.0069060773480662
11-1011.00,8848,0.006944278307624,0.0138121546961325
11-1011.00,8849,0.0025648652215069,0.0069060773480662
11-1011.00,8853,0.0015868331094274,0.0027624309392265
21-1013.00,9184,0.1711939680907327,0.1948051948051948
21-1013.00,9185,0.1361106666797208,0.1948051948051948
21-1013.00,9186,0.1436897281567503,0.1298701298701298
21-1013.00,9187,0.1181665506126331,0.1298701298701298
21-1013.00,9188,0.1224663793238999,0.0779220779220779
21-1013.00,9190,0.0125746741373021,0.0259740259740259
21-1013.00,9191,0.0219881175925508,0.0259740259740259
21-1013.00,9194,0.0373962319530382,0.0194805194805194
21-1013.00,9195,0.0066748871169742,0.0129870129870129
21-1013.00,9196,0.0030836169962676,0.0129870129870129
21-1013.00,9197,0.0092706004109187,0.0259740259740259
21-1013.00,9199,0.0007352664755528,0.0129870129870129
21-1015.00,9200,0.1026802118576142,0.09375
21-1015.00,9201,0.0983677295256597,0.125
21-1015.00,9202,0.1826822437327056,0.15625
21-1015.00,9203,0.0214881542242848,0.0390625
21-1015.00,9204,0.0645057473643655,0.078125
21-1015.00,9205,0.0616869129010095,0.078125
21-1015.00,9206,0.0852651352537452,0.0546875
21-1015.00,9207,0.0547428973331866,0.03125
21-1015.00,9208,0.0611907290802176,0.0625
21-1015.00,9209,0.0274966172288688,0.03125
21-1015.00,9210,0.0201797050572102,0.046875
21-1015.00,9211,0.0102858817361797,0.015625
21-1015.00,9212,0.0575988365792729,0.0625
21-1015.00,9213,0.0284652826422905,0.0390625
21-1015.00,9214,0.0221569215918482,0.0234375
21-1091.00,9216,0.128439389690832,0.0754716981132075
21-1091.00,9217,0.0605689412203048,0.1509433962264151
21-1091.00,9218,0.0944053393126866,0.0754716981132075
21-1091.00,9220,0.0261397897186129,0.0566037735849056
21-1091.00,9221,0.0429425427793445,0.0754716981132075
21-1091.00,9222,0.1083979036032246,0.0566037735849056
21-1091.00,9223,0.0940925497446748,0.0377358490566037
21-1091.00,9224,0.0356048693712813,0.0566037735849056
21-1091.00,9225,0.0383408475202345,0.0566037735849056
21-1091.00,9226,0.0219625626750265,0.0377358490566037
21-1091.00,9227,0.0158980832998734,0.0377358490566037
21-1091.00,9228,0.046864284447664,0.0188679245283018
21-1091.00,9229,0.0265921404637401,0.0566037735849056
23-2093.00,9230,0.0923879802067396,0.0486111111111111
23-2093.00,9231,0.1230687943564931,0.1666666666666666
23-2093.00,9232,0.0795463934702304,0.0416666666666666
23-2093.00,9233,0.0975198151832622,0.0694444444444444
23-2093.00,9234,0.0955605953845609,0.1388888888888889
23-2093.00,9235,0.0926308141291326,0.0833333333333333
23-2093.00,9236,0.0420059794864094,0.0555555555555555
23-2093.00,9237,0.0538003354804917,0.0555555555555555
23-2093.00,9238,0.0409543405835592,0.0694444444444444
23-2093.00,9240,0.0729292483962432,0.0347222222222222
23-2093.00,9241,0.0545421197970585,0.0694444444444444
23-2093.00,9242,0.0133283090076629,0.0208333333333333
23-2093.00,9243,0.032878457276398,0.0416666666666666
23-2093.00,9245,0.0086678794661618,0.0277777777777777
23-2093.00,9246,0.0152404366599686,0.0138888888888888
27-1026.00,9262,0.0478374813728642,0.015625
27-1026.00,9263,0.1022495684038198,0.046875
27-1026.00,9264,0.0898829123214872,0.03125
27-1026.00,9265,0.0624943563738973,0.078125
27-1026.00,9266,0.0250776657596846,0.0234375
27-1026.00,9267,0.0440101509511617,0.046875
27-1026.00,9268,0.041102902384179,0.03125
27-1026.00,9269,0.0528417108459557,0.09375
27-1026.00,9270,0.0289588289260542,0.0625
27-1026.00,9271,0.0362437105704396,0.03125
27-1026.00,9272,0.0430388947945365,0.03125
27-1026.00,9273,0.0579724171748542,0.046875
27-1026.00,9275,0.0450306980528596,0.03125
27-1026.00,9276,0.0028730023575389,0.015625
27-1026.00,9277,0.0281990647048442,0.015625
27-1026.00,9279,0.0068997217225747,0.03125
27-1026.00,9280,0.0064120277938053,0.0234375
27-1026.00,9281,0.031090309077685,0.0625
27-1026.00,9282,0.0064907251866624,0.03125
27-3091.00,9326,0.1771686387995057,0.0112994350282485
27-3091.00,9327,0.1007102067947833,0.0338983050847457
27-3091.00,9328,0.153236168327277,0.1694915254237288
27-3091.00,9329,0.0320221961156118,0.0903954802259887
27-3091.00,9330,0.0719579948686153,0.0564971751412429
27-3091.00,9331,0.0143809691971586,0.1694915254237288
27-3091.00,9332,0.0772022633166832,0.0903954802259887
27-3091.00,9333,0.0624184201334734,0.0451977401129943
27-3091.00,9334,0.0373801857218455,0.0338983050847457
27-3091.00,9335,0.1077848892978329,0.1129943502824858
27-3091.00,9336,0.0305059388302558,0.0225988700564971
27-3091.00,9337,0.0709562342406619,0.0282485875706214
27-3091.00,9338,0.0159717109090281,0.0338983050847457
27-3091.00,9339,0.0290053397606038,0.0451977401129943
27-3091.00,9340,0.0097497463571647,0.0112994350282485
27-3091.00,9341,0.0095490973294983,0.0225988700564971
29-1022.00,9370,0.1963690082250939,0.1300813008130081
29-1022.00,9371,0.1783957751279929,0.1951219512195122
29-1022.00,9372,0.1683714814390811,0.0975609756097561
29-1022.00,9373,0.0820893468105727,0.08130081300813
29-1022.00,9374,0.0593686490536908,0.1626016260162601
29-1022.00,9375,0.0211499363096066,0.048780487804878
29-1022.00,9377,0.0311383604839569,0.024390243902439
29-1022.00,9378,0.0142317884101508,0.065040650406504
29-1022.00,9379,0.0299651824908072,0.065040650406504
29-1022.00,9382,0.0018717586696915,0.008130081300813
31-2012.00,9398,0.1092676006548181,0.125
31-2012.00,9399,0.0791593056930656,0.0625
31-2012.00,9400,0.0849134975907157,0.078125
31-2012.00,9401,0.0394072260693594,0.078125
31-2012.00,9402,0.0424470435317065,0.0078125
31-2012.00,9403,0.1097938184930591,0.125
31-2012.00,9404,0.0407277476353393,0.03125
31-2012.00,9405,0.0702702227351841,0.0625
31-2012.00,9406,0.0715071860348366,0.09375
31-2012.00,9407,0.0698558542696368,0.125
31-2012.00,9408,0.0718528810151142,0.046875
31-2012.00,9409,0.0844056975507404,0.09375
31-2012.00,9410,0.0221173835107065,0.03125
31-2012.00,9412,0.00326301048569,0.0234375
31-9094.00,9413,0.0942236908262886,0.2112676056338028
31-9094.00,9414,0.0646042303400935,0.1408450704225352
31-9094.00,9415,0.0607027791943749,0.0492957746478873
31-9094.00,9416,0.0847461600773619,0.028169014084507
31-9094.00,9417,0.1015254761752162,0.0422535211267605
31-9094.00,9419,0.0308787597724838,0.0352112676056338
31-9094.00,9420,0.0830082567768401,0.056338028169014
31-9094.00,9421,0.0949115070192567,0.1126760563380281
31-9094.00,9422,0.018911123077681,0.0140845070422535
31-9094.00,9423,0.060716896609049,0.028169014084507
31-9094.00,9424,0.0921371696526008,0.028169014084507
31-9094.00,9425,0.054446096731931,0.0140845070422535
31-9094.00,9426,0.0555357642475355,0.0140845070422535
31-9094.00,9427,0.05065654284602,0.0140845070422535
33-1011.00,9428,0.070025738753339,0.043010752688172
33-1011.00,9429,0.1002285437947723,0.1290322580645161
33-1011.00,9430,0.0110870348081122,0.010752688172043
33-1011.00,9431,0.1162863158854334,0.053763440860215
33-1011.00,9432,0.0969718297020233,0.1612903225806451
33-1011.00,9433,0.0123682482071964,0.021505376344086
33-1011.00,9434,0.0463426266042261,0.043010752688172
33-1011.00,9435,0.078553944219786,0.086021505376344
33-1011.00,9436,0.0546541978775847,0.1075268817204301
33-1011.00,9437,0.0461448856424758,0.032258064516129
33-1011.00,9438,0.0364622935507529,0.0268817204301075
33-1011.00,9439,0.0303718996394798,0.043010752688172
33-1011.00,9440,0.004517381258667,0.0053763440860215
33-1011.00,9441,0.0282600772278649,0.032258064516129
33-1011.00,9442,0.01906615388616,0.021505376344086
33-1011.00,9443,0.0282460732045405,0.021505376344086
33-1011.00,9444,0.0373694050533371,0.043010752688172
33-1011.00,9446,0.0438591674098917,0.021505376344086
33-1011.00,9447,0.0347051552608135,0.010752688172043
33-1011.00,9448,0.0186162150101507,0.010752688172043
33-1011.00,9449,0.0345216199503322,0.021505376344086
33-3051.04,9450,0.2064299358529291,0.3364485981308411
33-3051.04,9451,0.0404452053281062,0.0747663551401869
33-3051.04,9452,0.0463178989319153,0.0560747663551401
33-3051.04,9453,0.1167330364663412,0.0467289719626168
33-3051.04,9454,0.1669078491024473,0.2242990654205607
33-3051.04,9455,0.0737350653624239,0.1495327102803738
33-3051.04,9456,0.0295379731430553,0.0373831775700934
33-3051.04,9457,0.001582927799445,0.0093457943925233
33-3051.04,9458,0.0908190117449458,0.0373831775700934
33-3051.04,9459,0.0237397504994183,0.0186915887850467
33-3052.00,9475,0.1487404251539709,0.2142857142857142
33-3052.00,9476,0.0354085225678292,0.0535714285714285
33-3052.00,9477,0.0375857155382872,0.0714285714285714
33-3052.00,9478,0.1257715722380314,0.1071428571428571
33-3052.00,9479,0.04290799284856,0.0892857142857142
33-3052.00,9480,0.0082209131373643,0.0089285714285714
33-3052.00,9481,0.0405121367518156,0.0357142857142857
33-3052.00,9484,0.0274476426493283,0.0267857142857142
35-2012.00,9486,0.0870923600531668,0.0833333333333333
35-2012.00,9487,0.066665304362307,0.1180555555555555
35-2012.00,9488,0.06581749302314,0.25
35-2012.00,9489,0.0532719318726802,0.0972222222222222
35-2012.00,9490,0.0393535503087561,0.0138888888888888
35-2012.00,9491,0.0742608983813428,0.0833333333333333
35-2012.00,9492,0.0243018955900446,0.0277777777777777
35-2012.00,9493,0.0576455654967433,0.0625
35-2012.00,9494,0.0172054281294754,0.0486111111111111
35-2012.00,9495,0.0157383953501764,0.0208333333333333
35-2012.00,9496,0.0214612165906974,0.0277777777777777
35-2012.00,9497,0.0210858110313045,0.0138888888888888
35-2012.00,9498,0.0217662359674583,0.0208333333333333
37-1011.00,9512,0.0475210048277065,0.0317460317460317
37-1011.00,9513,0.0863426897811971,0.1587301587301587
37-1011.00,9514,0.0175656153292521,0.0476190476190476
37-1011.00,9515,0.060977421523399,0.0793650793650793
37-1011.00,9516,0.0367227195906369,0.0317460317460317
37-1011.00,9517,0.0506674225749301,0.0476190476190476
37-1011.00,9519,0.0474508513750224,0.0476190476190476
37-1011.00,9520,0.0459788251665007,0.0158730158730158
37-1011.00,9521,0.0290043372922217,0.0476190476190476
37-1011.00,9522,0.0312193492424524,0.0476190476190476
37-1011.00,9523,0.041855818688032,0.0158730158730158
37-1011.00,9524,0.0200000657312513,0.0317460317460317
37-1011.00,9525,0.017791322493675,0.0238095238095238
37-1011.00,9526,0.018784660724216,0.0317460317460317
37-1011.00,9527,0.0467566722969099,0.0158730158730158
37-1011.00,9528,0.0388518833384869,0.0158730158730158
37-1011.00,9529,0.0162190688610451,0.0238095238095238
37-1011.00,9530,0.0295223694353708,0.0079365079365079
37-1011.00,9531,0.0264938639081852,0.0476190476190476
37-1011.00,9532,0.0104508125304513,0.0238095238095238
37-1011.00,9533,0.0685140265967796,0.0476190476190476
37-1011.00,9534,0.1055866668537358,0.0634920634920634
37-1011.00,9535,0.0102946163614819,0.0238095238095238
37-1011.00,9536,0.0365414350396653,0.0317460317460317
37-2011.00,9538,0.0861726154503356,0.1666666666666666
37-2011.00,9539,0.0971623007488691,0.125
37-2011.00,9541,0.0514140776388389,0.0416666666666666
37-2011.00,9542,0.0380375790804918,0.03125
37-2011.00,9543,0.0018836729702975,0.03125
37-2011.00,9544,0.034663943668843,0.0104166666666666
37-2011.00,9545,0.0203284430271069,0.0104166666666666
37-2011.00,9546,0.0470992511772183,0.0520833333333333
37-2011.00,9548,0.0105027150842473,0.0208333333333333
37-2011.00,9549,0.0427115403808028,0.0416666666666666
37-2011.00,9550,0.0437774933226102,0.0833333333333333
37-2011.00,9551,0.02364042648862,0.0208333333333333
37-2011.00,9554,0.0042131768965005,0.0020833333333333
37-2011.00,9555,0.0090178948755584,0.0104166666666666
37-2012.00,9560,0.0882146099735978,0.0617760617760617
37-2012.00,9561,0.0641529244811317,0.277992277992278
37-2012.00,9562,0.0617803753995881,0.054054054054054
37-2012.00,9563,0.0460203811149989,0.054054054054054
37-2012.00,9564,0.0550693742066937,0.0386100386100386
37-2012.00,9565,0.0547842732976412,0.0694980694980695
37-2012.00,9566,0.0530205166368824,0.0926640926640926
37-2012.00,9567,0.0423416516953423,0.0772200772200772
37-2012.00,9568,0.0333623973536089,0.0308880308880308
37-2012.00,9569,0.0171371871331764,0.0154440154440154
37-2012.00,9571,0.0313603504258906,0.0077220077220077
37-2012.00,9577,0.0243849533960943,0.0231660231660231
37-2012.00,9578,0.0215791894903528,0.0077220077220077
37-2012.00,9579,0.0098461096648154,0.0077220077220077
37-2012.00,9581,0.0136035493522631,0.0038610038610038
37-2012.00,9586,0.0112388787843161,0.0154440154440154
37-2012.00,9587,0.0141750237094602,0.0154440154440154
37-3011.00,9589,0.0468311307108348,0.1333333333333333
37-3011.00,9591,0.0309309129275101,0.0666666666666666
37-3011.00,9592,0.1401750201539894,0.1066666666666666
37-3011.00,9593,0.0551478881345397,0.06
37-3011.00,9594,0.0677009339955409,0.0333333333333333
37-3011.00,9595,0.0095734550948763,0.0266666666666666
37-3011.00,9596,0.0161789250158438,0.0333333333333333
37-3011.00,9597,0.0173250153042237,0.0333333333333333
37-3011.00,9598,0.0285105931961209,0.0466666666666666
37-3011.00,9599,0.033538758847312,0.0266666666666666
37-3011.00,9600,0.0390560330875625,0.04
37-3011.00,9601,0.0414370724831069,0.0133333333333333
37-3011.00,9602,0.0318303524288428,0.04
37-3011.00,9603,0.0176382680985046,0.0133333333333333
37-3011.00,9604,0.0184988804993736,0.0133333333333333
37-3011.00,9605,0.0054846468129443,0.0133333333333333
37-3011.00,9606,0.016541385707055,0.0133333333333333
37-3011.00,9607,0.0086622696175002,0.0266666666666666
37-3011.00,9608,0.0114740962879166,0.0066666666666666
37-3011.00,9609,0.0027503130720111,0.0066666666666666
37-3011.00,9610,0.0330279638897813,0.02
37-3011.00,9611,0.0139932985827045,0.0066666666666666
37-3011.00,9612,0.0121650815051652,0.02
37-3011.00,9614,0.0010835235817859,0.0066666666666666
39-3092.00,9615,0.0655071729034017,0.0628930817610062
39-3092.00,9616,0.0472874109076389,0.0754716981132075
39-3092.00,9617,0.0081221425511182,0.0188679245283018
39-3092.00,9618,0.0467930022325068,0.1509433962264151
39-3092.00,9619,0.0155885651672505,0.050314465408805
39-3092.00,9621,0.0828323915563242,0.050314465408805
39-3092.00,9622,0.0064722726844532,0.0377358490566037
39-3092.00,9623,0.0238816066931078,0.0251572327044025
39-3092.00,9624,0.005138753971382,0.0377358490566037
39-3092.00,9625,0.0247249868154969,0.0377358490566037
39-3092.00,9626,0.0276852056316146,0.050314465408805
39-3092.00,9627,0.0502849960943678,0.0314465408805031
39-3092.00,9628,0.022768478763175,0.0628930817610062
39-3092.00,9629,0.0252658564813739,0.0628930817610062
39-3092.00,9633,0.0059484995161804,0.0125786163522012
39-3092.00,9634,0.0183759861487022,0.0125786163522012
39-3092.00,9635,0.0062743252889985,0.0188679245283018
53-2031.00,9637,0.0483848470825282,0.0399543378995433
53-2031.00,9638,0.0589392224359491,0.0513698630136986
53-2031.00,9639,0.039603825795346,0.0285388127853881
53-2031.00,9640,0.0206892337752403,0.0057077625570776
53-2031.00,9641,0.0391549476572959,0.0399543378995433
53-2031.00,9642,0.0458256550599719,0.0399543378995433
53-2031.00,9643,0.0477045845171236,0.0285388127853881
53-2031.00,9644,0.0386555136341122,0.0285388127853881
53-2031.00,9645,0.0445995920981757,0.0171232876712328
53-2031.00,9646,0.0380079480240478,0.0171232876712328
53-2031.00,9647,0.0309290599421933,0.0171232876712328
53-2031.00,9648,0.0496595636036455,0.0513698630136986
53-2031.00,9649,0.0392732296332004,0.0513698630136986
53-2031.00,9650,0.0440657407077342,0.0399543378995433
53-2031.00,9651,0.0441707269181479,0.0513698630136986
53-2031.00,9652,0.0464793487846752,0.1027397260273972
53-2031.00,9653,0.0269906640436999,0.0171232876712328
53-2031.00,9654,0.0322998031810067,0.0171232876712328
53-2031.00,9655,0.0403341170703638,0.0399543378995433
53-2031.00,9656,0.0253711155644267,0.0285388127853881
53-2031.00,9657,0.0381072275123584,0.0399543378995433
53-2031.00,9658,0.0285430201981655,0.0799086757990867
53-2031.00,9659,0.0517656223931776,0.0285388127853881
41-1012.00,9660,0.03839332029181,0.0655737704918032
41-1012.00,9662,0.0131425155358856,0.0655737704918032
41-1012.00,9663,0.0130796256004695,0.0491803278688524
41-1012.00,9665,0.0685800452539019,0.081967213114754
41-1012.00,9666,0.0395880150417579,0.0327868852459016
41-1012.00,9667,0.0205046103348564,0.0491803278688524
41-1012.00,9668,0.0111376967392978,0.0491803278688524
41-1012.00,9669,0.0356331865031568,0.0245901639344262
41-1012.00,9670,0.0148472083584225,0.0163934426229508
41-1012.00,9671,0.0119376702550123,0.0327868852459016
41-1012.00,9672,0.0155804620846005,0.0983606557377049
41-1012.00,9673,0.0334775512282284,0.0491803278688524
41-1012.00,9674,0.0257508881011759,0.0327868852459016
41-1012.00,9676,0.0103026766755545,0.0245901639344262
41-9031.00,9678,0.0184453956223604,0.0528052805280528
41-9031.00,9679,0.0327025153576428,0.0792079207920792
41-9031.00,9680,0.035835370460428,0.1056105610561056
41-9031.00,9681,0.0168819939763274,0.0264026402640264
41-9031.00,9682,0.0491271768753392,0.0792079207920792
41-9031.00,9683,0.0200585745014462,0.066006600660066
41-9031.00,9685,0.0149788226765125,0.0396039603960396
41-9031.00,9686,0.0068751164106831,0.066006600660066
41-9031.00,9687,0.0267354531456995,0.0528052805280528
41-9031.00,9688,0.0169440434640191,0.0396039603960396
41-9031.00,9690,0.0268365058196336,0.0264026402640264
41-9031.00,9692,0.0463726459487738,0.0396039603960396
41-9031.00,9693,0.001599784889771,0.0132013201320132
41-9031.00,9694,0.0141122574807642,0.0198019801980198
41-9031.00,9696,0.00210992083607,0.0198019801980198
41-9031.00,9697,0.0193919089618962,0.0264026402640264
41-9031.00,9698,0.0275511903322683,0.0528052805280528
41-9031.00,9699,0.0044316066364499,0.0132013201320132
41-9031.00,9700,0.0073051189497367,0.0198019801980198
41-9031.00,9701,0.0011461865761962,0.0132013201320132
43-1011.00,9703,0.0359761904429055,0.0592592592592592
43-1011.00,9704,0.0610846851254474,0.1777777777777777
43-1011.00,9705,0.0421249082518049,0.0592592592592592
43-1011.00,9706,0.0319254015270729,0.0222222222222222
43-1011.00,9707,0.0114017024303265,0.0296296296296296
43-1011.00,9708,0.0231346273927924,0.0444444444444444
43-1011.00,9709,0.015712515410483,0.0296296296296296
43-1011.00,9710,0.0262043098364846,0.0518518518518518
43-1011.00,9712,0.0228962839755081,0.0296296296296296
43-1011.00,9713,0.0360138480922689,0.037037037037037
43-1011.00,9714,0.0287238965637462,0.0444444444444444
43-1011.00,9715,0.0413881831704632,0.0296296296296296
43-1011.00,9716,0.0230819615057397,0.037037037037037
43-1011.00,9717,0.0180291457496145,0.037037037037037
43-1011.00,9719,0.0156403122652284,0.0222222222222222
43-1011.00,9720,0.0148206135480521,0.0148148148148148
43-1011.00,9721,0.0182904664921468,0.0296296296296296
43-1011.00,9722,0.019205184183866,0.0888888888888888
43-1011.00,9724,0.0143896752238979,0.0222222222222222
43-1011.00,9725,0.0099954812260157,0.0222222222222222
43-1011.00,9727,0.0048370141258179,0.0148148148148148
43-1011.00,9728,0.004514066617631,0.0074074074074074
43-1011.00,9729,0.0022421214211121,0.0074074074074074
43-1011.00,9730,0.0079749107736775,0.0148148148148148
43-4061.00,9732,0.0750823532095052,0.0629921259842519
43-4061.00,9733,0.0638008401163685,0.0787401574803149
43-4061.00,9734,0.1001729761630166,0.0944881889763779
43-4061.00,9735,0.1205863351431705,0.0629921259842519
43-4061.00,9736,0.0917452644552326,0.1259842519685039
43-4061.00,9737,0.0630604965788418,0.1102362204724409
43-4061.00,9738,0.0528941147155878,0.0472440944881889
43-4061.00,9739,0.0807093160268713,0.1259842519685039
43-4061.00,9740,0.0251642847129568,0.0236220472440944
43-4061.00,9741,0.0214785418541745,0.0314960629921259
43-4061.00,9742,0.0215470407115814,0.0157480314960629
43-4061.00,9743,0.0192655137162437,0.0236220472440944
43-4061.00,9744,0.072328146544673,0.0472440944881889
43-4061.00,9745,0.0171955741045388,0.0314960629921259
43-4061.00,9746,0.021314106802436,0.0472440944881889
43-4061.00,9748,0.0036003729255622,0.0393700787401574
43-4181.00,9750,0.029322999418201,0.0883977900552486
43-4181.00,9751,0.0319721335953992,0.0552486187845303
43-4181.00,9752,0.0697653159563269,0.0773480662983425
43-4181.00,9753,0.0603135071085124,0.0552486187845303
43-4181.00,9754,0.061288433903155,0.0662983425414364
43-4181.00,9755,0.0426604726379034,0.0552486187845303
43-4181.00,9756,0.0439902197118457,0.0331491712707182
43-4181.00,9757,0.0802308497820221,0.0662983425414364
43-4181.00,9758,0.0818814162792253,0.0883977900552486
43-4181.00,9759,0.0605336369670947,0.0441988950276243
43-4181.00,9760,0.0740235664545254,0.0883977900552486
43-4181.00,9762,0.0545441018288366,0.0331491712707182
43-4181.00,9763,0.0083602251637864,0.0220994475138121
43-4181.00,9764,0.0327731459827603,0.0331491712707182
43-4181.00,9766,0.0283758603634543,0.0331491712707182
43-9111.00,9788,0.1745252520259163,0.1709401709401709
43-9111.00,9789,0.1143226582055838,0.1367521367521367
43-9111.00,9790,0.0736742270076087,0.0854700854700854
43-9111.00,9791,0.0985957537511161,0.1025641025641025
43-9111.00,9792,0.1091181488703906,0.1025641025641025
43-9111.00,9793,0.0226203084579568,0.0341880341880341
43-9111.00,9794,0.0500821605849717,0.0256410256410256
43-9111.00,9795,0.0703809059761804,0.0854700854700854
43-9111.00,9796,0.0222245474390046,0.017094017094017
43-9111.00,9797,0.0691457242567428,0.0512820512820512
43-9111.00,9798,0.0739858349527131,0.0683760683760683
43-9111.00,9799,0.0562115705531732,0.0512820512820512
43-9111.00,9800,0.0480599068804015,0.0341880341880341
43-9111.00,9801,0.0170530010382398,0.0341880341880341
45-4022.00,9802,0.0696809458496482,0.050314465408805
45-4022.00,9803,0.1583407479887195,0.2264150943396226
45-4022.00,9804,0.0979826853703364,0.2264150943396226
45-4022.00,9805,0.048951961549107,0.050314465408805
45-4022.00,9806,0.1478116904339783,0.0251572327044025
45-4022.00,9807,0.160026956188003,0.1886792452830188
45-4022.00,9808,0.1086036057243623,0.2012578616352201
45-4022.00,9809,0.0218622785227954,0.0188679245283018
45-4023.00,9811,0.1703409163591619,0.1714285714285714
45-4023.00,9812,0.1332372719045824,0.1428571428571428
45-4023.00,9813,0.1124544944445698,0.0714285714285714
45-4023.00,9814,0.1215486408510187,0.1714285714285714
45-4023.00,9815,0.0459432759499262,0.0571428571428571
45-4023.00,9816,0.1089337538484021,0.0428571428571428
45-4023.00,9817,0.1273741251239109,0.1142857142857142
45-4023.00,9818,0.0168282070749647,0.0571428571428571
45-4023.00,9819,0.0666926441086082,0.0428571428571428
45-4023.00,9820,0.0381934565581806,0.0571428571428571
45-4023.00,9821,0.0234176628467453,0.0142857142857142
47-2053.00,9823,0.0756050515439371,0.0545454545454545
47-2053.00,9824,0.0502488326752352,0.0727272727272727
47-2053.00,9825,0.1324114618748446,0.0363636363636363
47-2053.00,9826,0.0392457241684998,0.0272727272727272
47-2053.00,9827,0.0507770634330586,0.109090909090909
47-2053.00,9828,0.058958244532527,0.0545454545454545
47-2053.00,9829,0.1172080058662697,0.109090909090909
47-2053.00,9830,0.0238609267013983,0.0363636363636363
47-2053.00,9831,0.0661933209096266,0.0181818181818181
47-2053.00,9832,0.0386274550229561,0.0363636363636363
47-2053.00,9833,0.035519789789752,0.0545454545454545
47-2053.00,9834,0.0268998941808567,0.0363636363636363
47-2053.00,9835,0.0268419154606009,0.0272727272727272
47-2053.00,9836,0.0119369274317294,0.0181818181818181
47-2053.00,9837,0.0619601369900446,0.0545454545454545
47-2053.00,9838,0.0349880914830166,0.0363636363636363
47-2053.00,9839,0.0264595800898373,0.0363636363636363
47-2053.00,9840,0.0316954566501482,0.0181818181818181
47-2053.00,9841,0.0608697132971018,0.0454545454545454
47-2053.00,9842,0.0043698819473111,0.0272727272727272
47-2053.00,9843,0.0037637575560698,0.009090909090909
47-2053.00,9844,0.002146225821093,0.009090909090909
47-2053.00,9845,0.0044516813102691,0.0181818181818181
47-2053.00,9846,0.0006237730863635,0.0181818181818181
47-2053.00,9847,0.0025537693487902,0.009090909090909
47-2053.00,9848,0.0117833188286615,0.0272727272727272
47-2073.00,9849,0.082002344101059,0.0129032258064516
47-2073.00,9850,0.059144981281461,0.0516129032258064
47-2073.00,9851,0.0485185617417551,0.1161290322580645
47-2073.00,9852,0.0901888300652252,0.1161290322580645
47-2073.00,9853,0.013769531489985,0.0096774193548387
47-2073.00,9854,0.0295674699929073,0.032258064516129
47-2073.00,9856,0.0652137976311359,0.1032258064516129
47-2073.00,9857,0.0765078588303237,0.0903225806451612
47-2073.00,9858,0.038674158833789,0.0774193548387096
47-2073.00,9859,0.0360667078454195,0.0774193548387096
47-2073.00,9860,0.0167175038957845,0.0258064516129032
47-2073.00,9861,0.0171925510995409,0.0064516129032258
47-2073.00,9862,0.0095943567127627,0.0096774193548387
47-2073.00,9863,0.0170868691575391,0.0516129032258064
47-2073.00,9864,0.0068734254982077,0.0096774193548387
47-2073.00,9867,0.0225266802361954,0.0129032258064516
47-2073.00,9868,0.015863169308277,0.0064516129032258
47-2073.00,9869,0.0011713669797994,0.0193548387096774
47-2073.00,9871,0.0023043231506801,0.0064516129032258
47-2073.00,9872,0.0290764923272999,0.0129032258064516
47-2073.00,9874,0.0067170453583671,0.0032258064516129
47-2073.00,9875,0.0083684398873553,0.0387096774193548
47-2161.00,9878,0.1477148263360479,0.2142857142857142
47-2161.00,9879,0.1630637553215275,0.0714285714285714
47-2161.00,9880,0.095700247629709,0.0571428571428571
47-2161.00,9881,0.0500765197977833,0.0571428571428571
47-2161.00,9882,0.0551054387914715,0.0285714285714285
47-2161.00,9883,0.0665826585116078,0.0714285714285714
47-2161.00,9884,0.0352166811566706,0.0428571428571428
47-2161.00,9885,0.0478194562281181,0.1428571428571428
47-2161.00,9886,0.0306138553724328,0.0857142857142857
47-2161.00,9887,0.0249279526055563,0.0428571428571428
47-2161.00,9888,0.015601585290452,0.0142857142857142
47-5011.00,9889,0.0130357722058217,0.0197368421052631
47-5011.00,9890,0.0464145490057973,0.0526315789473684
47-5011.00,9891,0.1242763375019978,0.131578947368421
47-5011.00,9892,0.0506583719279214,0.0657894736842105
47-5011.00,9893,0.0079657372782883,0.006578947368421
47-5011.00,9894,0.136826348446239,0.0921052631578947
47-5011.00,9895,0.0813729239001954,0.0394736842105263
47-5011.00,9896,0.0388340955160947,0.0263157894736842
47-5011.00,9897,0.0920158108376831,0.0657894736842105
47-5011.00,9898,0.0774956672768001,0.1578947368421052
47-5011.00,9899,0.0388188700278855,0.0394736842105263
47-5011.00,9900,0.0389362529469442,0.0197368421052631
47-5011.00,9901,0.1079378882798103,0.1052631578947368
47-5011.00,9903,0.1335460434112612,0.1578947368421052
49-2091.00,9933,0.0582921715932236,0.09375
49-2091.00,9934,0.1293346023396138,0.15625
49-2091.00,9935,0.1377283899896416,0.078125
49-2091.00,9936,0.1095784427679737,0.046875
49-2091.00,9937,0.0641811469420573,0.046875
49-2091.00,9938,0.1007665103368587,0.125
49-2091.00,9939,0.1265547017748615,0.1875
49-2091.00,9940,0.0751752874720221,0.078125
49-2091.00,9941,0.0928044918768743,0.0625
49-2091.00,9942,0.0198748953068997,0.03125
49-2091.00,9943,0.0639664946732814,0.0625
49-2091.00,9944,0.0096257584881828,0.015625
49-2091.00,9945,0.012117106438509,0.015625
49-3011.00,9946,0.0423890011394345,0.0637958532695374
49-3011.00,9947,0.0293356279409805,0.0398724082934609
49-3011.00,9948,0.0291832145337032,0.0478468899521531
49-3011.00,9949,0.0310535138773551,0.0558213716108452
49-3011.00,9950,0.0311100043001841,0.0637958532695374
49-3011.00,9951,0.024288732133568,0.0318979266347687
49-3011.00,9952,0.0199401537827692,0.0797448165869218
49-3011.00,9953,0.0081650176540576,0.0079744816586921
49-3011.00,9954,0.0275719320683382,0.0956937799043062
49-3011.00,9955,0.0176910234735865,0.0239234449760765
49-3011.00,9956,0.0193950822051361,0.0478468899521531
49-3011.00,9957,0.0165209622648927,0.0478468899521531
49-3011.00,9958,0.0121587949671521,0.0079744816586921
49-3011.00,9960,0.0168406142978565,0.0239234449760765
49-3011.00,9961,0.0084897389810672,0.0318979266347687
49-3011.00,9962,0.0066977856604247,0.0239234449760765
49-3011.00,9963,0.0089037939361673,0.0079744816586921
49-3011.00,9965,0.0205224150956505,0.0318979266347687
49-3011.00,9966,0.0082939615546698,0.0159489633173843
49-3011.00,9968,0.0253027937229201,0.0159489633173843
49-3011.00,9969,0.0083129797933712,0.0159489633173843
49-3011.00,9970,0.0078148922382605,0.0159489633173843
49-3011.00,9971,0.0083614539460081,0.0159489633173843
49-3011.00,9972,0.015198129711684,0.0239234449760765
49-3011.00,9973,0.0066186184443048,0.0079744816586921
49-3011.00,9976,0.0121323157783303,0.0031897926634768
49-3011.00,9977,0.0141295970690212,0.0239234449760765
49-3011.00,9981,0.0103790067578218,0.0079744816586921
49-3011.00,9982,0.0067133773661207,0.0015948963317384
49-3043.00,9984,0.0392457368972635,0.1333333333333333
49-3043.00,9985,0.0289793330216402,0.05
49-3043.00,9986,0.0539190268998093,0.0666666666666666
49-3043.00,9988,0.0552449116355114,0.0833333333333333
49-3043.00,9989,0.0382002408724347,0.0666666666666666
49-3043.00,9990,0.0327679302096226,0.0416666666666666
49-3043.00,9991,0.0235684186273131,0.0833333333333333
49-3043.00,9992,0.018920809948158,0.05
49-3043.00,9995,0.0093242155882975,0.025
49-3043.00,9996,0.019777222703688,0.0333333333333333
49-3043.00,9999,0.0053574906575999,0.0416666666666666
49-3043.00,10000,0.0080064603290134,0.025
49-3043.00,10001,0.0231691209597421,0.0333333333333333
49-3092.00,10004,0.0927876419584664,0.0588235294117647
49-3092.00,10005,0.0509602404191647,0.0840336134453781
49-3092.00,10006,0.1055699158694632,0.1176470588235294
49-3092.00,10007,0.051501902989337,0.0840336134453781
49-3092.00,10008,0.0854533120818978,0.0756302521008403
49-3092.00,10009,0.058953225934744,0.0588235294117647
49-3092.00,10010,0.0967754598631881,0.042016806722689
49-3092.00,10011,0.0633542722879779,0.0336134453781512
49-3092.00,10012,0.0335568937775298,0.0672268907563025
49-3092.00,10013,0.051030792705225,0.042016806722689
49-3092.00,10014,0.0662625837593578,0.0924369747899159
49-3092.00,10015,0.0416996071665812,0.0336134453781512
49-3092.00,10016,0.0703350863681751,0.0252100840336134
49-3092.00,10017,0.0173712962025599,0.0084033613445378
51-2022.00,10018,0.0409059686623631,0.087719298245614
51-2022.00,10019,0.1124590679965172,0.2631578947368421
51-2022.00,10020,0.0778969764999343,0.0701754385964912
51-2022.00,10021,0.0752755721790132,0.0350877192982456
51-2022.00,10022,0.1166803321672371,0.0701754385964912
51-2022.00,10023,0.0260705405902684,0.0350877192982456
51-2022.00,10024,0.0941779706598741,0.1403508771929824
51-2022.00,10025,0.0185178284727774,0.0350877192982456
51-2022.00,10026,0.0298151535449159,0.0263157894736842
51-2022.00,10027,0.0519086210698371,0.0175438596491228
51-2022.00,10028,0.0233033710916497,0.0526315789473684
51-2022.00,10029,0.0297007311881363,0.0526315789473684
51-2022.00,10031,0.0272561315384951,0.0263157894736842
51-2022.00,10034,0.0253679258786078,0.0175438596491228
51-2041.00,10035,0.0754986584287109,0.1610738255033557
51-2041.00,10036,0.0840814551009714,0.0536912751677852
51-2041.00,10037,0.0793632850316818,0.0536912751677852
51-2041.00,10038,0.050330559578345,0.0402684563758389
51-2041.00,10039,0.035751843544902,0.1073825503355704
51-2041.00,10040,0.0278685179320707,0.0335570469798657
51-2041.00,10041,0.039578983612309,0.046979865771812
51-2041.00,10042,0.0745627727817851,0.046979865771812
51-2041.00,10043,0.0701082755487341,0.0671140939597315
51-2041.00,10044,0.0493430657054468,0.0805369127516778
51-2041.00,10045,0.0547349199072113,0.0402684563758389
51-2041.00,10046,0.0178347494206051,0.0268456375838926
51-2041.00,10047,0.0089568070230767,0.0201342281879194
51-2041.00,10048,0.0184520647368376,0.0201342281879194
51-2041.00,10049,0.0313221563647782,0.0268456375838926
51-2041.00,10050,0.0465869284127485,0.0335570469798657
51-2041.00,10051,0.0240276069056804,0.0402684563758389
51-2041.00,10052,0.017790752429389,0.0067114093959731
51-2041.00,10053,0.0470138156344287,0.0268456375838926
51-2041.00,10054,0.0075407230363108,0.0134228187919463
51-2041.00,10055,0.0051867935989411,0.0134228187919463
51-2041.00,10057,0.0029595344006991,0.0134228187919463
51-3091.00,10058,0.0912534445157356,0.0551724137931034
51-3091.00,10059,0.0753402546363775,0.1103448275862069
51-3091.00,10060,0.0723265058867055,0.1655172413793103
51-3091.00,10061,0.0442961300381837,0.0413793103448275
51-3091.00,10062,0.0750660830170089,0.1103448275862069
51-3091.00,10063,0.0957685461540286,0.0344827586206896
51-3091.00,10064,0.0759623596836352,0.0551724137931034
51-3091.00,10065,0.0529867065075488,0.0206896551724137
51-3091.00,10066,0.0352248216621178,0.0206896551724137
51-3091.00,10067,0.0570516375270647,0.0827586206896551
51-3091.00,10068,0.044690170432487,0.0551724137931034
51-3091.00,10069,0.0217088325768879,0.0551724137931034
51-3091.00,10070,0.0353988837075076,0.0206896551724137
51-3091.00,10071,0.0601417591631201,0.0413793103448275
51-3091.00,10072,0.0233924074799967,0.0413793103448275
51-3091.00,10073,0.0265538220900167,0.0275862068965517
51-3091.00,10074,0.0138604589009455,0.0137931034482758
51-3091.00,10075,0.0442954384197401,0.0275862068965517
51-3091.00,10076,0.0546817376008914,0.0137931034482758
51-4022.00,10078,0.0824097770526174,0.0794701986754966
51-4022.00,10079,0.1035933450607597,0.0331125827814569
51-4022.00,10080,0.0733635630371046,0.0529801324503311
51-4022.00,10081,0.0462277709553329,0.0198675496688741
51-4022.00,10082,0.071083224612186,0.0397350993377483
51-4022.00,10083,0.0487942872451088,0.0198675496688741
51-4022.00,10084,0.0310982811186276,0.0331125827814569
51-4022.00,10085,0.1250935151803238,0.2913907284768212
51-4022.00,10086,0.0902926270751713,0.23841059602649
51-4022.00,10087,0.0667284676852835,0.0662251655629139
51-4022.00,10088,0.0326100601719785,0.0463576158940397
51-4022.00,10089,0.0752668518674958,0.0662251655629139
51-4023.00,10091,0.086795744809673,0.0641025641025641
51-4023.00,10092,0.0838009800267871,0.1923076923076923
51-4023.00,10093,0.0774926644654359,0.0769230769230769
51-4023.00,10094,0.0726061111348454,0.0384615384615384
51-4023.00,10095,0.0616272981046954,0.1282051282051282
51-4023.00,10096,0.0629112064527727,0.0256410256410256
51-4023.00,10097,0.056108996494067,0.0512820512820512
51-4023.00,10098,0.055227950707682,0.1025641025641025
51-4023.00,10099,0.053483846997441,0.0512820512820512
51-4023.00,10100,0.0350663803563185,0.0256410256410256
51-4023.00,10101,0.0418247449514606,0.0256410256410256
51-4023.00,10102,0.0473195072893541,0.0256410256410256
51-4023.00,10103,0.0352295053623569,0.0384615384615384
51-4023.00,10105,0.0432757910000244,0.0256410256410256
51-4023.00,10106,0.0317235007451788,0.0256410256410256
51-4023.00,10107,0.0482396896292312,0.0256410256410256
51-4023.00,10108,0.0185671637670151,0.0192307692307692
51-4023.00,10109,0.034866807898001,0.0192307692307692
51-4031.00,10110,0.0436502041653163,0.0492610837438423
51-4031.00,10111,0.0460042906733239,0.0394088669950738
51-4031.00,10113,0.0317007787040029,0.0591133004926108
51-4031.00,10114,0.0363490740866269,0.1773399014778325
51-4031.00,10115,0.0403666593142796,0.1477832512315271
51-4031.00,10118,0.0248612786154954,0.0197044334975369
51-4031.00,10124,0.025011468923464,0.0295566502463054
51-4031.00,10129,0.0094569614620228,0.0098522167487684
51-4031.00,10130,0.0138142467241195,0.0098522167487684
51-4031.00,10135,0.0124576995524249,0.0049261083743842
51-4031.00,10136,0.0124514921501867,0.0098522167487684
51-4033.00,10140,0.1088225251351751,0.0701754385964912
51-4033.00,10141,0.041804280516694,0.0818713450292397
51-4033.00,10142,0.0895989522676691,0.2105263157894736
51-4033.00,10143,0.0906381962082082,0.1403508771929824
51-4033.00,10144,0.0533601265306832,0.0584795321637426
51-4033.00,10145,0.0845276615132917,0.0467836257309941
51-4033.00,10146,0.0711859574680922,0.0292397660818713
51-4033.00,10147,0.057141772621757,0.0350877192982456
51-4033.00,10148,0.0667868344814196,0.0467836257309941
51-4033.00,10149,0.0910674289971441,0.0350877192982456
51-4033.00,10150,0.0561643519723406,0.0584795321637426
51-4033.00,10151,0.0329635937285682,0.0467836257309941
51-4033.00,10152,0.0376706728973995,0.023391812865497
51-4033.00,10153,0.0142094033153127,0.0175438596491228
51-4033.00,10154,0.0374629057849451,0.0467836257309941
51-4033.00,10155,0.0122992023142176,0.023391812865497
51-4033.00,10156,0.0263942016859624,0.0175438596491228
51-4033.00,10157,0.027901932561119,0.0116959064327485
51-4051.00,10158,0.0643262828420829,0.0606060606060606
51-4051.00,10159,0.0820382486436388,0.0909090909090909
51-4051.00,10160,0.1058520943043938,0.0378787878787878
51-4051.00,10161,0.0628534096825081,0.0909090909090909
51-4051.00,10162,0.0652632728033208,0.0454545454545454
51-4051.00,10163,0.0860638796400401,0.1212121212121212
51-4051.00,10164,0.04254984524204,0.0303030303030303
51-4051.00,10165,0.0974628611373497,0.1515151515151515
51-4051.00,10167,0.0394208651646354,0.0454545454545454
51-4051.00,10168,0.059371903733555,0.0606060606060606
51-4051.00,10169,0.0275069076348874,0.0303030303030303
51-4051.00,10171,0.0425285568189974,0.053030303030303
51-4051.00,10172,0.0271305167861728,0.0378787878787878
51-4072.00,10173,0.1148333472271472,0.1048034934497816
51-4072.00,10174,0.0871821612229649,0.0436681222707423
51-4072.00,10175,0.0418618975816593,0.131004366812227
51-4072.00,10176,0.0316256876502691,0.0524017467248908
51-4072.00,10177,0.0451741147720249,0.0262008733624454
51-4072.00,10178,0.0325734927749245,0.0524017467248908
51-4072.00,10179,0.0142086364522772,0.0174672489082969
51-4072.00,10180,0.0366695195582008,0.0436681222707423
51-4072.00,10181,0.0708163353870311,0.0174672489082969
51-4072.00,10182,0.0250492560848404,0.0262008733624454
51-4072.00,10183,0.017415459607406,0.0349344978165938
51-4072.00,10184,0.0552225457529703,0.0349344978165938
51-4072.00,10185,0.019174533106519,0.0305676855895196
51-4072.00,10186,0.0477477839587854,0.0218340611353711
51-4072.00,10187,0.0170849261182324,0.0218340611353711
51-4072.00,10188,0.0296773876114049,0.0174672489082969
51-4072.00,10189,0.0247993459075172,0.0131004366812227
51-4072.00,10190,0.0129217181894768,0.0436681222707423
51-4072.00,10191,0.0254618003729754,0.0436681222707423
51-4072.00,10192,0.0268851913159643,0.0087336244541484
51-4072.00,10193,0.0228174551011206,0.0131004366812227
51-4072.00,10194,0.0330072949656213,0.0131004366812227
51-4072.00,10195,0.0301783823739548,0.0349344978165938
51-4072.00,10196,0.0366822757311108,0.0131004366812227
51-4072.00,10197,0.0270905501088023,0.0262008733624454
51-4072.00,10198,0.0128149405262682,0.0131004366812227
51-4072.00,10199,0.0159976528445351,0.0087336244541484
51-4072.00,10200,0.0272671673637342,0.0087336244541484
51-4072.00,10203,0.0177591403322606,0.0131004366812227
51-4081.00,10206,0.1064772322907873,0.0745341614906832
51-4081.00,10207,0.0966244751831187,0.1490683229813664
51-4081.00,10208,0.0757636467328391,0.0372670807453416
51-4081.00,10209,0.0517474780162687,0.186335403726708
51-4081.00,10210,0.0735061240197033,0.0993788819875776
51-4081.00,10211,0.0918446730888381,0.0496894409937888
51-4081.00,10212,0.0728298517848537,0.0248447204968944
51-4081.00,10213,0.0384749153493164,0.0124223602484472
51-4081.00,10214,0.0404552333033382,0.0496894409937888
51-4081.00,10215,0.0503291149251828,0.031055900621118
51-4081.00,10216,0.0302865357489527,0.0186335403726708
51-4081.00,10217,0.0640436303377262,0.0496894409937888
51-4081.00,10218,0.0229582205382332,0.0186335403726708
51-4081.00,10219,0.0306349381969707,0.0248447204968944
51-4081.00,10220,0.0213280523199107,0.0062111801242236
51-4081.00,10221,0.0242873782444569,0.031055900621118
51-4081.00,10222,0.0191806211673892,0.0372670807453416
51-4081.00,10223,0.0333509631601146,0.0186335403726708
51-4081.00,10224,0.0152351575893136,0.0186335403726708
51-4081.00,10225,0.036830416846075,0.0248447204968944
51-4122.00,10266,0.0419609826588263,0.03125
51-4122.00,10267,0.0555437900837671,0.15625
51-4122.00,10268,0.0237159945233525,0.0833333333333333
51-4122.00,10269,0.0261348406335989,0.0104166666666666
51-4122.00,10270,0.0354991737850457,0.0208333333333333
51-4122.00,10271,0.0475120899299467,0.0416666666666666
51-4122.00,10272,0.0358066046489662,0.0208333333333333
51-4122.00,10273,0.0175016729136741,0.0833333333333333
51-4122.00,10274,0.0510252253978623,0.03125
51-4122.00,10275,0.0429737200717005,0.0625
51-4122.00,10276,0.0495830766884964,0.0416666666666666
51-4122.00,10277,0.0224983090115879,0.015625
51-4122.00,10278,0.0241107924490678,0.0104166666666666
51-4122.00,10279,0.0291829671723973,0.0416666666666666
51-4122.00,10280,0.0297637670321267,0.0625
51-4122.00,10281,0.033757686410371,0.03125
51-4122.00,10282,0.0291396412515293,0.015625
51-4122.00,10283,0.0297294617343893,0.015625
51-4122.00,10284,0.0457298094014316,0.0416666666666666
51-4122.00,10285,0.027155844588718,0.0260416666666666
51-4122.00,10287,0.0201261323079823,0.0208333333333333
51-4122.00,10288,0.0158191577021725,0.0104166666666666
51-4122.00,10289,0.0155096784598689,0.015625
51-4122.00,10290,0.0344443802083794,0.03125
51-4122.00,10291,0.0184612076603169,0.0104166666666666
51-4122.00,10292,0.0373973100943511,0.0208333333333333
51-4122.00,10294,0.0058203145735866,0.015625
51-4192.00,10295,0.1247082609676372,0.0909090909090909
51-4192.00,10296,0.0665467657009635,0.106060606060606
51-4192.00,10297,0.0764575992103128,0.1212121212121212
51-4192.00,10298,0.1134738437972495,0.1287878787878787
51-4192.00,10299,0.0706318667956516,0.0909090909090909
51-4192.00,10300,0.057618154235205,0.0909090909090909
51-4192.00,10301,0.0833460074798877,0.0606060606060606
51-4192.00,10302,0.0659332166898187,0.0757575757575757
51-4192.00,10303,0.0353424421664731,0.0606060606060606
51-4192.00,10304,0.0272439418462364,0.0454545454545454
51-4192.00,10305,0.054216690622478,0.0454545454545454
51-4192.00,10306,0.0171606868508359,0.0227272727272727
51-4192.00,10307,0.0383101555597747,0.0303030303030303
51-4193.00,10309,0.0442794512017349,0.0383141762452107
51-4193.00,10310,0.0307386762260228,0.0383141762452107
51-4193.00,10311,0.0477310845090549,0.0613026819923371
51-4193.00,10312,0.0546986119564049,0.0766283524904214
51-4193.00,10313,0.0170443178708255,0.0459770114942528
51-4193.00,10314,0.0164684605191302,0.0114942528735632
51-4193.00,10315,0.0213690365316072,0.0306513409961685
51-4193.00,10316,0.038738475528908,0.0191570881226053
51-4193.00,10317,0.0200322484682514,0.0191570881226053
51-4193.00,10318,0.0461890804039239,0.0383141762452107
51-4193.00,10319,0.0460404211483722,0.0459770114942528
51-4193.00,10320,0.0162345392740404,0.0229885057471264
51-4193.00,10321,0.0027626663141554,0.0153256704980842
51-4193.00,10322,0.018837498114797,0.0229885057471264
51-4193.00,10323,0.0250644083579919,0.0153256704980842
51-4193.00,10324,0.0271483217632083,0.0153256704980842
51-4193.00,10325,0.0205782453041371,0.0306513409961685
51-4193.00,10326,0.0464976371572248,0.0306513409961685
51-4193.00,10327,0.0392555175771943,0.0383141762452107
51-4193.00,10328,0.0285259863120827,0.0306513409961685
51-4193.00,10329,0.0214757570955718,0.0153256704980842
51-4193.00,10330,0.0242113657610299,0.0459770114942528
51-4193.00,10331,0.0183034658277365,0.0268199233716475
51-4193.00,10333,0.0160060362898096,0.0229885057471264
51-4193.00,10335,0.0195208971492296,0.0076628352490421
51-4193.00,10337,0.0235487436011356,0.0383141762452107
51-4193.00,10340,0.0106437868575414,0.0114942528735632
51-4193.00,10342,0.0281100546368517,0.0229885057471264
51-4193.00,10343,0.0094221404503457,0.0153256704980842
51-4193.00,10345,0.0127787631426438,0.0153256704980842
51-4194.00,10348,0.0542237808339673,0.0298507462686567
51-4194.00,10349,0.0906871775793467,0.1791044776119403
51-4194.00,10350,0.0972135589626114,0.1194029850746268
51-4194.00,10351,0.0666459996075446,0.2238805970149253
51-4194.00,10352,0.0550598143966167,0.044776119402985
51-4194.00,10353,0.0592277059243944,0.0746268656716417
51-4194.00,10354,0.0496854639793561,0.044776119402985
51-4194.00,10355,0.0363751173087272,0.0298507462686567
51-4194.00,10356,0.0246694367631549,0.0149253731343283
51-4194.00,10357,0.0968393200507547,0.0373134328358208
51-4194.00,10358,0.0577140126517689,0.0597014925373134
51-4194.00,10359,0.0583010716726112,0.0149253731343283
51-4194.00,10361,0.0261921478333588,0.0373134328358208
51-4194.00,10362,0.0260194218169883,0.0298507462686567
51-4194.00,10363,0.007705155239451,0.0149253731343283
51-4194.00,10364,0.0255298157046033,0.0149253731343283
51-5111.00,10402,0.1430766550046371,0.0508474576271186
51-5111.00,10403,0.1303400972771911,0.1016949152542373
51-5111.00,10405,0.0623522224979718,0.0847457627118644
51-5111.00,10406,0.0433564791422863,0.0338983050847457
51-5111.00,10407,0.024268268264926,0.0338983050847457
51-5111.00,10410,0.0260752987356706,0.0169491525423728
51-5111.00,10412,0.033649319986268,0.0508474576271186
51-5111.00,10425,0.0334205294657958,0.0169491525423728
51-5111.00,10427,0.0187958000092153,0.0338983050847457
51-5111.00,10428,0.0225069180578922,0.0338983050847457
51-5111.00,10433,0.021715009134558,0.0169491525423728
51-8021.00,10469,0.0799831875178849,0.1028938906752411
51-8021.00,10470,0.0224024596249232,0.0385852090032154
51-8021.00,10471,0.062532494823004,0.0514469453376205
51-8021.00,10472,0.0749866307200773,0.0643086816720257
51-8021.00,10473,0.0337416919741664,0.0192926045016077
51-8021.00,10474,0.0586887636740938,0.1286173633440514
51-8021.00,10475,0.043560934999425,0.0514469453376205
51-8021.00,10476,0.0699515415981826,0.0514469453376205
51-8021.00,10477,0.0649791241770669,0.0643086816720257
51-8021.00,10478,0.0179244987102422,0.0257234726688102
51-8021.00,10479,0.0161649536653297,0.0385852090032154
51-8021.00,10480,0.0256844260223206,0.0192926045016077
51-8021.00,10481,0.0086411195145442,0.0514469453376205
51-8021.00,10482,0.0223616701210533,0.0257234726688102
51-8021.00,10483,0.0313664198101682,0.0128617363344051
51-8021.00,10484,0.0056979924964211,0.0128617363344051
51-8021.00,10485,0.0043493123045556,0.0064308681672025
51-8021.00,10486,0.0166713850966457,0.0128617363344051
51-8021.00,10487,0.0105304149079135,0.0128617363344051
51-8021.00,10488,0.0352058015635282,0.0257234726688102
51-8021.00,10489,0.0199483078168493,0.0128617363344051
51-8021.00,10491,0.0026224322370754,0.0032154340836012
51-8091.00,10493,0.0779011850679378,0.0711743772241993
51-8091.00,10494,0.1174431845940608,0.2562277580071174
51-8091.00,10495,0.1172180292063292,0.1708185053380783
51-8091.00,10496,0.0700800814766037,0.0569395017793594
51-8091.00,10497,0.026585545648012,0.0284697508896797
51-8091.00,10498,0.0529178207030858,0.0569395017793594
51-8091.00,10500,0.0368218492328783,0.0355871886120996
51-8091.00,10501,0.0452336011082611,0.0355871886120996
51-8091.00,10502,0.0531810648493188,0.0427046263345195
51-8091.00,10503,0.0236626962076821,0.0142348754448398
51-8091.00,10504,0.0537625193772048,0.0854092526690391
51-8091.00,10505,0.0201440483780061,0.0284697508896797
51-8091.00,10506,0.0586135595476429,0.0427046263345195
51-8091.00,10507,0.0262068731055526,0.0213523131672597
51-8091.00,10511,0.0043481995382954,0.0071174377224199
51-9082.00,10512,0.0534373255328239,0.037037037037037
51-9082.00,10513,0.1003084782161212,0.1851851851851851
51-9082.00,10514,0.0751754901214992,0.0555555555555555
51-9082.00,10515,0.0747278236201225,0.0925925925925925
51-9082.00,10516,0.0444494571720183,0.0185185185185185
51-9082.00,10517,0.045704123326375,0.0277777777777777
51-9082.00,10518,0.0884769245850608,0.074074074074074
51-9082.00,10519,0.0946805460548444,0.0925925925925925
51-9082.00,10520,0.0990380664518864,0.1111111111111111
51-9082.00,10521,0.0450368714700173,0.0555555555555555
51-9082.00,10522,0.0704942428767827,0.0555555555555555
51-9082.00,10523,0.0904681577639132,0.074074074074074
51-9082.00,10524,0.0793043883841895,0.0555555555555555
51-9082.00,10525,0.0126185900837777,0.0277777777777777
51-9082.00,10526,0.0260795143405673,0.037037037037037
51-9083.00,10527,0.0751295071951742,0.0472440944881889
51-9083.00,10528,0.0840748289270651,0.0787401574803149
51-9083.00,10529,0.0726501405555167,0.0787401574803149
51-9083.00,10530,0.0719088121973944,0.0944881889763779
51-9083.00,10531,0.0591397629798135,0.0551181102362204
51-9083.00,10532,0.0788282566462946,0.0629921259842519
51-9083.00,10533,0.0895731019152323,0.0393700787401574
51-9083.00,10534,0.0522265480904489,0.0472440944881889
51-9083.00,10535,0.0849925470495677,0.0551181102362204
51-9083.00,10536,0.0514128985661118,0.0787401574803149
51-9083.00,10537,0.0726275606673706,0.0944881889763779
51-9083.00,10538,0.0232678627477467,0.0236220472440944
51-9083.00,10539,0.0465948085092226,0.0629921259842519
51-9083.00,10540,0.0653710158546096,0.0708661417322834
51-9083.00,10541,0.009420113201438,0.0314960629921259
51-9083.00,10542,0.0248032019567733,0.0236220472440944
51-9083.00,10543,0.0207471404064366,0.0157480314960629
51-9083.00,10544,0.0172318925337828,0.0393700787401574
53-2011.00,10562,0.0696255367824294,0.0254885301614273
53-2011.00,10564,0.066765063014689,0.0849617672047578
53-2011.00,10565,0.0840999581913531,0.0424808836023789
53-2011.00,10566,0.1026254183518676,0.1529311809685641
53-2011.00,10567,0.1068420634155949,0.1274426508071368
53-2011.00,10568,0.0786629857421858,0.1699235344095157
53-2011.00,10569,0.0449961866615234,0.0339847068819031
53-2011.00,10570,0.0438175757965861,0.0169923534409515
53-2011.00,10572,0.0335925932438145,0.0254885301614273
53-2011.00,10573,0.0273923770859269,0.0212404418011894
53-2011.00,10574,0.012752248150675,0.0084961767204757
53-2011.00,10575,0.0473742652538413,0.0254885301614273
53-2011.00,10576,0.0328355118800216,0.0339847068819031
53-2011.00,10577,0.0357736671749419,0.0169923534409515
53-2011.00,10578,0.0226849520831433,0.0169923534409515
53-2011.00,10579,0.0350745905495869,0.0084961767204757
53-2011.00,10581,0.0038737957113988,0.0042480883602378
53-2011.00,10582,0.008098794821329,0.0127442650807136
53-2011.00,10583,0.0033529325907926,0.0042480883602378
53-2011.00,10584,0.0055075026514405,0.0084961767204757
53-2011.00,10586,0.0035532658577447,0.0042480883602378
53-2012.00,10587,0.0515662838402479,0.050251256281407
53-2012.00,10588,0.0771593639568145,0.050251256281407
53-2012.00,10589,0.0564585013070036,0.2512562814070352
53-2012.00,10590,0.1230188304511824,0.1884422110552764
53-2012.00,10591,0.0773212107125909,0.0251256281407035
53-2012.00,10592,0.0510846451134118,0.0062814070351758
53-2012.00,10593,0.0497382346698654,0.0376884422110552
53-2012.00,10594,0.052348887769251,0.0251256281407035
53-2012.00,10595,0.0121661576317678,0.050251256281407
53-2012.00,10596,0.0478300086384555,0.0125628140703517
53-2012.00,10598,0.0530638895967052,0.0251256281407035
53-2012.00,10599,0.0367259071254814,0.0251256281407035
53-2012.00,10600,0.0492639673141929,0.0251256281407035
53-2012.00,10601,0.0026906405891079,0.0062814070351758
53-2012.00,10602,0.006065186491177,0.0062814070351758
53-2012.00,10604,0.0122681216284725,0.0125628140703517
53-2012.00,10605,0.0152678691982157,0.0025125628140703
53-2012.00,10607,0.037910089158514,0.0376884422110552
53-2012.00,10608,0.0040361973546756,0.0062814070351758
53-2012.00,10609,0.0029599856920183,0.0062814070351758
53-2012.00,10610,0.0076527299382529,0.0025125628140703
53-2022.00,10613,0.0648161227610405,0.0460829493087557
53-2022.00,10614,0.012786697470842,0.0184331797235023
53-2022.00,10615,0.026160439967728,0.0368663594470046
53-2022.00,10616,0.0691276695864325,0.0921658986175115
53-2022.00,10617,0.0205628908747455,0.0552995391705069
53-2022.00,10618,0.0179138161078588,0.0184331797235023
53-2022.00,10619,0.0363676279877052,0.0460829493087557
53-2022.00,10620,0.0183350899818102,0.0276497695852534
53-2022.00,10621,0.0266536881934592,0.0552995391705069
53-2022.00,10622,0.0541283980392008,0.0460829493087557
53-2022.00,10623,0.035991275259032,0.0460829493087557
53-2022.00,10624,0.0231107146981421,0.0368663594470046
53-2022.00,10625,0.0116416596198311,0.0460829493087557
53-2022.00,10626,0.0251258319880775,0.0276497695852534
53-2022.00,10628,0.0114293363632462,0.0276497695852534
53-2022.00,10629,0.0070719734990384,0.0184331797235023
53-2022.00,10630,0.0280486990829128,0.0368663594470046
53-2022.00,10631,0.0104519420803652,0.0276497695852534
53-2022.00,10632,0.0269573108157232,0.0737327188940092
53-2022.00,10633,0.015719759921668,0.0184331797235023
53-3032.00,10635,0.032603050280381,0.0168823860438942
53-3032.00,10636,0.0499675847134172,0.0393922341024198
53-3032.00,10637,0.0665534478699256,0.028137310073157
53-3032.00,10638,0.0339767076893477,0.0168823860438942
53-3032.00,10640,0.0479045259177728,0.0337647720877884
53-3032.00,10641,0.0462698557239066,0.5064715813168261
53-3032.00,10642,0.0195772336365984,0.0225098480585256
53-3032.00,10643,0.0397820196924926,0.0112549240292628
53-3032.00,10644,0.0273992860383307,0.0056274620146314
53-3032.00,10645,0.034831010902302,0.0168823860438942
53-3032.00,10646,0.0304966596712585,0.0168823860438942
53-3032.00,10647,0.0393401394870299,0.0112549240292628
53-3032.00,10650,0.0350867982343209,0.0056274620146314
53-3032.00,10651,0.0348519521328319,0.0112549240292628
53-3032.00,10653,0.0197950715627004,0.0225098480585256
53-3032.00,10655,0.0203245235776067,0.0112549240292628
53-3032.00,10656,0.0255688643935517,0.0056274620146314
53-3032.00,10658,0.0088500145124124,0.0168823860438942
53-3032.00,10659,0.0114742212042118,0.0056274620146314
53-3032.00,10662,0.0076151887301101,0.0056274620146314
53-4013.00,10665,0.0796053038873953,0.0465116279069767
53-4013.00,10666,0.079306787307538,0.0620155038759689
53-4013.00,10667,0.0475604518384425,0.1162790697674418
53-4013.00,10668,0.0776520475177754,0.1550387596899224
53-4013.00,10669,0.0305084556981012,0.0310077519379844
53-4013.00,10671,0.0505062642512185,0.0155038759689922
53-4013.00,10672,0.0412552501357449,0.0232558139534883
53-4013.00,10673,0.0595634881701745,0.0775193798449612
53-4013.00,10674,0.0553949215831806,0.0620155038759689
53-4013.00,10675,0.0490763324760544,0.0155038759689922
53-4013.00,10676,0.0419106716614796,0.0310077519379844
53-4013.00,10677,0.051390345552949,0.0465116279069767
53-4013.00,10678,0.0439114677598878,0.0310077519379844
53-4013.00,10679,0.0585909448701634,0.0310077519379844
53-4013.00,10681,0.0468800041780704,0.0232558139534883
53-4013.00,10682,0.0305555855115568,0.0155038759689922
53-4013.00,10683,0.0252919028113,0.0387596899224806
53-4013.00,10684,0.0233752761695894,0.0116279069767441
53-4013.00,10685,0.0170588368830234,0.0155038759689922
53-4013.00,10687,0.0104522885201108,0.0155038759689922
53-4013.00,10688,0.0017301869429378,0.0077519379844961
53-4031.00,10690,0.0995668719357468,0.0641025641025641
53-4031.00,10691,0.0591508282394485,0.0256410256410256
53-4031.00,10692,0.0767369963227837,0.1025641025641025
53-4031.00,10693,0.0561412414829532,0.0512820512820512
53-4031.00,10694,0.038790737206215,0.0769230769230769
53-4031.00,10695,0.0098835902572015,0.0064102564102564
53-4031.00,10696,0.0453741154912006,0.0769230769230769
53-4031.00,10697,0.0602246052633991,0.0384615384615384
53-4031.00,10698,0.0461824762600365,0.0512820512820512
53-4031.00,10699,0.0779974537871252,0.0384615384615384
53-4031.00,10700,0.0265981526477826,0.0128205128205128
53-4031.00,10701,0.0348155464369133,0.0641025641025641
53-4031.00,10702,0.0352187883647069,0.0641025641025641
53-4031.00,10703,0.0463688912295503,0.0128205128205128
53-4031.00,10704,0.0379071117915826,0.0384615384615384
53-4031.00,10705,0.0274058540164591,0.0769230769230769
53-4031.00,10707,0.0378067733115885,0.0512820512820512
53-4031.00,10708,0.0140286854142133,0.0384615384615384
53-4031.00,10710,0.0333831189925538,0.0064102564102564
53-6031.00,10712,0.1027363909390032,0.124223602484472
53-6031.00,10713,0.0195894359184009,0.186335403726708
53-6031.00,10714,0.0197252753578343,0.031055900621118
53-6031.00,10715,0.0512734245102064,0.062111801242236
53-6031.00,10719,0.0690279604985761,0.0496894409937888
53-6031.00,10721,0.0384962516725882,0.062111801242236
53-6031.00,10723,0.0450356919022438,0.0124223602484472
53-6031.00,10724,0.0805935031713397,0.0745341614906832
53-6031.00,10725,0.0708004232201245,0.0372670807453416
53-6051.01,10728,0.1376047654444954,0.1495327102803738
53-6051.01,10729,0.0147427856163868,0.0560747663551401
53-6051.01,10730,0.0451281253727935,0.0373831775700934
53-6051.01,10731,0.0440879521109229,0.0934579439252336
53-6051.01,10732,0.050290580780567,0.1121495327102803
53-6051.01,10733,0.0775748041714629,0.1495327102803738
53-6051.01,10734,0.0703597477499758,0.1121495327102803
53-6051.01,10735,0.0378193655970663,0.0560747663551401
53-6051.01,10741,0.0174573882100578,0.0373831775700934
53-6051.01,10742,0.0071283682245843,0.0373831775700934
53-7011.00,10744,0.0205766881417348,0.034090909090909
53-7011.00,10745,0.0460730687111266,0.0454545454545454
53-7011.00,10747,0.0646080045108632,0.034090909090909
53-7011.00,10748,0.0284446423904836,0.0113636363636363
53-7011.00,10749,0.0330564319253689,0.0454545454545454
53-7011.00,10750,0.0555821153850343,0.1704545454545454
53-7011.00,10752,0.0109170442981371,0.0227272727272727
53-7011.00,10753,0.0101455119678491,0.0227272727272727
53-7011.00,10754,0.0304390211271679,0.0170454545454545
53-7011.00,10755,0.0684664635652724,0.034090909090909
53-7011.00,10756,0.0370176666370271,0.0227272727272727
53-7011.00,10757,0.0673822584338919,0.1136363636363636
53-7011.00,10759,0.0230308074951601,0.0227272727272727
53-7011.00,10760,0.0329360731991165,0.0454545454545454
53-7011.00,10761,0.0263218988222619,0.0227272727272727
53-7011.00,10764,0.0157150091498946,0.0454545454545454
53-7021.00,10767,0.203550671986768,0.0826446280991735
53-7021.00,10768,0.269904066932672,0.4628099173553719
53-7021.00,10769,0.0584537142071295,0.0330578512396694
53-7021.00,10770,0.0338106704875042,0.0330578512396694
53-7021.00,10771,0.0570848967547231,0.0495867768595041
53-7021.00,10772,0.0667430540517377,0.0413223140495867
53-7021.00,10773,0.1416607002486586,0.1652892561983471
53-7021.00,10774,0.0231920598141179,0.024793388429752
53-7021.00,10775,0.071173739638266,0.0330578512396694
53-7021.00,10776,0.0398026839195599,0.0495867768595041
53-7021.00,10777,0.0346237419588627,0.024793388429752
53-7062.00,10778,0.0288998110860276,0.0465116279069767
53-7062.00,10779,0.0646509106205821,0.0387596899224806
53-7062.00,10780,0.0500513045750186,0.0310077519379844
53-7062.00,10781,0.0839169766290965,0.3100775193798449
53-7062.00,10782,0.0389876468324906,0.0775193798449612
53-7062.00,10787,0.0178914162030561,0.0232558139534883
53-7062.00,10789,0.0651840072276392,0.0310077519379844
53-7062.00,10792,0.0187995735603117,0.0232558139534883
13-1041.03,10865,0.128814520077434,0.1403508771929824
13-1041.03,10866,0.1264728397660132,0.0526315789473684
13-1041.03,10867,0.1025512327541665,0.0701754385964912
13-1041.03,10869,0.0290137959652578,0.0350877192982456
13-1041.03,10870,0.0080297400342293,0.0526315789473684
13-1041.03,10871,0.0333621166169778,0.043859649122807
13-1041.03,10873,0.0071164666468219,0.0263157894736842
13-1041.03,10874,0.0168322480810872,0.0175438596491228
13-1041.03,10875,0.0144086375097896,0.0701754385964912
13-1041.03,10876,0.0199090781798046,0.0350877192982456
13-1041.03,10878,0.0086980220744814,0.0175438596491228
13-1041.03,10880,0.0008161026598044,0.0263157894736842
17-3021.00,10881,0.0477412655375358,0.116504854368932
17-3021.00,10882,0.0725451994890366,0.0970873786407767
17-3021.00,10883,0.0633546804349823,0.0776699029126213
17-3021.00,10884,0.0260795843155929,0.0776699029126213
17-3021.00,10885,0.0586772195119171,0.0970873786407767
17-3021.00,10887,0.0480988077814602,0.116504854368932
17-3021.00,10888,0.056654981732541,0.1553398058252427
17-3021.00,10889,0.0803100693046687,0.0970873786407767
17-3021.00,10890,0.015449423707886,0.058252427184466
17-3024.00,10892,0.0660666234177951,0.0615384615384615
17-3024.00,10893,0.0476142548725182,0.0461538461538461
17-3024.00,10894,0.0592610160443949,0.0615384615384615
17-3024.00,10895,0.04262413955557,0.0692307692307692
17-3024.00,10896,0.0548595546858834,0.023076923076923
17-3024.00,10898,0.0266257690737349,0.0307692307692307
17-3024.00,10899,0.0043984234631732,0.023076923076923
17-3024.00,10900,0.0285185299128268,0.0461538461538461
17-3024.00,10902,0.0111954003530499,0.0384615384615384
19-2012.00,10903,0.2401744483302715,0.125
19-2012.00,10904,0.2007801566453202,0.078125
19-2012.00,10905,0.1311536826955739,0.125
19-2012.00,10906,0.0285094965599197,0.078125
19-2012.00,10907,0.1576259315426534,0.09375
19-2012.00,10908,0.0438196076250114,0.078125
19-2012.00,10910,0.0251165908033838,0.09375
19-2012.00,10911,0.0582075231749381,0.0625
19-2012.00,10912,0.0934613222131765,0.09375
21-2011.00,10934,0.1681888941997787,0.0775193798449612
21-2011.00,10935,0.1291114686556055,0.0620155038759689
21-2011.00,10936,0.0345903897655221,0.1240310077519379
21-2011.00,10937,0.0365041190763315,0.0930232558139534
21-2011.00,10938,0.0425715265069463,0.0232558139534883
21-2011.00,10939,0.0412528617441441,0.0232558139534883
21-2011.00,10940,0.0454882861557958,0.0775193798449612
21-2011.00,10941,0.0243945630379391,0.0620155038759689
21-2011.00,10942,0.0294078029288109,0.0310077519379844
21-2011.00,10943,0.0344570741641954,0.0310077519379844
21-2011.00,10944,0.0693355340620313,0.0465116279069767
21-2011.00,10945,0.0161728886032901,0.0465116279069767
21-2011.00,10948,0.0513336717057708,0.0232558139534883
21-2011.00,10949,0.0222299743632247,0.0465116279069767
21-2011.00,10950,0.0439802148344603,0.0232558139534883
21-2011.00,10951,0.0767113595968448,0.0775193798449612
21-2011.00,10952,0.0212658881432567,0.0077519379844961
21-2011.00,10953,0.0182396202134412,0.0155038759689922
25-9044.00,10955,0.0243647938348535,0.0979192166462668
25-9044.00,10956,0.0389218064246662,0.1958384332925336
25-9044.00,10957,0.0308371324232363,0.0122399020807833
25-9044.00,10958,0.037915544869473,0.0611995104039167
25-9044.00,10959,0.0314277586615099,0.0122399020807833
25-9044.00,10960,0.0062528843843934,0.03671970624235
25-9044.00,10961,0.0062026211477145,0.0061199510403916
25-9044.00,10962,0.0163512809696905,0.0244798041615667
25-9044.00,10963,0.0459131554007446,0.0244798041615667
25-9044.00,10964,0.0579202575778397,0.0489596083231334
25-9044.00,10965,0.0345330841038236,0.0979192166462668
25-9044.00,10966,0.0071704063847488,0.0489596083231334
25-9044.00,10967,0.0430603146754555,0.0734394124847001
25-9044.00,10968,0.097869653247059,0.0979192166462668
25-9044.00,10971,0.0078727009525082,0.0122399020807833
25-9044.00,10972,0.009708264389224,0.0122399020807833
25-9044.00,10973,0.0020420058254086,0.0122399020807833
27-1013.00,10989,0.0483841868029022,0.175438596491228
27-1013.00,10990,0.0292670046510057,0.1169590643274853
27-1013.00,10991,0.0119084177336027,0.0350877192982456
27-1013.00,10992,0.0196786195668702,0.023391812865497
27-1013.00,10993,0.001290612696112,0.023391812865497
27-1013.00,10994,0.0088058427450579,0.0467836257309941
27-1013.00,10995,0.0091596518055,0.0292397660818713
27-1013.00,10996,0.0018002558105915,0.0350877192982456
27-1013.00,10997,0.0137202352834563,0.023391812865497
27-1013.00,10998,0.0100330800947627,0.0584795321637426
27-1013.00,11002,0.0077669336090094,0.0116959064327485
27-1013.00,11003,0.0189281383321141,0.0467836257309941
27-1013.00,11009,0.0079267185432898,0.0058479532163742
27-2012.04,11015,0.0550179822862798,0.1889763779527559
27-2012.04,11016,0.0267361757803268,0.0629921259842519
27-2012.04,11017,0.0491534718975164,0.0629921259842519
27-2012.04,11018,0.0684352155268329,0.1574803149606299
27-2012.04,11019,0.0500783815089086,0.0314960629921259
27-2012.04,11020,0.0757550600729731,0.0472440944881889
27-2012.04,11021,0.0913968149598446,0.0944881889763779
27-2012.04,11022,0.0069550344552944,0.0629921259842519
27-2012.04,11023,0.0201767735327936,0.0629921259842519
27-2012.04,11024,0.0494182681406289,0.0787401574803149
27-2012.04,11025,0.0091650682016051,0.0314960629921259
27-2012.04,11026,0.0370586810961361,0.0472440944881889
33-2022.00,11102,0.0739384124818689,0.055045871559633
33-2022.00,11103,0.0547232398153544,0.036697247706422
33-2022.00,11104,0.0526108451329739,0.0275229357798165
33-2022.00,11105,0.0552676817968359,0.0642201834862385
33-2022.00,11106,0.0220194652102311,0.0275229357798165
33-2022.00,11107,0.0464470296256681,0.0275229357798165
33-2022.00,11108,0.1705055125645523,0.0825688073394495
33-2022.00,11109,0.0835177753494603,0.055045871559633
33-2022.00,11110,0.0384961255646197,0.036697247706422
33-2022.00,11111,0.0140442826266097,0.018348623853211
33-2022.00,11112,0.0963586803230086,0.2201834862385321
33-2022.00,11113,0.1038919671716747,0.0458715596330275
33-2022.00,11114,0.0673689917475992,0.073394495412844
33-2022.00,11115,0.0556114579945374,0.110091743119266
33-9091.00,11116,0.1636934543642313,0.1744186046511628
33-9091.00,11117,0.232800278433822,0.1744186046511628
33-9091.00,11118,0.1927292302510237,0.2325581395348837
33-9091.00,11119,0.1173672533780202,0.0348837209302325
33-9091.00,11120,0.0246157314125704,0.005813953488372
33-9091.00,11121,0.0268645636557379,0.0116279069767441
33-9091.00,11122,0.0985639887193854,0.2325581395348837
33-9091.00,11123,0.0537997465046639,0.005813953488372
33-9091.00,11124,0.0194096717927705,0.0116279069767441
33-9091.00,11125,0.0183316974806552,0.0348837209302325
33-9091.00,11126,0.0260434579226517,0.0232558139534883
33-9091.00,11127,0.0257809260844674,0.0581395348837209
35-3041.00,11149,0.0802161353200641,0.0769230769230769
35-3041.00,11150,0.0715923068010306,0.123076923076923
35-3041.00,11151,0.0949575762709428,0.0615384615384615
35-3041.00,11152,0.0984088414632351,0.1538461538461538
35-3041.00,11153,0.0881278508072813,0.0769230769230769
35-3041.00,11154,0.0629211696290708,0.0615384615384615
35-3041.00,11155,0.0618292160473407,0.0461538461538461
35-3041.00,11156,0.0679154652936316,0.0923076923076923
35-3041.00,11157,0.0593630966668094,0.0615384615384615
35-3041.00,11158,0.0635122456010672,0.0307692307692307
35-3041.00,11159,0.076530683173658,0.123076923076923
35-3041.00,11160,0.0499506373416389,0.0307692307692307
35-3041.00,11161,0.0713514744813458,0.0307692307692307
35-3041.00,11162,0.0533233011028829,0.0307692307692307
35-9011.00,11163,0.0686078704974029,0.0883977900552486
35-9011.00,11164,0.0605536037689732,0.0662983425414364
35-9011.00,11165,0.068223547006182,0.1104972375690607
35-9011.00,11166,0.0448057822866361,0.0441988950276243
35-9011.00,11167,0.0504973080757785,0.0662983425414364
35-9011.00,11168,0.0586987741656415,0.0552486187845303
35-9011.00,11169,0.0637631478288159,0.0552486187845303
35-9011.00,11170,0.0604664617185986,0.0441988950276243
35-9011.00,11171,0.0306290842714629,0.0331491712707182
35-9011.00,11172,0.0538252280049057,0.0220994475138121
35-9011.00,11173,0.048364530743092,0.0552486187845303
35-9011.00,11174,0.0418331934617963,0.0441988950276243
35-9011.00,11176,0.0363371785776702,0.0331491712707182
35-9011.00,11177,0.0239008106907987,0.0386740331491712
35-9011.00,11178,0.039318024146007,0.0220994475138121
35-9011.00,11179,0.0141030285865497,0.0441988950276243
35-9011.00,11180,0.0204175073473505,0.011049723756906
35-9011.00,11182,0.0066424662671841,0.0441988950276243
35-9011.00,11184,0.0138938615001095,0.0220994475138121
35-9021.00,11186,0.197092375895198,0.3968253968253968
35-9021.00,11187,0.1773636824841629,0.1587301587301587
35-9021.00,11189,0.1017924731458079,0.0476190476190476
35-9021.00,11190,0.0935070235490125,0.0634920634920634
35-9021.00,11192,0.0687750559788872,0.0476190476190476
35-9021.00,11193,0.088662292660164,0.0317460317460317
35-9021.00,11194,0.0177037559085788,0.0079365079365079
35-9021.00,11195,0.04944384800586,0.0317460317460317
35-9021.00,11196,0.0251043384142116,0.0317460317460317
35-9021.00,11197,0.0536225934145408,0.0238095238095238
35-9021.00,11198,0.0099487525912535,0.0158730158730158
37-1012.00,11199,0.0393098802757573,0.0261437908496732
37-1012.00,11200,0.0505221113764929,0.0588235294117647
37-1012.00,11201,0.0625930419990783,0.130718954248366
37-1012.00,11202,0.0614971616161155,0.0457516339869281
37-1012.00,11203,0.0691159801335245,0.0784313725490196
37-1012.00,11204,0.0532686806331256,0.1045751633986928
37-1012.00,11205,0.0233327807222383,0.0326797385620915
37-1012.00,11206,0.053358253272884,0.065359477124183
37-1012.00,11207,0.0295947020370888,0.0196078431372549
37-1012.00,11208,0.0221415933542958,0.0196078431372549
37-1012.00,11209,0.0156483268908535,0.0196078431372549
37-1012.00,11210,0.0252461318669122,0.0261437908496732
37-1012.00,11211,0.0421322960475975,0.0261437908496732
37-1012.00,11212,0.0259415967496128,0.0261437908496732
37-1012.00,11213,0.0326942290889559,0.0261437908496732
37-1012.00,11214,0.0277465455845518,0.0130718954248366
37-1012.00,11215,0.0300464130187889,0.0196078431372549
37-1012.00,11216,0.0238482547036185,0.0130718954248366
37-1012.00,11217,0.0530257726365695,0.0261437908496732
37-1012.00,11219,0.0232743538631059,0.0261437908496732
37-1012.00,11220,0.0393040272143165,0.0065359477124183
37-1012.00,11221,0.040904556262413,0.0196078431372549
37-1012.00,11222,0.0184763292906343,0.0196078431372549
37-1012.00,11223,0.0272378059685959,0.0261437908496732
37-1012.00,11224,0.0168300127566387,0.0392156862745098
37-1012.00,11225,0.045743459589179,0.0522875816993464
37-1012.00,11226,0.0127967058901576,0.0130718954248366
37-3012.00,11227,0.1215700104052053,0.079646017699115
37-3012.00,11228,0.1253881610340219,0.0884955752212389
37-3012.00,11229,0.1364130879103191,0.2123893805309734
37-3012.00,11230,0.1662920760712815,0.3185840707964602
37-3012.00,11231,0.1654114243608039,0.0442477876106194
37-3012.00,11232,0.078997549607992,0.0353982300884955
37-3012.00,11233,0.0509475411260721,0.0707964601769911
37-3012.00,11234,0.0318668384188343,0.0265486725663716
37-3012.00,11235,0.0044080890312111,0.0530973451327433
41-4011.00,11237,0.0689646134822992,0.0559440559440559
41-4011.00,11238,0.0784079941091085,0.0279720279720279
41-4011.00,11239,0.0513772992529266,0.0419580419580419
41-4011.00,11240,0.0555190764121701,0.0419580419580419
41-4011.00,11241,0.069076887565304,0.0419580419580419
41-4011.00,11245,0.0373726581843349,0.0279720279720279
41-4011.00,11246,0.0364514897827803,0.0559440559440559
41-4011.00,11248,0.0255090882965905,0.0419580419580419
41-4011.00,11249,0.0405635790900299,0.0209790209790209
41-4011.00,11251,0.0448921532689202,0.0839160839160839
41-4011.00,11252,0.0250978654392437,0.0279720279720279
41-4011.00,11256,0.0201863296267918,0.0139860139860139
41-4011.00,11257,0.0076537045137489,0.0139860139860139
41-4011.00,11261,0.0419221246973689,0.0209790209790209
41-4011.00,11262,0.0105369033467755,0.0209790209790209
41-4011.00,11265,0.0103634768093638,0.0139860139860139
41-4011.00,11267,0.0096568233839313,0.0139860139860139
43-4021.00,11270,0.075250648243079,0.1111111111111111
43-4021.00,11271,0.0277218047943289,0.0277777777777777
43-4021.00,11272,0.0302493829269515,0.0416666666666666
43-4021.00,11273,0.1156844504883064,0.1111111111111111
43-4021.00,11274,0.0290038543352506,0.0416666666666666
43-4021.00,11276,0.1056878592841796,0.0694444444444444
43-4021.00,11277,0.0819941779483488,0.0833333333333333
43-4021.00,11278,0.0194932376713393,0.0833333333333333
43-4021.00,11279,0.056826174023521,0.0416666666666666
43-4021.00,11280,0.0373881572090073,0.1388888888888889
43-4021.00,11281,0.0751765700641687,0.0138888888888888
43-4021.00,11283,0.0299867769971834,0.0208333333333333
43-4021.00,11285,0.0092995668558801,0.0138888888888888
43-4021.00,11287,0.0275269138499995,0.0277777777777777
43-4021.00,11289,0.0425871791345571,0.0277777777777777
43-4021.00,11290,0.0206068227285833,0.0069444444444444
43-4131.00,11291,0.0927078129116555,0.1038961038961039
43-4131.00,11292,0.0476388198398889,0.1038961038961039
43-4131.00,11293,0.0473896221683941,0.0779220779220779
43-4131.00,11294,0.0854828287081401,0.0779220779220779
43-4131.00,11295,0.1004035329676286,0.0389610389610389
43-4131.00,11296,0.0602130797113626,0.0649350649350649
43-4131.00,11297,0.0707386135464748,0.0779220779220779
43-4131.00,11298,0.0529530657451826,0.0389610389610389
43-4131.00,11299,0.0477204011032953,0.0519480519480519
43-4131.00,11300,0.0329983949510558,0.0324675324675324
43-4131.00,11301,0.0626362164975348,0.0649350649350649
43-4131.00,11302,0.0646014928082907,0.0519480519480519
43-4131.00,11303,0.0277240423732757,0.0519480519480519
43-4131.00,11304,0.0439577119725258,0.0324675324675324
43-4131.00,11305,0.0548912253034755,0.0389610389610389
43-4131.00,11306,0.0284239675026004,0.0259740259740259
43-4131.00,11307,0.0561109174371936,0.0454545454545454
43-4131.00,11308,0.0234082544520242,0.0194805194805194
43-5041.00,11309,0.204142463886189,0.3218884120171674
43-5041.00,11310,0.203255835344674,0.3218884120171674
43-5041.00,11311,0.0636549866188128,0.0536480686695279
43-5041.00,11312,0.0713724082800919,0.0429184549356223
43-5041.00,11313,0.1442676507735157,0.0643776824034334
43-5041.00,11314,0.0786885712448867,0.0321888412017167
43-5041.00,11315,0.0533579869212808,0.0429184549356223
43-5041.00,11316,0.0379229898547047,0.0214592274678111
43-5041.00,11317,0.0438645374004843,0.0214592274678111
43-5041.00,11318,0.0389897147753961,0.0429184549356223
43-5041.00,11320,0.0170176937142899,0.0021459227467811
43-5051.00,11321,0.0455074816459256,0.0350877192982456
43-5051.00,11322,0.0813859793121601,0.1403508771929824
43-5051.00,11323,0.0399445603446928,0.0421052631578947
43-5051.00,11324,0.0534133564323289,0.0561403508771929
43-5051.00,11325,0.075022321706531,0.1122807017543859
43-5051.00,11326,0.0885812826221902,0.0701754385964912
43-5051.00,11327,0.0736222862096051,0.0561403508771929
43-5051.00,11328,0.046483508171905,0.0280701754385964
43-5051.00,11329,0.0445262330010045,0.0140350877192982
43-5051.00,11330,0.055556349223765,0.1684210526315789
43-5051.00,11333,0.039170592062519,0.0491228070175438
43-5051.00,11334,0.007975011116688,0.0140350877192982
43-5051.00,11336,0.0652465651475261,0.0701754385964912
43-5051.00,11337,0.0192802090892328,0.0280701754385964
43-5051.00,11338,0.0362768242306589,0.0421052631578947
43-5052.00,11341,0.0537240977839686,0.0214285714285714
43-5052.00,11342,0.0578139397089458,0.1714285714285714
43-5052.00,11343,0.0955162937532016,0.4
43-5052.00,11344,0.0482655018062466,0.0357142857142857
43-5052.00,11345,0.0189433899069305,0.0142857142857142
43-5052.00,11346,0.0203990236060382,0.0142857142857142
43-5052.00,11347,0.0319814464798883,0.0285714285714285
43-5052.00,11348,0.0411257035820491,0.0142857142857142
43-5052.00,11349,0.0485883302931466,0.0428571428571428
43-5052.00,11351,0.0488788422655987,0.0142857142857142
43-5052.00,11352,0.0609021380080752,0.0214285714285714
43-5052.00,11353,0.0544118577426981,0.0285714285714285
43-5052.00,11354,0.0328198817480026,0.0142857142857142
43-5052.00,11355,0.0091334048657987,0.0071428571428571
43-5052.00,11357,0.0268605138611331,0.0071428571428571
43-5052.00,11358,0.0169260615952807,0.0428571428571428
43-5052.00,11360,0.0119522670174078,0.0071428571428571
43-5061.00,11362,0.0398309723880057,0.064
43-5061.00,11363,0.0692548993333397,0.096
43-5061.00,11364,0.1008944710735466,0.072
43-5061.00,11365,0.0761670306028063,0.08
43-5061.00,11366,0.0797745218478493,0.096
43-5061.00,11367,0.0411405578934655,0.064
43-5061.00,11368,0.0717462066983996,0.064
43-5061.00,11369,0.0379721021502495,0.04
43-5061.00,11370,0.1068308306651477,0.04
43-5061.00,11371,0.0571113016601318,0.056
43-5061.00,11372,0.1018987572528945,0.08
43-5061.00,11373,0.0287485953850692,0.048
43-5061.00,11374,0.0508203135520414,0.032
43-5061.00,11375,0.0647097298871856,0.064
43-5061.00,11376,0.0196522489926374,0.032
43-5061.00,11377,0.0436813894955311,0.048
43-5061.00,11378,0.0097660711216981,0.024
43-5111.00,11379,0.0655037436842005,0.0516129032258064
43-5111.00,11380,0.1076584799438631,0.1032258064516129
43-5111.00,11381,0.0768338099930925,0.0774193548387096
43-5111.00,11382,0.0425175868009347,0.064516129032258
43-5111.00,11383,0.1368946109782486,0.1290322580645161
43-5111.00,11384,0.0305755590174831,0.0387096774193548
43-5111.00,11386,0.0315350778209642,0.0387096774193548
43-5111.00,11387,0.0247776470408687,0.0387096774193548
43-5111.00,11388,0.0296726601126359,0.0516129032258064
43-5111.00,11389,0.0299124087638613,0.0258064516129032
43-5111.00,11390,0.0370569601968252,0.0387096774193548
43-5111.00,11391,0.0609216118273112,0.0258064516129032
43-5111.00,11393,0.0480559157727796,0.0193548387096774
43-5111.00,11394,0.0541912882988015,0.0258064516129032
43-5111.00,11395,0.0469378889210226,0.0258064516129032
43-5111.00,11397,0.0756220484276927,0.064516129032258
43-5111.00,11398,0.0326045525639658,0.0516129032258064
43-5111.00,11400,0.068728149835448,0.0193548387096774
43-9021.00,11401,0.1112001620549534,0.5882352941176471
43-9021.00,11402,0.1063681039359106,0.1050420168067226
43-9021.00,11403,0.1331414039464765,0.1260504201680672
43-9021.00,11404,0.1278384076128653,0.042016806722689
43-9021.00,11405,0.141734913785685,0.0735294117647058
43-9021.00,11406,0.0830964134387733,0.0315126050420168
43-9021.00,11407,0.1076658623020584,0.0210084033613445
43-9021.00,11408,0.0366943697906879,0.0105042016806722
47-1011.00,11424,0.1153394945618771,0.0615384615384615
47-1011.00,11425,0.0808483869493429,0.0461538461538461
47-1011.00,11426,0.1275514977405645,0.2307692307692307
47-1011.00,11427,0.0390433288403591,0.0615384615384615
47-1011.00,11428,0.073089154325267,0.0615384615384615
47-1011.00,11429,0.0500317675931866,0.0307692307692307
47-1011.00,11431,0.0308673527975695,0.0615384615384615
47-1011.00,11432,0.1095877932725939,0.0461538461538461
47-1011.00,11433,0.0586328220240233,0.0769230769230769
47-1011.00,11434,0.0379290413508605,0.0384615384615384
47-1011.00,11435,0.0588028841637846,0.0461538461538461
47-1011.00,11436,0.0297502511273936,0.023076923076923
47-1011.00,11437,0.0164857520460944,0.0153846153846153
47-2011.00,11438,0.0238266411163992,0.0625
47-2011.00,11439,0.0101151934550978,0.125
47-2011.00,11440,0.0239411185161257,0.0390625
47-2011.00,11441,0.0148073010755854,0.09375
47-2011.00,11442,0.0097408908519521,0.0625
47-2011.00,11443,0.0147515142512582,0.0546875
47-2011.00,11445,0.0095191914996869,0.046875
47-2011.00,11446,0.0371173017303134,0.046875
47-2011.00,11449,0.0168473297140091,0.09375
47-2011.00,11451,0.0148866249174976,0.0625
47-2011.00,11452,0.0208092206072197,0.03125
47-2011.00,11453,0.0025705122948654,0.0234375
47-2061.00,11455,0.0141255480064763,0.0769230769230769
47-2061.00,11456,0.0235121012776067,0.0192307692307692
47-2061.00,11457,0.0113243895618896,0.0256410256410256
47-2061.00,11458,0.0247323176243852,0.0384615384615384
47-2061.00,11460,0.0116894278280842,0.0512820512820512
47-2061.00,11461,0.0199009446473765,0.0256410256410256
47-2061.00,11462,0.0148564720163449,0.0769230769230769
47-2061.00,11465,0.0270379259206803,0.0256410256410256
47-2061.00,11466,0.0097096066604533,0.0384615384615384
47-2061.00,11468,0.0042369721722262,0.0064102564102564
47-2061.00,11472,0.0436639398650588,0.0256410256410256
47-2061.00,11478,0.0237268857581314,0.0256410256410256
47-2061.00,11480,0.0031397029646031,0.0192307692307692
47-2061.00,11481,0.0124622397603889,0.0256410256410256
47-2061.00,11482,0.0150680212955092,0.0192307692307692
47-2061.00,11483,0.0037332808308106,0.0128205128205128
47-2121.00,11484,0.064156969152774,0.0403225806451612
47-2121.00,11485,0.0365186560653962,0.0241935483870967
47-2121.00,11486,0.054305804771364,0.064516129032258
47-2121.00,11487,0.0258123083466011,0.0241935483870967
47-2121.00,11488,0.021879262899206,0.0483870967741935
47-2121.00,11489,0.0148046904781747,0.032258064516129
47-2121.00,11490,0.0488506815184655,0.1290322580645161
47-2121.00,11491,0.0277492820123714,0.0403225806451612
47-2121.00,11492,0.0257489124608155,0.0564516129032258
47-2121.00,11493,0.0264791496213555,0.032258064516129
47-2121.00,11494,0.0147771177208361,0.064516129032258
47-2121.00,11495,0.0388080249484666,0.0483870967741935
47-2121.00,11497,0.033318813725105,0.032258064516129
47-2121.00,11498,0.0092379437333991,0.0241935483870967
47-2121.00,11499,0.0312771920879336,0.032258064516129
47-2121.00,11500,0.0176247955987537,0.0403225806451612
47-2121.00,11501,0.0215971680748305,0.032258064516129
47-2121.00,11502,0.0222462192464609,0.0161290322580645
47-2121.00,11503,0.0387279157997147,0.0483870967741935
47-2121.00,11504,0.0118792974322764,0.0241935483870967
47-2121.00,11505,0.0185473522502121,0.0241935483870967
47-2121.00,11506,0.0191354213422264,0.0080645161290322
47-2121.00,11507,0.0169252648730204,0.0161290322580645
47-2121.00,11509,0.0071423200771522,0.0161290322580645
47-2141.00,11512,0.1396330718541767,0.0851063829787234
47-2141.00,11513,0.0812706620489296,0.0851063829787234
47-2141.00,11514,0.178422006182132,0.3191489361702128
47-2141.00,11515,0.0183029154334747,0.0212765957446808
47-2141.00,11516,0.0690532484868569,0.0212765957446808
47-2141.00,11517,0.0718400543220553,0.0425531914893617
47-2141.00,11518,0.0338241476663103,0.0212765957446808
47-2141.00,11519,0.0381534703879471,0.0425531914893617
47-2141.00,11520,0.0183840471328716,0.0319148936170212
47-2141.00,11521,0.0079033553877693,0.0638297872340425
47-2141.00,11522,0.0331225405547443,0.0212765957446808
47-2141.00,11523,0.0904954975853854,0.0851063829787234
47-2141.00,11524,0.0352042859928547,0.0106382978723404
47-2141.00,11525,0.0081457030845349,0.0106382978723404
47-2141.00,11527,0.0049172471403439,0.0042553191489361
47-2151.00,11530,0.0606948486427364,0.0610687022900763
47-2151.00,11531,0.0730722912090693,0.0763358778625954
47-2151.00,11532,0.0481506109055091,0.1221374045801526
47-2151.00,11533,0.073190489982035,0.0610687022900763
47-2151.00,11534,0.0576138446323123,0.1526717557251908
47-2151.00,11536,0.1013358907027516,0.0763358778625954
47-2151.00,11537,0.1103347203129242,0.0305343511450381
47-2151.00,11538,0.0927482923918446,0.1221374045801526
47-2151.00,11539,0.1042710090960933,0.0610687022900763
47-2151.00,11540,0.0708896842668915,0.0916030534351145
47-2151.00,11541,0.0423227300351629,0.0305343511450381
47-2151.00,11542,0.0290144530206445,0.0229007633587786
47-2151.00,11543,0.0341209796419429,0.015267175572519
47-2221.00,11544,0.0872966545206463,0.0451127819548872
47-2221.00,11545,0.0460495008363127,0.0601503759398496
47-2221.00,11546,0.0889545814454977,0.1203007518796992
47-2221.00,11548,0.0746954758163558,0.0902255639097744
47-2221.00,11549,0.0279868072034163,0.0300751879699248
47-2221.00,11550,0.0318941286771615,0.0300751879699248
47-2221.00,11551,0.0547252546264494,0.075187969924812
47-2221.00,11552,0.0616250331683178,0.075187969924812
47-2221.00,11553,0.071479196127401,0.0601503759398496
47-2221.00,11554,0.0420938997534186,0.0300751879699248
47-2221.00,11555,0.0495004953338429,0.0601503759398496
47-2221.00,11556,0.0477740391050083,0.0902255639097744
47-2221.00,11557,0.0405880957531569,0.0451127819548872
47-2221.00,11558,0.0436216107486347,0.0451127819548872
47-2221.00,11559,0.0124499592893784,0.0225563909774436
47-2221.00,11560,0.0047071312933189,0.0150375939849624
47-2221.00,11562,0.0092790468351004,0.0150375939849624
47-4021.00,11564,0.0815651124549316,0.1621621621621621
47-4021.00,11566,0.0481635635181421,0.081081081081081
47-4021.00,11567,0.0607516683086402,0.054054054054054
47-4021.00,11568,0.0222420650209055,0.054054054054054
47-4021.00,11569,0.0617353716719249,0.0675675675675675
47-4021.00,11570,0.051666398014537,0.0337837837837837
47-4021.00,11571,0.0677672847387378,0.054054054054054
47-4021.00,11572,0.0573390687136244,0.081081081081081
47-4021.00,11573,0.0903487450700415,0.027027027027027
47-4021.00,11574,0.0075263528349639,0.0135135135135135
47-4021.00,11575,0.0178749416478607,0.027027027027027
47-4021.00,11576,0.001168976054305,0.027027027027027
47-4021.00,11577,0.0030218781387748,0.054054054054054
47-4021.00,11578,0.0060092027470794,0.0405405405405405
47-4021.00,11580,0.0146896906217261,0.054054054054054
47-4021.00,11582,0.0211829483721121,0.0202702702702702
47-4041.00,11584,0.0666492048861693,0.065040650406504
47-4041.00,11585,0.0255597651275568,0.024390243902439
47-4041.00,11587,0.0279393581487783,0.048780487804878
47-4041.00,11588,0.03776116649679,0.065040650406504
47-4041.00,11589,0.0258391258604223,0.08130081300813
47-4041.00,11591,0.062265118161109,0.1951219512195122
47-4041.00,11594,0.0387194664794472,0.048780487804878
47-4041.00,11597,0.0156484406618804,0.008130081300813
47-4041.00,11598,0.0166480255920066,0.016260162601626
47-4041.00,11600,0.0126779507125224,0.008130081300813
47-4071.00,11601,0.081456684129859,0.1333333333333333
47-4071.00,11602,0.06800647234596,0.0333333333333333
47-4071.00,11603,0.0523703773651183,0.0333333333333333
47-4071.00,11604,0.0635744128426595,0.1866666666666666
47-4071.00,11605,0.0125510107673824,0.02
47-4071.00,11606,0.0257155080060485,0.0333333333333333
47-4071.00,11607,0.0216595380936956,0.02
47-4071.00,11608,0.0173033862117871,0.02
47-4071.00,11609,0.0267252469925129,0.0333333333333333
47-4071.00,11610,0.0504551487048945,0.1333333333333333
47-4071.00,11611,0.0268724933004978,0.0466666666666666
47-4071.00,11612,0.0216501330988959,0.0333333333333333
47-4071.00,11613,0.0319608845678833,0.0466666666666666
47-4071.00,11614,0.0045045368804489,0.0466666666666666
47-4071.00,11615,0.026724876684314,0.0533333333333333
47-4071.00,11616,0.0052511945417006,0.0266666666666666
47-4071.00,11617,0.0063706895538084,0.0333333333333333
47-4071.00,11618,0.007538280467868,0.0066666666666666
47-4071.00,11622,0.0126863840142709,0.0066666666666666
49-2011.00,11623,0.0654728364089155,0.0451127819548872
49-2011.00,11624,0.0502524751740172,0.0601503759398496
49-2011.00,11625,0.0493787510476817,0.1203007518796992
49-2011.00,11626,0.0429630279287155,0.0300751879699248
49-2011.00,11627,0.0619686926504344,0.0300751879699248
49-2011.00,11628,0.0305778111896886,0.0225563909774436
49-2011.00,11629,0.0206046835798468,0.0300751879699248
49-2011.00,11630,0.0532234710822949,0.0451127819548872
49-2011.00,11631,0.0513461716649665,0.037593984962406
49-2011.00,11632,0.02665267623832,0.0451127819548872
49-2011.00,11633,0.038161938650857,0.0300751879699248
49-2011.00,11634,0.017945809872369,0.0300751879699248
49-2011.00,11635,0.0403988824160644,0.0451127819548872
49-2011.00,11636,0.015981333776238,0.075187969924812
49-2011.00,11637,0.0444574711602753,0.0902255639097744
49-2011.00,11638,0.0486207228748261,0.037593984962406
49-2011.00,11639,0.0356761319343651,0.0601503759398496
49-2011.00,11640,0.0396258592285262,0.0451127819548872
49-2011.00,11641,0.0233261064685194,0.0150375939849624
49-2011.00,11642,0.0121534946999977,0.0300751879699248
49-2011.00,11643,0.0123229483801105,0.0225563909774436
49-2011.00,11644,0.0354964907109945,0.0150375939849624
49-2022.00,11648,0.0337306413112165,0.0218579234972677
49-2022.00,11649,0.039345441316282,0.0546448087431694
49-2022.00,11650,0.0308727424496415,0.0437158469945355
49-2022.00,11651,0.0474892458072211,0.0437158469945355
49-2022.00,11652,0.0152465917885773,0.0327868852459016
49-2022.00,11653,0.0319707820383317,0.0655737704918032
49-2022.00,11654,0.0208104674140187,0.0327868852459016
49-2022.00,11655,0.0488252412571391,0.0218579234972677
49-2022.00,11656,0.0183185155076246,0.0327868852459016
49-2022.00,11657,0.0130212659572717,0.0273224043715847
49-2022.00,11658,0.0110330279945342,0.0109289617486338
49-2022.00,11659,0.0334793001616055,0.0163934426229508
49-2022.00,11660,0.0329475156944154,0.0655737704918032
49-2022.00,11661,0.0363342846393428,0.0218579234972677
49-2022.00,11662,0.0143556656436443,0.0218579234972677
49-2022.00,11663,0.0056599995019582,0.0163934426229508
49-2022.00,11664,0.0404382397236295,0.0327868852459016
49-2022.00,11665,0.037102562628907,0.0327868852459016
49-2022.00,11666,0.0078831476769255,0.0163934426229508
49-2022.00,11667,0.0149233427412464,0.0109289617486338
49-2022.00,11668,0.0451107508008961,0.0546448087431694
49-2022.00,11669,0.0081171400085047,0.0218579234972677
49-2022.00,11671,0.0239205152893023,0.0163934426229508
49-2022.00,11672,0.0039061792490621,0.0218579234972677
49-2022.00,11673,0.0044586656923117,0.0218579234972677
49-2022.00,11674,0.0116125132768102,0.0273224043715847
49-2022.00,11675,0.0034420339412519,0.0163934426229508
49-2022.00,11676,0.0034314127101626,0.0163934426229508
49-2022.00,11677,0.0161345263855597,0.0109289617486338
49-2022.00,11678,0.0004996310784766,0.0054644808743169
49-2022.00,11679,0.0060709052590423,0.0163934426229508
49-2022.00,11680,0.001596497975394,0.0109289617486338
49-2022.00,11681,0.0038312176139185,0.0218579234972677
49-2022.00,11684,0.0030781212133427,0.0109289617486338
49-2022.00,11686,0.0008782524872632,0.0054644808743169
49-2092.00,11688,0.0472780734828787,0.0522388059701492
49-2092.00,11689,0.0832927857614457,0.0373134328358208
49-2092.00,11690,0.0577451486656092,0.0671641791044776
49-2092.00,11691,0.0342702191409767,0.0149253731343283
49-2092.00,11692,0.0475303254389741,0.0820895522388059
49-2092.00,11693,0.0254145028720051,0.0522388059701492
49-2092.00,11694,0.0393238267021825,0.044776119402985
49-2092.00,11695,0.0459754002419966,0.0223880597014925
49-2092.00,11696,0.0932909447910685,0.0746268656716417
49-2092.00,11697,0.0133241740395565,0.0298507462686567
49-2092.00,11698,0.0305181972944954,0.044776119402985
49-2092.00,11699,0.0391208079536855,0.0149253731343283
49-2092.00,11700,0.0058028233353329,0.0597014925373134
49-2092.00,11701,0.0623778240852679,0.0597014925373134
49-2092.00,11702,0.0687486550228493,0.0223880597014925
49-2092.00,11703,0.018427489432691,0.0373134328358208
49-2092.00,11704,0.014499139555244,0.0223880597014925
49-2092.00,11705,0.0583990717370509,0.0298507462686567
49-2092.00,11706,0.0046727727595347,0.0074626865671641
49-2092.00,11707,0.0462750272060576,0.0298507462686567
49-2092.00,11708,0.0090843620422393,0.0373134328358208
49-2092.00,11709,0.019218212276918,0.0223880597014925
49-2092.00,11710,0.0262971765570295,0.0149253731343283
49-2092.00,11713,0.0223129424177689,0.0223880597014925
49-2092.00,11714,0.0172729158608018,0.0149253731343283
49-2092.00,11720,0.0203022795480622,0.0074626865671641
49-2092.00,11721,0.0041630538967103,0.0074626865671641
49-2092.00,11722,0.0183787499965419,0.0074626865671641
49-2092.00,11724,0.013260575026676,0.0074626865671641
49-2092.00,11726,0.0134225228583478,0.0074626865671641
49-2093.00,11727,0.0723187098163732,0.1384615384615384
49-2093.00,11728,0.0523900992799221,0.0846153846153846
49-2093.00,11729,0.0891101930082766,0.0692307692307692
49-2093.00,11730,0.0698738459575163,0.0692307692307692
49-2093.00,11731,0.0295859355825912,0.0692307692307692
49-2093.00,11732,0.0396940906408149,0.1076923076923077
49-2093.00,11733,0.078619150247619,0.0538461538461538
49-2093.00,11734,0.0440379222054795,0.0384615384615384
49-2093.00,11735,0.0709697839572606,0.0384615384615384
49-2093.00,11736,0.0260549712499753,0.0461538461538461
49-2093.00,11737,0.0465764047998862,0.0923076923076923
49-2093.00,11738,0.0716321762000448,0.0538461538461538
49-2093.00,11739,0.0225554074130167,0.0769230769230769
49-2093.00,11740,0.0244808822343159,0.0384615384615384
49-2095.00,11742,0.0343002575497193,0.1319444444444444
49-2095.00,11743,0.1032955285834933,0.125
49-2095.00,11744,0.0837974448178881,0.0763888888888889
49-2095.00,11745,0.0258492655887236,0.0208333333333333
49-2095.00,11746,0.0246752992891894,0.0972222222222222
49-2095.00,11747,0.0654690102898285,0.0625
49-2095.00,11748,0.0695678743138697,0.0555555555555555
49-2095.00,11750,0.0211188068211911,0.125
49-2095.00,11752,0.0060678931961561,0.0416666666666666
49-2095.00,11753,0.0094385596342145,0.0486111111111111
49-2095.00,11754,0.0075526191660875,0.0208333333333333
49-2095.00,11756,0.0147144493860721,0.0347222222222222
49-2098.00,11758,0.0785740860407787,0.0666666666666666
49-2098.00,11760,0.0685907293232778,0.1333333333333333
49-2098.00,11761,0.067909818361691,0.1666666666666666
49-2098.00,11763,0.0348824455965361,0.05
49-2098.00,11764,0.0511675234681605,0.0333333333333333
49-2098.00,11765,0.1062785170537859,0.0833333333333333
49-2098.00,11766,0.058837462728451,0.0666666666666666
49-2098.00,11767,0.0261997484840706,0.05
49-2098.00,11768,0.0234510451530139,0.0333333333333333
49-2098.00,11769,0.0176355068811485,0.0166666666666666
49-2098.00,11770,0.0337247899656691,0.0666666666666666
49-2098.00,11772,0.0157582516768449,0.0333333333333333
49-2098.00,11773,0.0230407883432269,0.0166666666666666
49-9012.00,11774,0.0078304483241013,0.0187032418952618
49-9012.00,11775,0.0041985307995417,0.0187032418952618
49-9012.00,11776,0.0047850129519442,0.0062344139650872
49-9012.00,11777,0.0155071778725962,0.0311720698254364
49-9012.00,11778,0.0023951227213933,0.0249376558603491
49-9012.00,11780,0.0105492146363675,0.0374064837905236
49-9012.00,11782,0.0052181762383602,0.0249376558603491
49-9012.00,11784,0.0025347995597887,0.0498753117206982
49-9012.00,11785,0.0066056607503573,0.0124688279301745
49-9012.00,11787,0.0025247415827833,0.0187032418952618
49-9012.00,11790,0.0017958452879641,0.0124688279301745
49-9012.00,11791,0.0021653482019668,0.0249376558603491
49-9012.00,11793,0.0030771535104994,0.0062344139650872
49-9012.00,11794,0.0071081031171579,0.0374064837905236
49-9012.00,11795,0.0057568196968946,0.0124688279301745
49-9012.00,11796,0.0077346454368387,0.0436408977556109
49-9012.00,11797,0.0022850248452162,0.0187032418952618
49-9012.00,11799,0.0033766586717098,0.0249376558603491
49-9012.00,11801,0.0041490230338593,0.0249376558603491
49-9012.00,11802,0.0137686171648622,0.0374064837905236
49-9012.00,11811,0.0031605786448012,0.0187032418952618
49-9041.00,11813,0.0766389594019859,0.0714285714285714
49-9041.00,11814,0.0653777885269205,0.1428571428571428
49-9041.00,11815,0.1100431051729907,0.1785714285714285
49-9041.00,11816,0.0696859661128269,0.0535714285714285
49-9041.00,11817,0.0638963575251862,0.0714285714285714
49-9041.00,11818,0.0718009236419677,0.0892857142857142
49-9041.00,11819,0.0476033801942648,0.0357142857142857
49-9041.00,11820,0.1021502289763803,0.1071428571428571
49-9041.00,11821,0.1131122155641023,0.0535714285714285
49-9041.00,11822,0.060690903076627,0.0446428571428571
49-9041.00,11823,0.0435073415034043,0.0357142857142857
49-9041.00,11824,0.0644869704681818,0.0267857142857142
49-9041.00,11825,0.0299188936806403,0.0446428571428571
49-9041.00,11826,0.0282241938845293,0.0178571428571428
49-9041.00,11827,0.0409546133534485,0.0178571428571428
49-9043.00,11828,0.0580621623945441,0.0865384615384615
49-9043.00,11829,0.0809384062117088,0.0769230769230769
49-9043.00,11830,0.0599544880634288,0.0673076923076923
49-9043.00,11831,0.0557732993451071,0.0769230769230769
49-9043.00,11832,0.0791493804515105,0.1153846153846153
49-9043.00,11833,0.0805341221338772,0.0865384615384615
49-9043.00,11834,0.0548876223282054,0.048076923076923
49-9043.00,11835,0.062112681605815,0.048076923076923
49-9043.00,11836,0.0692779926184873,0.0576923076923076
49-9043.00,11837,0.0675357053335693,0.0576923076923076
49-9043.00,11838,0.0450854858943906,0.0288461538461538
49-9043.00,11839,0.0622020649230177,0.0384615384615384
49-9043.00,11840,0.0494853847537013,0.0288461538461538
49-9043.00,11841,0.0527967089754934,0.0673076923076923
49-9043.00,11842,0.0212028627078275,0.0384615384615384
49-9043.00,11843,0.029949788368802,0.0288461538461538
49-9043.00,11844,0.0225307102988488,0.0192307692307692
49-9043.00,11845,0.0485211335916641,0.0288461538461538
49-9052.00,11846,0.1001300147922565,0.1118881118881118
49-9052.00,11847,0.0880931868155314,0.0839160839160839
49-9052.00,11848,0.0795548822729119,0.0699300699300699
49-9052.00,11849,0.0866197465513632,0.0419580419580419
49-9052.00,11850,0.0970996082280657,0.1118881118881118
49-9052.00,11851,0.0221377717949342,0.0279720279720279
49-9052.00,11852,0.0912728637651344,0.0839160839160839
49-9052.00,11853,0.0400082081395043,0.0839160839160839
49-9052.00,11854,0.012084344963981,0.0419580419580419
49-9052.00,11855,0.0359158660514512,0.0559440559440559
49-9052.00,11857,0.0404406315282733,0.0209790209790209
49-9052.00,11858,0.0827821832575274,0.0279720279720279
49-9052.00,11859,0.044121214730217,0.0139860139860139
49-9052.00,11860,0.0301880457301143,0.0419580419580419
49-9052.00,11861,0.0347883064367649,0.0349650349650349
49-9052.00,11862,0.0027048102354872,0.0279720279720279
49-9052.00,11863,0.0256402779325744,0.0209790209790209
51-2021.00,11905,0.0819185497358663,0.04
51-2021.00,11906,0.0659778463017281,0.096
51-2021.00,11907,0.0726236964045993,0.064
51-2021.00,11908,0.0588977473024303,0.032
51-2021.00,11909,0.0928620082850154,0.128
51-2021.00,11910,0.0642091404187206,0.064
51-2021.00,11911,0.0373250769473629,0.08
51-3011.00,11915,0.1004007765557212,0.0619469026548672
51-3011.00,11916,0.1129280598715692,0.0707964601769911
51-3011.00,11917,0.0694389236517057,0.079646017699115
51-3011.00,11918,0.076460087960948,0.0884955752212389
51-3011.00,11919,0.0612095305860361,0.1238938053097345
51-3011.00,11920,0.0807042016321762,0.0973451327433628
51-3011.00,11921,0.0522154511437998,0.0265486725663716
51-3011.00,11922,0.0610500395891992,0.0176991150442477
51-3011.00,11923,0.0615019386938836,0.0619469026548672
51-3011.00,11924,0.0405658018125953,0.079646017699115
51-3011.00,11925,0.0339954710720276,0.0707964601769911
51-3011.00,11926,0.0722904051941028,0.0265486725663716
51-3011.00,11927,0.024798688340556,0.0353982300884955
51-3011.00,11928,0.0255801905094686,0.0265486725663716
51-3011.00,11929,0.0111193543763998,0.0265486725663716
51-3011.00,11930,0.0394712596921941,0.0442477876106194
51-3011.00,11931,0.0144693893687645,0.0176991150442477
51-9161.00,11932,0.0764906464706573,0.0568720379146919
51-9161.00,11933,0.0412958494137881,0.0189573459715639
51-9161.00,11934,0.0563896685714382,0.0758293838862559
51-9161.00,11935,0.0713353592168126,0.0947867298578199
51-9161.00,11936,0.0348778968673003,0.0236966824644549
51-9161.00,11937,0.0592160463368323,0.0568720379146919
51-9161.00,11938,0.0598150843269046,0.0473933649289099
51-9161.00,11939,0.0220364727951861,0.0189573459715639
51-9161.00,11940,0.0405532913012888,0.0142180094786729
51-9161.00,11941,0.0354770089901415,0.0236966824644549
51-9161.00,11942,0.0394668338833601,0.0284360189573459
51-9161.00,11943,0.0275808015977669,0.0189573459715639
51-9161.00,11944,0.0600873803035073,0.1421800947867298
51-9161.00,11945,0.0157230803489311,0.0142180094786729
51-9161.00,11946,0.0536736880273778,0.0379146919431279
51-9161.00,11947,0.0408573434803139,0.1137440758293838
51-9161.00,11948,0.0241749876886742,0.0142180094786729
51-9161.00,11949,0.0304416046716704,0.0236966824644549
51-9161.00,11950,0.0332089225552737,0.0379146919431279
51-9161.00,11951,0.0310403851980658,0.0284360189573459
51-9161.00,11952,0.0184837415237127,0.0094786729857819
51-9161.00,11953,0.0367020001961246,0.0142180094786729
51-9161.00,11954,0.0230379458436589,0.0473933649289099
51-9161.00,11955,0.0400575561935844,0.0142180094786729
51-9161.00,11956,0.0187200523801312,0.0142180094786729
51-9161.00,11957,0.0034198634827689,0.0047393364928909
51-9161.00,11958,0.005836488334727,0.0047393364928909
51-9162.00,11959,0.0983789818021631,0.0983606557377049
51-9162.00,11960,0.064216003032146,0.081967213114754
51-9162.00,11961,0.1030576255553574,0.1311475409836065
51-9162.00,11962,0.0717519219519569,0.0983606557377049
51-9162.00,11963,0.0638971273139506,0.081967213114754
51-9162.00,11965,0.042478152868026,0.0163934426229508
51-9162.00,11966,0.0778359371671112,0.1639344262295081
51-9162.00,11968,0.0950752149343722,0.0327868852459016
51-9162.00,11969,0.0463964179378537,0.0655737704918032
51-9162.00,11970,0.0274961230453322,0.0491803278688524
51-9162.00,11971,0.0242921590920962,0.0327868852459016
51-4032.00,11974,0.1090926501191583,0.0806451612903225
51-4032.00,11975,0.072708623356663,0.0483870967741935
51-4032.00,11976,0.0668642350708105,0.0564516129032258
51-4032.00,11977,0.049584115174873,0.032258064516129
51-4032.00,11978,0.0706173425651431,0.032258064516129
51-4032.00,11979,0.057151793512845,0.0806451612903225
51-4032.00,11980,0.0950253589858286,0.0967741935483871
51-4032.00,11981,0.0491581829625038,0.0241935483870967
51-4032.00,11982,0.0332037421271994,0.1935483870967742
51-4032.00,11983,0.0687391114587162,0.0403225806451612
51-4032.00,11984,0.0746279367778077,0.1612903225806451
51-4032.00,11985,0.0533973442905978,0.0483870967741935
51-4032.00,11986,0.0219575485467747,0.032258064516129
51-4032.00,11987,0.0406649652511439,0.0161290322580645
51-4032.00,11988,0.0431550052723224,0.032258064516129
51-4032.00,11990,0.0092872862115857,0.0161290322580645
51-4034.00,11991,0.0872967951615743,0.1066666666666666
51-4034.00,11992,0.0700234280194266,0.0533333333333333
51-4034.00,11993,0.0902568926859105,0.08
51-4034.00,11994,0.0684815377087922,0.0666666666666666
51-4034.00,11995,0.0761418133079374,0.16
51-4034.00,11996,0.0384689899513557,0.0333333333333333
51-4034.00,11997,0.0612117323009337,0.04
51-4034.00,11998,0.0679265266664116,0.1066666666666666
51-4034.00,11999,0.0664206871932093,0.04
51-4034.00,12000,0.043973622393934,0.0666666666666666
51-4034.00,12001,0.0547886163604402,0.0266666666666666
51-4034.00,12002,0.0446204785317571,0.0533333333333333
51-4034.00,12003,0.0528887048979749,0.1066666666666666
51-4034.00,12004,0.030017839634517,0.0133333333333333
51-4034.00,12005,0.0390861153483721,0.0266666666666666
51-4052.00,12006,0.0750071036300471,0.0277777777777777
51-4052.00,12007,0.1014292587364113,0.1666666666666666
51-4052.00,12008,0.0960443438785757,0.0833333333333333
51-4052.00,12009,0.0533314128855391,0.0555555555555555
51-4052.00,12010,0.0546775426427681,0.0694444444444444
51-4052.00,12011,0.0587783666993,0.0555555555555555
51-4052.00,12013,0.0354193865922943,0.0416666666666666
51-4052.00,12015,0.0644223962222868,0.0555555555555555
51-4052.00,12016,0.0316653656386549,0.0416666666666666
51-4052.00,12018,0.0335969884932943,0.0833333333333333
51-4052.00,12019,0.0265138723313097,0.0416666666666666
51-4052.00,12020,0.0240448406840652,0.0277777777777777
51-4052.00,12021,0.023366421012787,0.0347222222222222
51-4061.00,12022,0.1076522122560447,0.0606060606060606
51-4061.00,12023,0.0914777753460975,0.1212121212121212
51-4061.00,12024,0.0874326188875882,0.0757575757575757
51-4061.00,12025,0.0871270185399806,0.0909090909090909
51-4061.00,12026,0.0271908679528345,0.0454545454545454
51-4061.00,12027,0.063750389715472,0.0454545454545454
51-4061.00,12028,0.0577679863664202,0.0606060606060606
51-4061.00,12029,0.047290688656916,0.0303030303030303
51-4061.00,12030,0.0450158059058077,0.0454545454545454
51-4061.00,12031,0.0423703508389779,0.0606060606060606
51-4061.00,12032,0.0168647127399727,0.0454545454545454
51-4061.00,12033,0.0081023290869694,0.0606060606060606
51-4061.00,12034,0.0364125019195223,0.0606060606060606
51-4062.00,12036,0.1556269318792081,0.1666666666666666
51-4062.00,12037,0.1243164634743537,0.0694444444444444
51-4062.00,12038,0.1127793129635642,0.0625
51-4062.00,12039,0.0916844116087093,0.0833333333333333
51-4062.00,12040,0.0277719030553694,0.1111111111111111
51-4062.00,12041,0.070226710610712,0.0833333333333333
51-4062.00,12042,0.0521408101265819,0.0555555555555555
51-4062.00,12044,0.0371926582154771,0.0694444444444444
51-4062.00,12045,0.0285511139260299,0.0416666666666666
51-4062.00,12046,0.0687643441315577,0.0138888888888888
51-4062.00,12047,0.0124007881074433,0.0208333333333333
51-4062.00,12048,0.0056134897821519,0.0277777777777777
51-4062.00,12049,0.0224926718245789,0.0277777777777777
51-4071.00,12050,0.1150658093943799,0.1111111111111111
51-4071.00,12051,0.1047748688462743,0.074074074074074
51-4071.00,12052,0.0897083039311157,0.037037037037037
51-4071.00,12053,0.0949344669971531,0.074074074074074
51-4071.00,12054,0.0854602007835513,0.0925925925925925
51-4071.00,12055,0.1158154916151563,0.1851851851851851
51-4071.00,12056,0.0617941152474073,0.0555555555555555
51-4071.00,12057,0.0682228659085238,0.0555555555555555
51-4071.00,12058,0.0707200273492821,0.0555555555555555
51-4071.00,12059,0.0658452072573107,0.0925925925925925
51-4071.00,12060,0.0399046874372781,0.074074074074074
51-4071.00,12061,0.042268345389157,0.0185185185185185
51-4071.00,12062,0.0454856098434097,0.074074074074074
51-4191.00,12087,0.0733299222928191,0.0289017341040462
51-4191.00,12088,0.055652117792153,0.0346820809248554
51-4191.00,12089,0.0512530513901861,0.1387283236994219
51-4191.00,12090,0.0317274003517917,0.0231213872832369
51-4191.00,12091,0.05193194811591,0.0520231213872832
51-4191.00,12092,0.0243109672303504,0.0462427745664739
51-4191.00,12093,0.0133671192468127,0.0173410404624277
51-4191.00,12094,0.0595314082995009,0.0693641618497109
51-4191.00,12095,0.023308739128203,0.0231213872832369
51-4191.00,12096,0.0578492474836506,0.0578034682080924
51-4191.00,12099,0.0294159149405727,0.0231213872832369
51-4191.00,12100,0.0415391812868413,0.0231213872832369
51-4191.00,12102,0.0315146444217998,0.0462427745664739
51-4191.00,12104,0.043136047469845,0.0404624277456647
51-4191.00,12106,0.0045907820241687,0.0289017341040462
51-4191.00,12107,0.0397431775808211,0.0404624277456647
51-4191.00,12108,0.0178372685801231,0.0693641618497109
51-4191.00,12109,0.0085136080791606,0.0346820809248554
51-4191.00,12112,0.0230206594693895,0.0231213872832369
51-4191.00,12113,0.0094701016495294,0.0173410404624277
51-6011.00,12117,0.0290224445721301,0.0718390804597701
51-6011.00,12118,0.0578049414772947,0.0574712643678161
51-6011.00,12119,0.0514879196531587,0.1149425287356322
51-6011.00,12120,0.0468630022112572,0.0862068965517241
51-6011.00,12121,0.0555743561100701,0.0718390804597701
51-6011.00,12122,0.0143905471411101,0.021551724137931
51-6011.00,12123,0.0240039092081803,0.021551724137931
51-6011.00,12124,0.0538100046652811,0.0718390804597701
51-6011.00,12125,0.0441635057788595,0.0574712643678161
51-6011.00,12126,0.0247334648032259,0.028735632183908
51-6011.00,12128,0.0171761885160951,0.028735632183908
51-6011.00,12134,0.0059591039586523,0.014367816091954
51-6011.00,12135,0.0228332739194025,0.021551724137931
51-6011.00,12137,0.0039713869141565,0.007183908045977
51-6011.00,12140,0.013096090795892,0.014367816091954
51-6011.00,12142,0.0102155324988522,0.0862068965517241
51-6011.00,12147,0.0044082671817505,0.0028735632183908
51-6031.00,12149,0.0634014907926733,0.1102941176470588
51-6031.00,12150,0.0580184339457868,0.088235294117647
51-6031.00,12151,0.068156151066989,0.0183823529411764
51-6031.00,12152,0.0426922722446304,0.0294117647058823
51-6031.00,12153,0.0725897655719218,0.1470588235294117
51-6031.00,12154,0.0382121201734101,0.1470588235294117
51-6031.00,12155,0.0277570178258829,0.0110294117647058
51-6031.00,12156,0.0245407872169003,0.0183823529411764
51-6031.00,12157,0.0403149956645418,0.0110294117647058
51-6031.00,12158,0.0188308945831702,0.0110294117647058
51-6031.00,12159,0.0578415136831327,0.0330882352941176
51-6031.00,12160,0.0483748607781048,0.0588235294117647
51-6031.00,12161,0.0152345503677225,0.0110294117647058
51-6031.00,12162,0.0443281676125934,0.0220588235294117
51-6031.00,12163,0.0281619684165834,0.0110294117647058
51-6031.00,12164,0.0228042030275312,0.0220588235294117
51-6031.00,12165,0.0364867060911686,0.0220588235294117
51-6031.00,12166,0.0579081018828219,0.0441176470588235
51-6031.00,12168,0.0235862181180518,0.0367647058823529
51-6031.00,12169,0.0282763932583295,0.0367647058823529
51-6031.00,12170,0.0170647152971693,0.0367647058823529
51-6031.00,12171,0.0272766732959733,0.0294117647058823
51-6031.00,12172,0.0222362733904591,0.0147058823529411
51-6031.00,12173,0.0222367058790438,0.0073529411764705
51-6031.00,12174,0.013046233750065,0.0110294117647058
51-6052.00,12175,0.0508553015839019,0.0419580419580419
51-6052.00,12176,0.0764886639604452,0.1398601398601398
51-6052.00,12177,0.0566010336564033,0.0559440559440559
51-6052.00,12178,0.0581340286170442,0.0839160839160839
51-6052.00,12179,0.0501321808675391,0.0699300699300699
51-6052.00,12180,0.0593353278647911,0.0559440559440559
51-6052.00,12181,0.0678957976392111,0.0419580419580419
51-6052.00,12182,0.0350164646195776,0.0139860139860139
51-6052.00,12183,0.037130054576777,0.0139860139860139
51-6052.00,12184,0.0458894642371475,0.1118881118881118
51-6052.00,12185,0.045842703520824,0.0279720279720279
51-6052.00,12186,0.0603315669028651,0.0489510489510489
51-6052.00,12187,0.0720834659536324,0.0209790209790209
51-6052.00,12188,0.0229236660502478,0.0349650349650349
51-6052.00,12189,0.0513384378178135,0.0349650349650349
51-6052.00,12190,0.0416575552213882,0.0279720279720279
51-6052.00,12191,0.016814195413581,0.0139860139860139
51-6052.00,12192,0.0420657094288549,0.0559440559440559
51-6052.00,12193,0.0297927736816042,0.0279720279720279
51-6052.00,12194,0.027554108052337,0.0419580419580419
51-6052.00,12195,0.0265802973287509,0.0209790209790209
51-6052.00,12196,0.0255372030052619,0.0139860139860139
51-6092.00,12197,0.027557657700822,0.0826446280991735
51-6092.00,12198,0.058565588740525,0.0661157024793388
51-6092.00,12199,0.0667119248826806,0.0495867768595041
51-6092.00,12200,0.0653194950109885,0.0826446280991735
51-6092.00,12201,0.0721882855011135,0.0991735537190082
51-6092.00,12202,0.0752895960298055,0.0661157024793388
51-6092.00,12203,0.1099925394603829,0.0578512396694214
51-6092.00,12204,0.0392066380182126,0.0661157024793388
51-6092.00,12205,0.0875931702754284,0.0413223140495867
51-6092.00,12206,0.0632271412314789,0.0495867768595041
51-6092.00,12207,0.0595691011393285,0.0578512396694214
51-6092.00,12208,0.0326396793071661,0.0330578512396694
51-6092.00,12209,0.0410409079798941,0.0330578512396694
51-7011.00,12210,0.0657197288683563,0.1470588235294117
51-7011.00,12211,0.0644719435483645,0.0588235294117647
51-7011.00,12212,0.0559201400295071,0.1176470588235294
51-7011.00,12213,0.0602297419421103,0.0588235294117647
51-7011.00,12214,0.042969216754967,0.0294117647058823
51-7011.00,12215,0.0595282587391788,0.088235294117647
51-7011.00,12216,0.0421018406565294,0.0441176470588235
51-7011.00,12217,0.0325194065239784,0.0441176470588235
51-7011.00,12218,0.0294825512602546,0.0220588235294117
51-7011.00,12219,0.037522822839603,0.0735294117647058
51-7011.00,12220,0.02637880979763,0.0294117647058823
51-7011.00,12223,0.023294610792564,0.0294117647058823
51-7011.00,12224,0.0322518396921743,0.0294117647058823
51-7011.00,12226,0.0139587349509456,0.0294117647058823
51-7011.00,12227,0.0217248229736472,0.0294117647058823
51-7032.00,12230,0.1201540496153861,0.0689655172413793
51-7032.00,12231,0.0652111038039446,0.0689655172413793
51-7032.00,12232,0.0483812862570881,0.0517241379310344
51-7032.00,12233,0.0858731490297403,0.1379310344827586
51-7032.00,12234,0.0884646030672592,0.0862068965517241
51-7032.00,12235,0.0993764641136625,0.1034482758620689
51-7032.00,12236,0.0433789932458421,0.0344827586206896
51-7032.00,12237,0.039278730635217,0.1034482758620689
51-7032.00,12238,0.0451448906595581,0.0344827586206896
51-7032.00,12239,0.0396103821522635,0.0172413793103448
51-7032.00,12240,0.0458551974155805,0.0517241379310344
51-7032.00,12241,0.0413125039894701,0.0344827586206896
51-7032.00,12242,0.0411054194854651,0.0258620689655172
51-7032.00,12243,0.0408613211354004,0.043103448275862
51-7032.00,12244,0.0267150958404677,0.0172413793103448
51-7032.00,12245,0.0132815615072925,0.0172413793103448
51-7032.00,12246,0.0399618448602984,0.0258620689655172
51-7032.00,12247,0.0548510852369697,0.0344827586206896
51-7032.00,12248,0.0135048255669947,0.0172413793103448
51-7032.00,12249,0.0076774923820984,0.0258620689655172
51-7041.00,12250,0.0597359994112887,0.0195121951219512
51-7041.00,12251,0.0966266888000729,0.0390243902439024
51-7041.00,12252,0.0512940161527172,0.0292682926829268
51-7041.00,12253,0.0829057260333009,0.1463414634146341
51-7041.00,12254,0.0705780905432383,0.0292682926829268
51-7041.00,12255,0.0409556857107113,0.0780487804878048
51-7041.00,12256,0.0242746690770656,0.0146341463414634
51-7041.00,12257,0.0594123024700943,0.0975609756097561
51-7041.00,12258,0.0413511705258365,0.0146341463414634
51-7041.00,12259,0.0541820065888105,0.1170731707317073
51-7041.00,12260,0.0447402734796024,0.024390243902439
51-7041.00,12261,0.0193103484130146,0.0195121951219512
51-7041.00,12262,0.0476444097967262,0.0390243902439024
51-7041.00,12263,0.0222756025279881,0.0195121951219512
51-7041.00,12264,0.0230001566382867,0.0097560975609756
51-7041.00,12265,0.021101483695646,0.0195121951219512
51-7041.00,12266,0.0495983177067984,0.0292682926829268
51-7041.00,12267,0.0327559960892758,0.0195121951219512
51-7041.00,12269,0.0566689471805614,0.048780487804878
51-7041.00,12270,0.0359190096700948,0.0585365853658536
51-7041.00,12271,0.0308106766999914,0.0390243902439024
51-7041.00,12272,0.0348584227888767,0.0390243902439024
51-7042.00,12274,0.0472185296493684,0.0271493212669683
51-7042.00,12275,0.0576941741737414,0.0271493212669683
51-7042.00,12276,0.0588034368533691,0.090497737556561
51-7042.00,12277,0.0460818382228448,0.0271493212669683
51-7042.00,12278,0.0584758333656638,0.1085972850678733
51-7042.00,12279,0.0562122264538323,0.1357466063348416
51-7042.00,12280,0.0340831577397736,0.0135746606334841
51-7042.00,12281,0.0715136397836157,0.0452488687782805
51-7042.00,12282,0.0420071449604165,0.0226244343891402
51-7042.00,12283,0.0606954278706964,0.0361990950226244
51-7042.00,12284,0.0500446181206632,0.090497737556561
51-7042.00,12285,0.0490899326943165,0.0180995475113122
51-7042.00,12286,0.0293304563822333,0.0090497737556561
51-7042.00,12287,0.0284531487159677,0.0135746606334841
51-7042.00,12288,0.0485974175880034,0.0723981900452488
51-7042.00,12289,0.024364780616096,0.0271493212669683
51-7042.00,12290,0.0381931432746999,0.0180995475113122
51-7042.00,12291,0.0653139155546811,0.0271493212669683
51-7042.00,12292,0.0155881872663534,0.0542986425339366
51-7042.00,12293,0.01376511923948,0.0180995475113122
51-7042.00,12295,0.0421847971267335,0.0226244343891402
51-7042.00,12296,0.0327064310497311,0.0452488687782805
51-7042.00,12297,0.0138832024238984,0.0180995475113122
51-7042.00,12298,0.0059673042062436,0.0135746606334841
51-8012.00,12299,0.0443265938508186,0.050632911392405
51-8012.00,12300,0.0546176798835961,0.0632911392405063
51-8012.00,12301,0.1182265577360307,0.189873417721519
51-8012.00,12302,0.0844013848308292,0.0759493670886076
51-8012.00,12303,0.0844120943236955,0.050632911392405
51-8012.00,12304,0.1159359923478706,0.1265822784810126
51-8012.00,12305,0.097852692789905,0.1265822784810126
51-8012.00,12306,0.0619967156472137,0.0379746835443038
51-8012.00,12307,0.070232449233569,0.0632911392405063
51-8012.00,12308,0.0743553552058267,0.050632911392405
51-8012.00,12309,0.0663590073499084,0.050632911392405
51-8012.00,12310,0.0159493918639463,0.0253164556962025
51-8012.00,12311,0.0395638560101962,0.0189873417721519
51-8012.00,12312,0.0717702289265933,0.0632911392405063
51-8013.00,12314,0.0731884245198077,0.2161383285302593
51-8013.00,12315,0.0276062434264757,0.0720461095100864
51-8013.00,12316,0.0763512895301083,0.1440922190201729
51-8013.00,12317,0.0724640548123031,0.0720461095100864
51-8013.00,12318,0.0368987308085515,0.0576368876080691
51-8013.00,12319,0.0660921113336189,0.0216138328530259
51-8013.00,12320,0.0546952955531391,0.0288184438040345
51-8013.00,12321,0.0681324060843382,0.0576368876080691
51-8013.00,12322,0.0179355666857087,0.0360230547550432
51-8013.00,12323,0.0205133260908679,0.0432276657060518
51-8013.00,12324,0.0469387295957186,0.0432276657060518
51-8013.00,12325,0.053810098449471,0.0216138328530259
51-8013.00,12326,0.0114037697001884,0.0144092219020172
51-8013.00,12327,0.0064363241433217,0.0288184438040345
51-8013.00,12328,0.0473161758030852,0.0288184438040345
51-8013.00,12329,0.0105980926527959,0.0028818443804034
51-8013.00,12330,0.0064826562115035,0.0072046109510086
51-8013.00,12331,0.0040515235369796,0.0144092219020172
51-9011.00,12333,0.0730797310495049,0.0985221674876847
51-9011.00,12334,0.0589115921718323,0.0492610837438423
51-9011.00,12335,0.0828508365061663,0.1182266009852216
51-9011.00,12336,0.0683701542986497,0.1477832512315271
51-9011.00,12337,0.0418681635556745,0.0591133004926108
51-9011.00,12338,0.0460284840379033,0.0394088669950738
51-9011.00,12339,0.0586901933514158,0.0788177339901477
51-9011.00,12340,0.0564123338582326,0.0394088669950738
51-9011.00,12341,0.0547288098208668,0.0295566502463054
51-9011.00,12342,0.0832221430468234,0.0591133004926108
51-9011.00,12343,0.0238843052683773,0.0049261083743842
51-9011.00,12344,0.0307557336373957,0.0295566502463054
51-9011.00,12345,0.059459505664355,0.0492610837438423
51-9011.00,12346,0.0418485370556449,0.0197044334975369
51-9011.00,12347,0.0211930882362096,0.0295566502463054
51-9011.00,12348,0.0131285646224274,0.0197044334975369
51-9011.00,12349,0.015692039946521,0.0197044334975369
51-9011.00,12350,0.0317631988593487,0.0197044334975369
51-9011.00,12351,0.0118163127222559,0.0049261083743842
51-9011.00,12352,0.027444350774126,0.0394088669950738
51-9011.00,12353,0.0409975034941251,0.0098522167487684
51-9011.00,12354,0.0244053921234514,0.0147783251231527
51-9011.00,12355,0.0334490258986914,0.0197044334975369
51-9012.00,12356,0.0943964761832186,0.0469483568075117
51-9012.00,12357,0.1186449003176741,0.1408450704225352
51-9012.00,12360,0.0592644869722636,0.0234741784037558
51-9012.00,12362,0.038036625474417,0.0375586854460093
51-9012.00,12363,0.0414464426487002,0.0375586854460093
51-9012.00,12364,0.0237802566631542,0.0469483568075117
51-9012.00,12365,0.0552528762870478,0.0328638497652582
51-9012.00,12366,0.062954808023687,0.056338028169014
51-9012.00,12367,0.0182879576124912,0.0234741784037558
51-9012.00,12368,0.0511041592296174,0.0187793427230046
51-9012.00,12369,0.026032838602135,0.028169014084507
51-9012.00,12371,0.0163117787468143,0.028169014084507
51-9012.00,12372,0.0362301652862729,0.028169014084507
51-9012.00,12373,0.0087274588375392,0.0469483568075117
51-9021.00,12375,0.027771604328122,0.0273972602739726
51-9021.00,12376,0.1340696019994449,0.2054794520547945
51-9021.00,12377,0.0651630480310268,0.0684931506849315
51-9021.00,12378,0.0354293317616344,0.0410958904109589
51-9021.00,12379,0.0410322226431331,0.1095890410958904
51-9021.00,12380,0.0636400051182915,0.0547945205479452
51-9021.00,12381,0.0518189142478535,0.0547945205479452
51-9021.00,12382,0.0322368556659517,0.0068493150684931
51-9021.00,12383,0.035431602433823,0.0273972602739726
51-9021.00,12384,0.0243179076676324,0.0205479452054794
51-9021.00,12385,0.0467269974422382,0.0410958904109589
51-9021.00,12386,0.0386885998391375,0.0547945205479452
51-9021.00,12387,0.0254163943315835,0.0205479452054794
51-9021.00,12388,0.0335840580354432,0.0136986301369863
51-9021.00,12389,0.0800633595985266,0.0547945205479452
51-9021.00,12391,0.02456517954627,0.0136986301369863
51-9021.00,12392,0.0255916725766789,0.0068493150684931
51-9021.00,12394,0.0182319092238204,0.0821917808219178
51-9021.00,12395,0.0271746222998243,0.0410958904109589
51-9023.00,12397,0.0719398804250729,0.075
51-9023.00,12398,0.0429209734622533,0.025
51-9023.00,12400,0.055836241295469,0.15
51-9023.00,12401,0.0514251257091197,0.0625
51-9023.00,12402,0.0712141086599116,0.125
51-9023.00,12403,0.0553401976988309,0.0375
51-9023.00,12404,0.05237855046803,0.01875
51-9023.00,12405,0.0471866766001782,0.0375
51-9023.00,12406,0.0543474646980366,0.03125
51-9023.00,12407,0.0634413328514087,0.03125
51-9023.00,12408,0.049402542858316,0.05
51-9023.00,12409,0.0495548156108412,0.04375
51-9023.00,12410,0.0567354896298989,0.025
51-9023.00,12411,0.0516143938738785,0.05
51-9023.00,12412,0.0545188008332745,0.05
51-9023.00,12413,0.0318755479749385,0.05625
51-9023.00,12414,0.0130784104234094,0.0125
51-9023.00,12415,0.0256006071599804,0.01875
51-9032.00,12416,0.0633768478235362,0.048076923076923
51-9032.00,12417,0.054724298215316,0.1442307692307692
51-9032.00,12418,0.0465500639968322,0.048076923076923
51-9032.00,12419,0.0511650223691872,0.0288461538461538
51-9032.00,12420,0.0292146887804731,0.0288461538461538
51-9032.00,12421,0.0556628624652356,0.0144230769230769
51-9032.00,12422,0.0795579203968651,0.0769230769230769
51-9032.00,12423,0.0443119080448759,0.0288461538461538
51-9032.00,12424,0.0534337907526052,0.0240384615384615
51-9032.00,12425,0.0560496191299914,0.1153846153846153
51-9032.00,12426,0.0503593145515401,0.0240384615384615
51-9032.00,12427,0.0686152816931489,0.0576923076923076
51-9032.00,12428,0.0195374666529255,0.0288461538461538
51-9032.00,12429,0.066414792186197,0.0384615384615384
51-9032.00,12430,0.0121342836857797,0.0240384615384615
51-9032.00,12432,0.0648303507122183,0.0961538461538461
51-9032.00,12433,0.0349867510929721,0.048076923076923
51-9032.00,12435,0.0083516053512797,0.0144230769230769
51-9032.00,12436,0.0334138178869622,0.0144230769230769
51-9032.00,12437,0.0228639943742256,0.0096153846153846
51-9032.00,12438,0.0173003117945032,0.0096153846153846
51-9032.00,12439,0.0196517604489634,0.0096153846153846
51-9032.00,12440,0.0155043792131439,0.0096153846153846
51-9032.00,12441,0.0268903257050622,0.0144230769230769
51-9032.00,12442,0.0050985426761592,0.0144230769230769
51-9041.00,12445,0.0778678897104444,0.0680272108843537
51-9041.00,12446,0.0772070667479622,0.1632653061224489
51-9041.00,12447,0.0726535260634311,0.0272108843537414
51-9041.00,12448,0.0660899545145893,0.0408163265306122
51-9041.00,12449,0.0467190382729772,0.0272108843537414
51-9041.00,12450,0.0319571143749322,0.0408163265306122
51-9041.00,12451,0.0791963452973478,0.0340136054421768
51-9041.00,12452,0.0356135333158797,0.0068027210884353
51-9041.00,12453,0.0334066297602431,0.0204081632653061
51-9041.00,12455,0.0481145574331327,0.0272108843537414
51-9041.00,12456,0.0270655986451378,0.0544217687074829
51-9041.00,12457,0.0312804994629379,0.0204081632653061
51-9041.00,12458,0.0285570565268356,0.0204081632653061
51-9041.00,12459,0.0355504562610219,0.0272108843537414
51-9041.00,12460,0.0121279438420961,0.0204081632653061
51-9041.00,12461,0.0313823882415391,0.0544217687074829
51-9041.00,12462,0.0221209522957818,0.0340136054421768
51-9041.00,12463,0.024309944149492,0.0068027210884353
51-9041.00,12466,0.0342023260571907,0.0340136054421768
51-9041.00,12467,0.0165459193270068,0.0272108843537414
51-9041.00,12468,0.0152754067571412,0.0408163265306122
51-9041.00,12469,0.0048005974940024,0.0204081632653061
51-9041.00,12470,0.0196284190287755,0.0136054421768707
51-9041.00,12471,0.0189328032306877,0.0136054421768707
51-9061.00,12472,0.0598804430284465,0.0241254523522316
51-9061.00,12474,0.0627300939118016,0.1447527141133896
51-9061.00,12477,0.0404850246845563,0.060313630880579
51-9061.00,12478,0.0572130369764939,0.0241254523522316
51-9061.00,12480,0.0577984102370968,0.0965018094089264
51-9061.00,12481,0.0236480466839231,0.0241254523522316
51-9061.00,12482,0.0168839942338633,0.0361881785283474
51-9061.00,12484,0.0257847735979584,0.0482509047044632
51-9061.00,12485,0.032680271828282,0.0361881785283474
51-9061.00,12486,0.0471275188222613,0.0241254523522316
51-9061.00,12487,0.0286115945051974,0.0120627261761158
51-9061.00,12488,0.0210727828399638,0.0120627261761158
51-9061.00,12491,0.0219782046476842,0.0120627261761158
51-9061.00,12493,0.0188833618029417,0.0965018094089264
51-9061.00,12495,0.0213450994199888,0.0120627261761158
51-9124.00,12503,0.0350012946477151,0.0444444444444444
51-9124.00,12504,0.0372707049581688,0.0277777777777777
51-9124.00,12505,0.0280674831142149,0.0222222222222222
51-9124.00,12508,0.0404586129582231,0.0333333333333333
51-9124.00,12509,0.0423917026756968,0.0222222222222222
51-9124.00,12510,0.0268285964568818,0.0166666666666666
51-9124.00,12512,0.0286147852435132,0.0222222222222222
51-9124.00,12513,0.0300364136168465,0.0333333333333333
51-9124.00,12517,0.0341281344656997,0.0222222222222222
51-9124.00,12521,0.0329879227574743,0.0277777777777777
51-9124.00,12522,0.0827114955724742,0.1111111111111111
51-9123.00,12527,0.2303940556142294,0.3225806451612903
51-9123.00,12528,0.0759931626590636,0.086021505376344
51-9123.00,12529,0.0898114263836552,0.064516129032258
51-9123.00,12530,0.0814171615607609,0.053763440860215
51-9123.00,12531,0.0723903407562952,0.1075268817204301
51-9123.00,12532,0.0650912728628726,0.043010752688172
51-9123.00,12533,0.0612403976973319,0.043010752688172
51-9123.00,12534,0.1057934003734198,0.075268817204301
51-9141.00,12573,0.0659053921024227,0.0601503759398496
51-9141.00,12574,0.0695055236239691,0.0526315789473684
51-9141.00,12575,0.0801221450096932,0.0902255639097744
51-9141.00,12576,0.0627239355184398,0.0601503759398496
51-9141.00,12577,0.0532268263122523,0.037593984962406
51-9141.00,12578,0.0745373280132965,0.075187969924812
51-9141.00,12579,0.0336846771612309,0.0451127819548872
51-9141.00,12580,0.0705924683063355,0.0676691729323308
51-9141.00,12581,0.018244817272788,0.0451127819548872
51-9141.00,12582,0.0342278398179505,0.075187969924812
51-9141.00,12583,0.0305099635443697,0.0300751879699248
51-9141.00,12584,0.0354757848393129,0.0902255639097744
51-9141.00,12585,0.0332467633718575,0.0225563909774436
51-9141.00,12586,0.0276126949435325,0.0150375939849624
51-9141.00,12587,0.0196676368310107,0.0225563909774436
51-9141.00,12588,0.028143916761212,0.0601503759398496
51-9141.00,12589,0.0134132031621988,0.0150375939849624
51-9141.00,12591,0.0179163801305497,0.0300751879699248
51-9191.00,12597,0.0702621058445949,0.0555555555555555
51-9191.00,12598,0.0644910006612766,0.0333333333333333
51-9191.00,12599,0.105572674031082,0.1666666666666666
51-9191.00,12600,0.0685060813172532,0.0277777777777777
51-9191.00,12601,0.0434186224639784,0.0333333333333333
51-9191.00,12602,0.0827614335882641,0.0888888888888888
51-9191.00,12603,0.0783894094021511,0.0222222222222222
51-9191.00,12604,0.0877022475438705,0.0444444444444444
51-9191.00,12605,0.0555841589653389,0.0222222222222222
51-9191.00,12606,0.0357048220964119,0.0166666666666666
51-9191.00,12607,0.0669516652346252,0.1333333333333333
51-9191.00,12608,0.0656787191227866,0.1111111111111111
51-9191.00,12609,0.0783003472941731,0.0888888888888888
51-9191.00,12610,0.0208937393204649,0.0444444444444444
51-9191.00,12611,0.060505325251247,0.0333333333333333
51-9191.00,12612,0.0152776478624808,0.0222222222222222
51-9195.03,12614,0.050764375634749,0.1212121212121212
51-9195.03,12615,0.1162487202117496,0.0606060606060606
51-9195.03,12616,0.0696388862887979,0.0606060606060606
51-9195.03,12617,0.0696417548931288,0.0378787878787878
51-9195.03,12618,0.0841796086628381,0.0909090909090909
51-9195.03,12619,0.0928606764291031,0.0909090909090909
51-9195.03,12620,0.05358355184528,0.0227272727272727
51-9195.03,12621,0.1297397148590776,0.0227272727272727
51-9195.03,12622,0.0680089954241471,0.0909090909090909
51-9195.03,12623,0.0290179872317069,0.0757575757575757
51-9195.03,12624,0.1024745726476806,0.1515151515151515
51-9195.03,12625,0.0432656842010761,0.0606060606060606
51-9195.03,12626,0.0234033158758118,0.0303030303030303
51-9195.03,12627,0.0149660902306361,0.0151515151515151
51-9195.03,12628,0.034772785981126,0.0227272727272727
51-9195.03,12629,0.0174332795830906,0.0454545454545454
51-9195.04,12630,0.0716031235939108,0.0396039603960396
51-9195.04,12631,0.0469048086862102,0.0198019801980198
51-9195.04,12632,0.0749820359011323,0.1485148514851485
51-9195.04,12633,0.0575956346824075,0.1188118811881188
51-9195.04,12634,0.0349459017564432,0.0297029702970297
51-9195.04,12637,0.0162746467271881,0.0198019801980198
51-9195.04,12638,0.0281016362819238,0.0198019801980198
51-9195.04,12644,0.0509381342224033,0.0198019801980198
51-9195.04,12646,0.0454506263617235,0.099009900990099
51-9195.04,12647,0.0334906238328255,0.0594059405940594
51-9195.04,12649,0.0302362481784333,0.099009900990099
51-9196.00,12678,0.1298284643405287,0.1126760563380281
51-9196.00,12679,0.0407169311605092,0.0704225352112676
51-9196.00,12680,0.0442877135895568,0.056338028169014
51-9196.00,12681,0.0544598138419053,0.0422535211267605
51-9196.00,12682,0.0288825206844459,0.0422535211267605
51-9196.00,12683,0.0953120764580839,0.2112676056338028
51-9196.00,12684,0.071077154773424,0.0140845070422535
51-9196.00,12685,0.0515691919872245,0.0845070422535211
51-9196.00,12686,0.0253086576034593,0.028169014084507
51-9196.00,12687,0.0291944919909905,0.028169014084507
51-9196.00,12689,0.0276648157250091,0.028169014084507
51-9198.00,12694,0.072410433668059,0.0355555555555555
51-9198.00,12695,0.056017628219819,0.0444444444444444
51-9198.00,12696,0.0643716268943231,0.0711111111111111
51-9198.00,12697,0.0399630608399279,0.0177777777777777
51-9198.00,12698,0.0315265845235639,0.0177777777777777
51-9198.00,12699,0.0698411762374981,0.0888888888888888
51-9198.00,12700,0.0341767043080194,0.0888888888888888
51-9198.00,12701,0.0130956105763118,0.0266666666666666
51-9198.00,12702,0.0311989347774476,0.0177777777777777
51-9198.00,12703,0.0343780693928784,0.0177777777777777
51-9198.00,12704,0.0238376704308221,0.0266666666666666
51-9198.00,12705,0.0282301316547313,0.0088888888888888
51-9198.00,12706,0.0709633446562202,0.0533333333333333
51-9198.00,12707,0.0501432219309672,0.0444444444444444
51-9198.00,12708,0.0464871177459206,0.0533333333333333
51-9198.00,12709,0.0174788647334737,0.0177777777777777
51-9198.00,12710,0.0519614634097178,0.0711111111111111
51-9198.00,12711,0.026171623156147,0.0088888888888888
51-9198.00,12712,0.0178482154529011,0.0355555555555555
51-9198.00,12713,0.0363308570917019,0.0177777777777777
51-9198.00,12715,0.0244742385908662,0.0088888888888888
51-9198.00,12716,0.0140727887904038,0.0177777777777777
51-9198.00,12717,0.0091188676682173,0.0088888888888888
51-9198.00,12719,0.0104182169517531,0.0355555555555555
51-9198.00,12720,0.0215465933250895,0.0088888888888888
51-9198.00,12722,0.0133071997955737,0.0088888888888888
51-9198.00,12724,0.0154307091909388,0.0088888888888888
51-9198.00,12725,0.0022371113044835,0.0088888888888888
51-9198.00,12726,0.0142896341397294,0.0088888888888888
53-2021.00,12728,0.0654348603068482,0.0918836140888208
53-2021.00,12729,0.080735705748083,0.114854517611026
53-2021.00,12730,0.0827549307483574,0.1531393568147014
53-2021.00,12731,0.0764206404891648,0.0765696784073507
53-2021.00,12732,0.0068890205558596,0.0153139356814701
53-2021.00,12733,0.0052959910634543,0.0038284839203675
53-2021.00,12734,0.0669385380972998,0.0765696784073507
53-2021.00,12735,0.0732799247651673,0.0612557427258805
53-2021.00,12736,0.0582969845101891,0.0382848392036753
53-2021.00,12737,0.0582639039899376,0.0612557427258805
53-2021.00,12738,0.074278031181398,0.0612557427258805
53-2021.00,12739,0.0733212376640975,0.0459418070444104
53-2021.00,12740,0.0014878579110783,0.0007656967840735
53-2021.00,12741,0.0391217879833364,0.0306278713629402
53-2021.00,12742,0.0370774970568418,0.0382848392036753
53-2021.00,12743,0.0368558539790029,0.0306278713629402
53-2021.00,12744,0.0293366027357312,0.007656967840735
53-2021.00,12745,0.0112611533633498,0.007656967840735
53-2021.00,12746,0.0164042935894132,0.0153139356814701
53-2021.00,12747,0.0412466848507847,0.0229709035222052
53-2021.00,12748,0.0146438390679976,0.0153139356814701
53-2021.00,12749,0.0263383035088131,0.0153139356814701
53-4011.00,12750,0.1361771808124498,0.1530612244897959
53-4011.00,12751,0.1262368943326672,0.1530612244897959
53-4011.00,12752,0.1233041299649779,0.1020408163265306
53-4011.00,12753,0.1209501794554527,0.1530612244897959
53-4011.00,12754,0.1104724020711539,0.0510204081632653
53-4011.00,12755,0.0917272770405538,0.2040816326530612
53-4011.00,12756,0.0378271396637268,0.0051020408163265
53-4011.00,12757,0.0402862072944967,0.0204081632653061
53-4011.00,12758,0.0974651271100096,0.0510204081632653
53-4011.00,12759,0.0283477930597454,0.0306122448979591
53-4011.00,12760,0.0327265239135182,0.0204081632653061
53-4011.00,12761,0.0162356858630039,0.0051020408163265
53-4011.00,12762,0.0168456980119452,0.0204081632653061
53-4011.00,12764,0.0213977614062983,0.0204081632653061
53-4041.00,12765,0.1691188333918114,0.0492125984251968
53-4041.00,12766,0.167353045567025,0.2952755905511811
53-4041.00,12767,0.1636367759184749,0.2460629921259842
53-4041.00,12768,0.0102315935498545,0.0009842519685039
53-4041.00,12769,0.1621036035030459,0.2460629921259842
53-4041.00,12770,0.0806018820741646,0.0098425196850393
53-4041.00,12771,0.0983968247098855,0.0196850393700787
53-4041.00,12772,0.0239910744366632,0.0246062992125984
53-4041.00,12773,0.1054793180340988,0.0492125984251968
47-5022.00,12777,0.200008749329884,0.4
47-5022.00,12778,0.0531051347565104,0.05
47-5022.00,12779,0.1075739537879669,0.1142857142857142
47-5022.00,12780,0.0995687563464942,0.0214285714285714
47-5022.00,12781,0.0915950716043056,0.0571428571428571
47-5022.00,12783,0.0272201578822933,0.0285714285714285
47-5022.00,12784,0.0763022840544466,0.0714285714285714
47-5022.00,12785,0.0616732649249298,0.0285714285714285
47-5022.00,12786,0.0564626169479942,0.0357142857142857
47-5022.00,12787,0.0374691246113254,0.0428571428571428
47-5022.00,12788,0.0278697362351414,0.0285714285714285
47-5022.00,12789,0.0394782555688837,0.0142857142857142
47-5022.00,12790,0.0283385455681355,0.0214285714285714
47-5022.00,12791,0.0164112417179334,0.0142857142857142
53-7121.00,12792,0.0845495250724343,0.0382513661202185
53-7121.00,12793,0.0701647238940309,0.0546448087431694
53-7121.00,12794,0.0424254040631516,0.1038251366120218
53-7121.00,12795,0.0756048326075568,0.1202185792349726
53-7121.00,12796,0.0738506245775794,0.0546448087431694
53-7121.00,12797,0.0840289034905962,0.0491803278688524
53-7121.00,12798,0.0577306125470045,0.0655737704918032
53-7121.00,12799,0.0268516625760111,0.0163934426229508
53-7121.00,12800,0.0808114876363269,0.0273224043715847
53-7121.00,12801,0.0320177267807074,0.0327868852459016
53-7121.00,12802,0.0499851909981815,0.0273224043715847
53-7121.00,12803,0.0350021794246453,0.0437158469945355
53-7121.00,12804,0.0098374025110442,0.0437158469945355
53-7121.00,12805,0.0291070611395622,0.0546448087431694
53-7121.00,12807,0.0215988752999465,0.0765027322404371
53-7121.00,12808,0.0462425240686815,0.0163934426229508
53-7121.00,12809,0.0647358133464997,0.0983606557377049
53-7121.00,12810,0.0237979635917967,0.0437158469945355
13-1011.00,12865,0.0819153043080312,0.0427350427350427
13-1011.00,12866,0.0519847753864522,0.1025641025641025
13-1011.00,12867,0.0871336851409121,0.1282051282051282
13-1011.00,12868,0.0679947445324926,0.0854700854700854
13-1011.00,12869,0.0719269147149369,0.1196581196581196
13-1011.00,12870,0.1294632783261424,0.0683760683760683
13-1011.00,12871,0.0319632183561848,0.1111111111111111
13-1011.00,12872,0.0536258330301453,0.0341880341880341
13-1011.00,12873,0.0439726525056033,0.0598290598290598
13-1011.00,12874,0.0092679615322078,0.0341880341880341
13-1011.00,12875,0.0028131665529835,0.0512820512820512
13-1011.00,12876,0.0137036782306045,0.0512820512820512
13-1021.00,12878,0.1889548170553089,0.16
13-1021.00,12879,0.1161657140771968,0.12
13-1021.00,12880,0.1146539173516735,0.1
13-1021.00,12881,0.1208486457044962,0.1
13-1021.00,12882,0.1096577956550033,0.08
13-1021.00,12883,0.1448375658572308,0.12
13-1021.00,12884,0.0381413046548819,0.12
13-1021.00,12885,0.0483183347570913,0.06
13-1021.00,12886,0.0150696078872562,0.02
13-1021.00,12887,0.0623998441571098,0.04
13-1021.00,12888,0.0177604185473,0.04
13-1021.00,12889,0.0231920342954509,0.04
13-1041.04,12890,0.0773926720475321,0.1492537313432835
13-1041.04,12891,0.063793382828829,0.1194029850746268
13-1041.04,12893,0.0384073125550607,0.0597014925373134
13-1041.04,12894,0.0256076793476011,0.0597014925373134
13-1041.04,12895,0.0121781606831306,0.0373134328358208
13-1041.04,12899,0.0037079096163984,0.0298507462686567
19-4061.00,12952,0.0942940598059061,0.0675675675675675
19-4061.00,12953,0.0469228858766886,0.0675675675675675
19-4061.00,12954,0.0417962517706496,0.027027027027027
19-4061.00,12955,0.0798057234574596,0.0675675675675675
19-4061.00,12956,0.0938533701748186,0.054054054054054
19-4061.00,12957,0.055629746796538,0.054054054054054
19-4061.00,12958,0.0066980808310118,0.027027027027027
19-4061.00,12959,0.0436564198646112,0.027027027027027
19-4061.00,12960,0.0627469278027742,0.081081081081081
19-4061.00,12961,0.0042481076858437,0.0135135135135135
19-4061.00,12962,0.0789861902210194,0.081081081081081
19-4061.00,12963,0.0772434015454685,0.054054054054054
19-4061.00,12964,0.0458268206199771,0.054054054054054
19-4061.00,12965,0.0046532127738486,0.027027027027027
19-4061.00,12966,0.02816376346671,0.0405405405405405
19-4061.00,12967,0.0644623754938803,0.081081081081081
19-4061.00,12968,0.0467059458318539,0.054054054054054
19-4061.00,12969,0.0552415922506632,0.0405405405405405
19-4061.00,12970,0.0141970669567023,0.0135135135135135
19-4061.00,12971,0.0254557033743352,0.0202702702702702
19-4061.00,12972,0.0136708100024592,0.027027027027027
19-4061.00,12973,0.0157415433967798,0.0135135135135135
21-2021.00,12975,0.0549374576447899,0.0612244897959183
21-2021.00,12976,0.0303649416030393,0.0816326530612244
21-2021.00,12977,0.0610479804077141,0.1224489795918367
21-2021.00,12978,0.0295951246668829,0.0408163265306122
21-2021.00,12979,0.0485456938738204,0.0918367346938775
21-2021.00,12980,0.0421620620485413,0.0816326530612244
21-2021.00,12981,0.0301849221952617,0.0306122448979591
21-2021.00,12982,0.0579582415466797,0.0714285714285714
21-2021.00,12983,0.012330774968489,0.0612244897959183
21-2021.00,12984,0.0302941734237461,0.0408163265306122
21-2021.00,12985,0.0355709352030212,0.0510204081632653
21-2021.00,12986,0.0276026245741509,0.0306122448979591
21-2021.00,12988,0.0112072952440989,0.0408163265306122
21-2021.00,12989,0.0111477256059088,0.0204081632653061
21-2021.00,12991,0.0148004934341729,0.0510204081632653
21-2021.00,12992,0.0168173036000981,0.0306122448979591
27-1022.00,13013,0.0602833829810695,0.0840336134453781
27-1022.00,13014,0.0715044512643865,0.0672268907563025
27-1022.00,13015,0.1996082971340387,0.134453781512605
27-1022.00,13016,0.0379900280940517,0.0672268907563025
27-1022.00,13017,0.018110947544596,0.0336134453781512
27-1022.00,13018,0.0372156663098345,0.0504201680672268
27-1022.00,13019,0.0671631151160867,0.0672268907563025
27-1022.00,13020,0.0227784701244866,0.0336134453781512
27-1022.00,13022,0.0478819184967537,0.0252100840336134
27-1022.00,13023,0.0047091212690135,0.042016806722689
27-1022.00,13024,0.0487192645249873,0.0504201680672268
27-1022.00,13025,0.0305147027163353,0.0672268907563025
27-1022.00,13026,0.0587025796673944,0.0252100840336134
27-1022.00,13027,0.0226916384274095,0.0672268907563025
27-1022.00,13028,0.0356661625689244,0.0336134453781512
27-1022.00,13029,0.0256527686709677,0.0168067226890756
27-1022.00,13030,0.0087010042703757,0.0168067226890756
27-1022.00,13031,0.0149816679304899,0.0504201680672268
27-1022.00,13032,0.0747198430187506,0.0168067226890756
27-2021.00,13033,0.0952414055456371,0.2448979591836734
27-2021.00,13034,0.1192989718158094,0.1224489795918367
27-2021.00,13035,0.1531763319125937,0.1632653061224489
27-2021.00,13036,0.1213680950839754,0.0306122448979591
27-2021.00,13037,0.1442371071182372,0.2040816326530612
27-2021.00,13038,0.1013686595649686,0.0816326530612244
27-2021.00,13040,0.0516028882613292,0.0612244897959183
27-2021.00,13041,0.0770420750529427,0.0306122448979591
33-9021.00,13095,0.1542591073759887,0.1026957637997432
33-9021.00,13096,0.1350727131140073,0.128369704749679
33-9021.00,13097,0.0666714576111778,0.1026957637997432
33-9021.00,13101,0.0499152667916814,0.0641848523748395
33-9021.00,13102,0.0408408875245035,0.1925545571245186
33-9021.00,13103,0.0250273960439365,0.0064184852374839
33-9021.00,13104,0.0084090820097714,0.0385109114249037
33-9021.00,13105,0.0324122943822714,0.0256739409499358
33-9021.00,13106,0.0492225178255609,0.0513478818998716
33-9021.00,13107,0.0245067336008955,0.0256739409499358
33-9021.00,13109,0.0035695700601945,0.0128369704749679
37-3013.00,13112,0.0446378257800796,0.027434842249657
37-3013.00,13113,0.062186785468451,0.1097393689986282
37-3013.00,13114,0.0303438302217545,0.0823045267489712
37-3013.00,13115,0.0309642955165993,0.027434842249657
37-3013.00,13116,0.0326343671301995,0.1371742112482853
37-3013.00,13117,0.0422976062056428,0.1097393689986282
37-3013.00,13118,0.0296905360841138,0.0685871056241426
37-3013.00,13119,0.0394836310346368,0.0548696844993141
37-3013.00,13120,0.0494605606077416,0.0823045267489712
37-3013.00,13121,0.0271152964283121,0.0548696844993141
37-3013.00,13122,0.0197697712864503,0.0137174211248285
37-3013.00,13123,0.0056240944256589,0.0137174211248285
37-3013.00,13124,0.0376634048384036,0.0548696844993141
37-3013.00,13125,0.0129821124121145,0.0137174211248285
37-3013.00,13126,0.0200704539671436,0.0411522633744856
37-3013.00,13127,0.0096104973956847,0.0137174211248285
37-3013.00,13128,0.0252538406483854,0.0137174211248285
37-3013.00,13130,0.0151533547991744,0.0137174211248285
37-3013.00,13132,0.0048647439622042,0.0137174211248285
37-3013.00,13136,0.005938366318565,0.0068587105624142
39-1022.00,13138,0.1467316162855133,0.0495867768595041
39-1022.00,13139,0.087000503081555,0.0826446280991735
39-1022.00,13140,0.0332532823969543,0.0661157024793388
39-1022.00,13141,0.0658495840992277,0.1322314049586777
39-1022.00,13142,0.0934865559073572,0.0330578512396694
39-1022.00,13143,0.0505600796121308,0.0330578512396694
39-1022.00,13145,0.0354212533119288,0.0826446280991735
39-1022.00,13146,0.0312239039453495,0.0495867768595041
39-1022.00,13150,0.0307452261222368,0.0165289256198347
39-1022.00,13154,0.0054629530880826,0.0330578512396694
39-7012.00,13155,0.0363003395410797,0.0677966101694915
39-7012.00,13156,0.0370852289085779,0.0508474576271186
39-7012.00,13157,0.0410540802529789,0.0338983050847457
39-7012.00,13158,0.0346096800791988,0.0847457627118644
39-7012.00,13159,0.0192895999537499,0.0254237288135593
39-7012.00,13161,0.0249490637590219,0.0338983050847457
39-7012.00,13162,0.0144468962811754,0.0254237288135593
39-7012.00,13163,0.0337196920246088,0.0677966101694915
39-7012.00,13164,0.05235391234303,0.0847457627118644
39-7012.00,13165,0.0107313929402627,0.0169491525423728
39-7012.00,13166,0.0007610373463305,0.0084745762711864
53-6061.00,13172,0.0905593340112906,0.0620155038759689
53-6061.00,13173,0.0956698895114204,0.0465116279069767
53-6061.00,13174,0.1641031582557263,0.1860465116279069
53-6061.00,13175,0.0498131216245096,0.0465116279069767
53-6061.00,13176,0.0672450790202738,0.0465116279069767
53-6061.00,13177,0.0579593036457488,0.0232558139534883
53-6061.00,13178,0.0924909488225692,0.0775193798449612
53-6061.00,13179,0.1276339623469974,0.0930232558139534
53-6061.00,13182,0.0837051514969457,0.1085271317829457
53-6061.00,13183,0.0505210479737982,0.0620155038759689
41-9011.00,13190,0.0919047699982364,0.194300518134715
41-9011.00,13191,0.0970094049431146,0.1295336787564766
41-9011.00,13192,0.0814341967935495,0.038860103626943
41-9011.00,13193,0.0557607221214494,0.0259067357512953
41-9011.00,13194,0.0744696909334431,0.0647668393782383
41-9011.00,13195,0.0625276822154764,0.0518134715025906
41-9011.00,13196,0.0786193958190831,0.1036269430051813
41-9011.00,13197,0.0257638265724293,0.038860103626943
41-9011.00,13198,0.052707960353566,0.077720207253886
41-9011.00,13199,0.0427978988129587,0.0129533678756476
41-9011.00,13200,0.0322024092073181,0.0129533678756476
41-9011.00,13201,0.0302688502254115,0.0129533678756476
41-9011.00,13202,0.042514345537999,0.0259067357512953
41-9011.00,13203,0.0642110756646843,0.0647668393782383
41-9011.00,13204,0.0027802135279225,0.0129533678756476
41-9011.00,13205,0.0477604369925072,0.0064766839378238
41-9011.00,13206,0.0244312924121074,0.0259067357512953
41-9011.00,13207,0.0225755985259771,0.0064766839378238
41-9011.00,13208,0.0253877446458957,0.0129533678756476
41-9011.00,13210,0.0232871141675679,0.0259067357512953
41-9011.00,13211,0.0215853705293018,0.0259067357512953
41-9012.00,13217,0.0166325115880943,0.0130718954248366
41-9012.00,13220,0.0235551279454281,0.1045751633986928
41-9012.00,13226,0.0015788598393338,0.0392156862745098
43-2021.00,13243,0.1034108162617513,0.1587301587301587
43-2021.00,13244,0.1064574735510744,0.0846560846560846
43-2021.00,13245,0.0494330771857064,0.0211640211640211
43-2021.00,13246,0.1447904425758656,0.2116402116402116
43-2021.00,13247,0.1504738081635461,0.2645502645502645
43-2021.00,13248,0.0175836044724576,0.0317460317460317
43-2021.00,13253,0.0164206012154162,0.0052910052910052
43-2021.00,13254,0.00148686052023,0.0211640211640211
43-2021.00,13255,0.0247666571472757,0.0105820105820105
43-2021.00,13256,0.0887568049219951,0.0317460317460317
43-2021.00,13257,0.0228470831087376,0.0211640211640211
43-2021.00,13258,0.0241003155721245,0.0423280423280423
43-9051.00,13260,0.0344087642782351,0.0615384615384615
43-9051.00,13261,0.0375670585458992,0.0615384615384615
43-9051.00,13262,0.0257045624172414,0.0615384615384615
43-9051.00,13264,0.0261667477750467,0.123076923076923
43-9051.00,13267,0.0156873649617234,0.0461538461538461
43-9051.00,13268,0.0398730342376257,0.0307692307692307
43-9051.00,13269,0.0090670061028894,0.0461538461538461
43-9051.00,13270,0.0221032479519075,0.0307692307692307
43-9051.00,13271,0.0015929805643454,0.0076923076923076
43-9051.00,13272,0.0080012503372706,0.0307692307692307
43-9051.00,13275,0.0131517524786356,0.023076923076923
43-9051.00,13276,0.0259009294679133,0.0461538461538461
43-9051.00,13279,0.0074544379071627,0.0307692307692307
43-9051.00,13281,0.0092123120325671,0.0153846153846153
43-9051.00,13282,0.0203016142839445,0.0307692307692307
43-9071.00,13288,0.1108786689414413,0.0434782608695652
43-9071.00,13289,0.0872403245916607,0.1739130434782608
43-9071.00,13290,0.0583613601098084,0.0869565217391304
43-9071.00,13292,0.0797748682018503,0.0695652173913043
43-9071.00,13293,0.0686832769845387,0.0521739130434782
43-9071.00,13294,0.0608766381924171,0.1391304347826087
43-9071.00,13295,0.0950767806626607,0.0521739130434782
43-9071.00,13296,0.0332311321147713,0.0260869565217391
43-9071.00,13297,0.0427837191812391,0.0347826086956521
43-9071.00,13298,0.0220342353800285,0.0347826086956521
43-9071.00,13299,0.0641714456046202,0.0869565217391304
43-9071.00,13300,0.0444446681557643,0.0347826086956521
43-9071.00,13301,0.0464445359126527,0.0347826086956521
43-9071.00,13302,0.0561708246173914,0.0521739130434782
43-9071.00,13303,0.0140459178286576,0.0260869565217391
45-2041.00,13349,0.2445728966498452,0.4166666666666667
45-2041.00,13350,0.2453118709098914,0.25
45-2041.00,13351,0.2149314424425831,0.0833333333333333
45-2041.00,13352,0.1908369604966725,0.1666666666666666
45-2041.00,13353,0.1043468295010078,0.05
45-2091.00,13355,0.0330039123763675,0.0467289719626168
45-2091.00,13359,0.0516538915603389,0.2336448598130841
45-2091.00,13361,0.0156525463352993,0.0186915887850467
45-2091.00,13362,0.0199992421717839,0.0373831775700934
45-2091.00,13363,0.0095780548825396,0.0186915887850467
45-2091.00,13366,0.029651699211236,0.0467289719626168
45-2091.00,13367,0.0183365207718671,0.02803738317757
45-2091.00,13368,0.0199220276284144,0.0186915887850467
45-2093.00,13410,0.1457492084014627,0.1589403973509933
45-2093.00,13411,0.096703919390091,0.0927152317880794
45-2093.00,13412,0.0898000558082848,0.0529801324503311
45-2093.00,13413,0.0480636905767969,0.0264900662251655
45-2093.00,13414,0.0342248216674615,0.0397350993377483
45-2093.00,13415,0.0834482163464908,0.0662251655629139
45-2093.00,13416,0.0965974961526286,0.0529801324503311
45-2093.00,13417,0.0579489851495494,0.1059602649006622
45-2093.00,13418,0.0436419439053229,0.0132450331125827
45-2093.00,13419,0.08264042904327,0.0662251655629139
45-2093.00,13420,0.032839401861408,0.0397350993377483
45-2093.00,13421,0.0169526927518489,0.0132450331125827
45-2093.00,13422,0.016309149251234,0.0264900662251655
45-2093.00,13424,0.0475977664607408,0.0198675496688741
45-2093.00,13425,0.0438038149458545,0.0529801324503311
45-2093.00,13426,0.0223809244253979,0.0264900662251655
45-2093.00,13427,0.009211219101503,0.0198675496688741
45-2093.00,13428,0.0320862647606535,0.0132450331125827
45-4021.00,13484,0.0855045737244965,0.0427350427350427
45-4021.00,13485,0.0920971496625938,0.0598290598290598
45-4021.00,13486,0.0874170522862454,0.0769230769230769
45-4021.00,13487,0.0806972731858822,0.0683760683760683
45-4021.00,13488,0.0697047169147368,0.094017094017094
45-4021.00,13489,0.0660391352962763,0.0341880341880341
45-4021.00,13490,0.0770892944678087,0.0512820512820512
45-4021.00,13491,0.0769770667037837,0.0854700854700854
45-4021.00,13492,0.094319714369303,0.094017094017094
45-4021.00,13493,0.0825466736702187,0.0427350427350427
45-4021.00,13494,0.0322807134219248,0.0598290598290598
45-4021.00,13495,0.0560701601092706,0.0427350427350427
45-4021.00,13496,0.0046645896144484,0.017094017094017
45-4021.00,13497,0.0338036157643993,0.0512820512820512
45-4021.00,13498,0.0183151179255874,0.0341880341880341
45-4021.00,13499,0.0134552623294094,0.0256410256410256
45-4021.00,13500,0.0234561743574591,0.0683760683760683
45-4021.00,13501,0.0055617161961551,0.0256410256410256
47-2081.00,13503,0.0900362003991675,0.0454545454545454
47-2081.00,13504,0.064397717285692,0.0303030303030303
47-2081.00,13505,0.0944883319401632,0.1515151515151515
47-2081.00,13506,0.0412137755837717,0.0075757575757575
47-2081.00,13507,0.0650906584184617,0.0454545454545454
47-2081.00,13508,0.0599416910230847,0.1212121212121212
47-2081.00,13509,0.0524696392274578,0.0606060606060606
47-2081.00,13510,0.0335430793858797,0.0151515151515151
47-2081.00,13511,0.0717761701893654,0.0227272727272727
47-2081.00,13512,0.0417775135548722,0.0454545454545454
47-2081.00,13513,0.03922956049704,0.0227272727272727
47-2081.00,13514,0.0370910110061239,0.0303030303030303
47-2081.00,13515,0.0566345574515589,0.0454545454545454
47-2081.00,13516,0.0542339892016966,0.0606060606060606
47-2081.00,13517,0.0259540222618117,0.0151515151515151
47-2081.00,13518,0.0340457852700233,0.0227272727272727
47-2081.00,13519,0.0221930632444002,0.0303030303030303
47-2081.00,13520,0.0241772158824238,0.0151515151515151
47-2081.00,13521,0.0201127491600385,0.0454545454545454
47-2081.00,13522,0.0187004945694419,0.0303030303030303
47-2081.00,13523,0.0057708319732153,0.0151515151515151
47-2081.00,13524,0.0053646862062344,0.0151515151515151
47-2081.00,13525,0.0083680965287133,0.0227272727272727
47-2081.00,13526,0.0050463904148515,0.0075757575757575
47-2081.00,13527,0.0113377378140518,0.0454545454545454
47-2081.00,13528,0.0170050315104578,0.0303030303030303
47-2082.00,13529,0.0936215044728835,0.0533333333333333
47-2082.00,13530,0.139473127190173,0.1333333333333333
47-2082.00,13531,0.0917630986704903,0.08
47-2082.00,13532,0.0816868531994172,0.04
47-2082.00,13533,0.0836846611034135,0.1066666666666666
47-2082.00,13534,0.0843402208254367,0.0666666666666666
47-2082.00,13535,0.0576167092331359,0.08
47-2082.00,13536,0.0252929779875232,0.08
47-2082.00,13537,0.0703017280317762,0.1066666666666666
47-2082.00,13538,0.0327299446937927,0.04
47-2082.00,13539,0.040757907970012,0.0533333333333333
47-2082.00,13540,0.0450336764450589,0.0266666666666666
47-2082.00,13541,0.0486298577083601,0.0066666666666666
47-2082.00,13542,0.0275200661641412,0.0533333333333333
47-2082.00,13543,0.0293101425020841,0.0066666666666666
47-2131.00,13544,0.0542213883914363,0.0423728813559322
47-2131.00,13545,0.2166123211449279,0.135593220338983
47-2131.00,13546,0.1466738536016368,0.1694915254237288
47-2131.00,13547,0.1521484085206283,0.2033898305084746
47-2131.00,13549,0.1168815590949301,0.135593220338983
47-2131.00,13550,0.0961921074464119,0.0677966101694915
47-2131.00,13551,0.0986063075077059,0.0338983050847457
47-2131.00,13552,0.0322823679430755,0.059322033898305
47-2131.00,13553,0.0071000721958646,0.0677966101694915
47-2132.00,13554,0.2424271512987144,0.1702127659574468
47-2132.00,13555,0.1408135793336739,0.1276595744680851
47-2132.00,13556,0.1113213097465067,0.0425531914893617
47-2132.00,13557,0.041942973710615,0.0851063829787234
47-2132.00,13558,0.118097731262211,0.2127659574468085
47-2132.00,13559,0.1259337714777044,0.0212765957446808
47-2132.00,13560,0.0505068683599684,0.0425531914893617
47-2132.00,13561,0.1083056883442627,0.1063829787234042
47-2132.00,13562,0.0606509264663431,0.0638297872340425
47-2171.00,13567,0.2170817167036683,0.2413793103448276
47-2171.00,13568,0.2536739251787366,0.3103448275862069
47-2171.00,13569,0.2169061731198444,0.0775862068965517
47-2171.00,13570,0.1048513458323205,0.0689655172413793
47-2171.00,13571,0.121557018293365,0.1120689655172413
47-2171.00,13572,0.0548005386393863,0.0862068965517241
47-2171.00,13573,0.0311292822326788,0.1034482758620689
47-2181.00,13574,0.0741549886989895,0.0357142857142857
47-2181.00,13575,0.0163465057528897,0.0416666666666666
47-2181.00,13578,0.0358713502325975,0.0535714285714285
47-2181.00,13579,0.0227920260927899,0.0714285714285714
47-2181.00,13580,0.0357611670852971,0.0595238095238095
47-2181.00,13581,0.0195566252643908,0.0357142857142857
47-2181.00,13583,0.0207248035872993,0.0238095238095238
47-2181.00,13584,0.047774071436865,0.0952380952380952
47-2181.00,13585,0.0240083806862532,0.119047619047619
47-2181.00,13586,0.025835218139762,0.0238095238095238
47-2181.00,13587,0.0255244762063378,0.0476190476190476
47-2181.00,13589,0.0080386743349229,0.0178571428571428
47-2181.00,13590,0.0265814285714151,0.0357142857142857
47-2181.00,13591,0.0276123157091012,0.0416666666666666
47-2181.00,13592,0.0162427442509966,0.0595238095238095
47-2181.00,13593,0.0439078457381167,0.0178571428571428
47-2181.00,13594,0.004892821927516,0.0178571428571428
47-2181.00,13595,0.0187627242464276,0.0238095238095238
47-3011.00,13597,0.0857337708273811,0.08
47-3011.00,13598,0.0445827264125562,0.048
47-3011.00,13599,0.0876303044634679,0.128
47-3011.00,13600,0.1257449675038556,0.128
47-3011.00,13601,0.050850611263377,0.056
47-3011.00,13602,0.0214720728925009,0.024
47-3011.00,13603,0.106998521043496,0.016
47-3011.00,13604,0.0712427638801714,0.112
47-3011.00,13605,0.045725388063075,0.08
47-3011.00,13606,0.0962445339163996,0.096
47-3011.00,13607,0.0502764075514291,0.04
47-3011.00,13608,0.0679533156700142,0.064
47-3011.00,13609,0.0516205697525255,0.048
47-3011.00,13610,0.0706694523475196,0.048
47-3011.00,13611,0.02325459441223,0.032
47-3014.00,13612,0.155575978404558,0.1212121212121212
47-3014.00,13613,0.137988941842882,0.1515151515151515
47-3014.00,13614,0.0778435092893502,0.1212121212121212
47-3014.00,13615,0.0521109957372473,0.0606060606060606
47-3014.00,13616,0.0557006245608067,0.0757575757575757
47-3014.00,13617,0.1316383284195147,0.1818181818181818
47-3014.00,13619,0.1054924507714224,0.0909090909090909
47-3014.00,13620,0.0303369841846677,0.0303030303030303
47-3014.00,13621,0.01279478591826,0.0303030303030303
47-3014.00,13622,0.0069147173618609,0.0151515151515151
47-4031.00,13624,0.0558395179733839,0.0563607085346215
47-4031.00,13625,0.0625317967702928,0.0563607085346215
47-4031.00,13626,0.0673862332572268,0.1127214170692431
47-4031.00,13627,0.0657515462446906,0.0644122383252818
47-4031.00,13628,0.0307664361379983,0.0483091787439613
47-4031.00,13629,0.0396162917849589,0.0966183574879227
47-4031.00,13630,0.0391337668106137,0.0563607085346215
47-4031.00,13631,0.0450438993930105,0.072463768115942
47-4031.00,13632,0.0275327625178017,0.0966183574879227
47-4031.00,13633,0.0776588397239523,0.0402576489533011
47-4031.00,13634,0.0296986235320377,0.0483091787439613
47-4031.00,13635,0.0432405863063361,0.0241545893719806
47-4031.00,13636,0.0328522311141018,0.0241545893719806
47-4031.00,13637,0.0587242637264948,0.0402576489533011
47-4031.00,13638,0.0444183987136821,0.0322061191626409
47-4031.00,13639,0.0177468702297705,0.0322061191626409
47-4031.00,13640,0.0301143187871639,0.0241545893719806
47-4031.00,13641,0.0267997467864004,0.0322061191626409
47-4061.00,13643,0.0240670182816451,0.048076923076923
47-4061.00,13644,0.0169069225582268,0.0240384615384615
47-4061.00,13645,0.0242270344502479,0.0240384615384615
47-4061.00,13646,0.0309038780604221,0.0336538461538461
47-4061.00,13647,0.0167718223514636,0.0144230769230769
47-4061.00,13648,0.021221550887001,0.0144230769230769
47-4061.00,13649,0.0220638646265367,0.0384615384615384
47-4061.00,13650,0.0304159183253375,0.0817307692307692
47-4061.00,13651,0.0184977528466485,0.0144230769230769
47-4061.00,13652,0.0123122004065751,0.0144230769230769
47-4061.00,13653,0.0349465175773479,0.0336538461538461
47-4061.00,13654,0.0374980915704923,0.0673076923076923
47-4061.00,13655,0.022852768671472,0.0576923076923076
47-4061.00,13656,0.0181597077903113,0.0576923076923076
47-4061.00,13657,0.0235747787722898,0.0336538461538461
47-4061.00,13658,0.021166063331103,0.0673076923076923
47-4061.00,13660,0.0210314459440142,0.048076923076923
47-4061.00,13662,0.0120398410588788,0.0432692307692307
47-4061.00,13663,0.0110652949703914,0.0144230769230769
47-4061.00,13665,0.0154227774774454,0.0240384615384615
47-4061.00,13666,0.0053850483604272,0.0288461538461538
47-4061.00,13667,0.0088797661724994,0.0048076923076923
47-5023.00,13668,0.0742271555730978,0.0689655172413793
47-5023.00,13669,0.0609171969537607,0.0229885057471264
47-5023.00,13671,0.0858079740868859,0.0919540229885057
47-5023.00,13673,0.0711422319571523,0.0459770114942528
47-5023.00,13674,0.0645831160938232,0.057471264367816
47-5023.00,13675,0.0228890262703958,0.0689655172413793
47-5023.00,13676,0.0818693214433632,0.0344827586206896
47-5023.00,13677,0.0287024805004372,0.0344827586206896
47-5023.00,13678,0.0258904175242726,0.0459770114942528
47-5023.00,13679,0.0234455646575744,0.0459770114942528
47-5023.00,13680,0.0531883588342504,0.0229885057471264
47-5023.00,13681,0.0009320686356664,0.0057471264367816
47-5023.00,13682,0.03098491651735,0.0459770114942528
47-5023.00,13683,0.0504477070215898,0.028735632183908
47-5023.00,13684,0.0218120057683739,0.0689655172413793
47-5023.00,13685,0.0070884398512455,0.0114942528735632
47-5023.00,13686,0.0423715546936712,0.0172413793103448
47-5023.00,13687,0.0197175825034141,0.0229885057471264
47-5023.00,13689,0.0091796519107473,0.028735632183908
47-5023.00,13690,0.0020486728708483,0.0057471264367816
47-5023.00,13691,0.0046827452382209,0.0114942528735632
47-5023.00,13692,0.0058111134504926,0.0114942528735632
47-5023.00,13694,0.0054106707867434,0.0114942528735632
47-5023.00,13695,0.0073108115791135,0.0114942528735632
47-5023.00,13696,0.0068095446749849,0.0114942528735632
47-5081.00,13698,0.0440873754229829,0.0592592592592592
47-5081.00,13699,0.1458996296708664,0.1185185185185185
47-5081.00,13701,0.103359020776075,0.0888888888888888
47-5081.00,13702,0.0824884024950102,0.0444444444444444
47-5081.00,13703,0.0637829234984871,0.1777777777777777
47-5081.00,13704,0.0254169023901542,0.0592592592592592
47-5081.00,13705,0.1287088686467995,0.0518518518518518
47-5081.00,13706,0.0771247701986736,0.0814814814814814
47-5081.00,13707,0.0330229218831629,0.037037037037037
47-5081.00,13708,0.0407255737207847,0.074074074074074
47-5081.00,13709,0.0288518390417801,0.074074074074074
47-5081.00,13710,0.0466361019548047,0.0296296296296296
47-5081.00,13711,0.0312756497190292,0.0444444444444444
49-2096.00,13725,0.1378416006948019,0.09009009009009
49-2096.00,13726,0.1038097110373626,0.1441441441441441
49-2096.00,13727,0.0845220476397817,0.1081081081081081
49-2096.00,13728,0.126646803821824,0.2162162162162162
49-2096.00,13729,0.0769470973913529,0.036036036036036
49-2096.00,13730,0.0806730276611458,0.054054054054054
49-2096.00,13731,0.0938858267929878,0.072072072072072
49-2096.00,13732,0.0942059094227384,0.054054054054054
49-2096.00,13733,0.051201205764537,0.054054054054054
49-2096.00,13734,0.0506685860916357,0.072072072072072
49-2096.00,13735,0.0723095357893926,0.027027027027027
49-2096.00,13736,0.0272886478924391,0.072072072072072
49-2097.00,13737,0.1005435196363698,0.1454545454545454
49-2097.00,13738,0.1274668981071584,0.1818181818181818
49-2097.00,13739,0.0805814215953652,0.109090909090909
49-2097.00,13740,0.1364369949499893,0.0727272727272727
49-2097.00,13741,0.0987405652093517,0.0727272727272727
49-2097.00,13742,0.0817965252984715,0.0363636363636363
49-2097.00,13743,0.0702584756457774,0.0363636363636363
49-2097.00,13745,0.0532201515490221,0.0545454545454545
49-2097.00,13746,0.1221899533113457,0.1454545454545454
49-2097.00,13747,0.0737803991357575,0.0909090909090909
49-3041.00,13748,0.1012125844654681,0.0434782608695652
49-3041.00,13749,0.1215551655099538,0.0869565217391304
49-3041.00,13750,0.110062371403643,0.1739130434782608
49-3041.00,13751,0.060622859683335,0.0869565217391304
49-3041.00,13752,0.1206757534828591,0.0869565217391304
49-3041.00,13753,0.0540255402955837,0.072463768115942
49-3041.00,13754,0.0983724180048104,0.1304347826086956
49-3041.00,13756,0.0269036546158225,0.072463768115942
49-3041.00,13757,0.0465637047773026,0.072463768115942
49-3041.00,13758,0.0158847053309825,0.0289855072463768
49-3041.00,13759,0.0238842520164472,0.0217391304347826
49-3041.00,13761,0.0146180869006493,0.0217391304347826
49-3051.00,13762,0.0724195709117303,0.1043478260869565
49-3051.00,13763,0.061935384635635,0.0695652173913043
49-3051.00,13764,0.1167348563469115,0.0695652173913043
49-3051.00,13765,0.1249763153732256,0.0869565217391304
49-3051.00,13766,0.0980567564497107,0.1739130434782608
49-3051.00,13767,0.0709893931848199,0.0347826086956521
49-3051.00,13768,0.0611753134660459,0.0521739130434782
49-3051.00,13769,0.0744865765892632,0.0521739130434782
49-3051.00,13770,0.0771423849237084,0.0695652173913043
49-3051.00,13771,0.0521691685964493,0.0521739130434782
49-3051.00,13772,0.0341705667104214,0.0260869565217391
49-3051.00,13773,0.0397293464717058,0.0695652173913043
49-3053.00,13774,0.1251970635281482,0.1415929203539823
49-3053.00,13775,0.0836818881735715,0.0707964601769911
49-3053.00,13776,0.0592275845297761,0.0884955752212389
49-3053.00,13777,0.1361614943375811,0.0707964601769911
49-3053.00,13778,0.0803240493095567,0.0884955752212389
49-3053.00,13779,0.0656349044409606,0.0530973451327433
49-3053.00,13780,0.1142048485655933,0.1238938053097345
49-3053.00,13781,0.1102803050062162,0.1061946902654867
49-3053.00,13782,0.067272231938993,0.0353982300884955
49-3053.00,13783,0.0499960792004218,0.0265486725663716
49-3053.00,13784,0.0699299805736906,0.0884955752212389
49-3053.00,13785,0.0054004511190643,0.0353982300884955
49-3053.00,13786,0.0212995531665762,0.0265486725663716
49-3053.00,13787,0.0113895661098497,0.0442477876106194
49-9031.00,13788,0.0687902882144355,0.0719424460431654
49-9031.00,13789,0.0661851901376367,0.0287769784172661
49-9031.00,13790,0.043851579745157,0.0575539568345323
49-9031.00,13791,0.0621814817607762,0.1151079136690647
49-9031.00,13792,0.0664292998769935,0.0863309352517985
49-9031.00,13793,0.0671619101255489,0.0431654676258992
49-9031.00,13794,0.0566781298129898,0.0719424460431654
49-9031.00,13795,0.0585776439844065,0.0287769784172661
49-9031.00,13796,0.0623931161051819,0.0287769784172661
49-9031.00,13797,0.0259142971783793,0.0287769784172661
49-9031.00,13798,0.0208758777355569,0.0287769784172661
49-9031.00,13799,0.0718559345795965,0.0575539568345323
49-9031.00,13800,0.0376908278428512,0.0287769784172661
49-9031.00,13801,0.0463117812963288,0.0431654676258992
49-9031.00,13802,0.0497136958875713,0.0215827338129496
49-9031.00,13803,0.0051293068952413,0.014388489208633
49-9031.00,13804,0.0214161161807159,0.014388489208633
49-9031.00,13805,0.0052147816323483,0.0215827338129496
49-9031.00,13806,0.0180094082044917,0.0215827338129496
49-9031.00,13807,0.0200007468977219,0.014388489208633
49-9031.00,13808,0.0265590140928684,0.014388489208633
49-9031.00,13809,0.0043403508821492,0.0215827338129496
49-9031.00,13810,0.0051604852968019,0.014388489208633
49-9031.00,13811,0.023550731356932,0.0431654676258992
49-9031.00,13812,0.0391202818619514,0.014388489208633
49-9031.00,13813,0.0109617154871217,0.014388489208633
49-9031.00,13814,0.0059087177129823,0.0215827338129496
49-9031.00,13815,0.0022036621669497,0.0071942446043165
49-9031.00,13816,0.0078136270483131,0.0071942446043165
49-9045.00,13819,0.0796756200913638,0.134453781512605
49-9045.00,13820,0.0811831292073257,0.1008403361344537
49-9045.00,13821,0.0569620725436345,0.0672268907563025
49-9045.00,13824,0.0346102563708181,0.0588235294117647
49-9045.00,13825,0.033447051585495,0.0840336134453781
49-9045.00,13827,0.078410160106813,0.1008403361344537
49-9045.00,13829,0.0235144237834936,0.0504201680672268
49-9045.00,13830,0.0084776546058258,0.0504201680672268
49-9091.00,13835,0.1071491986746233,0.1589403973509933
49-9091.00,13838,0.0347519804562696,0.1324503311258278
49-9091.00,13839,0.0496409743121218,0.1059602649006622
49-9091.00,13840,0.0494558275319563,0.0529801324503311
49-9091.00,13841,0.0043004552914369,0.0066225165562913
49-9091.00,13842,0.043497732449809,0.0397350993377483
49-9091.00,13843,0.0599223331334378,0.0264900662251655
49-9091.00,13846,0.0135990737919985,0.0662251655629139
49-9091.00,13847,0.0286527007222892,0.0794701986754966
49-9091.00,13848,0.0112911253671505,0.0132450331125827
49-9091.00,13849,0.0115728440948445,0.0397350993377483
49-9091.00,13850,0.0035247363444775,0.0264900662251655
49-9091.00,13851,0.0076177897224898,0.0198675496688741
49-9091.00,13852,0.0024815459314202,0.0264900662251655
49-9092.00,13854,0.2221040228337167,0.1194029850746268
49-9092.00,13855,0.2418738862710874,0.0597014925373134
49-9092.00,13856,0.0843674969893602,0.0746268656716417
49-9092.00,13857,0.0994326310776835,0.044776119402985
49-9092.00,13858,0.0773000666995582,0.044776119402985
49-9092.00,13859,0.0151644087342336,0.0597014925373134
49-9092.00,13860,0.0194567694845612,0.0746268656716417
49-9092.00,13861,0.0084448037628133,0.0597014925373134
49-9092.00,13863,0.0101387131842495,0.0298507462686567
49-9092.00,13864,0.0111748935815191,0.0298507462686567
49-9092.00,13865,0.015870139203874,0.044776119402985
49-9092.00,13866,0.0220321838887729,0.044776119402985
49-9092.00,13868,0.0018430206304349,0.0149253731343283
49-9092.00,13869,0.0149764619742151,0.0223880597014925
49-9092.00,13870,0.0127346695984079,0.0149253731343283
49-9092.00,13871,0.0393654659913701,0.0298507462686567
49-9092.00,13872,0.0054626372898452,0.0298507462686567
49-9092.00,13873,0.0017191075935127,0.0074626865671641
49-9092.00,13874,0.0024964475595295,0.0149253731343283
49-9092.00,13875,0.0022781526529643,0.044776119402985
49-9095.00,13878,0.0502815605295483,0.0384615384615384
49-9095.00,13881,0.0143163601070359,0.0576923076923076
49-9095.00,13882,0.0251947749751079,0.0769230769230769
49-9095.00,13885,0.015508009051965,0.1153846153846153
49-9095.00,13887,0.0091364077870401,0.048076923076923
49-9095.00,13889,0.0326433241165706,0.0576923076923076
49-9096.00,13892,0.1018182478386262,0.1240310077519379
49-9096.00,13893,0.1254994693165284,0.0620155038759689
49-9096.00,13894,0.1253470442243584,0.1240310077519379
49-9096.00,13895,0.0832408803347747,0.0465116279069767
49-9096.00,13896,0.0537313565332007,0.0775193798449612
49-9096.00,13897,0.0811379468059055,0.0930232558139534
49-9096.00,13898,0.0753607830630448,0.0620155038759689
49-9096.00,13899,0.0345324216030849,0.0775193798449612
49-9096.00,13900,0.0621644633916558,0.1240310077519379
49-9096.00,13901,0.0484285799016665,0.0620155038759689
49-9096.00,13902,0.0962087049289814,0.0620155038759689
49-9096.00,13903,0.0337600297964332,0.0310077519379844
49-9096.00,13904,0.0331146563306209,0.0232558139534883
49-9097.00,13905,0.1290215901574827,0.1626016260162601
49-9097.00,13906,0.0976008451252332,0.1300813008130081
49-9097.00,13907,0.0307885331392736,0.08130081300813
49-9097.00,13908,0.2093422880821042,0.1300813008130081
49-9097.00,13909,0.0994225186729502,0.065040650406504
49-9097.00,13910,0.0948324653914849,0.0975609756097561
49-9097.00,13911,0.0445894444496302,0.048780487804878
49-9097.00,13912,0.1064562095907139,0.065040650406504
49-9097.00,13913,0.0626899438767271,0.032520325203252
49-9097.00,13914,0.0355298109647898,0.032520325203252
49-9097.00,13915,0.026414984267142,0.016260162601626
51-2011.00,13919,0.0481864537174515,0.0631578947368421
51-2011.00,13921,0.0175569530330854,0.0421052631578947
51-2011.00,13924,0.0386629723595872,0.0631578947368421
51-2011.00,13925,0.0223294394642402,0.0526315789473684
51-2011.00,13926,0.02326498802357,0.031578947368421
51-2011.00,13928,0.0325662006559582,0.0526315789473684
51-2011.00,13929,0.0423508646022336,0.0421052631578947
51-2011.00,13930,0.0083273324449435,0.0421052631578947
51-2011.00,13931,0.0291841408411494,0.0210526315789473
51-2011.00,13932,0.0195216868135007,0.031578947368421
51-2011.00,13934,0.0409781999737851,0.0210526315789473
51-2011.00,13935,0.0196366591225764,0.031578947368421
51-2011.00,13938,0.0060191937283926,0.0210526315789473
51-2011.00,13939,0.0110814983754488,0.0105263157894736
51-2023.00,13944,0.0953632955032913,0.0902255639097744
51-2023.00,13945,0.1091946482638534,0.2105263157894736
51-2023.00,13946,0.1006145840064725,0.1278195488721804
51-2023.00,13947,0.0803112122012397,0.1353383458646616
51-2023.00,13948,0.0680746172936648,0.0225563909774436
51-2023.00,13949,0.0842283322267297,0.0526315789473684
51-2023.00,13950,0.0321126149178584,0.037593984962406
51-2023.00,13951,0.0541190655020714,0.0601503759398496
51-2023.00,13952,0.0541712031533287,0.0300751879699248
51-2023.00,13953,0.0338080756731716,0.0601503759398496
51-2023.00,13954,0.0216929671366548,0.0451127819548872
51-2023.00,13956,0.0360160422786096,0.075187969924812
51-2023.00,13957,0.0152960663702876,0.0300751879699248
51-2031.00,13958,0.0790763827365242,0.1016949152542373
51-2031.00,13959,0.1476015038343453,0.1694915254237288
51-2031.00,13960,0.0890378702758841,0.0847457627118644
51-2031.00,13961,0.0641668059129044,0.0508474576271186
51-2031.00,13962,0.114680151574045,0.0677966101694915
51-2031.00,13963,0.065086990373354,0.0338983050847457
51-2031.00,13964,0.031963688220125,0.0677966101694915
51-2031.00,13965,0.0844667629939884,0.0677966101694915
51-2031.00,13966,0.133312293449042,0.2033898305084746
51-2031.00,13967,0.0921699752861007,0.0508474576271186
51-2031.00,13968,0.0647987901087534,0.0677966101694915
51-2031.00,13969,0.0336387852349332,0.0338983050847457
51-2051.00,13970,0.1187355689675958,0.1
51-2051.00,13971,0.1049717802960419,0.1333333333333333
51-2051.00,13972,0.0748073575785934,0.0333333333333333
51-2051.00,13973,0.085243832084694,0.1
51-2051.00,13974,0.0746058068649967,0.0833333333333333
51-2051.00,13975,0.0711202398299695,0.05
51-2051.00,13976,0.0801185701452648,0.05
51-2051.00,13977,0.0572137504944065,0.0666666666666666
51-2051.00,13978,0.0349196944406105,0.05
51-2051.00,13979,0.0678971582901615,0.0333333333333333
51-2051.00,13980,0.0709811300932164,0.0833333333333333
51-2051.00,13981,0.0264731554503908,0.0333333333333333
51-2051.00,13982,0.0293557867566943,0.0416666666666666
51-2051.00,13983,0.0353477619322422,0.025
51-2051.00,13984,0.0376802515352052,0.05
51-2051.00,13985,0.0305281552399159,0.0666666666666666
51-3023.00,13986,0.1275715103931645,0.1442307692307692
51-3023.00,13987,0.066217083231913,0.0576923076923076
51-3023.00,13989,0.0572606945207242,0.0961538461538461
51-3023.00,13991,0.0362627248048257,0.048076923076923
51-3023.00,13992,0.0488474550749734,0.0576923076923076
51-3023.00,13993,0.0360566280838387,0.0288461538461538
51-3023.00,13994,0.0288246646635697,0.0384615384615384
51-3023.00,13995,0.0507368109265816,0.0769230769230769
51-3023.00,13996,0.0459566697336385,0.048076923076923
51-3023.00,13997,0.0608688972716376,0.0769230769230769
51-3023.00,13998,0.0397808790146289,0.0384615384615384
51-3023.00,14000,0.0417668923888978,0.048076923076923
51-4035.00,14001,0.0999259858120451,0.1
51-4035.00,14002,0.0888734927545102,0.1666666666666666
51-4035.00,14003,0.0903190839201779,0.1
51-4035.00,14004,0.055165350541062,0.0666666666666666
51-4035.00,14005,0.0822650015097995,0.0833333333333333
51-4035.00,14006,0.0607623532939721,0.05
51-4035.00,14007,0.0868592085748907,0.0666666666666666
51-4035.00,14008,0.0573307303060334,0.05
51-4035.00,14009,0.0578496157797458,0.1333333333333333
51-4035.00,14010,0.0611547812207806,0.0333333333333333
51-4035.00,14011,0.0721183173806238,0.05
51-4035.00,14012,0.078871341238329,0.0333333333333333
51-4035.00,14013,0.0302178158692178,0.0166666666666666
51-4035.00,14014,0.0254420248811493,0.0166666666666666
51-4035.00,14015,0.0528448969176623,0.0333333333333333
51-6021.00,14035,0.0539548489012583,0.1941747572815534
51-6021.00,14036,0.0436040207677364,0.0776699029126213
51-6021.00,14037,0.0533418160921898,0.058252427184466
51-6021.00,14038,0.0441307257711725,0.0485436893203883
51-6021.00,14039,0.0359898944689537,0.0194174757281553
51-6021.00,14040,0.0460155066992555,0.0145631067961165
51-6021.00,14041,0.0493067341069651,0.0776699029126213
51-6021.00,14042,0.0362193890013275,0.0194174757281553
51-6021.00,14043,0.0461675301645464,0.058252427184466
51-6021.00,14044,0.0431695225254343,0.116504854368932
51-6021.00,14045,0.0420209540972633,0.0776699029126213
51-6021.00,14046,0.0331623811655876,0.0145631067961165
51-6021.00,14047,0.0387320944431926,0.0145631067961165
51-6021.00,14048,0.0184096454920719,0.0097087378640776
51-6021.00,14049,0.0241862013639179,0.029126213592233
51-6021.00,14050,0.024672405070935,0.0194174757281553
51-6021.00,14051,0.0234647316490746,0.0145631067961165
51-6021.00,14052,0.0119659156732807,0.0194174757281553
51-6021.00,14053,0.0179923629376579,0.0145631067961165
51-6021.00,14054,0.0192510450699604,0.0048543689320388
51-6021.00,14055,0.0096674284630775,0.0097087378640776
51-6021.00,14056,0.0145720324441682,0.0145631067961165
51-6021.00,14057,0.0334269889319299,0.0097087378640776
51-6041.00,14062,0.0407283044722956,0.0461538461538461
51-6041.00,14063,0.0411238455298885,0.0769230769230769
51-6041.00,14064,0.028440324907186,0.0615384615384615
51-6041.00,14065,0.0464270432803113,0.0615384615384615
51-6041.00,14066,0.0171139659370655,0.023076923076923
51-6041.00,14070,0.0326409318204234,0.0615384615384615
51-6041.00,14071,0.0284428568486346,0.0384615384615384
51-6041.00,14074,0.0278877458473677,0.0923076923076923
51-6041.00,14075,0.0393246693747486,0.0307692307692307
51-6041.00,14079,0.0400113046776102,0.0307692307692307
51-6041.00,14080,0.0210739730550189,0.023076923076923
51-6041.00,14081,0.0155481946631942,0.0153846153846153
51-6041.00,14082,0.0289720794744115,0.023076923076923
51-6041.00,14085,0.0233040790933225,0.0153846153846153
51-6041.00,14088,0.0242602540945416,0.0307692307692307
51-6042.00,14089,0.053776435300382,0.0328947368421052
51-6042.00,14090,0.0549054134354856,0.0526315789473684
51-6042.00,14091,0.0474558521870407,0.0263157894736842
51-6042.00,14092,0.0648946363474776,0.0460526315789473
51-6042.00,14094,0.0664029367076008,0.1052631578947368
51-6042.00,14095,0.0174945090878564,0.0197368421052631
51-6042.00,14096,0.064426183250472,0.1578947368421052
51-6042.00,14097,0.0356781636183314,0.0789473684210526
51-6042.00,14098,0.018523197129748,0.0657894736842105
51-6042.00,14099,0.0418673535945547,0.0197368421052631
51-6042.00,14100,0.0584661209833419,0.2368421052631578
51-6042.00,14101,0.0472384360820823,0.0197368421052631
51-6042.00,14105,0.049271921493463,0.0131578947368421
51-6042.00,14107,0.0467916297311694,0.0131578947368421
51-6051.00,14108,0.0881199043697583,0.3492063492063492
51-6051.00,14109,0.1133566732717639,0.0476190476190476
51-6051.00,14110,0.1278774359846351,0.0317460317460317
51-6051.00,14113,0.073958860952943,0.0555555555555555
51-6051.00,14114,0.0682679788456263,0.0714285714285714
51-6051.00,14115,0.0751557213330484,0.1587301587301587
51-6051.00,14116,0.0377554196747228,0.0634920634920634
51-6061.00,14121,0.0666738939662531,0.062111801242236
51-6061.00,14122,0.0376352155088209,0.0062111801242236
51-6061.00,14123,0.0571225074918678,0.0745341614906832
51-6061.00,14124,0.0609551636463354,0.124223602484472
51-6061.00,14125,0.0404594578375954,0.0496894409937888
51-6061.00,14126,0.0521384195164664,0.0993788819875776
51-6061.00,14127,0.0744032223975655,0.0993788819875776
51-6061.00,14128,0.0582117689084607,0.0496894409937888
51-6061.00,14129,0.0343528137994533,0.031055900621118
51-6061.00,14130,0.0268109767424371,0.0248447204968944
51-6061.00,14131,0.0560041192759761,0.062111801242236
51-6061.00,14132,0.0271536957075687,0.0186335403726708
51-6061.00,14133,0.0445523001875753,0.0124223602484472
51-6061.00,14134,0.0301648484467308,0.0186335403726708
51-6061.00,14137,0.0373145008588194,0.0186335403726708
51-6061.00,14138,0.0512602094268841,0.0372670807453416
51-6061.00,14139,0.0372300358404444,0.031055900621118
51-6061.00,14140,0.0267310641259015,0.0496894409937888
51-6061.00,14141,0.0052931600252912,0.0248447204968944
51-6061.00,14142,0.0212541289583275,0.0124223602484472
51-6061.00,14143,0.0087507229201562,0.0124223602484472
51-6062.00,14145,0.0795641986004099,0.1470588235294117
51-6062.00,14147,0.0170276414141575,0.0147058823529411
51-6062.00,14148,0.063478928765363,0.0294117647058823
51-6062.00,14149,0.0411881852915406,0.0147058823529411
51-6062.00,14150,0.0595537691646491,0.0441176470588235
51-6062.00,14152,0.0691813349029096,0.0220588235294117
51-6062.00,14153,0.1135940835134117,0.2205882352941176
51-6062.00,14154,0.0250829417966165,0.0294117647058823
51-6062.00,14155,0.0789369891030516,0.0294117647058823
51-6062.00,14156,0.0472786872774385,0.1764705882352941
51-6062.00,14157,0.0133439960429371,0.0367647058823529
51-6062.00,14158,0.0198178215396247,0.0220588235294117
51-6062.00,14159,0.0605076427626054,0.0147058823529411
51-6062.00,14160,0.0269990728003492,0.0441176470588235
51-6062.00,14161,0.0511278882327001,0.0294117647058823
51-6062.00,14162,0.0847237917237567,0.0441176470588235
51-6063.00,14163,0.0715037394274924,0.0341880341880341
51-6063.00,14164,0.0855394196080706,0.0683760683760683
51-6063.00,14165,0.0916877148167118,0.1025641025641025
51-6063.00,14166,0.127294750860603,0.0854700854700854
51-6063.00,14167,0.0799436583148969,0.0512820512820512
51-6063.00,14168,0.0482436240058638,0.0085470085470085
51-6063.00,14169,0.0442054641124112,0.1025641025641025
51-6063.00,14170,0.0774195613978657,0.2051282051282051
51-6063.00,14171,0.0680104974763973,0.0256410256410256
51-6063.00,14172,0.039602244202808,0.0341880341880341
51-6063.00,14173,0.0368985800524803,0.017094017094017
51-6063.00,14174,0.0412011512058149,0.017094017094017
51-6063.00,14175,0.0209357042870603,0.0427350427350427
51-6063.00,14176,0.0284503210516639,0.0256410256410256
51-6063.00,14178,0.0250509253387308,0.017094017094017
51-6063.00,14179,0.0304477380106461,0.0256410256410256
51-6063.00,14180,0.0328298413579947,0.0341880341880341
51-6063.00,14181,0.0221846552671481,0.0427350427350427
51-6063.00,14182,0.0285504092053391,0.0512820512820512
51-6064.00,14183,0.0610589355735791,0.0061728395061728
51-6064.00,14184,0.0744227620547695,0.1234567901234567
51-6064.00,14185,0.0208708321176863,0.074074074074074
51-6064.00,14186,0.0488791710827755,0.0493827160493827
51-6064.00,14187,0.0695860717539185,0.0987654320987654
51-6064.00,14188,0.0524787002850897,0.0617283950617283
51-6064.00,14189,0.045386507540993,0.0987654320987654
51-6064.00,14190,0.0555501003094655,0.0493827160493827
51-6064.00,14191,0.0380169126672,0.0123456790123456
51-6064.00,14192,0.05503119830671,0.0123456790123456
51-6064.00,14193,0.0397954337801896,0.037037037037037
51-6064.00,14195,0.0519742807548797,0.0246913580246913
51-6064.00,14196,0.0632095236954172,0.0123456790123456
51-6064.00,14197,0.0275332542143703,0.0123456790123456
51-6064.00,14198,0.0166574486419793,0.0246913580246913
51-6064.00,14199,0.0163409784134867,0.0246913580246913
51-6064.00,14200,0.0559448068268876,0.074074074074074
51-6064.00,14201,0.0380395228510931,0.037037037037037
51-6064.00,14202,0.0430407766014525,0.0493827160493827
51-6064.00,14203,0.0417086759298342,0.0246913580246913
51-6064.00,14204,0.0135981484089303,0.0246913580246913
51-6064.00,14205,0.0485239827286855,0.037037037037037
51-6064.00,14206,0.0223519754606057,0.0185185185185185
51-6091.00,14207,0.0498215400306152,0.056338028169014
51-6091.00,14208,0.0749010379486011,0.1690140845070422
51-6091.00,14209,0.0779648819967002,0.0704225352112676
51-6091.00,14210,0.0371291832237127,0.056338028169014
51-6091.00,14211,0.0629156789040611,0.0422535211267605
51-6091.00,14212,0.0640811843724526,0.0140845070422535
51-6091.00,14214,0.0458430332150741,0.0140845070422535
51-6091.00,14215,0.049015648956712,0.0422535211267605
51-6091.00,14216,0.0986543235463816,0.2112676056338028
51-6091.00,14218,0.0489118564087126,0.0070422535211267
51-6091.00,14219,0.050133523996229,0.0422535211267605
51-6091.00,14220,0.0448517155323459,0.056338028169014
51-6091.00,14224,0.0479415434081355,0.028169014084507
51-6091.00,14225,0.0109711248969779,0.0140845070422535
51-6091.00,14227,0.0225274535323937,0.028169014084507
51-6093.00,14228,0.1017971220447887,0.134453781512605
51-6093.00,14229,0.1002138909233444,0.0672268907563025
51-6093.00,14230,0.0529380013136213,0.0252100840336134
51-6093.00,14231,0.0547429854071068,0.0336134453781512
51-6093.00,14232,0.0341788325387327,0.0756302521008403
51-6093.00,14233,0.0704579853370538,0.0336134453781512
51-6093.00,14234,0.0331096290867252,0.0252100840336134
51-6093.00,14235,0.0584814167082984,0.0672268907563025
51-6093.00,14236,0.0566440532143721,0.0840336134453781
51-6093.00,14237,0.0359361579134979,0.0168067226890756
51-6093.00,14238,0.0199251276298031,0.042016806722689
51-6093.00,14240,0.0388761904052477,0.1008403361344537
51-6093.00,14241,0.0349571716242589,0.0336134453781512
51-6093.00,14242,0.0291410996759431,0.0252100840336134
51-6093.00,14243,0.0274053438543231,0.042016806722689
51-6093.00,14244,0.0263768958804884,0.0168067226890756
51-6093.00,14245,0.0516267119579271,0.0504201680672268
51-6093.00,14246,0.0340448698129009,0.0336134453781512
51-6093.00,14247,0.032049986650963,0.0252100840336134
51-6093.00,14248,0.018732404889429,0.0252100840336134
51-6093.00,14249,0.0135830230666118,0.0084033613445378
51-7021.00,14250,0.0635802417456457,0.0411522633744856
51-7021.00,14251,0.1023470545285535,0.1975308641975308
51-7021.00,14252,0.0772735288017689,0.1646090534979424
51-7021.00,14253,0.0808723033375687,0.0246913580246913
51-7021.00,14254,0.0586000961927462,0.0987654320987654
51-7021.00,14255,0.0416904093535581,0.0329218106995884
51-7021.00,14256,0.0647913439549739,0.0493827160493827
51-7021.00,14257,0.0398661476875342,0.0082304526748971
51-7021.00,14258,0.0226251472348054,0.0164609053497942
51-7021.00,14259,0.0703948684674709,0.0987654320987654
51-7021.00,14260,0.0425389434253373,0.0082304526748971
51-7021.00,14261,0.0374546448064327,0.0411522633744856
51-7021.00,14262,0.0375248886625763,0.0246913580246913
51-7021.00,14263,0.0421665036565339,0.0493827160493827
51-7021.00,14264,0.0442491872845983,0.0329218106995884
51-7021.00,14265,0.0340661826318843,0.0246913580246913
51-7021.00,14266,0.0381445280922635,0.0164609053497942
51-7021.00,14267,0.0364042361257,0.0246913580246913
51-7021.00,14268,0.0250119639326295,0.0164609053497942
51-7021.00,14269,0.0178257180715972,0.0164609053497942
51-7021.00,14270,0.0122728548123892,0.0082304526748971
51-7021.00,14271,0.0102992071934314,0.0041152263374485
51-7031.00,14273,0.1139429883772172,0.0666666666666666
51-7031.00,14274,0.1143426538115183,0.1666666666666666
51-7031.00,14275,0.0866640319160861,0.1166666666666666
51-7031.00,14276,0.1090671439221627,0.1333333333333333
51-7031.00,14277,0.0641864888364671,0.0666666666666666
51-7031.00,14278,0.0789343067988256,0.1333333333333333
51-7031.00,14279,0.0757074088929157,0.025
51-7031.00,14280,0.0671200253392298,0.0583333333333333
51-7031.00,14281,0.0522928842119227,0.0333333333333333
51-7031.00,14282,0.0441013094931563,0.0166666666666666
51-7031.00,14283,0.0506217981081044,0.0333333333333333
51-7031.00,14284,0.0551858750260699,0.0166666666666666
51-7031.00,14285,0.0457654230592455,0.05
51-8092.00,14286,0.0474974323997663,0.0549450549450549
51-8092.00,14287,0.1210483931848505,0.1318681318681318
51-8092.00,14288,0.0987602060459906,0.1098901098901098
51-8092.00,14289,0.025184971417742,0.0219780219780219
51-8092.00,14290,0.092182603771644,0.0769230769230769
51-8092.00,14291,0.0709540139366447,0.0879120879120879
51-8092.00,14292,0.0212011128269186,0.0439560439560439
51-8092.00,14293,0.0452227986935927,0.0329670329670329
51-8092.00,14294,0.0404592919379851,0.0274725274725274
51-8092.00,14295,0.0555290328664147,0.0219780219780219
51-8092.00,14296,0.0262454112571512,0.0549450549450549
51-8092.00,14297,0.0382149731907416,0.0054945054945054
51-8092.00,14298,0.0128019975364026,0.0109890109890109
51-8092.00,14299,0.1007421746966513,0.1098901098901098
51-8092.00,14300,0.0823846753905758,0.0879120879120879
51-8092.00,14301,0.0456159947006801,0.0659340659340659
51-8092.00,14302,0.0316049527783589,0.0219780219780219
51-8092.00,14303,0.037269268518578,0.0219780219780219
51-8092.00,14304,0.0070806948493105,0.0109890109890109
51-8093.00,14305,0.103254820683249,0.1325966850828729
51-8093.00,14306,0.0534204979535751,0.0662983425414364
51-8093.00,14307,0.0530727861447367,0.0662983425414364
51-8093.00,14308,0.0781676510187954,0.1325966850828729
51-8093.00,14309,0.0655852659442275,0.0331491712707182
51-8093.00,14310,0.0643759684399195,0.0331491712707182
51-8093.00,14311,0.0502828727794025,0.0441988950276243
51-8093.00,14312,0.0501767883167881,0.0662983425414364
51-8093.00,14313,0.0626412434257011,0.0331491712707182
51-8093.00,14314,0.0311968347803521,0.0331491712707182
51-8093.00,14315,0.049013941630482,0.0441988950276243
51-8093.00,14316,0.0326368592041518,0.0276243093922651
51-8093.00,14317,0.0626381629672652,0.0552486187845303
51-8093.00,14318,0.0465606305631092,0.0331491712707182
51-8093.00,14319,0.0409841295171038,0.0276243093922651
51-8093.00,14320,0.0326155428926861,0.0276243093922651
51-8093.00,14321,0.0340924427341721,0.0331491712707182
51-8093.00,14322,0.0051925297407535,0.0165745856353591
51-8093.00,14323,0.0211219336831714,0.0276243093922651
51-8093.00,14324,0.0169687243064641,0.0165745856353591
51-8093.00,14325,0.007516565913377,0.011049723756906
51-8093.00,14326,0.006471531977028,0.0165745856353591
51-8093.00,14327,0.0093040971737204,0.005524861878453
51-8093.00,14328,0.022708178209767,0.0165745856353591
51-9022.00,14329,0.0851645190637891,0.2790697674418604
51-9022.00,14331,0.057756706081063,0.0542635658914728
51-9022.00,14332,0.063126254455504,0.0155038759689922
51-9022.00,14333,0.0615188615312576,0.0310077519379844
51-9022.00,14334,0.069504904667633,0.0697674418604651
51-9022.00,14335,0.0304156254875272,0.0232558139534883
51-9022.00,14336,0.0760493724362567,0.1240310077519379
51-9022.00,14337,0.045902458287974,0.0387596899224806
51-9022.00,14338,0.0694926200623609,0.0465116279069767
51-9022.00,14339,0.0336278450450095,0.0387596899224806
51-9022.00,14340,0.0318434415726393,0.0232558139534883
51-9022.00,14344,0.0313055718179018,0.0232558139534883
51-9031.00,14349,0.0558439584026505,0.04
51-9031.00,14350,0.1086277917315859,0.1333333333333333
51-9031.00,14351,0.0833297987026513,0.24
51-9031.00,14352,0.0497783970866599,0.04
51-9031.00,14353,0.0877854526102366,0.02
51-9031.00,14354,0.0561639093187005,0.0333333333333333
51-9031.00,14355,0.0390681731248843,0.0333333333333333
51-9031.00,14356,0.0844308706773377,0.0666666666666666
51-9031.00,14357,0.0879579149896231,0.0533333333333333
51-9031.00,14358,0.0606533020370134,0.0533333333333333
51-9031.00,14359,0.0712274426402029,0.04
51-9031.00,14360,0.0341735709811395,0.04
51-9031.00,14361,0.0585813373438456,0.0666666666666666
51-9031.00,14362,0.0091581881864322,0.0266666666666666
51-9031.00,14363,0.0193199054922034,0.02
51-9031.00,14364,0.0227951792891329,0.04
51-9031.00,14365,0.052474177695752,0.02
51-9031.00,14366,0.0186306296899475,0.0333333333333333
51-9192.00,14367,0.1419252575899829,0.2459016393442623
51-9192.00,14368,0.0483926358091375,0.0491803278688524
51-9192.00,14369,0.0580193743173974,0.081967213114754
51-9192.00,14370,0.0415520375772856,0.0491803278688524
51-9192.00,14371,0.0811163211075331,0.0327868852459016
51-9192.00,14372,0.1402276631830351,0.1639344262295081
51-9192.00,14373,0.1288063078177708,0.0655737704918032
51-9192.00,14374,0.0907209011221611,0.0327868852459016
51-9192.00,14376,0.0374833277012308,0.0327868852459016
51-9192.00,14377,0.0776170907351477,0.1967213114754098
51-9194.00,14378,0.0311011438944349,0.0263157894736842
51-9194.00,14379,0.0327190342491218,0.1052631578947368
51-9194.00,14380,0.0234426251024654,0.0328947368421052
51-9194.00,14381,0.0445805673453082,0.0263157894736842
51-9194.00,14382,0.0376017684341954,0.0328947368421052
51-9194.00,14383,0.0427892127583619,0.0263157894736842
51-9194.00,14384,0.0268017156626992,0.0197368421052631
51-9194.00,14385,0.0234614607618154,0.0394736842105263
51-9194.00,14386,0.0585886253210223,0.0394736842105263
51-9194.00,14388,0.0084340000666538,0.0197368421052631
51-9194.00,14391,0.018579109287054,0.0263157894736842
51-9194.00,14394,0.0181183257666997,0.0263157894736842
51-9194.00,14395,0.062829629341462,0.0328947368421052
51-9194.00,14396,0.0388989944025682,0.0526315789473684
51-9194.00,14397,0.017065916561246,0.0197368421052631
51-9194.00,14398,0.0431805173253534,0.0197368421052631
51-9194.00,14399,0.0227383323162761,0.0263157894736842
51-9194.00,14400,0.0228621660293094,0.0394736842105263
51-9194.00,14402,0.0509758427107165,0.0197368421052631
51-9194.00,14404,0.0126593987433088,0.0131578947368421
51-9194.00,14407,0.0046125297228097,0.0131578947368421
51-9194.00,14408,0.0117070582307727,0.0131578947368421
51-9197.00,14410,0.0424083811394323,0.0670391061452514
51-9197.00,14411,0.051151832698563,0.0335195530726257
51-9197.00,14413,0.0582774370586484,0.0558659217877094
51-9197.00,14414,0.0573620866144958,0.0446927374301676
51-9197.00,14415,0.0522921384680372,0.0558659217877094
51-9197.00,14417,0.0270099115437817,0.0279329608938547
51-9197.00,14418,0.0712138524279619,0.0893854748603352
51-9197.00,14422,0.0444502974805598,0.0335195530726257
51-9197.00,14423,0.055908106809286,0.0670391061452514
51-9197.00,14424,0.03029743656145,0.0167597765363128
51-9197.00,14425,0.062987058065242,0.0335195530726257
51-9197.00,14426,0.0475354008382683,0.0446927374301676
51-9197.00,14427,0.0368541410178782,0.0391061452513966
51-9197.00,14428,0.0449319506376571,0.0223463687150838
51-9197.00,14429,0.0396581228115206,0.0167597765363128
51-9197.00,14430,0.0715973230135165,0.0446927374301676
51-9197.00,14431,0.0422188175727161,0.0558659217877094
53-1041.00,14432,0.2021002998756724,0.1153846153846153
53-1041.00,14433,0.2122200741398735,0.1538461538461538
53-1041.00,14434,0.2396663426162204,0.3846153846153846
53-1041.00,14435,0.1566225053642935,0.1923076923076923
53-1041.00,14436,0.0893903326430631,0.0961538461538461
53-5011.00,14457,0.0149455019096238,0.0049751243781094
53-5011.00,14458,0.0128974867602356,0.0099502487562189
53-5011.00,14460,0.006143707685343,0.0597014925373134
53-5011.00,14461,0.070454483860006,0.0398009950248756
53-5011.00,14462,0.0187866544157473,0.099502487562189
53-5011.00,14464,0.0208752137603839,0.0149253731343283
53-5011.00,14465,0.0117878548557602,0.044776119402985
53-5011.00,14467,0.0206011459384742,0.0497512437810945
53-5011.00,14468,0.0587330360003336,0.0298507462686567
53-5011.00,14469,0.0124318232337293,0.0199004975124378
53-5011.00,14470,0.0188797815626462,0.0398009950248756
53-5011.00,14471,0.0042584763858566,0.0497512437810945
53-5011.00,14472,0.034605601025341,0.0597014925373134
53-5011.00,14473,0.0071733491698776,0.0497512437810945
53-5011.00,14474,0.0266904850437239,0.0199004975124378
53-5011.00,14477,0.0094762495916442,0.0049751243781094
53-5011.00,14479,0.024590693869548,0.0248756218905472
53-5011.00,14480,0.0471771232197113,0.0597014925373134
53-5011.00,14481,0.0069141984846806,0.0049751243781094
53-5011.00,14482,0.0549553104451362,0.0298507462686567
53-5011.00,14483,0.01230650257745,0.0049751243781094
53-5011.00,14484,0.0077320991900153,0.0199004975124378
53-5022.00,14535,0.0714247491049235,0.1666666666666666
53-5022.00,14536,0.1037143739162055,0.1111111111111111
53-5022.00,14537,0.0980722705324446,0.2037037037037037
53-5022.00,14538,0.0297364277679138,0.0046296296296296
53-5022.00,14539,0.0594079100745948,0.037037037037037
53-5022.00,14540,0.095862698338373,0.0462962962962962
53-5022.00,14541,0.0440079211549761,0.0277777777777777
53-5022.00,14542,0.0399762545154414,0.0046296296296296
53-5022.00,14543,0.0236267949819157,0.0277777777777777
53-5022.00,14544,0.0419173916938568,0.0185185185185185
53-5022.00,14545,0.0686158837797823,0.0462962962962962
53-5022.00,14546,0.039534250289464,0.074074074074074
53-5022.00,14547,0.0165499226032823,0.0462962962962962
53-5022.00,14548,0.0830536790985527,0.1388888888888889
53-5022.00,14550,0.0290351442455828,0.0185185185185185
53-5031.00,14552,0.0651080505056348,0.0289855072463768
53-5031.00,14553,0.131691278548643,0.217391304347826
53-5031.00,14554,0.0517197031350293,0.0869565217391304
53-5031.00,14556,0.0070444213451389,0.0144927536231884
53-5031.00,14557,0.0773575858451303,0.0434782608695652
53-5031.00,14558,0.1083633111771448,0.0579710144927536
53-5031.00,14559,0.0790449319708139,0.072463768115942
53-5031.00,14560,0.0744210890389446,0.144927536231884
53-5031.00,14561,0.0694995058182052,0.072463768115942
53-5031.00,14562,0.0205917174075531,0.0289855072463768
53-5031.00,14563,0.079105889371634,0.0434782608695652
53-5031.00,14566,0.0412340163676714,0.0217391304347826
53-5031.00,14567,0.0009896945238682,0.0072463768115942
53-5031.00,14568,0.0022018257899795,0.0144927536231884
53-6051.07,14569,0.1013573347827223,0.1589403973509933
53-6051.07,14570,0.085765847069256,0.1589403973509933
53-6051.07,14573,0.0564786441747844,0.0529801324503311
53-6051.07,14574,0.050155122535146,0.0794701986754966
53-6051.07,14575,0.0401724105847154,0.0463576158940397
53-6051.07,14576,0.0088280170775711,0.0264900662251655
53-6051.07,14577,0.0135515502465874,0.0264900662251655
53-6051.07,14579,0.0233414570840413,0.0662251655629139
53-7063.00,14583,0.1229481825369287,0.0883977900552486
53-7063.00,14584,0.076224423869152,0.1988950276243093
53-7063.00,14585,0.0863799352487588,0.0441988950276243
53-7063.00,14586,0.0768244123875362,0.0331491712707182
53-7063.00,14587,0.0779122612941059,0.1988950276243093
53-7063.00,14588,0.0775521543339069,0.0497237569060773
53-7063.00,14589,0.0949918921319596,0.0386740331491712
53-7063.00,14590,0.0945956404674692,0.1104972375690607
53-7063.00,14591,0.1067485278693147,0.0276243093922651
53-7063.00,14592,0.0346748674459027,0.0386740331491712
53-7063.00,14593,0.0625503681539945,0.0939226519337016
53-7063.00,14594,0.0507145290412311,0.0220994475138121
53-7063.00,14595,0.037882805219739,0.0552486187845303
53-7071.00,14596,0.1750014408059935,0.2222222222222222
53-7071.00,14597,0.1079177620621568,0.0888888888888888
53-7071.00,14598,0.0772836590987317,0.0592592592592592
53-7071.00,14599,0.092502862520843,0.1185185185185185
53-7071.00,14600,0.1240732482325887,0.074074074074074
53-7071.00,14601,0.082519891116553,0.0592592592592592
53-7071.00,14602,0.0866459780273791,0.074074074074074
53-7071.00,14603,0.1262670072469139,0.074074074074074
53-7071.00,14604,0.0430025173794717,0.0444444444444444
53-7071.00,14605,0.0128185406386448,0.0592592592592592
53-7071.00,14607,0.0128252897125322,0.0444444444444444
53-7071.00,14608,0.0329317750791239,0.0444444444444444
53-7072.00,14609,0.0739759422152798,0.2027027027027027
53-7072.00,14610,0.0730092857569909,0.0675675675675675
53-7072.00,14611,0.0835056512395417,0.054054054054054
53-7072.00,14612,0.0422881362255703,0.1081081081081081
53-7072.00,14613,0.0585709810870634,0.1351351351351351
53-7072.00,14614,0.0568536431970465,0.0405405405405405
53-7072.00,14615,0.0444095200442806,0.027027027027027
53-7072.00,14616,0.0384348127796934,0.054054054054054
53-7072.00,14617,0.0246575631079517,0.027027027027027
53-7072.00,14618,0.0430108023884848,0.081081081081081
53-7072.00,14622,0.0306787491564466,0.0405405405405405
15-1221.00,14623,0.1285144117189455,0.1290322580645161
15-1221.00,14625,0.018804758384228,0.0483870967741935
15-1221.00,14626,0.0766488229063362,0.1612903225806451
15-1221.00,14628,0.023207271293282,0.064516129032258
15-1221.00,14629,0.0844678872280349,0.1290322580645161
15-1221.00,14630,0.0237192175860624,0.032258064516129
15-1221.00,14632,0.0382727550257254,0.032258064516129
15-1221.00,14633,0.0927110309604176,0.0967741935483871
15-1221.00,14635,0.029182153707384,0.0967741935483871
15-1221.00,14636,0.004032072150811,0.0161290322580645
15-1221.00,14637,0.016928729429748,0.0403225806451612
39-5093.00,14818,0.5795545499903059,0.8421052631578947
39-5093.00,14819,0.0146260804078209,0.0131578947368421
39-5093.00,14820,0.2717829610099678,0.1052631578947368
39-5093.00,14821,0.1340364085919053,0.0394736842105263
13-1074.00,14838,0.1748268570415815,0.101010101010101
13-1074.00,14839,0.1463419298686282,0.1212121212121212
13-1074.00,14840,0.1257233323101828,0.1616161616161616
13-1074.00,14841,0.1808172295067051,0.0808080808080808
13-1074.00,14842,0.2404846578406883,0.2424242424242424
13-1074.00,14843,0.072698701403277,0.0606060606060606
13-1074.00,14844,0.0591072920289368,0.202020202020202
45-2011.00,14846,0.0982120474776719,0.1339285714285714
45-2011.00,14847,0.0541349164008253,0.0892857142857142
45-2011.00,14848,0.0640921668755263,0.0334821428571428
45-2011.00,14849,0.0319756224324739,0.0558035714285714
45-2011.00,14850,0.0727335123409205,0.0446428571428571
45-2011.00,14851,0.0451019663491788,0.0669642857142857
45-2011.00,14852,0.0661401406454925,0.0446428571428571
45-2011.00,14853,0.0485480627957555,0.0892857142857142
45-2011.00,14854,0.1134046005455515,0.1116071428571428
45-2011.00,14855,0.0176695887701897,0.0055803571428571
45-2011.00,14856,0.0632013400814707,0.0446428571428571
45-2011.00,14863,0.0653237352257726,0.0892857142857142
45-2011.00,14864,0.0146434592671621,0.0167410714285714
45-2011.00,14866,0.0268778623270021,0.0223214285714285
45-2011.00,14868,0.0083860148179225,0.0011160714285714
47-2043.00,14869,0.2381414250653299,0.05
47-2043.00,14870,0.1398623200127337,0.15
47-2043.00,14871,0.1850756741765056,0.375
47-2043.00,14872,0.1734378102590007,0.0375
47-2043.00,14873,0.0825514857599437,0.25
47-2043.00,14874,0.0490797302063962,0.0375
47-2072.00,14901,0.3234882279478525,0.2696629213483146
47-2072.00,14902,0.111655176475652,0.0786516853932584
47-2072.00,14903,0.2420975463625314,0.3370786516853932
47-2072.00,14904,0.283040587477368,0.2247191011235955
47-2142.00,14906,0.1265372065955873,0.081967213114754
47-2142.00,14907,0.0654540904904891,0.0491803278688524
47-2142.00,14908,0.1038998576742788,0.0573770491803278
47-2142.00,14909,0.0918115191089738,0.0327868852459016
47-2142.00,14910,0.0366830596159545,0.0245901639344262
47-2142.00,14911,0.0601895162876754,0.1311475409836065
47-2142.00,14912,0.0719723376351334,0.0737704918032786
47-2142.00,14913,0.0714886132634289,0.0655737704918032
47-2142.00,14914,0.1086477787999574,0.1065573770491803
47-2142.00,14916,0.0246835051476381,0.0327868852459016
47-2142.00,14917,0.0261682973351746,0.040983606557377
47-2142.00,14918,0.0281832453491938,0.040983606557377
47-2142.00,14919,0.0283382835384646,0.0327868852459016
47-2142.00,14920,0.0224290853557588,0.0983606557377049
47-2142.00,14921,0.0375261020494481,0.0163934426229508
47-2142.00,14922,0.0137111204747307,0.0245901639344262
47-2142.00,14923,0.0121173250134651,0.0081967213114754
47-2142.00,14924,0.0048616614893301,0.0245901639344262
47-2142.00,14925,0.0042886166487824,0.0081967213114754
47-3016.00,14926,0.0706871204965304,0.016260162601626
47-3016.00,14927,0.0690987729342747,0.065040650406504
47-3016.00,14928,0.0559527298128861,0.016260162601626
47-3016.00,14930,0.0734207657821188,0.040650406504065
47-3016.00,14931,0.0493793516641612,0.065040650406504
47-3016.00,14932,0.0547724826292599,0.1300813008130081
47-3016.00,14933,0.0892256648982579,0.065040650406504
47-3016.00,14934,0.0526557688609295,0.048780487804878
47-3016.00,14935,0.0541524250692504,0.032520325203252
47-3016.00,14936,0.0919502934863214,0.1626016260162601
47-3016.00,14938,0.0336339991758455,0.024390243902439
47-3016.00,14939,0.0453585677706828,0.016260162601626
47-3016.00,14940,0.0584928530006893,0.0975609756097561
47-3016.00,14941,0.0318971642014583,0.032520325203252
47-3016.00,14942,0.0345413185895428,0.032520325203252
47-3016.00,14943,0.037313932337699,0.024390243902439
47-5041.00,14956,0.1073739007911813,0.2222222222222222
47-5041.00,14957,0.074002764194457,0.037037037037037
47-5041.00,14958,0.0949174743428687,0.0802469135802469
47-5041.00,14959,0.1053025870051779,0.0555555555555555
47-5041.00,14960,0.0796557076599817,0.1481481481481481
47-5041.00,14961,0.0912698757905888,0.1234567901234567
47-5041.00,14962,0.0641501725854139,0.0617283950617283
47-5041.00,14963,0.0167712970430728,0.0493827160493827
47-5041.00,14964,0.0160913237668848,0.0246913580246913
47-5041.00,14965,0.0088860391682986,0.037037037037037
47-5051.00,14966,0.1274335604618627,0.0689655172413793
47-5051.00,14967,0.2407848600170297,0.2068965517241379
47-5051.00,14968,0.1573560911193319,0.1724137931034483
47-5051.00,14969,0.0573651099198682,0.0689655172413793
47-5051.00,14970,0.0585925715253353,0.1034482758620689
47-5051.00,14971,0.0343596750210444,0.0517241379310344
47-5051.00,14972,0.1633232012258892,0.1551724137931034
47-5051.00,14973,0.0736106713974851,0.0862068965517241
47-5051.00,14974,0.0871742593121531,0.0862068965517241
49-9064.00,14975,0.0968863520299919,0.0571428571428571
49-9064.00,14976,0.0798106996620146,0.1523809523809524
49-9064.00,14977,0.0604589472803937,0.0761904761904762
49-9064.00,14978,0.0711945612424551,0.1142857142857142
49-9064.00,14979,0.1180736229052197,0.1142857142857142
49-9064.00,14980,0.0696822146296835,0.0571428571428571
49-9064.00,14981,0.007212972882008,0.0571428571428571
49-9064.00,14982,0.0773524225974363,0.0380952380952381
49-9064.00,14983,0.0837231761605587,0.0761904761904762
49-9064.00,14984,0.0772862591161951,0.0571428571428571
49-9064.00,14985,0.0487563922898411,0.0380952380952381
49-9064.00,14986,0.0523346336477035,0.0476190476190476
49-9064.00,14987,0.0988146472956787,0.0761904761904762
49-9064.00,14988,0.0320830259044045,0.0095238095238095
51-2061.00,15003,0.0511217615184022,0.144927536231884
51-2061.00,15007,0.0514074934869775,0.072463768115942
51-2061.00,15012,0.0481496542428861,0.0579710144927536
51-9071.06,15098,0.0702429285317758,0.0472440944881889
51-9071.06,15100,0.0675914029079494,0.1574803149606299
51-9071.06,15101,0.0143181122555241,0.0314960629921259
51-9071.06,15102,0.0663211677338029,0.0472440944881889
51-9071.06,15106,0.0325018987032237,0.0314960629921259
51-9071.06,15107,0.019579202141343,0.0314960629921259
51-9071.06,15112,0.0026890194230543,0.0236220472440944
51-9195.05,15114,0.0875802362591251,0.0465116279069767
51-9195.05,15115,0.1039622458479644,0.0310077519379844
51-9195.05,15117,0.0922378571406986,0.0465116279069767
51-9195.05,15118,0.0890962109989172,0.1550387596899224
51-9195.05,15120,0.0585691939373244,0.0465116279069767
51-9195.05,15121,0.0078035572424245,0.0310077519379844
51-9195.05,15122,0.0860163706113014,0.0155038759689922
51-9195.05,15123,0.078319038522655,0.0077519379844961
51-9195.05,15125,0.0013563639665655,0.0155038759689922
51-9195.05,15126,0.0107862775142102,0.0155038759689922
51-9195.05,15127,0.0417209790163861,0.0232558139534883
51-9195.05,15128,0.0112771156846813,0.0232558139534883
51-9195.05,15129,0.0026520283131866,0.0310077519379844
51-9195.05,15130,0.017813875524877,0.0232558139534883
51-9195.05,15131,0.008016092720255,0.0465116279069767
53-7031.00,15177,0.3130694716799459,0.4545454545454545
53-7031.00,15178,0.1197610479542463,0.0454545454545454
53-7031.00,15179,0.2648240211394924,0.1818181818181818
53-7031.00,15180,0.0861199538328282,0.0681818181818181
53-7031.00,15181,0.1436716725020245,0.1363636363636363
53-7031.00,15182,0.0725538328914624,0.1136363636363636
47-5044.00,15183,0.0340080435606362,0.0191387559808612
47-5044.00,15184,0.0407354894171868,0.0287081339712918
47-5044.00,15185,0.0399020527887284,0.0765550239234449
47-5044.00,15186,0.0505046417428999,0.0956937799043062
47-5044.00,15187,0.0227184591191379,0.0239234449760765
47-5044.00,15188,0.0113890244732457,0.0191387559808612
47-5044.00,15189,0.0094652629442523,0.0095693779904306
47-5044.00,15190,0.0434671109256627,0.0382775119617224
47-5044.00,15191,0.0487678852475439,0.0765550239234449
47-5044.00,15193,0.0376079732583245,0.0191387559808612
47-5044.00,15194,0.0140777948921861,0.0191387559808612
11-3021.00,15198,0.1379111279103693,0.0294117647058823
11-9051.00,15199,0.0415380064515018,0.0405405405405405
39-4031.00,15200,0.0509345518505358,0.0915032679738562
39-4031.00,15201,0.0318288049222423,0.065359477124183
39-4031.00,15202,0.0529670254415954,0.0392156862745098
39-4031.00,15203,0.0118172403654955,0.0196078431372549
15-1244.00,15205,0.0732635652222736,0.1578947368421052
15-1244.00,15206,0.0693134206281225,0.0526315789473684
15-1244.00,15207,0.0062990209418041,0.0263157894736842
15-1244.00,15208,0.0248638230092571,0.0263157894736842
19-2041.00,15218,0.0129182336696085,0.1111111111111111
19-2041.00,15219,0.0332690884089784,0.0555555555555555
19-2041.00,15220,0.0202860873319386,0.0555555555555555
19-2041.00,15221,0.018203084234926,0.0555555555555555
19-2041.00,15222,0.0084111484946755,0.0416666666666666
19-2041.00,15223,0.0093211503785475,0.0416666666666666
29-1223.00,15230,0.0154993821377656,0.0422535211267605
29-2011.00,15232,0.0337870302746877,0.0382165605095541
29-2011.00,15233,0.0858649660469416,0.1273885350318471
29-2031.00,15234,0.0166060087238098,0.0212765957446808
29-2031.00,15235,0.0230754825492325,0.0567375886524822
29-2031.00,15236,0.0198155399170641,0.0567375886524822
29-2031.00,15237,0.0534627683847692,0.0283687943262411
29-2031.00,15238,0.0131932154096028,0.0212765957446808
29-2033.00,15239,0.1002027949969798,0.1221374045801526
29-2033.00,15240,0.0303824625400863,0.0305343511450381
29-2055.00,15242,0.0912890970495157,0.1702127659574468
29-2055.00,15243,0.0791458472918768,0.0425531914893617
29-2055.00,15244,0.0591011420737008,0.0680851063829787
29-2055.00,15245,0.0156020329276453,0.0127659574468085
31-2021.00,15247,0.1046242504154508,0.081967213114754
31-2021.00,15248,0.0729422738532239,0.1639344262295081
31-2021.00,15249,0.0337952653782722,0.0327868852459016
31-2021.00,15250,0.0008721058290104,0.0081967213114754
31-2022.00,15251,0.0490699929095358,0.064516129032258
33-3012.00,15252,0.066664700121941,0.0640204865556978
33-3012.00,15253,0.1069373276775699,0.2304737516005121
33-3012.00,15254,0.0511496264788496,0.0384122919334187
33-3012.00,15255,0.0602469610623086,0.0640204865556978
33-3012.00,15256,0.0276911791267955,0.0512163892445582
33-3012.00,15257,0.0230044856484417,0.0256081946222791
33-3012.00,15258,0.0110107065541389,0.0128040973111395
33-3012.00,15259,0.0370272504408517,0.0640204865556978
33-3012.00,15260,0.060810115277586,0.0384122919334187
33-3012.00,15261,0.0662485046938156,0.0512163892445582
49-1011.00,15262,0.0495233475526818,0.0341880341880341
49-1011.00,15263,0.0668986435728275,0.0683760683760683
49-1011.00,15264,0.0189728669314378,0.017094017094017
53-7051.00,15265,0.1045952945030675,0.0805369127516778
53-7051.00,15266,0.1151324833359032,0.1342281879194631
11-3051.01,15405,0.0346475435796574,0.0068027210884353
11-3051.01,15406,0.0016430541150836,0.0204081632653061
11-3051.01,15407,0.0135937755645655,0.0204081632653061
11-3051.01,15408,0.0093485515503638,0.0204081632653061
11-3051.01,15409,0.0100341973358443,0.0204081632653061
11-3051.01,15410,0.0133485579284357,0.0204081632653061
11-3051.01,15413,0.0515778682601112,0.0544217687074829
11-3051.01,15414,0.0406822648560614,0.0544217687074829
11-3051.01,15415,0.0122723132393936,0.0408163265306122
11-3051.01,15416,0.0196407978309839,0.0612244897959183
11-3051.01,15417,0.0056502916619956,0.0204081632653061
11-3051.01,15418,0.0129231761335233,0.0204081632653061
11-3051.01,15420,0.0379791146394902,0.0476190476190476
11-3051.01,15421,0.0417225831380192,0.0340136054421768
11-3051.01,15422,0.0176447896675886,0.0204081632653061
11-3051.01,15423,0.0402005145338565,0.0340136054421768
11-3051.01,15426,0.0052183784044211,0.0136054421768707
11-3051.01,15427,0.0238618789795099,0.0476190476190476
11-3051.01,15428,0.0634623147490005,0.0680272108843537
11-3051.01,15429,0.0881565889729969,0.0816326530612244
11-3051.01,15430,0.0673576088947339,0.0680272108843537
11-3051.01,15431,0.0473682934019646,0.0544217687074829
11-3051.02,15432,0.0298727384582154,0.04
11-3051.02,15433,0.0135382751442218,0.02
11-3051.02,15434,0.0787060121482439,0.0533333333333333
11-3051.02,15435,0.0359271968244389,0.04
11-3051.02,15436,0.0843240519863474,0.0666666666666666
11-3051.02,15437,0.0044760654388047,0.04
11-3051.02,15438,0.0019118239977633,0.02
11-3051.02,15439,0.0534371866262886,0.08
11-3051.02,15440,0.001532248973909,0.0133333333333333
11-3051.02,15441,0.1062026250730715,0.0933333333333333
11-3051.02,15442,0.0449297773652422,0.04
11-3051.02,15443,0.0680078569542875,0.0666666666666666
11-3051.02,15444,0.0557812885385502,0.0533333333333333
11-3051.02,15445,0.051489438337522,0.04
11-3051.02,15446,0.1805191407175445,0.1333333333333333
11-3051.02,15447,0.1248127915033696,0.1333333333333333
11-3051.02,15448,0.0645314819121788,0.0666666666666666
11-3051.03,15449,0.0362844318796286,0.0338983050847457
11-3051.03,15450,0.0696614243187715,0.0847457627118644
11-3051.03,15451,0.0335058514990904,0.0508474576271186
11-3051.03,15452,0.0900484062468009,0.0169491525423728
11-3051.03,15453,0.0542506883308295,0.1016949152542373
11-3051.03,15454,0.1313984321218024,0.1694915254237288
11-3051.03,15455,0.0095832586644072,0.0169491525423728
11-3051.03,15456,0.0799402981142934,0.0847457627118644
11-3051.03,15457,0.0205412790818829,0.0508474576271186
11-3051.03,15458,0.1677760758080188,0.0677966101694915
11-3051.03,15459,0.0183076565420982,0.0508474576271186
11-3051.03,15460,0.0198098804378071,0.0338983050847457
11-3051.03,15461,0.1048461670783397,0.0338983050847457
11-3051.03,15462,0.1640461498762286,0.2033898305084746
11-3051.04,15463,0.0081785607596927,0.015625
11-3051.04,15464,0.0303191535555339,0.046875
11-3051.04,15465,0.0580157088545651,0.0234375
11-3051.04,15466,0.0468684009362479,0.0390625
11-3051.04,15467,0.0609867380260522,0.015625
11-3051.04,15468,0.1026704567425338,0.125
11-3051.04,15469,0.0027014844345107,0.015625
11-3051.04,15470,0.0549166446876615,0.078125
11-3051.04,15471,0.0761595994942576,0.046875
11-3051.04,15472,0.0219545343250632,0.0625
11-3051.04,15473,0.014302432551042,0.046875
11-3051.04,15474,0.0600979054150533,0.078125
11-3051.04,15475,0.0585151702001173,0.015625
11-3051.04,15476,0.0228884900434038,0.046875
11-3051.04,15477,0.0296034468158435,0.046875
11-3051.04,15478,0.1412395467103143,0.125
11-3051.04,15479,0.0910618030413753,0.0625
11-3051.04,15480,0.0395956329330177,0.0625
11-3051.06,15502,0.0433411169975162,0.032
11-3051.06,15503,0.0461307976981321,0.032
11-3051.06,15504,0.033316015513112,0.048
11-3051.06,15505,0.0486033641333936,0.048
11-3051.06,15506,0.0163700415715408,0.048
11-3051.06,15508,0.0625677421108138,0.08
11-3051.06,15509,0.0308643972748253,0.024
11-3051.06,15510,0.0310854497310268,0.016
11-3051.06,15512,0.1174361305957192,0.064
11-3051.06,15514,0.0855436220366497,0.064
11-3051.06,15515,0.0330070195264322,0.016
11-3051.06,15516,0.0167549572032738,0.064
11-3051.06,15517,0.0411529605620928,0.032
11-3051.06,15518,0.0877845213650027,0.064
11-3051.06,15519,0.0773040951533254,0.096
11-3051.06,15520,0.1357672190451995,0.128
11-9041.01,15563,0.0506025461733446,0.0573770491803278
11-9041.01,15564,0.0330502328917736,0.0327868852459016
11-9041.01,15566,0.1553954196111249,0.081967213114754
11-9041.01,15567,0.0582250906814178,0.0655737704918032
11-9041.01,15568,0.0352150531839108,0.0655737704918032
11-9041.01,15569,0.0503162241654555,0.0245901639344262
11-9041.01,15570,0.0069875399155431,0.040983606557377
11-9041.01,15571,0.0066493664312409,0.0327868852459016
11-9041.01,15572,0.0170557235644007,0.0327868852459016
11-9041.01,15573,0.0111832654540573,0.040983606557377
11-9041.01,15574,0.1643110731567609,0.0983606557377049
11-9041.01,15575,0.0029339602166894,0.0491803278688524
11-9041.01,15576,0.0772070373273813,0.0491803278688524
11-9041.01,15577,0.0513831566339761,0.040983606557377
11-9041.01,15578,0.1125045644895477,0.081967213114754
11-9041.01,15579,0.0669723652198444,0.0983606557377049
11-9041.01,15580,0.0511191054290787,0.0491803278688524
11-9041.01,15581,0.0488882754544514,0.0327868852459016
11-9121.01,15582,0.0094778904348444,0.0077519379844961
11-9121.01,15583,0.0039750363452229,0.0155038759689922
11-9121.01,15584,0.0237783882641972,0.0155038759689922
11-9121.01,15585,0.0076807867669127,0.0155038759689922
11-9121.01,15586,0.0069618476056856,0.0155038759689922
11-9121.01,15587,0.0699625467616337,0.0930232558139534
11-9121.01,15588,0.0215828208596572,0.0155038759689922
11-9121.01,15589,0.0041525640505655,0.0077519379844961
11-9121.01,15590,0.0071861333200028,0.0077519379844961
11-9121.01,15591,0.0077414583888083,0.0155038759689922
11-9121.01,15592,0.0545518581567841,0.0310077519379844
11-9121.01,15593,0.0184715738469468,0.0232558139534883
11-9121.01,15594,0.0284163164613931,0.0310077519379844
11-9121.01,15595,0.0277254496942688,0.0775193798449612
11-9121.01,15596,0.0082338140379654,0.0155038759689922
11-9121.01,15597,0.0449169320053334,0.0465116279069767
11-9121.01,15598,0.0253218147803716,0.0077519379844961
11-9121.01,15599,0.0250455662453012,0.0077519379844961
11-9121.01,15600,0.0112689134274877,0.0310077519379844
11-9121.01,15601,0.0170297251232948,0.0232558139534883
11-9121.01,15602,0.080190784469619,0.0465116279069767
11-9121.01,15603,0.0451705180881345,0.0155038759689922
11-9121.01,15604,0.0341914313026339,0.0232558139534883
11-9121.01,15605,0.0214228153663234,0.0387596899224806
11-9121.01,15606,0.0463276442640908,0.0310077519379844
11-9121.01,15607,0.0280890163278163,0.0232558139534883
11-9121.01,15608,0.0278788801352069,0.0155038759689922
11-9121.01,15609,0.0323431603987606,0.0465116279069767
11-9121.01,15610,0.0883590414584782,0.0775193798449612
11-9121.01,15611,0.0095013277007446,0.0077519379844961
11-9121.01,15612,0.0516994275554679,0.0465116279069767
11-9121.01,15613,0.0682857423777811,0.0465116279069767
11-9121.01,15614,0.0430587739782642,0.0775193798449612
11-9199.02,15636,0.0116541207782226,0.0157480314960629
11-9199.02,15637,0.044609727818467,0.0314960629921259
11-9199.02,15638,0.0238891373510715,0.0629921259842519
11-9199.02,15639,0.0060643001787693,0.0236220472440944
11-9199.02,15641,0.0079436065522489,0.0157480314960629
11-9199.02,15642,0.0180596155545821,0.0472440944881889
11-9199.02,15643,0.0138576265023712,0.0236220472440944
11-9199.02,15644,0.0265443891744805,0.0314960629921259
11-9199.02,15645,0.0199496004552877,0.0157480314960629
11-9199.02,15647,0.0154122505426348,0.0472440944881889
11-9199.02,15649,0.0308267026993216,0.0629921259842519
11-9199.02,15650,0.0352231209788976,0.0629921259842519
11-9199.02,15652,0.0159686642782116,0.0157480314960629
11-9199.02,15653,0.0136397853294263,0.0314960629921259
11-9199.02,15654,0.0180470017692205,0.0314960629921259
11-9199.02,15655,0.0051579363718482,0.0629921259842519
11-9199.02,15656,0.0043668233383875,0.0472440944881889
11-3031.03,15660,0.0030048730421212,0.0231213872832369
11-3031.03,15661,0.012819881075767,0.0231213872832369
11-3031.03,15662,0.0015468396203494,0.0231213872832369
11-3031.03,15663,0.0113697035208864,0.0346820809248554
11-3031.03,15664,0.0544106948966567,0.0231213872832369
11-3031.03,15665,0.0568747288561404,0.0693641618497109
11-3031.03,15666,0.0121248604405705,0.0173410404624277
11-3031.03,15667,0.090199199565759,0.1156069364161849
11-3031.03,15668,0.0399855819168545,0.0462427745664739
11-3031.03,15669,0.0863288578539392,0.0924855491329479
11-3031.03,15671,0.0244223572428652,0.0578034682080924
11-3031.03,15672,0.0268730942460908,0.0346820809248554
11-3031.03,15673,0.0126317697486044,0.0231213872832369
11-3031.03,15674,0.0371202513627817,0.0462427745664739
11-3031.03,15675,0.0728003804634397,0.0462427745664739
11-3031.03,15676,0.0848358152445628,0.0578034682080924
11-3031.03,15677,0.0211407734074374,0.0346820809248554
11-3031.03,15678,0.1650429313931339,0.1156069364161849
11-3031.03,15679,0.0904934627088569,0.0924855491329479
13-1199.06,15702,0.0073437144753834,0.0145348837209302
13-1199.06,15703,0.0265620447247304,0.0290697674418604
13-1199.06,15704,0.0180037520143013,0.0436046511627907
13-1199.06,15705,0.0205628352273073,0.0072674418604651
13-1199.06,15706,0.0125123876688273,0.0145348837209302
13-1199.06,15707,0.048813865631421,0.0290697674418604
13-1199.06,15708,0.0233338242559341,0.002906976744186
13-1199.06,15709,0.0871759253282866,0.0145348837209302
13-1199.06,15710,0.0636440782364163,0.0436046511627907
13-1199.06,15711,0.0431276302526357,0.0145348837209302
13-1199.06,15712,0.0165302756038445,0.0072674418604651
13-1199.06,15713,0.0137259522485351,0.0145348837209302
13-1199.06,15714,0.0347200510401195,0.0072674418604651
13-1199.06,15715,0.0042766621738841,0.0072674418604651
13-1199.06,15716,0.0007758377367652,0.0072674418604651
13-1199.06,15717,0.0260469507051574,0.0436046511627907
13-1199.06,15718,0.0738658846198536,0.1162790697674418
13-1199.06,15719,0.0076813192341403,0.0290697674418604
13-1199.06,15720,0.0113641116313568,0.0436046511627907
13-1199.06,15721,0.0252716628210585,0.0436046511627907
13-1199.06,15722,0.0122302341159889,0.0145348837209302
13-1199.06,15723,0.0089420470016956,0.0072674418604651
13-1199.06,15725,0.0077112035029977,0.0145348837209302
13-1199.06,15726,0.0162098696496803,0.0145348837209302
13-1199.06,15727,0.0059260572476327,0.0218023255813953
13-1199.06,15728,0.0695101872231473,0.0872093023255814
13-1199.06,15729,0.0310231701681481,0.0581395348837209
13-1199.06,15730,0.0468284804130588,0.0145348837209302
13-1199.06,15731,0.0700369934999153,0.0290697674418604
13-1199.06,15732,0.0267926934446219,0.0436046511627907
13-1199.06,15733,0.0182340934268994,0.0581395348837209
13-1199.06,15734,0.026251776837921,0.0581395348837209
13-1199.06,15735,0.0158252818310041,0.0436046511627907
11-9199.09,15808,0.0419645360631472,0.0380952380952381
11-9199.09,15809,0.1226903802472945,0.0952380952380952
11-9199.09,15810,0.0700004339115853,0.0571428571428571
11-9199.09,15811,0.0407847147809324,0.0380952380952381
11-9199.09,15812,0.0321546666995811,0.0380952380952381
11-9199.09,15813,0.1026721010183415,0.0761904761904762
11-9199.09,15814,0.0053207353915216,0.0285714285714285
11-9199.09,15815,0.0062272679157272,0.0285714285714285
11-9199.09,15816,0.1320406755973995,0.0952380952380952
11-9199.09,15817,0.0466077028955428,0.0476190476190476
11-9199.09,15818,0.0492338591316119,0.0380952380952381
11-9199.09,15819,0.0701347275542805,0.0761904761904762
11-9199.09,15820,0.0414539479479001,0.0380952380952381
11-9199.09,15821,0.0018490477491261,0.0380952380952381
11-9199.09,15822,0.0983501499831938,0.1523809523809524
11-9199.09,15823,0.1385150531128138,0.1142857142857142
11-9199.10,15824,0.1143294933100573,0.1034482758620689
11-9199.10,15825,0.0151547461985852,0.0344827586206896
11-9199.10,15826,0.0591527458595947,0.0603448275862069
11-9199.10,15827,0.0532599025579777,0.0862068965517241
11-9199.10,15828,0.0915736288133099,0.0603448275862069
11-9199.10,15829,0.053732364049443,0.043103448275862
11-9199.10,15830,0.102943355559063,0.0689655172413793
11-9199.10,15831,0.0278551759741905,0.0689655172413793
11-9199.10,15832,0.0401514941649641,0.0517241379310344
11-9199.10,15833,0.0479310701586311,0.0344827586206896
11-9199.10,15834,0.0928100107198947,0.0689655172413793
11-9199.10,15835,0.0395949138185895,0.0517241379310344
11-9199.10,15836,0.1240945948930311,0.1379310344827586
11-9199.10,15837,0.0267478746413542,0.0517241379310344
11-9199.10,15838,0.1106686292813133,0.0775862068965517
17-2072.01,16351,0.0433956021109823,0.0314960629921259
17-2072.01,16352,0.0429789697680766,0.0314960629921259
17-2072.01,16353,0.0860026104626638,0.0708661417322834
17-2072.01,16354,0.0838141155165053,0.0787401574803149
17-2072.01,16355,0.0316182322237293,0.0472440944881889
17-2072.01,16356,0.0133025984155867,0.0314960629921259
17-2072.01,16357,0.0260956242013645,0.0472440944881889
17-2072.01,16358,0.0699462526062237,0.0472440944881889
17-2072.01,16359,0.0667398283103467,0.0472440944881889
17-2072.01,16360,0.0462153401460272,0.0551181102362204
17-2072.01,16361,0.0258645319525453,0.0629921259842519
17-2072.01,16362,0.0367254204194738,0.0393700787401574
17-2072.01,16363,0.041607432633334,0.0314960629921259
17-2072.01,16364,0.0403792330658071,0.0236220472440944
17-2072.01,16365,0.0511487056626816,0.0393700787401574
17-2072.01,16366,0.0432517870284935,0.0472440944881889
17-2072.01,16367,0.0259671701214701,0.0314960629921259
17-2072.01,16368,0.0341655332433765,0.0393700787401574
17-2072.01,16369,0.0515132258643618,0.0944881889763779
17-2072.01,16370,0.0931213870426772,0.0629921259842519
17-2072.01,16371,0.0461463992042721,0.0393700787401574
17-2199.05,16464,0.0082817931200477,0.0359712230215827
17-2199.05,16465,0.0148781658157964,0.0215827338129496
17-2199.05,16466,0.0056303404933382,0.0287769784172661
17-2199.05,16468,0.0396311513285433,0.0287769784172661
17-2199.05,16469,0.01056179769437,0.0287769784172661
17-2199.05,16470,0.0125023360277557,0.0863309352517985
17-2199.05,16471,0.0151140718986227,0.0503597122302158
17-2199.05,16473,0.0069525764685496,0.0647482014388489
17-2199.05,16474,0.0629669095078607,0.0719424460431654
17-2199.05,16475,0.0081157630088784,0.0647482014388489
17-2199.05,16479,0.0057365861851757,0.0431654676258992
17-2199.05,16481,0.0027389197699362,0.0431654676258992
17-2199.05,16483,0.0244479138169585,0.0359712230215827
17-2199.06,16484,0.0033679547555703,0.0289855072463768
17-2199.06,16485,0.0239340790086953,0.0289855072463768
17-2199.06,16486,0.0056346014294695,0.0289855072463768
17-2199.06,16487,0.0070484738394856,0.0217391304347826
17-2199.06,16488,0.0069581434142335,0.0144927536231884
17-2199.06,16490,0.013164935798887,0.0217391304347826
17-2199.06,16493,0.0028203372330408,0.0217391304347826
17-2199.06,16494,0.0258095497396182,0.0579710144927536
17-2199.06,16495,0.0066266327547397,0.0289855072463768
17-2199.06,16496,0.0076732022149559,0.036231884057971
17-2199.06,16497,0.0196527596166939,0.072463768115942
17-2199.06,16498,0.0095002821298551,0.0434782608695652
17-2199.06,16499,0.0067386579303907,0.036231884057971
17-2199.06,16500,0.0071951100342064,0.0289855072463768
17-2199.06,16501,0.0105867393913009,0.0289855072463768
17-2199.06,16502,0.0115905742715691,0.036231884057971
17-2199.06,16504,0.008650997649471,0.0579710144927536
17-2199.06,16505,0.0101769342977381,0.0507246376811594
17-2199.06,16506,0.0072505510265896,0.0434782608695652
17-2199.06,16507,0.0057973261705181,0.0434782608695652
17-2199.06,16508,0.0080357996513066,0.0507246376811594
17-2199.10,16549,0.008363838725595,0.0465116279069767
17-2199.10,16550,0.0161845345745881,0.0620155038759689
17-2199.10,16553,0.0094965462430571,0.0542635658914728
17-2199.10,16554,0.0007404497573238,0.0542635658914728
17-2199.10,16556,0.0012426168887987,0.0697674418604651
17-2199.10,16557,0.0065816525184283,0.0465116279069767
17-2199.10,16559,0.0161592904730981,0.0620155038759689
19-1029.01,16777,0.0419413746758053,0.04
19-1029.01,16781,0.0142153051715631,0.0533333333333333
19-1029.01,16784,0.0096705115416399,0.0266666666666666
19-1029.01,16785,0.0345075873615192,0.04
19-1029.01,16786,0.0247399890598216,0.08
19-1029.01,16787,0.013546760825056,0.0533333333333333
19-1029.01,16788,0.0090001144216004,0.04
19-1029.01,16789,0.0134926994268396,0.08
19-1029.01,16790,0.0173114822475059,0.08
19-1029.01,16791,0.0141319783787798,0.0666666666666666
19-1029.01,16792,0.0113862798805886,0.0533333333333333
19-1029.01,16793,0.031773206172455,0.0533333333333333
19-1029.01,16794,0.0348261031082323,0.0533333333333333
19-1029.01,16795,0.0270860098895996,0.1333333333333333
19-4099.01,16955,0.0069196891737987,0.0144927536231884
19-4099.01,16956,0.0878253385013686,0.0579710144927536
19-4099.01,16957,0.0293912335587743,0.0217391304347826
19-4099.01,16958,0.006916215189519,0.0072463768115942
19-4099.01,16959,0.0497424958678032,0.0217391304347826
19-4099.01,16960,0.0043924641404962,0.0072463768115942
19-4099.01,16961,0.0802439724577211,0.0289855072463768
19-4099.01,16962,0.0031470749163229,0.0217391304347826
19-4099.01,16963,0.0041388412633644,0.0072463768115942
19-4099.01,16964,0.0225786480801678,0.0434782608695652
19-4099.01,16965,0.0117286313687612,0.0217391304347826
19-4099.01,16966,0.0314942061401903,0.0144927536231884
19-4099.01,16967,0.039692477405657,0.0289855072463768
19-4099.01,16968,0.019534515273609,0.0144927536231884
19-4099.01,16969,0.012379396081743,0.0072463768115942
19-4099.01,16970,0.0266220913472781,0.0289855072463768
19-4099.01,16971,0.0250341507224155,0.0217391304347826
19-4099.01,16972,0.0689846000157996,0.036231884057971
19-4099.01,16973,0.0330624363834591,0.0289855072463768
19-4099.01,16974,0.0926445041676435,0.1159420289855072
19-4099.01,16975,0.0471555788173142,0.0289855072463768
19-4099.01,16976,0.008045884786915,0.0144927536231884
19-4099.01,16977,0.0665070294740552,0.0869565217391304
19-4099.01,16978,0.040087455365906,0.0434782608695652
19-4099.01,16979,0.0827930212749017,0.0579710144927536
19-4099.01,16980,0.0989380482250144,0.217391304347826
19-4099.03,16981,0.0327776821646074,0.0318471337579617
19-4099.03,16982,0.0343850782446956,0.0254777070063694
19-4099.03,16983,0.0179746402028325,0.0445859872611464
19-4099.03,16984,0.0116716007041867,0.0318471337579617
19-4099.03,16985,0.0134234934972449,0.0382165605095541
19-4099.03,16986,0.1036827214677788,0.0636942675159235
19-4099.03,16987,0.0232155103690649,0.0382165605095541
19-4099.03,16989,0.0204445785356289,0.0445859872611464
19-4099.03,16990,0.0716722068430626,0.0509554140127388
19-4099.03,16991,0.1262878934304029,0.0764331210191082
19-4099.03,16992,0.0189347662062334,0.0254777070063694
19-4099.03,16993,0.0907620705146396,0.0509554140127388
19-4099.03,16994,0.0630961528060902,0.0573248407643312
19-4099.03,16995,0.0168468829861639,0.0254777070063694
19-4099.03,16996,0.0307990719786998,0.0382165605095541
19-4099.03,16997,0.100248169001935,0.0636942675159235
19-4099.03,16998,0.113143084973618,0.0764331210191082
19-4099.03,16999,0.1106343960731141,0.1019108280254777
29-1229.01,17063,0.0898200022479405,0.1298701298701298
29-1229.01,17064,0.0153273318087619,0.0194805194805194
29-1229.01,17065,0.0216161676901034,0.0259740259740259
29-1229.01,17066,0.0870157276408934,0.0519480519480519
29-1229.01,17067,0.0833345591595127,0.1038961038961039
29-1229.01,17068,0.0667550837644483,0.1038961038961039
29-1229.01,17069,0.0929393916756816,0.0779220779220779
29-1229.01,17070,0.0783803486525852,0.0649350649350649
29-1229.01,17071,0.0895736652207397,0.0649350649350649
29-1229.01,17072,0.0519502166206773,0.0389610389610389
29-1229.01,17073,0.0625942748680197,0.0389610389610389
29-1229.01,17074,0.073494010561915,0.0519480519480519
29-1229.01,17075,0.0283506451819501,0.0389610389610389
29-1229.01,17076,0.0913707287388865,0.1558441558441558
29-1213.00,17077,0.0198125509582297,0.0132450331125827
29-1213.00,17078,0.1052141472601902,0.1059602649006622
29-1213.00,17079,0.0288936798724976,0.0264900662251655
29-1213.00,17081,0.0249944705737252,0.0397350993377483
29-1213.00,17082,0.0196207476069604,0.0264900662251655
29-1213.00,17083,0.0115470707455448,0.0264900662251655
29-1213.00,17084,0.02820543138492,0.0198675496688741
29-1213.00,17085,0.0794065812723794,0.0264900662251655
29-1213.00,17087,0.0579662222090496,0.0529801324503311
29-1213.00,17088,0.0114707101556741,0.0331125827814569
29-1213.00,17089,0.061459557075448,0.0397350993377483
29-1213.00,17090,0.0766035314735536,0.1059602649006622
29-1213.00,17091,0.0382604768385403,0.0397350993377483
29-1213.00,17092,0.0840184330010411,0.0794701986754966
29-1213.00,17093,0.0942870488862447,0.0529801324503311
29-1213.00,17094,0.1052459638716271,0.1324503311258278
29-1213.00,17095,0.0964977010428483,0.1589403973509933
29-1217.00,17109,0.0081836919314132,0.0242424242424242
29-1217.00,17110,0.0296883227198035,0.0242424242424242
29-1217.00,17111,0.0089262046771055,0.0242424242424242
29-1217.00,17112,0.0183703220585101,0.0121212121212121
29-1217.00,17113,0.0521174050877375,0.0242424242424242
29-1217.00,17114,0.0362518015620821,0.0484848484848484
29-1217.00,17115,0.0297913525163377,0.0121212121212121
29-1217.00,17116,0.0241546371116273,0.0242424242424242
29-1217.00,17117,0.0729105729573201,0.0484848484848484
29-1217.00,17118,0.0066103670131567,0.0121212121212121
29-1217.00,17119,0.0601182358887108,0.1212121212121212
29-1217.00,17120,0.0169831178693058,0.0242424242424242
29-1217.00,17121,0.0617339333606254,0.0363636363636363
29-1217.00,17122,0.0251268009951179,0.0121212121212121
29-1217.00,17123,0.0759552996272259,0.0969696969696969
29-1217.00,17124,0.0681108967254726,0.0484848484848484
29-1217.00,17125,0.0641647879715329,0.0606060606060606
29-1217.00,17126,0.0696382851714205,0.0484848484848484
29-1217.00,17127,0.0043890033664088,0.006060606060606
29-1217.00,17128,0.0434507022714025,0.0363636363636363
29-1217.00,17129,0.0303364913428536,0.0242424242424242
29-1217.00,17130,0.0540879547293279,0.0606060606060606
29-1217.00,17131,0.0554696985825503,0.0727272727272727
29-1217.00,17132,0.0834301144629503,0.0969696969696969
29-1241.00,17159,0.0384177692817081,0.0253164556962025
29-1241.00,17160,0.0147538770069642,0.0126582278481012
29-1241.00,17161,0.0018179184087356,0.0253164556962025
29-1241.00,17162,0.1002418740867853,0.0253164556962025
29-1241.00,17163,0.0997220655272526,0.0379746835443038
29-1241.00,17164,0.0005868077911666,0.0189873417721519
29-1241.00,17165,0.025892854179769,0.0253164556962025
29-1241.00,17166,0.0587218819067118,0.050632911392405
29-1241.00,17167,0.1067119233244236,0.1012658227848101
29-1241.00,17168,0.0572860519401041,0.0253164556962025
29-1241.00,17169,0.0664587304542501,0.0379746835443038
29-1241.00,17170,0.0753141473138065,0.0632911392405063
29-1241.00,17171,0.0900847863805204,0.050632911392405
29-1241.00,17172,0.0157008990651056,0.050632911392405
29-1241.00,17173,0.0159180345443472,0.1518987341772152
29-1241.00,17174,0.0395400385842205,0.0189873417721519
29-1241.00,17175,0.1036068847700429,0.1518987341772152
29-1241.00,17176,0.089223455434085,0.1265822784810126
29-1222.00,17178,0.0338488883277293,0.0476190476190476
29-1222.00,17179,0.037224591595631,0.0357142857142857
29-1222.00,17180,0.037008407775892,0.0357142857142857
29-1222.00,17181,0.0124394244319648,0.0178571428571428
29-1222.00,17182,0.0227381608066382,0.0297619047619047
29-1222.00,17183,0.0084330667217991,0.0238095238095238
29-1222.00,17184,0.0017605657984628,0.0238095238095238
29-1222.00,17185,0.0249847335262768,0.0357142857142857
29-1222.00,17186,0.0175062865557423,0.0178571428571428
29-1222.00,17187,0.1022687028287583,0.0595238095238095
29-1222.00,17188,0.0277048225464907,0.0238095238095238
29-1222.00,17189,0.0121783262385555,0.0238095238095238
29-1222.00,17190,0.1332079400362567,0.119047619047619
29-1222.00,17191,0.0473635127849502,0.0952380952380952
29-1222.00,17192,0.0632111162379024,0.0595238095238095
29-1222.00,17193,0.0450310034109508,0.0476190476190476
29-1222.00,17194,0.1390140589971795,0.1785714285714285
29-1222.00,17195,0.1337977011386162,0.119047619047619
29-1229.04,17196,0.049073086190425,0.0432432432432432
29-1229.04,17197,0.018193698012665,0.0324324324324324
29-1229.04,17198,0.1058562670585394,0.0648648648648648
29-1229.04,17199,0.0665578542563475,0.0648648648648648
29-1229.04,17200,0.1113992464908769,0.1297297297297297
29-1229.04,17201,0.1209953120372595,0.1297297297297297
29-1229.04,17202,0.0321403371151258,0.054054054054054
29-1229.04,17203,0.0816577761557486,0.0756756756756756
29-1229.04,17204,0.0798228964889974,0.027027027027027
29-1229.04,17205,0.0752124133532448,0.0432432432432432
29-1229.04,17206,0.0486255345131877,0.054054054054054
29-1229.04,17207,0.0276661213871885,0.0864864864864864
29-1229.04,17208,0.0699765383010789,0.0162162162162162
29-1229.04,17209,0.0185219654845782,0.027027027027027
29-1229.04,17210,0.0943009531547363,0.1513513513513513
29-1224.00,17231,0.0115259469319044,0.0174927113702623
29-1224.00,17234,0.0059546546793633,0.0233236151603498
29-1224.00,17235,0.02400985539683,0.0174927113702623
29-1224.00,17236,0.0211921536664654,0.0116618075801749
29-1224.00,17239,0.1234622507618536,0.0932944606413994
29-1224.00,17241,0.0110591088732834,0.0116618075801749
29-1224.00,17242,0.1194104354094951,0.1399416909620991
29-1224.00,17243,0.1236458008288075,0.0349854227405247
29-1224.00,17245,0.0594230770985429,0.0466472303206997
29-1224.00,17246,0.0455851303533003,0.0174927113702623
29-1224.00,17248,0.0826878871988703,0.0699708454810495
29-1224.00,17249,0.0694159107109041,0.0174927113702623
29-1224.00,17250,0.0438332346555304,0.0174927113702623
29-1224.00,17251,0.0343249460414127,0.0174927113702623
29-1224.00,17252,0.0755848615930357,0.0466472303206997
29-1224.00,17253,0.0213447529932416,0.0466472303206997
29-1224.00,17254,0.1275399928071584,0.2099125364431487
29-1229.06,17255,0.0184584810956031,0.0103092783505154
29-1229.06,17256,0.0023777009580761,0.0051546391752577
29-1229.06,17257,0.0448236896551013,0.0206185567010309
29-1229.06,17258,0.0230264808413915,0.0154639175257731
29-1229.06,17259,0.003951566253414,0.0103092783505154
29-1229.06,17260,0.0096953219871697,0.0154639175257731
29-1229.06,17261,0.0168998439980424,0.0051546391752577
29-1229.06,17262,0.004322090378675,0.0206185567010309
29-1229.06,17263,0.0220971081040498,0.0154639175257731
29-1229.06,17264,0.0174733446194092,0.0618556701030927
29-1229.06,17265,0.0895711595501751,0.1030927835051546
29-1229.06,17266,0.052930535504453,0.0412371134020618
29-1229.06,17267,0.0529558522963361,0.0206185567010309
29-1229.06,17268,0.0962838042655396,0.1030927835051546
29-1229.06,17269,0.0255590684123565,0.0257731958762886
29-1229.06,17270,0.0393027516881918,0.0309278350515463
29-1229.06,17271,0.0285548525526297,0.0103092783505154
29-1229.06,17272,0.0576651165698257,0.0206185567010309
29-1229.06,17273,0.0839411641564772,0.0515463917525773
29-1229.06,17274,0.0089263297996147,0.0206185567010309
29-1229.06,17275,0.0347250592101856,0.0309278350515463
29-1229.06,17276,0.0209519369462209,0.0412371134020618
29-1229.06,17277,0.0007009104858439,0.0103092783505154
29-1229.06,17278,0.0495216940708778,0.0515463917525773
29-1229.06,17279,0.0066738022957462,0.0206185567010309
29-1229.06,17280,0.058566022160535,0.0824742268041237
29-1229.06,17281,0.1300443121440578,0.1546391752577319
29-1229.03,17282,0.0316168517029597,0.0285714285714285
29-1229.03,17283,0.1387125727874988,0.1428571428571428
29-1229.03,17284,0.0549931724239593,0.0428571428571428
29-1229.03,17285,0.0363927555317468,0.0142857142857142
29-1229.03,17286,0.0808154161734815,0.0571428571428571
29-1229.03,17287,0.0370030822990629,0.0857142857142857
29-1229.03,17288,0.0776684006550015,0.0857142857142857
29-1229.03,17289,0.0834770993298425,0.0285714285714285
29-1229.03,17290,0.0680557226451974,0.0285714285714285
29-1229.03,17291,0.0165927349787877,0.1142857142857142
29-1229.03,17293,0.1284749727590872,0.0714285714285714
29-1229.03,17294,0.0761107393968845,0.0571428571428571
29-1229.03,17295,0.121325511032467,0.2142857142857142
29-1071.01,17296,0.1302913984552563,0.0384615384615384
29-1071.01,17297,0.0219484235387702,0.0256410256410256
29-1071.01,17298,0.0180456394440354,0.0256410256410256
29-1071.01,17299,0.0074211335953388,0.0192307692307692
29-1071.01,17300,0.0914221396867407,0.0641025641025641
29-1071.01,17301,0.1155671422979542,0.0769230769230769
29-1071.01,17302,0.0211154260556517,0.0128205128205128
29-1071.01,17303,0.0714374460557249,0.0512820512820512
29-1071.01,17304,0.079056660623382,0.0512820512820512
29-1071.01,17305,0.1193338774114009,0.1923076923076923
29-1071.01,17306,0.0116684133572483,0.0256410256410256
29-1071.01,17307,0.0318405766152574,0.0512820512820512
29-1071.01,17308,0.0267554192124079,0.032051282051282
29-1071.01,17309,0.0494926220752454,0.0384615384615384
29-1071.01,17310,0.1252045516807006,0.1923076923076923
29-1071.01,17311,0.0793991298948846,0.1025641025641025
29-2092.00,17439,0.1456229129105282,0.1320754716981132
29-2092.00,17440,0.1391019137466709,0.1698113207547169
29-2092.00,17441,0.1104665580449489,0.1132075471698113
29-2092.00,17442,0.0521362551891528,0.0754716981132075
29-2092.00,17443,0.1508825307592134,0.0943396226415094
29-2092.00,17444,0.0199210033816111,0.0283018867924528
29-2092.00,17445,0.0415082185651159,0.0943396226415094
29-2092.00,17446,0.1785597867176957,0.1132075471698113
29-2092.00,17447,0.0217654334154357,0.0566037735849056
29-2092.00,17448,0.0145483465385744,0.0283018867924528
29-9099.01,17465,0.0100542391058186,0.04
29-9099.01,17466,0.0377590479417803,0.1066666666666666
29-9099.01,17467,0.0096221596510898,0.0533333333333333
29-9099.01,17468,0.012550469952704,0.02
29-9099.01,17469,0.0103534809187405,0.0133333333333333
29-9099.01,17470,0.0124327012018421,0.0133333333333333
29-9099.01,17471,0.0428445085037142,0.02
29-9099.01,17472,0.0888796693094875,0.08
29-9099.01,17473,0.0394300833734902,0.04
29-9099.01,17475,0.02533862619998,0.0066666666666666
29-9099.01,17476,0.0516886702425586,0.0466666666666666
29-9099.01,17477,0.0020780484648123,0.0033333333333333
29-9099.01,17478,0.0166463217887533,0.04
29-9099.01,17479,0.0009497369188187,0.0066666666666666
29-9099.01,17480,0.0195258378420095,0.0066666666666666
29-9099.01,17481,0.0830511116907071,0.0533333333333333
29-9099.01,17482,0.0774407272760213,0.08
29-9099.01,17483,0.0283398824206179,0.0333333333333333
29-9099.01,17484,0.0188227702289104,0.0533333333333333
29-9099.01,17485,0.053758511426191,0.0533333333333333
29-9099.01,17486,0.0057065879358952,0.0266666666666666
29-9099.01,17487,0.026714671663723,0.0266666666666666
29-9099.01,17488,0.0203693997253844,0.0066666666666666
29-9099.01,17492,0.0048974672679151,0.0066666666666666
29-9099.01,17493,0.0493889030341188,0.0266666666666666
29-9099.01,17494,0.0022764242044154,0.0033333333333333
29-9099.01,17495,0.0439676250385793,0.0066666666666666
29-9099.01,17496,0.0176466033727601,0.0066666666666666
29-9099.01,17498,0.0377846582325827,0.0133333333333333
29-9099.01,17499,0.0247643157915196,0.0066666666666666
31-9099.01,17531,0.0137489452118796,0.0530973451327433
31-9099.01,17532,0.1302002995730879,0.3185840707964602
31-9099.01,17533,0.1311422649347517,0.1769911504424778
31-9099.01,17534,0.1160876696016972,0.0884955752212389
31-9099.01,17535,0.1264867525747767,0.1415929203539823
31-9099.01,17536,0.0055504542694293,0.0176991150442477
31-9099.01,17539,0.1070487137152779,0.0884955752212389
31-9099.01,17540,0.0325619848817648,0.0265486725663716
31-9099.01,17541,0.0849428317071152,0.0619469026548672
33-9099.02,17560,0.0842204070887041,0.074074074074074
33-9099.02,17561,0.0707613482370896,0.1185185185185185
33-9099.02,17562,0.0107747980101095,0.0296296296296296
33-9099.02,17563,0.037788242480943,0.0592592592592592
33-9099.02,17564,0.0525017619273845,0.0444444444444444
33-9099.02,17565,0.0557815219126621,0.0592592592592592
33-9099.02,17566,0.0590784061572069,0.0296296296296296
33-9099.02,17567,0.0514091572819734,0.0888888888888888
33-9099.02,17568,0.0703843712694593,0.0592592592592592
33-9099.02,17569,0.0953522100769474,0.1481481481481481
33-9099.02,17570,0.0420208547808817,0.0592592592592592
33-9099.02,17571,0.0291257943528956,0.0148148148148148
33-9099.02,17572,0.0297826306279049,0.0296296296296296
33-9099.02,17573,0.0710445948934614,0.0444444444444444
33-9099.02,17575,0.0134179219388319,0.0444444444444444
33-9099.02,17576,0.0076351434464342,0.0148148148148148
33-9099.02,17577,0.0152309604244378,0.0222222222222222
33-9099.02,17578,0.0782753248719461,0.0296296296296296
33-9099.02,17579,0.0419363120919975,0.0148148148148148
35-3023.01,17581,0.1003323312904712,0.2508710801393728
35-3023.01,17582,0.0692388566675741,0.0975609756097561
35-3023.01,17583,0.0603126637278426,0.0557491289198606
35-3023.01,17584,0.0169607276199074,0.0069686411149825
35-3023.01,17585,0.0840133833691921,0.0418118466898954
35-3023.01,17586,0.0313195821944518,0.0209059233449477
35-3023.01,17587,0.0583911170409838,0.0209059233449477
35-3023.01,17588,0.0950620228457592,0.1393728222996515
35-3023.01,17589,0.0797547167678874,0.048780487804878
35-3023.01,17590,0.0461209876314545,0.0348432055749128
35-3023.01,17591,0.0846527236005979,0.1393728222996515
35-3023.01,17592,0.0283791863297588,0.0209059233449477
35-3023.01,17593,0.0408726665331755,0.0139372822299651
35-3023.01,17594,0.0352285438984993,0.0209059233449477
35-3023.01,17595,0.0076242787004737,0.0069686411149825
35-3023.01,17596,0.0421106332001722,0.0034843205574912
35-3023.01,17597,0.0604754676185702,0.0418118466898954
35-3023.01,17598,0.0330831728774068,0.0209059233449477
35-3023.01,17599,0.0260669380858207,0.0139372822299651
11-9179.02,17600,0.0296480443549636,0.0372093023255813
11-9179.02,17601,0.0748083455263567,0.0465116279069767
11-9179.02,17602,0.0192907226333072,0.0372093023255813
11-9179.02,17603,0.0301600935881809,0.0465116279069767
11-9179.02,17604,0.0170688950959302,0.027906976744186
11-9179.02,17605,0.088970290967154,0.0651162790697674
11-9179.02,17606,0.0239186530639447,0.0372093023255813
11-9179.02,17607,0.0084553282230621,0.0186046511627906
11-9179.02,17608,0.0140603636776003,0.055813953488372
11-9179.02,17609,0.0362099922573571,0.0744186046511627
11-9179.02,17610,0.0532696589569977,0.1116279069767441
11-9179.02,17612,0.0935168632190947,0.0930232558139534
11-9179.02,17613,0.0356945699672065,0.055813953488372
11-9179.02,17615,0.0132625171909044,0.055813953488372
11-9179.02,17616,0.0335883097775982,0.027906976744186
11-9179.02,17617,0.0941064611217869,0.0372093023255813
11-9179.02,17619,0.1358189777223694,0.055813953488372
11-9179.02,17620,0.0678351752078042,0.0744186046511627
41-4011.07,17654,0.0770768357550791,0.1666666666666666
41-4011.07,17655,0.10886253566112,0.125
41-4011.07,17656,0.1011216848167752,0.0625
41-4011.07,17657,0.0525257165218995,0.1041666666666666
41-4011.07,17658,0.0871141061072291,0.0833333333333333
41-4011.07,17659,0.0565939574888488,0.0416666666666666
41-4011.07,17660,0.046456914164459,0.03125
41-4011.07,17661,0.0953679792752162,0.0833333333333333
41-4011.07,17662,0.0469463520766597,0.0520833333333333
41-4011.07,17663,0.1078261033838072,0.1041666666666666
41-4011.07,17664,0.1187375488824036,0.0833333333333333
41-4011.07,17665,0.0558571165583344,0.0416666666666666
41-4011.07,17666,0.0455131493081676,0.0208333333333333
29-2099.08,17667,0.1173112970868388,0.1415929203539823
29-2099.08,17668,0.2041803117824817,0.1769911504424778
29-2099.08,17669,0.0339503878676805,0.1769911504424778
29-2099.08,17670,0.1404556975618985,0.1415929203539823
29-2099.08,17671,0.1373166652631645,0.0884955752212389
29-2099.08,17672,0.0389485015569819,0.0530973451327433
29-2099.08,17673,0.0515180779884975,0.0530973451327433
29-2099.08,17674,0.0376129324702105,0.0176991150442477
29-2099.08,17675,0.0275333123186946,0.0176991150442477
29-2099.08,17676,0.0183584705569834,0.0353982300884955
29-2099.08,17677,0.0350078854908106,0.0265486725663716
29-2099.08,17678,0.126560510731267,0.0353982300884955
29-2099.08,17679,0.0312459493244898,0.0353982300884955
43-5011.01,17680,0.0374093991865779,0.0408163265306122
43-5011.01,17681,0.0468239213272545,0.0408163265306122
43-5011.01,17682,0.0402788608682789,0.0476190476190476
43-5011.01,17683,0.0376811004746851,0.0340136054421768
43-5011.01,17684,0.0269483204361038,0.0136054421768707
43-5011.01,17686,0.04159736243344,0.0544217687074829
43-5011.01,17687,0.0409519546590378,0.0816326530612244
43-5011.01,17688,0.0334058092205976,0.0340136054421768
43-5011.01,17689,0.039383131621625,0.0680272108843537
43-5011.01,17690,0.0360247608606567,0.0408163265306122
43-5011.01,17691,0.0230966927277017,0.0204081632653061
43-5011.01,17692,0.0368798059140752,0.0544217687074829
43-5011.01,17693,0.039142822124039,0.0408163265306122
43-5011.01,17695,0.0343073308754715,0.0272108843537414
43-5011.01,17696,0.0346070657348109,0.0544217687074829
43-5011.01,17697,0.0217180879847061,0.0136054421768707
43-5011.01,17698,0.0300385813061874,0.0272108843537414
43-5011.01,17699,0.0299965652614168,0.0476190476190476
43-5011.01,17700,0.0316395520400361,0.0272108843537414
43-5011.01,17701,0.0347390221097584,0.0408163265306122
43-5011.01,17702,0.0258370540219819,0.0272108843537414
43-5011.01,17703,0.026040233033441,0.0136054421768707
43-5011.01,17704,0.0314774809825876,0.0476190476190476
43-5011.01,17705,0.024653941041182,0.0068027210884353
15-2099.01,17706,0.0726552694812525,0.075187969924812
15-2099.01,17707,0.0570425430570621,0.0902255639097744
15-2099.01,17708,0.0118313612645911,0.0451127819548872
15-2099.01,17709,0.0819331577441136,0.150375939849624
15-2099.01,17710,0.0291227868318521,0.0601503759398496
15-2099.01,17711,0.0522431226692196,0.0300751879699248
15-2099.01,17712,0.0284421841807141,0.0451127819548872
15-2099.01,17713,0.0295310724092871,0.0451127819548872
15-2099.01,17714,0.0235356805982879,0.0451127819548872
15-2099.01,17715,0.026464768139559,0.075187969924812
15-2099.01,17716,0.0278839966797343,0.0300751879699248
15-2099.01,17717,0.0179364993272535,0.0300751879699248
15-2099.01,17719,0.0022836883506821,0.0225563909774436
15-2099.01,17720,0.0614153586327686,0.075187969924812
15-2099.01,17721,0.0673998726866912,0.0601503759398496
15-2099.01,17722,0.0137030486785707,0.0300751879699248
15-2099.01,17724,0.0164843001824194,0.0300751879699248
47-1011.03,17726,0.1641733573258862,0.1612903225806451
47-1011.03,17727,0.0204940483124346,0.064516129032258
47-1011.03,17728,0.0288704483856031,0.0483870967741935
47-1011.03,17729,0.0313625428265849,0.032258064516129
47-1011.03,17730,0.0501554206896062,0.0967741935483871
47-1011.03,17731,0.039922264811581,0.0483870967741935
47-1011.03,17732,0.1032925578708345,0.0483870967741935
47-1011.03,17733,0.0116068370698461,0.064516129032258
47-1011.03,17734,0.0318500275098702,0.0483870967741935
47-1011.03,17735,0.0843712096663913,0.064516129032258
47-1011.03,17737,0.0632573938891221,0.032258064516129
47-1011.03,17738,0.0423873131702083,0.0967741935483871
47-1011.03,17739,0.014056403235445,0.032258064516129
47-2231.00,17740,0.0610531456750281,0.1621621621621621
47-2231.00,17741,0.0256084604185983,0.027027027027027
47-2231.00,17742,0.0714101145978113,0.2027027027027027
47-2231.00,17743,0.0180327959248208,0.054054054054054
47-2231.00,17744,0.018679082433689,0.0135135135135135
47-2231.00,17745,0.0581431965965378,0.0405405405405405
47-2231.00,17746,0.0504308900060693,0.0405405405405405
47-2231.00,17747,0.0299955584062467,0.027027027027027
47-2231.00,17748,0.0209000733695658,0.0202702702702702
47-2231.00,17749,0.0287270028378823,0.0202702702702702
47-2231.00,17750,0.0566111226936292,0.0135135135135135
47-2231.00,17751,0.0625853127364456,0.0202702702702702
47-2231.00,17752,0.0211618515630023,0.027027027027027
47-2231.00,17753,0.0651008895795771,0.0202702702702702
47-2231.00,17754,0.0538929869454869,0.0202702702702702
47-2231.00,17755,0.0361373482770841,0.027027027027027
47-2231.00,17756,0.0589943524926074,0.081081081081081
47-2231.00,17757,0.0307780181582965,0.0135135135135135
47-2231.00,17758,0.0204558338828624,0.0202702702702702
47-2231.00,17759,0.0219335196963197,0.0202702702702702
47-2231.00,17760,0.0132529811314085,0.0135135135135135
47-2231.00,17761,0.0304982290029962,0.027027027027027
47-2231.00,17762,0.0324223848384386,0.027027027027027
47-2231.00,17763,0.0217549576712755,0.0202702702702702
47-2231.00,17764,0.017004365098014,0.0135135135135135
47-2231.00,17765,0.0744355259663052,0.027027027027027
47-2152.04,17766,0.0416916753799299,0.0267857142857142
47-2152.04,17767,0.0653691471989047,0.0714285714285714
47-2152.04,17768,0.0551795237843537,0.0089285714285714
47-2152.04,17769,0.0559655189574603,0.0357142857142857
47-2152.04,17770,0.0384246335429879,0.0625
47-2152.04,17771,0.062602029808164,0.0357142857142857
47-2152.04,17772,0.0510247485830863,0.0357142857142857
47-2152.04,17773,0.0627475849557998,0.0267857142857142
47-2152.04,17774,0.0378543783049144,0.0535714285714285
47-2152.04,17775,0.0762635087182449,0.1071428571428571
47-2152.04,17776,0.0405159787529428,0.0892857142857142
47-2152.04,17777,0.0233853713117783,0.0446428571428571
47-2152.04,17778,0.0449595532264761,0.0267857142857142
47-2152.04,17779,0.0464484684200924,0.0535714285714285
47-2152.04,17780,0.0472215841910096,0.0892857142857142
47-2152.04,17781,0.0248330733850332,0.0446428571428571
47-2152.04,17782,0.0699650328316661,0.0535714285714285
47-2152.04,17783,0.0135659878372031,0.0178571428571428
47-2152.04,17784,0.0554003899630737,0.0446428571428571
47-2152.04,17785,0.0527106520261991,0.0446428571428571
47-2152.04,17786,0.0338711588206786,0.0267857142857142
49-9081.00,17806,0.1233279496383212,0.1349206349206349
49-9081.00,17807,0.1068749029873928,0.1904761904761904
49-9081.00,17808,0.0867795235926508,0.1111111111111111
49-9081.00,17809,0.1005085138297129,0.1904761904761904
49-9081.00,17810,0.1043893174668899,0.0396825396825396
49-9081.00,17811,0.0941681410158662,0.0873015873015873
49-9081.00,17812,0.0650858812961977,0.0555555555555555
49-9081.00,17813,0.0008195536330048,0.0396825396825396
49-9081.00,17814,0.0379718119166031,0.0317460317460317
49-9081.00,17815,0.0627664785297705,0.0396825396825396
49-9081.00,17817,0.028956779004574,0.0238095238095238
51-8099.01,17818,0.0440409634697387,0.0493827160493827
51-8099.01,17819,0.0627117158011027,0.0987654320987654
51-8099.01,17820,0.0690459821087259,0.074074074074074
51-8099.01,17821,0.0969713032481264,0.0987654320987654
51-8099.01,17822,0.0617523940480485,0.0617283950617283
51-8099.01,17823,0.0451699945370226,0.0185185185185185
51-8099.01,17824,0.0172717212785685,0.0185185185185185
51-8099.01,17825,0.0868630700229975,0.074074074074074
51-8099.01,17826,0.0457554418138853,0.037037037037037
51-8099.01,17827,0.0551092156975382,0.037037037037037
51-8099.01,17828,0.0799105335612502,0.0617283950617283
51-8099.01,17829,0.07563375636139,0.0246913580246913
51-8099.01,17830,0.0860067864068493,0.1481481481481481
51-8099.01,17831,0.042464238274609,0.0246913580246913
51-8099.01,17832,0.0508204027299136,0.0493827160493827
51-8099.01,17833,0.0342477530257368,0.037037037037037
51-8099.01,17834,0.0287868363522624,0.0123456790123456
51-8099.01,17835,0.0124098873134391,0.0493827160493827
51-8099.01,17836,0.0050280039487945,0.0246913580246913
51-8013.03,17854,0.052823353540282,0.05
51-8013.03,17855,0.0867702222816996,0.075
51-8013.03,17856,0.0195929758409358,0.0625
51-8013.03,17857,0.0401426129289027,0.025
51-8013.03,17858,0.0495522492101473,0.05
51-8013.03,17859,0.0225690819350146,0.025
51-8013.03,17860,0.0798406096978858,0.075
51-8013.03,17861,0.095781823225914,0.125
51-8013.03,17862,0.0967006123663819,0.1
51-8013.03,17863,0.0811874413672131,0.0625
51-8013.03,17864,0.0954263272840211,0.1
51-8013.03,17865,0.0205218032550256,0.0375
51-8013.03,17866,0.0998066216838651,0.0625
51-8013.03,17867,0.0442651437572435,0.0375
51-8013.03,17868,0.0113426849157717,0.0125
51-8013.03,17869,0.0308265399729762,0.0125
53-7062.04,17872,0.0458287639515222,0.1658986175115207
53-7062.04,17874,0.0528720979664053,0.1105990783410138
53-7062.04,17876,0.0213079650012255,0.0460829493087557
53-7062.04,17877,0.0523658871278859,0.064516129032258
53-7062.04,17878,0.0754789900699385,0.0599078341013824
53-7062.04,17879,0.0390223877979932,0.0552995391705069
53-7062.04,17882,0.049800922687631,0.0737327188940092
53-7062.04,17884,0.0429926003971538,0.0460829493087557
53-7062.04,17886,0.0213763111198783,0.0276497695852534
53-1042.01,17888,0.0369777556549385,0.081967213114754
53-1042.01,17889,0.0870132342358475,0.0983606557377049
53-1042.01,17890,0.0655385129487835,0.0491803278688524
53-1042.01,17891,0.0423064622540561,0.0491803278688524
53-1042.01,17892,0.0189708704305381,0.0655737704918032
53-1042.01,17893,0.0208818727075041,0.0327868852459016
53-1042.01,17894,0.0015605221975136,0.0245901639344262
53-1042.01,17895,0.0168704861733865,0.0327868852459016
53-1042.01,17896,0.0044424772684218,0.0327868852459016
53-1042.01,17897,0.0057678246736644,0.0245901639344262
53-1042.01,17898,0.0123384140318205,0.0327868852459016
53-1042.01,17899,0.0027439600708622,0.0245901639344262
53-1042.01,17900,0.0272258733338901,0.0327868852459016
53-1042.01,17902,0.0180194306911905,0.040983606557377
53-1042.01,17904,0.0393954469608585,0.0491803278688524
53-1042.01,17905,0.0205611996712638,0.0327868852459016
53-1042.01,17906,0.0190525818599345,0.0491803278688524
53-1042.01,17907,0.0516213829956691,0.0655737704918032
53-1042.01,17908,0.037202930245529,0.0491803278688524
53-1042.01,17909,0.014752407184868,0.0327868852459016
53-1042.01,17910,0.0558483543281861,0.0491803278688524
51-8013.04,17911,0.0518640543524354,0.0606060606060606
51-8013.04,17913,0.0718997466080002,0.053030303030303
51-8013.04,17914,0.1005228954942344,0.0378787878787878
51-8013.04,17915,0.0545195939116584,0.0454545454545454
51-8013.04,17916,0.0706119583439556,0.0757575757575757
51-8013.04,17917,0.0243551427714451,0.0454545454545454
51-8013.04,17918,0.0973689828479611,0.053030303030303
51-8013.04,17919,0.0396230633680895,0.0909090909090909
51-8013.04,17920,0.023602300097045,0.0378787878787878
51-8013.04,17921,0.0937255091322701,0.0757575757575757
51-8013.04,17922,0.1114460405979549,0.0606060606060606
51-8013.04,17923,0.0249515211880103,0.0454545454545454
51-8013.04,17924,0.0194510488846356,0.0378787878787878
51-8013.04,17925,0.030444419264472,0.0227272727272727
51-8013.04,17926,0.0235003541384038,0.0151515151515151
51-8013.04,17927,0.0072032251937256,0.0151515151515151
51-8013.04,17928,0.0237643764095316,0.0303030303030303
51-8013.04,17929,0.028650867380473,0.0227272727272727
51-8013.04,17930,0.0386161935939862,0.0303030303030303
51-8013.04,17931,0.011428817204946,0.0227272727272727
49-9099.01,17932,0.0245055982205517,0.075
49-9099.01,17933,0.0097231004274638,0.075
49-9099.01,17934,0.0541487944045459,0.1
49-9099.01,17935,0.036049933339851,0.05
49-9099.01,17938,0.0073851922975329,0.03125
49-9099.01,17939,0.0042756278033991,0.01875
49-9099.01,17941,0.0110302359583407,0.025
49-9099.01,17942,0.0179958532205726,0.01875
49-9099.01,17943,0.0163235797203426,0.0375
49-9099.01,17944,0.0223285841037633,0.05
49-9099.01,17945,0.0145378800579744,0.05
49-9099.01,17946,0.0066889642130107,0.0375
49-9099.01,17949,0.0081969826015901,0.01875
49-9099.01,17950,0.0489080656507024,0.0625
49-9099.01,17951,0.0162980505231513,0.0125
49-9099.01,17953,0.0143680988345166,0.025
49-9099.01,17955,0.0613136764806762,0.05
49-9099.01,17956,0.0160791005740021,0.0125
11-9151.00,18463,0.0665186681586066,0.072072072072072
11-9151.00,18464,0.0192686977427099,0.036036036036036
19-2031.00,18474,0.0507203288122775,0.0517241379310344
19-2031.00,18475,0.0732366919436896,0.1379310344827586
19-4031.00,18477,0.0412173269090632,0.0253164556962025
19-4092.00,18478,0.0730020046209564,0.1223021582733813
19-4092.00,18479,0.0335275549783931,0.0575539568345323
19-4092.00,18481,0.0080827231122569,0.014388489208633
19-4092.00,18482,0.0026591418701257,0.0215827338129496
21-1023.00,18487,0.0770898293243298,0.1300813008130081
21-1023.00,18488,0.0679319636697025,0.048780487804878
21-1023.00,18489,0.075803004087899,0.065040650406504
21-1023.00,18490,0.018387506221164,0.032520325203252
23-2011.00,18491,0.086811633942509,0.1834862385321101
23-2011.00,18492,0.0271932062788953,0.091743119266055
23-2011.00,18493,0.0321374384983589,0.073394495412844
23-2011.00,18494,0.0244211014121572,0.036697247706422
25-4031.00,18510,0.0860203864268205,0.0935672514619883
25-4031.00,18511,0.076365624713073,0.0935672514619883
25-4031.00,18512,0.0894928386927978,0.0935672514619883
25-4031.00,18513,0.0300918494569183,0.023391812865497
25-4031.00,18514,0.0060134036165543,0.023391812865497
25-4031.00,18515,0.0358846787769223,0.023391812865497
25-4031.00,18516,0.0141600599344011,0.0058479532163742
25-4031.00,18517,0.0110839455540605,0.023391812865497
25-4031.00,18518,0.013874673435962,0.0116959064327485
29-1126.00,18522,0.0961367659140577,0.0705128205128205
29-1127.00,18523,0.0466466674765484,0.0551724137931034
29-1127.00,18524,0.093718282190401,0.1103448275862069
29-1127.00,18525,0.0513008661231338,0.0413793103448275
29-1127.00,18526,0.0494811031185969,0.0551724137931034
29-1127.00,18527,0.0585029196764135,0.0689655172413793
29-1127.00,18528,0.0577757862946662,0.0413793103448275
29-1127.00,18529,0.002006510128849,0.0206896551724137
29-1127.00,18530,0.0431811576174775,0.0344827586206896
29-1127.00,18531,0.0258862177066382,0.0206896551724137
29-1131.00,18532,0.0884794584133848,0.1228323699421965
29-1131.00,18534,0.0269767409649724,0.0867052023121387
29-2012.00,18535,0.0815722536920244,0.075187969924812
29-1292.00,18536,0.1028667985083792,0.0744186046511627
29-1292.00,18537,0.0835165199429927,0.0651162790697674
29-1292.00,18538,0.0643308786423319,0.0744186046511627
29-1292.00,18539,0.0578958568849104,0.0186046511627906
29-2052.00,18544,0.05418740530491,0.1379310344827586
29-2052.00,18545,0.0453230498320285,0.0459770114942528
29-2052.00,18546,0.0185380118655931,0.0229885057471264
29-2056.00,18548,0.0292850171560424,0.0129032258064516
29-2056.00,18549,0.0109546863910966,0.0193548387096774
29-2056.00,18550,0.014431161428918,0.0129032258064516
31-9091.00,18552,0.0280560878392777,0.036697247706422
31-9091.00,18553,0.0146435695846428,0.018348623853211
39-9032.00,18557,0.0248353279728252,0.0375
39-9032.00,18558,0.0069671571123855,0.0375
43-3011.00,18559,0.1023567249608611,0.0606060606060606
43-3011.00,18560,0.0170967284575856,0.0303030303030303
43-3031.00,18561,0.0052277942890261,0.032520325203252
43-3051.00,18562,0.0224670047351949,0.0451127819548872
43-3051.00,18563,0.0469110434760099,0.0451127819548872
43-4051.00,18565,0.1288050571747414,0.316546762589928
43-4081.00,18566,0.0213571536577797,0.0404858299595141
43-4081.00,18567,0.0649282610512078,0.097165991902834
43-4081.00,18568,0.0263162270265735,0.0323886639676113
43-4081.00,18569,0.0149053083125603,0.0323886639676113
43-4081.00,18570,0.020378951818611,0.0161943319838056
43-4161.00,18572,0.1213239067166918,0.1259842519685039
43-6011.00,18573,0.0949970106942247,0.0869565217391304
43-6011.00,18574,0.0562598712977605,0.0579710144927536
43-6011.00,18575,0.0099346714359672,0.0434782608695652
43-6011.00,18576,0.0348260878438323,0.0579710144927536
43-6011.00,18577,0.0296764530638714,0.0217391304347826
49-3021.00,18580,0.0669348362968758,0.0390625
49-3031.00,18582,0.0240209240374124,0.0261780104712041
49-3042.00,18583,0.0340545888462632,0.0629921259842519
49-3042.00,18584,0.0432231124463252,0.0314960629921259
11-2011.00,18586,0.0188899646701498,0.0327868852459016
11-9032.00,18587,0.0121686715036441,0.02
11-9032.00,18588,0.032839273173143,0.04
11-9032.00,18589,0.0071627302417772,0.0133333333333333
11-9032.00,18590,0.0106243260646707,0.0266666666666666
11-9032.00,18591,0.0131982213446711,0.04
11-9032.00,18592,0.0159492424755541,0.02
11-9033.00,18593,0.0288531756916077,0.0419580419580419
11-9033.00,18594,0.0544702771159715,0.0839160839160839
11-9033.00,18595,0.0096597498781215,0.0419580419580419
11-9033.00,18596,0.0254719609354488,0.0419580419580419
11-9081.00,18599,0.0310555679596523,0.0410958904109589
11-9081.00,18600,0.0340970988561027,0.0273972602739726
17-2112.00,18607,0.0398447898810874,0.056338028169014
17-2112.00,18608,0.0189909243622778,0.056338028169014
17-2112.00,18609,0.0480303970451055,0.0845070422535211
17-2151.00,18610,0.0247319626991305,0.0769230769230769
19-1029.04,18614,0.0111318558778859,0.0384615384615384
19-1023.00,18615,0.0443988375360526,0.046875
19-1023.00,18616,0.0222502976049991,0.03125
19-3034.00,18619,0.049809635042773,0.110091743119266
21-1011.00,18622,0.035523414789171,0.0342465753424657
21-1011.00,18623,0.0342577189874271,0.0205479452054794
21-1012.00,18624,0.032560152348757,0.0625
21-1012.00,18625,0.0298423836024214,0.05
21-1012.00,18626,0.0047276823968831,0.0125
21-1012.00,18627,0.0759689418769143,0.125
21-1012.00,18628,0.0068345227754205,0.03125
21-1012.00,18629,0.0071103302556361,0.01875
21-1012.00,18630,0.0103545122300477,0.0375
21-1012.00,18631,0.0057503891014274,0.025
21-1012.00,18632,0.0345934383573894,0.0125
21-1012.00,18633,0.0033576632185375,0.0125
21-1012.00,18634,0.032255068718993,0.01875
21-1012.00,18635,0.0069365097088327,0.0125
25-2022.00,18638,0.0290598057197573,0.0294117647058823
25-2022.00,18639,0.0041995224780893,0.0176470588235294
25-2022.00,18640,0.0061289900380334,0.0176470588235294
25-4012.00,18641,0.0567526568428114,0.1509433962264151
25-4012.00,18642,0.0224080616050795,0.0566037735849056
25-4013.00,18644,0.029400664631081,0.0412371134020618
27-4011.00,18649,0.0359566109751883,0.1438848920863309
27-4011.00,18650,0.068419699625615,0.0575539568345323
27-4011.00,18651,0.0254567841638211,0.014388489208633
27-4011.00,18652,0.0211470930794427,0.014388489208633
27-4012.00,18653,0.058985176749416,0.048780487804878
27-4012.00,18654,0.0912131095689272,0.0780487804878048
27-4012.00,18655,0.0465127896528699,0.0390243902439024
27-4012.00,18656,0.0126167175562761,0.0390243902439024
27-4012.00,18657,0.0182993070479718,0.0195121951219512
27-4012.00,18658,0.0127707007341995,0.0097560975609756
27-4031.00,18663,0.072908776315002,0.0231213872832369
27-4031.00,18664,0.0503905650400336,0.0578034682080924
27-4031.00,18665,0.0407903955162616,0.0462427745664739
27-4031.00,18666,0.0421348323217023,0.0346820809248554
27-4031.00,18667,0.0070671261444556,0.0173410404624277
27-4031.00,18668,0.0215401282157367,0.0346820809248554
27-4031.00,18669,0.0214974339746455,0.0057803468208092
27-4031.00,18670,0.0032615146321882,0.0057803468208092
27-4031.00,18671,0.006867954224993,0.0057803468208092
29-9091.00,18691,0.0967778047172267,0.0763358778625954
29-9091.00,18692,0.0052110823470858,0.0229007633587786
29-9091.00,18693,0.0205183658652894,0.015267175572519
31-1121.00,18694,0.089817098010507,0.1076923076923077
31-1121.00,18695,0.0519224142129219,0.0384615384615384
31-1133.00,18696,0.1192674724208679,0.1265822784810126
31-1133.00,18697,0.0700456861681745,0.0632911392405063
31-1133.00,18698,0.055039192054939,0.0379746835443038
31-2011.00,18699,0.060279429327992,0.0359281437125748
31-2011.00,18700,0.0074823144223201,0.0119760479041916
31-2011.00,18701,0.0071995124250117,0.0239520958083832
31-9093.00,18702,0.0391179826073766,0.0544217687074829
31-9093.00,18703,0.0634035082986388,0.0408163265306122
31-9095.00,18704,0.0141731455210756,0.0591715976331361
33-3021.02,18708,0.1820033631117008,0.1333333333333333
33-3021.02,18709,0.0939897939910816,0.0466666666666666
33-3021.02,18710,0.1070749518916937,0.0933333333333333
33-3021.02,18711,0.019060817601761,0.04
33-3021.02,18712,0.0078428285190663,0.02
33-3021.02,18713,0.0483647709826406,0.0333333333333333
35-1012.00,18715,0.0551837920119421,0.0625
35-1012.00,18717,0.0187698877851484,0.05
35-1012.00,18719,0.0240965142423641,0.0375
35-1012.00,18720,0.0233664032001428,0.01875
35-1012.00,18721,0.022248331514645,0.0125
35-2014.00,18722,0.0850610665304436,0.0573770491803278
35-2014.00,18723,0.0723079608438645,0.0491803278688524
35-2014.00,18724,0.0586339507550311,0.0245901639344262
35-2015.00,18725,0.1126758510645479,0.0602409638554216
35-2015.00,18726,0.1295370110650182,0.1204819277108433
35-2015.00,18727,0.1012995642628346,0.0602409638554216
35-2021.00,18728,0.0781531815534564,0.0855614973262032
35-2021.00,18729,0.0292342806393569,0.106951871657754
35-2021.00,18730,0.0316597028498494,0.0106951871657754
35-2021.00,18731,0.0333803990466286,0.0855614973262032
35-2021.00,18732,0.0213876867497098,0.0053475935828877
35-2021.00,18734,0.0241418928606388,0.0213903743315508
35-3011.00,18735,0.0515168431311395,0.0666666666666666
35-3031.00,18745,0.0635295743312569,0.0796812749003984
35-3031.00,18746,0.042255911867707,0.0239043824701195
35-3031.00,18747,0.041828402343772,0.0398406374501992
35-3031.00,18748,0.0206577406706745,0.0039840637450199
35-9031.00,18749,0.0769942391483926,0.1164483260553129
35-9031.00,18750,0.059932217081283,0.0727802037845705
35-9031.00,18751,0.0530784492770052,0.0873362445414847
35-9031.00,18752,0.0564838232535684,0.0436681222707423
35-9031.00,18753,0.0331162954318113,0.0218340611353711
35-9031.00,18754,0.0399317319623477,0.0582241630276564
39-9011.00,18756,0.0904003897272773,0.1003344481605351
39-9011.00,18757,0.0450817218948705,0.0167224080267558
39-9011.00,18758,0.0323527295246932,0.0501672240802675
39-9011.00,18759,0.0225127732037415,0.0167224080267558
39-9011.00,18760,0.0209249025425354,0.0501672240802675
39-9011.00,18761,0.0439054558575759,0.0167224080267558
39-9011.00,18762,0.0222899121817369,0.0501672240802675
39-9011.00,18763,0.0088417138137521,0.0133779264214046
39-9011.00,18764,0.0210562483796732,0.0066889632107023
41-2011.00,18765,0.0316253617143788,0.0225988700564971
41-2011.00,18766,0.0280823298464835,0.0338983050847457
41-2011.00,18767,0.0155096572150105,0.0225988700564971
41-2011.00,18768,0.012499507467204,0.0112994350282485
43-4121.00,18769,0.0172195670117323,0.0214285714285714
43-4121.00,18770,0.0771572799018426,0.0428571428571428
43-4121.00,18771,0.0155605226686815,0.0142857142857142
43-4121.00,18772,0.0280945243994509,0.0285714285714285
43-4121.00,18773,0.0573849328561387,0.0285714285714285
43-4121.00,18774,0.0411283826412918,0.1714285714285714
43-4121.00,18775,0.0128286103520691,0.0071428571428571
43-4121.00,18776,0.0079193110297751,0.0142857142857142
43-4121.00,18777,0.0007399208417728,0.0071428571428571
43-4121.00,18778,0.0028516082236189,0.0071428571428571
43-4121.00,18779,0.0004566663507965,0.0035714285714285
43-6012.00,18780,0.0175396770104738,0.0535714285714285
47-4051.00,18783,0.0176854487407852,0.040983606557377
47-4051.00,18784,0.0315469708319264,0.1311475409836065
53-3052.00,18794,0.1496918835144412,0.5426356589147286
53-3052.00,18795,0.0827086351878753,0.0581395348837209
53-3052.00,18796,0.0405161198498702,0.0096899224806201
53-3052.00,18797,0.0538348894841632,0.0290697674418604
53-3052.00,18798,0.0984562776917558,0.0775193798449612
53-3052.00,18799,0.0349127825133428,0.0290697674418604
11-9171.00,18830,0.0080038226193965,0.029126213592233
11-9171.00,18831,0.0021495336153145,0.0097087378640776
11-9171.00,18832,0.1376160260591383,0.1553398058252427
11-9171.00,18833,0.0986153389529457,0.116504854368932
11-9171.00,18835,0.1021659854409623,0.0388349514563106
11-9171.00,18836,0.029077900025902,0.058252427184466
11-9171.00,18837,0.063851105959523,0.0776699029126213
11-9171.00,18838,0.005542012925296,0.029126213592233
11-9171.00,18839,0.0053134998645865,0.0194174757281553
11-9171.00,18840,0.0306035226035963,0.0485436893203883
11-9171.00,18841,0.019063364816957,0.0388349514563106
11-9171.00,18842,0.0940364069023434,0.058252427184466
11-9171.00,18843,0.0736292515530618,0.0776699029126213
11-9171.00,18844,0.0117118369636121,0.0194174757281553
11-9171.00,18845,0.0104572112557484,0.0097087378640776
11-9171.00,18846,0.0859704382569471,0.0776699029126213
11-9171.00,18847,0.0246176917979502,0.0194174757281553
11-9171.00,18848,0.0176665520435341,0.0194174757281553
11-9171.00,18849,0.0339654577247319,0.0097087378640776
11-9171.00,18850,0.001142183535111,0.0097087378640776
11-9171.00,18851,0.0457614751038637,0.029126213592233
13-1071.00,18852,0.007449014720296,0.044776119402985
13-1071.00,18853,0.0186791814241205,0.0373134328358208
13-1071.00,18854,0.0030162245387304,0.0223880597014925
13-1071.00,18856,0.0049286698261357,0.0298507462686567
13-1071.00,18857,0.0272632934687401,0.0298507462686567
13-1071.00,18859,0.0469147343087997,0.0522388059701492
13-1071.00,18860,0.02518581033741,0.044776119402985
13-1071.00,18861,0.0508990863327665,0.0597014925373134
13-1071.00,18862,0.0240228564704488,0.0895522388059701
13-1071.00,18863,0.0073270978098884,0.0298507462686567
13-1071.00,18864,0.0182801451965077,0.0223880597014925
13-1071.00,18865,0.0340274151905692,0.0746268656716417
13-1071.00,18866,0.0365150317976796,0.0746268656716417
13-1071.00,18867,0.0076330044236859,0.0223880597014925
13-1071.00,18868,0.0768939026722991,0.0746268656716417
13-1071.00,18869,0.0143937750747225,0.0149253731343283
13-1071.00,18871,0.0487427235341764,0.044776119402985
13-1071.00,18872,0.0374264396857045,0.0223880597014925
13-1071.00,18874,0.0137864127693766,0.0149253731343283
13-1071.00,18875,0.0034173909684629,0.0074626865671641
13-1071.00,18876,0.0535671915573034,0.0074626865671641
15-1231.00,18989,0.077545207114531,0.0416666666666666
15-1231.00,18990,0.055418122146439,0.0347222222222222
15-1231.00,18991,0.0730532358858447,0.0555555555555555
15-1231.00,18992,0.0439346010668328,0.0555555555555555
15-1231.00,18993,0.0711279261812249,0.0486111111111111
15-1231.00,18994,0.0618167795003722,0.0416666666666666
15-1231.00,18995,0.0692664746307363,0.0833333333333333
15-1231.00,18996,0.025746386278191,0.0277777777777777
15-1231.00,18997,0.0310626884178611,0.0347222222222222
15-1231.00,18998,0.0257182692913484,0.0416666666666666
15-1231.00,18999,0.0079186394648328,0.0208333333333333
15-1231.00,19000,0.0167603767174545,0.0555555555555555
15-1231.00,19001,0.0156124501191455,0.0277777777777777
15-1231.00,19002,0.0580490400853981,0.1111111111111111
15-1231.00,19003,0.0172198714940814,0.0208333333333333
15-1231.00,19004,0.0409307960669386,0.0277777777777777
15-1231.00,19005,0.0057890947218575,0.0138888888888888
15-1231.00,19006,0.0101936772756808,0.0277777777777777
15-1231.00,19007,0.0788327388900002,0.0555555555555555
15-1231.00,19008,0.0322529587930058,0.0138888888888888
15-1231.00,19009,0.021367325920118,0.0208333333333333
15-1231.00,19010,0.0768127580695766,0.0833333333333333
15-1231.00,19011,0.0150495808537302,0.0208333333333333
15-1231.00,19012,0.0025070573038586,0.0069444444444444
15-1231.00,19013,0.0302875838944132,0.0138888888888888
15-1231.00,19014,0.0357263598165254,0.0138888888888888
21-1094.00,19017,0.0253121084491452,0.0592105263157894
21-1094.00,19019,0.0089744837808679,0.0197368421052631
21-1094.00,19021,0.0073708602592897,0.0197368421052631
21-1094.00,19023,0.0089819252202215,0.0263157894736842
21-1094.00,19024,0.0029875149724756,0.0328947368421052
21-1094.00,19025,0.0010985704853735,0.0855263157894736
21-1094.00,19027,0.0059591161916806,0.0263157894736842
21-1094.00,19028,0.0110919068292221,0.0460526315789473
21-1094.00,19029,0.0043764722311496,0.0460526315789473
21-1094.00,19030,0.0057452505266914,0.0328947368421052
21-1094.00,19031,0.035506155099146,0.0921052631578947
21-1094.00,19032,0.0071642525696777,0.0197368421052631
21-1094.00,19036,0.0071761599795678,0.0460526315789473
21-1094.00,19038,0.0053084160177097,0.0328947368421052
21-1094.00,19040,0.0062053314088932,0.0197368421052631
21-1094.00,19041,0.0037324137306552,0.0328947368421052
21-1094.00,19042,0.0001844114996454,0.006578947368421
23-1012.00,19044,0.0081726935192104,0.0775193798449612
23-1012.00,19045,0.0120906310379778,0.0310077519379844
23-1012.00,19046,0.0475959310845454,0.0465116279069767
23-1012.00,19047,0.060256883904338,0.1550387596899224
23-1012.00,19048,0.0094281140337923,0.0310077519379844
23-1012.00,19049,0.0063520852738087,0.0310077519379844
23-1012.00,19050,0.0955844819380927,0.1550387596899224
23-1012.00,19051,0.0987704549378349,0.1860465116279069
23-1012.00,19052,0.0651984247428082,0.1240310077519379
23-1012.00,19056,0.0089089843133865,0.0155038759689922
23-1012.00,19058,0.0010350228379224,0.0077519379844961
23-1012.00,19060,0.0043191837548435,0.0077519379844961
23-1012.00,19061,0.0177453126225608,0.0232558139534883
25-2051.00,19063,0.0257219058341869,0.0160427807486631
25-2051.00,19064,0.0526241256751379,0.053475935828877
25-2051.00,19065,0.0726505136073851,0.053475935828877
25-2051.00,19066,0.0114728087309817,0.0160427807486631
25-2051.00,19067,0.0044577987121834,0.0320855614973262
25-2051.00,19068,0.0374068828201254,0.0320855614973262
25-2051.00,19069,0.0708402686330461,0.0855614973262032
25-2051.00,19070,0.0500257500942786,0.0320855614973262
25-2051.00,19071,0.033318438017136,0.0106951871657754
25-2051.00,19072,0.0555543080957842,0.0427807486631016
25-2051.00,19073,0.0486838361506431,0.0213903743315508
25-2051.00,19075,0.0191253101474756,0.0160427807486631
25-2051.00,19076,0.0409930997199784,0.0427807486631016
25-2051.00,19077,0.0272706685284994,0.0374331550802139
25-2051.00,19078,0.0093058874661115,0.0106951871657754
25-2051.00,19079,0.019585987594067,0.0267379679144385
25-2051.00,19080,0.0117675189382961,0.0213903743315508
25-2051.00,19081,0.0173789525462098,0.0160427807486631
25-2051.00,19082,0.024688392680303,0.0267379679144385
25-2051.00,19083,0.0198126119428141,0.0267379679144385
25-2051.00,19084,0.0686116176651847,0.0855614973262032
25-2051.00,19085,0.0710523000422231,0.0641711229946524
25-2051.00,19086,0.036249088264887,0.0320855614973262
25-2051.00,19087,0.0062343773537285,0.0160427807486631
25-2051.00,19088,0.0047563617722898,0.0106951871657754
25-2051.00,19089,0.0114383718878039,0.0106951871657754
25-2051.00,19090,0.009029574589492,0.0213903743315508
25-2051.00,19091,0.0138218505163662,0.0053475935828877
25-2051.00,19092,0.0065186576284271,0.0053475935828877
25-2051.00,19093,0.0233770556224569,0.0320855614973262
25-2051.00,19094,0.0057717950170748,0.0160427807486631
25-2051.00,19095,0.0148563808040819,0.0053475935828877
25-2051.00,19096,0.0078150202218124,0.0106951871657754
25-2051.00,19097,0.004141964011212,0.0213903743315508
25-2051.00,19098,0.0224341591593183,0.0213903743315508
29-9093.00,19288,0.0352564346933638,0.012
29-9093.00,19289,0.0371042756215774,0.052
29-9093.00,19290,0.0358643203869763,0.012
29-9093.00,19291,0.0153218844348458,0.02
29-9093.00,19292,0.0335129906235306,0.012
29-9093.00,19293,0.0527287722759735,0.08
29-9093.00,19294,0.0492874577348915,0.028
29-9093.00,19295,0.0262645551804624,0.008
29-9093.00,19296,0.0360751779221872,0.032
29-9093.00,19297,0.0032059243935038,0.012
29-9093.00,19298,0.0703621725907159,0.144
29-9093.00,19299,0.0852708787817561,0.2
29-9093.00,19300,0.0312838248054909,0.096
29-9093.00,19301,0.0108540731382559,0.012
29-9093.00,19302,0.0422217413556349,0.02
29-9093.00,19303,0.0098836456538985,0.016
29-9093.00,19305,0.0017141462581544,0.004
29-9093.00,19306,0.0463368558301174,0.02
29-9093.00,19307,0.0440667167420961,0.024
29-9093.00,19308,0.0391574097699292,0.032
29-9093.00,19309,0.0050303897309965,0.012
29-9093.00,19310,0.0459693959204906,0.024
29-9093.00,19311,0.0225866398987205,0.012
29-9093.00,19312,0.0489492475423232,0.064
29-9093.00,19313,0.015500573122288,0.02
29-9093.00,19314,0.0164119744999933,0.012
29-9093.00,19315,0.0559631738891715,0.012
31-1131.00,19316,0.0106442719126563,0.0138888888888888
31-1131.00,19317,0.0913153328002058,0.0694444444444444
31-1131.00,19318,0.0114046538808235,0.0138888888888888
31-1131.00,19319,0.0268792363473815,0.0277777777777777
31-1131.00,19320,0.0329514828613999,0.0416666666666666
31-1131.00,19321,0.0275094322128167,0.0277777777777777
31-1131.00,19322,0.0084909708122625,0.0138888888888888
31-1131.00,19323,0.048743273925975,0.0416666666666666
31-1131.00,19324,0.0368478582147035,0.0416666666666666
31-1131.00,19325,0.0454315642107209,0.0555555555555555
31-1131.00,19326,0.0271942595399886,0.0277777777777777
31-1131.00,19327,0.0376482023237649,0.0416666666666666
31-1131.00,19328,0.031081571065936,0.0277777777777777
31-1131.00,19329,0.0139060179664248,0.0069444444444444
31-1131.00,19330,0.0345911568607164,0.0277777777777777
31-1131.00,19331,0.0569790686981841,0.0833333333333333
31-1131.00,19332,0.0137798687929012,0.0138888888888888
31-1131.00,19333,0.0244374671211511,0.0555555555555555
31-1131.00,19334,0.0259919722398814,0.0138888888888888
31-1131.00,19335,0.0244629120287173,0.0208333333333333
31-1131.00,19336,0.0216271639421491,0.0138888888888888
31-1131.00,19337,0.0163557853678193,0.0069444444444444
31-1131.00,19338,0.0156864758949788,0.0138888888888888
31-1131.00,19339,0.0362482777918734,0.0416666666666666
31-1131.00,19340,0.0240052589099055,0.0277777777777777
31-1131.00,19341,0.0623231155072105,0.0555555555555555
31-1131.00,19342,0.0389713705699918,0.0694444444444444
31-1131.00,19343,0.0290543205871923,0.0138888888888888
31-1131.00,19344,0.0174935208617711,0.0138888888888888
31-1131.00,19345,0.0158103195244798,0.0069444444444444
31-1131.00,19346,0.039924532336571,0.0416666666666666
31-1131.00,19348,0.0060898215990969,0.0138888888888888
31-1132.00,19349,0.0234631585036433,0.0606060606060606
31-1132.00,19350,0.0705207699058001,0.0151515151515151
31-1132.00,19351,0.059675654675455,0.0606060606060606
31-1132.00,19352,0.0336625274009255,0.0454545454545454
31-1132.00,19353,0.1082397567468066,0.0606060606060606
31-1132.00,19354,0.0324802368463562,0.0303030303030303
31-1132.00,19355,0.0481738839140804,0.0454545454545454
31-1132.00,19356,0.1068884159122037,0.0454545454545454
31-1132.00,19357,0.114588773147356,0.0757575757575757
31-1132.00,19358,0.0201227188058306,0.0151515151515151
31-1132.00,19360,0.0054132778088547,0.0075757575757575
31-1132.00,19361,0.0012542985680529,0.0454545454545454
31-1132.00,19362,0.0215301823195224,0.0227272727272727
31-1132.00,19363,0.0176838965920225,0.0303030303030303
31-1132.00,19365,0.0039561572020092,0.0075757575757575
31-1132.00,19366,0.1313080903484658,0.1212121212121212
31-1132.00,19367,0.0454149848655345,0.0454545454545454
31-1132.00,19368,0.036256353707698,0.0378787878787878
31-1132.00,19369,0.0160415835783252,0.0606060606060606
31-1132.00,19370,0.0280392055646478,0.0606060606060606
31-1132.00,19371,0.0152923684108177,0.0151515151515151
49-2021.00,19399,0.0063224395160974,0.0206896551724137
49-2021.00,19400,0.0087085714023148,0.0551724137931034
49-2021.00,19401,0.0738405103825167,0.0275862068965517
49-2021.00,19402,0.0166743329242754,0.0689655172413793
49-2021.00,19405,0.0032760944941148,0.0344827586206896
49-2021.00,19406,0.0082533444049939,0.0482758620689655
49-2021.00,19407,0.0870664462359018,0.0275862068965517
49-2021.00,19408,0.0172326596087415,0.0413793103448275
49-2021.00,19409,0.0596902494428298,0.0551724137931034
49-2021.00,19410,0.0351812441743941,0.0344827586206896
49-2021.00,19411,0.0131449625448315,0.0551724137931034
49-2021.00,19412,0.0402233095586422,0.0275862068965517
49-2021.00,19413,0.0072937176361636,0.0137931034482758
49-2021.00,19414,0.0121723531985845,0.0137931034482758
49-2021.00,19415,0.0282708471215492,0.0551724137931034
51-5112.00,19416,0.0126482494295227,0.015625
51-5112.00,19417,0.0585942220596536,0.046875
51-5112.00,19418,0.0399367455014866,0.0546875
51-5112.00,19419,0.0407150090836927,0.0625
51-5112.00,19420,0.0201067578851851,0.0390625
51-5112.00,19421,0.084911673704401,0.09375
51-5112.00,19422,0.0163749519620298,0.0234375
51-5112.00,19423,0.0681627033575381,0.0390625
51-5112.00,19424,0.0553928965099417,0.0546875
51-5112.00,19425,0.0445998494556704,0.03125
51-5112.00,19426,0.0574133942592593,0.078125
51-5112.00,19427,0.0637564285319892,0.125
51-5112.00,19428,0.0516239955361138,0.0390625
51-5112.00,19429,0.0496931367560479,0.046875
51-5112.00,19430,0.0803379362880219,0.0625
51-5112.00,19431,0.0545814829875284,0.03125
51-5112.00,19432,0.0158848921096805,0.015625
51-5112.00,19433,0.026696683332587,0.03125
51-5112.00,19434,0.020645029773308,0.0078125
51-5112.00,19435,0.0524604967703485,0.0234375
51-5112.00,19436,0.0262741515502328,0.015625
51-5112.00,19438,0.0178809229722079,0.046875
51-5113.00,19440,0.0094761466159346,0.0147058823529411
51-5113.00,19441,0.0175502197081228,0.0220588235294117
51-5113.00,19442,0.0233760716181385,0.0220588235294117
51-5113.00,19443,0.0219834087696037,0.0220588235294117
51-5113.00,19445,0.0179865929893079,0.0294117647058823
51-5113.00,19446,0.0065607512510041,0.0220588235294117
51-5113.00,19447,0.0263294389545733,0.0294117647058823
51-5113.00,19448,0.0503425541279956,0.0220588235294117
51-5113.00,19449,0.0113254130990265,0.0073529411764705
51-5113.00,19450,0.0530390128323466,0.1176470588235294
51-5113.00,19451,0.0056392396370702,0.0073529411764705
51-5113.00,19452,0.011785755836846,0.0367647058823529
51-5113.00,19453,0.0638298845779626,0.0367647058823529
51-5113.00,19455,0.039829560155841,0.088235294117647
51-5113.00,19456,0.040693878958281,0.0588235294117647
51-5113.00,19457,0.0454314075976163,0.1176470588235294
51-5113.00,19458,0.0687902877179847,0.0661764705882353
51-5113.00,19459,0.0545207772820028,0.0588235294117647
51-5113.00,19460,0.069958518228529,0.0588235294117647
51-5113.00,19462,0.0405417085102526,0.0294117647058823
51-5113.00,19463,0.0499678377952669,0.0441176470588235
51-5113.00,19464,0.0108954570756068,0.0147058823529411
51-9151.00,19465,0.085470239261097,0.0879120879120879
51-9151.00,19466,0.0548010563131806,0.0439560439560439
51-9151.00,19467,0.0140477529787987,0.0219780219780219
51-9151.00,19468,0.0219247045458302,0.0329670329670329
51-9151.00,19469,0.0620191355905063,0.0329670329670329
51-9151.00,19470,0.0288029439677052,0.0439560439560439
51-9151.00,19471,0.0644789146378906,0.0329670329670329
51-9151.00,19472,0.0324119199435396,0.0219780219780219
51-9151.00,19473,0.0098850714516989,0.0219780219780219
51-9151.00,19474,0.0275362561475708,0.0549450549450549
51-9151.00,19476,0.0637952358466672,0.0439560439560439
51-9151.00,19477,0.0392619121543847,0.0329670329670329
51-9151.00,19478,0.0165310510536169,0.0219780219780219
51-9151.00,19479,0.0578994253896742,0.0659340659340659
51-9151.00,19480,0.0472912074948093,0.0329670329670329
51-9151.00,19481,0.0311117696860954,0.0219780219780219
51-9151.00,19482,0.003854871840139,0.0219780219780219
51-9151.00,19483,0.0744375732302835,0.0549450549450549
51-9151.00,19484,0.0879650403771708,0.0549450549450549
51-9151.00,19486,0.0557900338737905,0.0439560439560439
51-9151.00,19491,0.0161024612390231,0.0219780219780219
51-9151.00,19492,0.0226202588179637,0.0109890109890109
51-9151.00,19496,0.0155659393579319,0.0109890109890109
51-9151.00,19499,0.0063652151208276,0.0109890109890109
51-9151.00,19500,0.0105673693709057,0.0219780219780219
11-1021.00,19501,0.0082216047505211,0.0196078431372549
11-2021.00,19502,0.0110689807153207,0.01
11-2021.00,19503,0.0019288982767117,0.01
11-2021.00,19505,0.0038433247885022,0.01
11-9041.00,19525,0.0047387231594131,0.0236220472440944
11-9041.00,19526,0.0106246713772268,0.0157480314960629
11-9041.00,19528,0.0105589400821164,0.0157480314960629
11-9199.02,19533,0.0041419280974444,0.0078740157480314
11-9199.02,19537,0.0031194134711286,0.0078740157480314
11-9199.02,19538,0.0008225471709534,0.0157480314960629
13-1022.00,19547,0.0062576293877926,0.0165289256198347
13-1022.00,19548,0.012303866414774,0.0082644628099173
13-1022.00,19551,0.0008770326750141,0.0165289256198347
17-2071.00,19619,0.0039285353213044,0.0239520958083832
17-2141.00,19628,0.0425828727968028,0.024
17-2141.00,19629,0.0069773738163109,0.016
17-2199.05,19654,0.0182974415913028,0.0287769784172661
17-2199.05,19655,0.0057081379664149,0.0431654676258992
17-3025.00,19686,0.0137757307340344,0.0147058823529411
17-3025.00,19688,0.0296904373196825,0.0441176470588235
17-3025.00,19689,0.0065437547915974,0.0147058823529411
17-3025.00,19691,0.0124527307507885,0.0367647058823529
17-3026.00,19692,0.0395509969532423,0.0204081632653061
19-4012.00,19781,0.0098809189527505,0.0285714285714285
19-4012.00,19782,0.0176192708865131,0.0428571428571428
41-4011.00,19825,0.0026073906803095,0.0069930069930069
41-4011.00,19826,0.0028955583886443,0.0069930069930069
41-4011.00,19828,0.0046838891877654,0.0139860139860139
43-5011.01,19829,0.0246277701477102,0.0136054421768707
43-5011.01,19830,0.0227555626711421,0.0136054421768707
43-5011.01,19831,0.0211536940568855,0.0068027210884353
43-5011.01,19832,0.0216745048092635,0.0204081632653061
43-5011.01,19833,0.0263001421308286,0.0068027210884353
47-2061.00,19838,0.0013383956930603,0.0128205128205128
47-2181.00,19851,0.0177390774717021,0.0178571428571428
47-2181.00,19853,0.0094398545403411,0.0238095238095238
47-2181.00,19854,0.000458013211446,0.0059523809523809
47-2211.00,19860,0.0089409419622849,0.0081967213114754
47-4041.00,19868,0.0075930190503919,0.008130081300813
47-4041.00,19869,0.0136113568144593,0.065040650406504
47-4041.00,19870,0.0360170722739805,0.024390243902439
47-4041.00,19871,0.0112476965227278,0.016260162601626
47-4041.00,19872,0.0225714886025999,0.032520325203252
47-4041.00,19873,0.0227157080589568,0.032520325203252
47-5013.00,19874,0.0049685913749722,0.0727272727272727
47-5041.00,19875,0.0190121105572314,0.0185185185185185
47-5041.00,19876,0.032044205727283,0.037037037037037
49-3031.00,19886,0.0338276231201131,0.0366492146596858
49-3031.00,19887,0.0131392602910474,0.0209424083769633
49-3031.00,19888,0.0104950788675192,0.0157068062827225
49-3031.00,19889,0.0114240667622393,0.0157068062827225
49-9071.00,19898,0.0055308524340301,0.01628664495114
49-9071.00,19899,0.0073483539304664,0.01628664495114
49-9071.00,19900,0.0041159429973853,0.00814332247557
51-2011.00,19901,0.0054867023788682,0.0105263157894736
51-2011.00,19902,0.016016500613129,0.0105263157894736
51-2011.00,19903,0.0173547293305639,0.0210526315789473
51-4041.00,19905,0.0259263945650152,0.0140845070422535
51-4041.00,19906,0.0283215436475275,0.0070422535211267
51-8011.00,19907,0.0107515638646006,0.0158730158730158
51-8011.00,19908,0.0170680300520526,0.0158730158730158
51-8011.00,19909,0.0030281833044648,0.0158730158730158
51-8011.00,19911,0.1672429563556114,0.1587301587301587
51-8011.00,19912,0.0199176386657217,0.0476190476190476
51-8013.00,19914,0.0506350338410032,0.0072046109510086
51-8013.00,19915,0.0253662632460353,0.0072046109510086
51-9012.00,19918,0.0680921537356195,0.1690140845070422
51-9061.00,19920,0.0217542011422513,0.0120627261761158
53-3032.00,19922,0.0107812352898866,0.0112549240292628
53-3032.00,19923,0.0336755880532329,0.0168823860438942
53-6051.07,19924,0.0387433716134732,0.0397350993377483
53-6051.07,19927,0.0466453439790289,0.0397350993377483
53-6051.07,19929,0.0393123236119692,0.0331125827814569
53-7081.00,19932,0.0438471764074674,0.0266311584553928
13-2081.00,20016,0.0213984094708884,0.0363636363636363
21-1092.00,20055,0.0456981848018213,0.040983606557377
21-1092.00,20056,0.0552196145777388,0.0983606557377049
23-1023.00,20057,0.0028878324064635,0.0052910052910052
25-1011.00,20058,0.034981444450949,0.0223880597014925
25-1021.00,20059,0.009369745140185,0.0075757575757575
25-1022.00,20060,0.0174345003649715,0.0625
25-1042.00,20061,0.0530728967961985,0.0512820512820512
25-1042.00,20062,0.037823292093412,0.0256410256410256
25-1042.00,20063,0.0072907581906351,0.0128205128205128
25-1042.00,20064,0.0050507455764142,0.0256410256410256
25-1042.00,20065,0.0039663129153777,0.0128205128205128
25-1043.00,20066,0.0050163588187815,0.0222222222222222
25-1043.00,20067,0.0220207129666592,0.0148148148148148
25-1051.00,20069,0.0027625907425151,0.027027027027027
25-1051.00,20070,0.0023712568259275,0.0067567567567567
25-1052.00,20072,0.0082122093283499,0.0222222222222222
25-1052.00,20073,0.0084615496244894,0.0148148148148148
25-1054.00,20075,0.0110813127701387,0.0175438596491228
25-1066.00,20080,0.0757247389965233,0.0275862068965517
25-1066.00,20081,0.052248559090117,0.0137931034482758
25-1066.00,20082,0.0157830181172705,0.0206896551724137
25-1072.00,20084,0.0171128493901767,0.0131578947368421
25-1072.00,20085,0.0214073545860152,0.1052631578947368
25-1081.00,20086,0.0154939875979194,0.0137931034482758
25-1082.00,20087,0.0558116901928573,0.145985401459854
25-1082.00,20088,0.0498887426250526,0.0583941605839416
25-1082.00,20089,0.0523882046636357,0.0583941605839416
25-1082.00,20090,0.035818523137417,0.0145985401459854
25-1123.00,20093,0.0250295521194705,0.0247831474597273
25-1123.00,20095,0.0168434986889256,0.0309789343246592
25-1123.00,20097,0.0020665499708473,0.0061957868649318
25-1123.00,20098,0.0454472619282815,0.037174721189591
25-1124.00,20099,0.0152911056648199,0.0150375939849624
25-1125.00,20101,0.0069566252175724,0.0212765957446808
25-1125.00,20102,0.0098803123624746,0.0425531914893617
25-1126.00,20104,0.0621848391591809,0.109375
25-1126.00,20105,0.0218850640101578,0.09375
25-1194.00,20106,0.030648354009137,0.0402684563758389
27-2022.00,20109,0.0734541185465894,0.0542986425339366
27-2022.00,20110,0.0291292915438563,0.0316742081447963
27-2022.00,20111,0.0253570014073462,0.0271493212669683
27-2022.00,20112,0.0104744051335245,0.0542986425339366
27-2022.00,20113,0.0256280049882676,0.0271493212669683
27-2022.00,20114,0.0194802756794569,0.0452488687782805
27-2022.00,20115,0.0305134359481784,0.0271493212669683
27-2022.00,20116,0.0028662479487137,0.0271493212669683
27-2022.00,20118,0.0243190718149805,0.0633484162895927
27-2022.00,20119,0.0052659933086237,0.0271493212669683
29-1081.00,20122,0.1477152651896722,0.1834862385321101
33-3011.00,20123,0.1507561232081896,0.2133333333333333
33-3011.00,20124,0.08461585139242,0.0888888888888888
33-3011.00,20125,0.0370909643877664,0.0444444444444444
33-3011.00,20127,0.1115351540319013,0.1422222222222222
33-3011.00,20128,0.0559840741283719,0.0266666666666666
33-9092.00,20129,0.0572898928078808,0.0407055630936227
37-1011.00,20130,0.0513089145373385,0.0317460317460317
37-1011.00,20131,0.0075775659000553,0.0079365079365079
39-2021.00,20132,0.0936217606488973,0.1702127659574468
39-3011.00,20133,0.0243205798446236,0.008130081300813
39-3093.00,20134,0.0505356532184791,0.0966183574879227
39-7011.00,20135,0.0379345365314955,0.0465116279069767
39-7011.00,20136,0.0064126798773837,0.0116279069767441
39-9041.00,20137,0.0210903348522731,0.0434782608695652
39-9041.00,20138,0.0656977108851019,0.0608695652173913
39-9041.00,20139,0.0163472569683837,0.017391304347826
47-2041.00,20142,0.0687406305729509,0.0679611650485436
47-2071.00,20143,0.0388057907932072,0.0097560975609756
47-3015.00,20144,0.0919267454687802,0.08
47-5071.00,20145,0.0109083430727498,0.0555555555555555
49-9098.00,20150,0.0694539431195497,0.1016949152542373
49-9098.00,20151,0.0428327059531902,0.0169491525423728
49-9098.00,20152,0.0646234832464572,0.0084745762711864
49-9098.00,20153,0.0160226044352181,0.0084745762711864
51-1011.00,20154,0.0188365676408541,0.0344827586206896
51-1011.00,20155,0.032850635520668,0.043103448275862
51-1011.00,20156,0.0077358672819709,0.0172413793103448
51-2092.00,20157,0.1711334046418443,0.1391304347826087
51-2092.00,20158,0.0490275293935071,0.0695652173913043
51-2092.00,20159,0.0569535496706044,0.0434782608695652
51-2092.00,20160,0.1181620431314038,0.0521739130434782
51-2092.00,20161,0.0489240545015008,0.0260869565217391
51-2092.00,20162,0.0328749027293421,0.0347826086956521
51-2092.00,20163,0.0632732558754691,0.0347826086956521
11-9041.00,20170,0.1876839046505144,0.1259842519685039
11-9041.00,20171,0.1181906096470319,0.0944881889763779
11-9041.00,20172,0.0064725944243766,0.0629921259842519
11-9041.00,20173,0.0390037781246146,0.0472440944881889
11-9041.00,20175,0.0176381512157187,0.0472440944881889
11-9041.00,20176,0.0468036848090641,0.0314960629921259
11-9041.00,20177,0.0285128989186447,0.0944881889763779
11-9041.00,20178,0.0035830028267346,0.0314960629921259
11-9041.00,20179,0.0023926487586878,0.0157480314960629
11-9041.00,20180,0.0079815143550428,0.0236220472440944
19-1042.00,20200,0.078236425453142,0.1081081081081081
21-1013.00,20232,0.0936987744850355,0.0649350649350649
21-1015.00,20234,0.0289052226119231,0.0390625
21-1091.00,20235,0.0379092594484149,0.0754716981132075
21-1091.00,20237,0.017509988003475,0.0377358490566037
25-2023.00,20241,0.0257151351845785,0.0180722891566265
27-1011.00,20242,0.0506775977266919,0.0341880341880341
27-3042.00,20243,0.0753139347637131,0.1639344262295081
29-1022.00,20245,0.0029146670217416,0.016260162601626
29-1024.00,20246,0.1044185564419551,0.2264150943396226
29-1221.00,20247,0.0010243514994912,0.0068965517241379
31-9094.00,20254,0.0529955466532663,0.2112676056338028
33-1011.00,20255,0.0401457983107736,0.032258064516129
39-4011.00,20257,0.043257476249803,0.074074074074074
39-5094.00,20258,0.0463666780374217,0.0242914979757085
41-1012.00,20266,0.0741586546449141,0.1639344262295081
41-4012.00,20267,0.035655051198262,0.0575539568345323
43-5011.00,20271,0.0390706746364472,0.08
43-5011.00,20272,0.0304994375208912,0.05
43-5011.00,20273,0.0225225122528152,0.05
43-5011.00,20275,0.0098661482159403,0.03
43-5071.00,20276,0.1146085796837502,0.1875
43-5071.00,20277,0.1021156872826292,0.234375
43-5071.00,20278,0.0596362703752795,0.125
43-5071.00,20279,0.0534959230077821,0.046875
43-6014.00,20280,0.0811916114355243,0.1404494382022471
43-6014.00,20281,0.0511412382755946,0.0561797752808988
43-6014.00,20282,0.0471760408372774,0.0421348314606741
43-6014.00,20283,0.0625077145285321,0.0280898876404494
43-6014.00,20284,0.0220166650517827,0.0561797752808988
43-6014.00,20285,0.0029448934236883,0.021067415730337
43-6014.00,20286,0.0110536023601497,0.0140449438202247
43-6014.00,20287,0.0132226800988248,0.0140449438202247
43-6014.00,20289,0.0074593358194632,0.0070224719101123
47-1011.00,20291,0.1295887144894398,0.1538461538461538
51-4041.00,20292,0.0865998045279467,0.0422535211267605
51-4041.00,20293,0.0550350847145048,0.1408450704225352
51-4041.00,20294,0.050707005919934,0.028169014084507
51-4041.00,20295,0.036410025425011,0.0422535211267605
51-4041.00,20296,0.038455715605422,0.0140845070422535
51-4041.00,20297,0.0250629593476179,0.0140845070422535
51-9061.00,20298,0.0428729273840606,0.0241254523522316
51-9061.00,20299,0.0397256423300912,0.0120627261761158
51-9061.00,20300,0.0299192067440222,0.0120627261761158
51-9061.00,20301,0.0226768961799045,0.0180940892641737
51-9061.00,20302,0.0248381520087704,0.0120627261761158
51-9061.00,20303,0.00957094659848,0.0120627261761158
51-9061.00,20304,0.0323350751697303,0.0361881785283474
51-9061.00,20305,0.0268437389165553,0.0241254523522316
51-9061.00,20306,0.046809558389436,0.0482509047044632
51-9061.00,20307,0.0208505037918054,0.0482509047044632
51-9061.00,20308,0.0151681650373861,0.0120627261761158
51-9061.00,20309,0.0154172491192448,0.0482509047044632
51-9061.00,20310,0.0127325574256546,0.0060313630880579
51-9061.00,20311,0.0082867079204058,0.0024125452352231
53-7081.00,20313,0.0899445131731204,0.0532623169107856
19-2031.00,20388,0.0566964645134187,0.0172413793103448
19-4013.00,20394,0.1145469151488455,0.048
19-4013.00,20395,0.1014225758095799,0.064
19-4013.00,20396,0.0298986569157996,0.064
19-4013.00,20397,0.0028630604495561,0.016
19-4013.00,20398,0.0295643985887174,0.048
19-4092.00,20399,0.0526691335857164,0.0431654676258992
19-4092.00,20400,0.0089786750459038,0.0359712230215827
29-1011.00,20403,0.0197164977403471,0.0288461538461538
29-1051.00,20404,0.0062869819920181,0.0179640718562874
29-1051.00,20405,0.0422073268931958,0.0479041916167664
29-1051.00,20406,0.0165150280661813,0.0239520958083832
29-1123.00,20407,0.0052899231118726,0.0058823529411764
29-1124.00,20408,0.0410300519924944,0.0157068062827225
29-1126.00,20409,0.0182508315846535,0.0192307692307692
29-1126.00,20410,0.0048965823193012,0.0192307692307692
29-1126.00,20411,0.0175851316535082,0.0128205128205128
29-1141.00,20413,0.0721400920266982,0.1253918495297805
29-2051.00,20421,0.139937427140235,0.1818181818181818
29-2056.00,20422,0.0807121089112779,0.0774193548387096
29-2056.00,20423,0.0358849265403213,0.0387096774193548
29-2056.00,20424,0.0332022208467771,0.0193548387096774
43-2011.00,20427,0.0399620478293661,0.038647342995169
43-2011.00,20428,0.0100593352894743,0.0289855072463768
43-2011.00,20429,0.0311033299389089,0.038647342995169
43-2011.00,20430,0.022541899681503,0.0193236714975845
43-2011.00,20431,0.0678326850547559,0.0483091787439613
43-2011.00,20432,0.0316360848471972,0.0096618357487922
43-2011.00,20433,0.0041482301387778,0.0096618357487922
43-4111.00,20434,0.0259385998095991,0.0211267605633802
43-4111.00,20435,0.0961733944735576,0.056338028169014
43-4181.00,20436,0.0209759579199509,0.011049723756906
43-4181.00,20437,0.0167286893414718,0.011049723756906
43-6013.00,20438,0.0483448124374335,0.0551724137931034
47-2111.00,20439,0.0233933686841081,0.01953125
47-3012.00,20443,0.0807130122179485,0.05
47-3012.00,20444,0.1014829306191404,0.0666666666666666
47-5013.00,20451,0.0496396909424027,0.0727272727272727
47-5013.00,20452,0.0485081899297746,0.1212121212121212
49-3031.00,20453,0.0257988783343056,0.0157068062827225
49-3031.00,20454,0.0156863716319914,0.0104712041884816
53-1043.00,20455,0.0521694151928589,0.1224489795918367
53-2022.00,20456,0.0237311324850926,0.0138248847926267
53-2022.00,20457,0.0600756769241752,0.0276497695852534
47-5022.00,20458,0.0373287071897299,0.0428571428571428
47-5022.00,20459,0.0395943994740251,0.0285714285714285
11-1011.00,20461,0.0037849344522963,0.0138121546961325
11-9071.00,20472,0.0380551375937147,0.0310077519379844
17-2072.00,20493,0.0299118478089982,0.0232558139534883
17-2072.00,20494,0.0373146337947412,0.0465116279069767
17-2072.00,20495,0.0147271669343738,0.0465116279069767
17-2072.00,20496,0.0578317409741503,0.0697674418604651
17-2072.00,20497,0.0890397613734427,0.1395348837209302
17-2072.00,20498,0.02498669476736,0.0465116279069767
17-2072.00,20499,0.021495238927065,0.0348837209302325
17-2072.00,20500,0.002828413908206,0.0232558139534883
17-3025.00,20513,0.0281742619219846,0.088235294117647
17-3025.00,20514,0.0272118742799458,0.1176470588235294
17-3026.00,20516,0.0720376697795504,0.0510204081632653
17-3026.00,20518,0.1762241623671927,0.0408163265306122
19-4012.00,20526,0.0256437060350569,0.0285714285714285
19-4012.00,20527,0.0308001259405594,0.0428571428571428
19-4012.00,20528,0.0209547915855655,0.0571428571428571
19-4012.00,20529,0.0305561086225965,0.0571428571428571
19-4012.00,20530,0.0284056682315146,0.0714285714285714
19-4012.00,20531,0.0212171452775326,0.0285714285714285
19-4012.00,20532,0.0072640274175043,0.0142857142857142
19-4012.00,20533,0.0672165207570582,0.0285714285714285
19-4012.00,20534,0.0113845255599924,0.0714285714285714
19-4012.00,20535,0.0395414680155641,0.0285714285714285
19-4012.00,20536,0.0068118855370021,0.0285714285714285
19-4012.00,20537,0.0103486918187159,0.0214285714285714
19-4031.00,20538,0.0099034969705421,0.0189873417721519
19-4051.02,20539,0.1574800510106608,0.050632911392405
19-4051.02,20540,0.0816525055928363,0.0886075949367088
19-4051.02,20541,0.0443570290121204,0.0379746835443038
29-1021.00,20562,0.1225883599203603,0.2169197396963123
29-1021.00,20563,0.0989702501679944,0.1735357917570499
29-1021.00,20564,0.0389904347917471,0.0520607375271149
29-2053.00,20575,0.0300566639125973,0.0123456790123456
29-2053.00,20576,0.0159666412810878,0.0246913580246913
31-1121.00,20577,0.0920740777103374,0.0923076923076923
31-1133.00,20578,0.0991478647224161,0.1012658227848101
33-3031.00,20582,0.0141380217677039,0.0378787878787878
33-3031.00,20583,0.0509972724277408,0.0757575757575757
33-3031.00,20584,0.0607806864105986,0.0681818181818181
33-3031.00,20587,0.0069576109514985,0.0151515151515151
37-2011.00,20590,0.0467939249444633,0.03125
37-2011.00,20592,0.0216240573302377,0.0208333333333333
39-2011.00,20593,0.0693599268862431,0.1395348837209302
39-2011.00,20594,0.0378235230689369,0.027906976744186
39-3012.00,20596,0.092167252481962,0.095617529880478
39-4021.00,20597,0.0091570469574644,0.0728862973760933
39-4021.00,20598,0.0252225268443293,0.0291545189504373
39-4021.00,20599,0.0799289903170012,0.0583090379008746
39-4021.00,20600,0.0172781400250427,0.0437317784256559
39-4021.00,20601,0.014834522532605,0.0145772594752186
39-4021.00,20602,0.0209832858030963,0.0437317784256559
39-4021.00,20605,0.0258533522427314,0.0218658892128279
39-4021.00,20607,0.009785541011727,0.0072886297376093
41-4011.00,20608,0.0539202684611374,0.0279720279720279
41-4011.00,20609,0.0473662055084251,0.0699300699300699
41-4011.00,20610,0.0365886713428019,0.0349650349650349
41-4011.00,20611,0.0326103583221373,0.0139860139860139
41-4011.00,20612,0.0459523283370482,0.0559440559440559
41-4011.00,20613,0.0253801951672884,0.0279720279720279
41-4011.00,20614,0.0099337604789331,0.0419580419580419
41-4011.00,20616,0.0175416296008795,0.0139860139860139
41-4011.00,20617,0.028164461357847,0.0419580419580419
41-4011.00,20618,0.0058852659442351,0.0139860139860139
41-4011.00,20619,0.0167495517922315,0.0069930069930069
41-4011.00,20620,0.0065830403063464,0.0069930069930069
43-4011.00,20622,0.1162511216059004,0.2142857142857142
43-4011.00,20623,0.253609578733368,0.0625
43-4071.00,20627,0.0552845896623495,0.1176470588235294
43-4071.00,20628,0.1457076716276791,0.088235294117647
43-4071.00,20629,0.0631690117709107,0.0588235294117647
43-4071.00,20630,0.0515066060550327,0.1176470588235294
43-4071.00,20631,0.0359591826989818,0.0294117647058823
45-4011.00,20632,0.0047428085779962,0.028169014084507
47-2211.00,20641,0.0012463134304352,0.0327868852459016
49-3022.00,20645,0.0953324826364818,0.029126213592233
49-3022.00,20646,0.095122870515766,0.1553398058252427
49-3052.00,20651,0.149125998930922,0.0909090909090909
49-3052.00,20652,0.0267269054430143,0.0363636363636363
49-3052.00,20653,0.004822076768944,0.0181818181818181
49-3093.00,20654,0.0671767724809452,0.0666666666666666
49-3093.00,20655,0.0609656022604037,0.0533333333333333
49-3093.00,20656,0.042969895369398,0.06
49-3093.00,20657,0.0423275870760971,0.0466666666666666
49-9071.00,20670,0.026478181271286,0.0488599348534201
49-9071.00,20671,0.0389677443720299,0.1302931596091205
49-9071.00,20672,0.0724034302369976,0.1302931596091205
49-9071.00,20673,0.0197189962719163,0.0488599348534201
49-9071.00,20674,0.0316173032991034,0.02442996742671
49-9071.00,20675,0.0266669233449265,0.0325732899022801
49-9071.00,20676,0.0294347874066678,0.02442996742671
49-9071.00,20677,0.0120377275746949,0.02442996742671
49-9071.00,20678,0.0249639059132826,0.01628664495114
49-9071.00,20679,0.0186618864968987,0.00814332247557
51-8011.00,20680,0.0481908752199864,0.0476190476190476
51-8011.00,20681,0.0167712573639748,0.0317460317460317
51-9023.00,20682,0.0578002510356822,0.1
53-2021.00,20691,0.0243163568337933,0.0153139356814701
53-3032.00,20692,0.045114596657964,0.0225098480585256
53-3032.00,20693,0.0382781878673793,0.0168823860438942
53-3032.00,20694,0.019657096768771,0.0168823860438942
53-3032.00,20695,0.0502419043875298,0.056274620146314
53-3032.00,20696,0.0272383572799843,0.0337647720877884
53-3032.00,20697,0.0184230698021815,0.0056274620146314
11-1021.00,20700,0.0655937404846273,0.1176470588235294
11-1021.00,20702,0.012922010082516,0.0490196078431372
11-1021.00,20703,0.018803011275064,0.0784313725490196
11-1021.00,20704,0.0210761567689655,0.0686274509803921
11-1021.00,20705,0.0176324964821647,0.0784313725490196
11-1021.00,20706,0.0411824934711568,0.0392156862745098
11-1021.00,20707,0.029101923723743,0.0294117647058823
11-1021.00,20708,0.0298733030878434,0.0588235294117647
11-2021.00,20709,0.1158576063236436,0.16
13-1022.00,20710,0.0920350419299592,0.1322314049586777
13-1022.00,20711,0.070564613832991,0.0991735537190082
13-1022.00,20712,0.077977578848496,0.1322314049586777
13-1022.00,20714,0.0510097994745282,0.0661157024793388
13-1022.00,20715,0.0450795237588899,0.0661157024793388
13-1022.00,20716,0.0139529380583624,0.0495867768595041
13-1022.00,20717,0.0046172905013227,0.024793388429752
13-1041.03,20719,0.0820886896588102,0.1052631578947368
13-1041.03,20720,0.083262092762895,0.087719298245614
13-1041.03,20721,0.0431640563491364,0.0614035087719298
13-1041.03,20722,0.0175274566196436,0.0350877192982456
13-1041.03,20723,0.0563259244195104,0.0526315789473684
17-2011.00,20724,0.0991586483800825,0.096
17-2011.00,20725,0.0321457499865625,0.08
17-2011.00,20726,0.0220622795866439,0.064
17-2011.00,20727,0.0236178193122596,0.056
17-2011.00,20728,0.0175523369006327,0.048
17-2071.00,20729,0.0186176603495219,0.0239520958083832
17-2071.00,20730,0.0125757258020516,0.0179640718562874
17-2071.00,20731,0.0265019189078913,0.029940119760479
17-2141.00,20733,0.0764522608695036,0.128
17-2141.00,20734,0.0162645489753935,0.048
17-2141.00,20735,0.0110098574231152,0.064
17-2141.00,20736,0.0365753044188174,0.048
17-2141.00,20737,0.0272019235866336,0.048
17-2141.00,20738,0.0091986433517799,0.024
17-2141.00,20739,0.0269756438511184,0.032
17-2141.00,20740,0.0059834248299169,0.008
17-2141.00,20741,0.0159693444916298,0.016
17-2141.00,20742,0.0101857565520664,0.024
17-3024.00,20743,0.0323125083939168,0.0307692307692307
21-2011.00,20748,0.0627584805943118,0.0465116279069767
21-2011.00,20749,0.024763465994289,0.0310077519379844
21-2021.00,20750,0.0103950510233532,0.0306122448979591
27-1023.00,20751,0.0545448787830678,0.0508474576271186
27-1026.00,20752,0.0787661807864125,0.03125
27-1026.00,20753,0.0438512345101962,0.046875
27-1026.00,20754,0.0341948000293645,0.09375
27-1026.00,20755,0.0352741971106029,0.03125
27-1026.00,20756,0.0492074387885188,0.0390625
33-9021.00,20758,0.089069710256153,0.0770218228498074
37-2021.00,20759,0.1116158503420727,0.0592592592592592
37-2021.00,20760,0.0523568859547207,0.0444444444444444
37-3011.00,20761,0.0808916972085808,0.16
37-3012.00,20762,0.1187052220342584,0.0707964601769911
39-1022.00,20763,0.0342837620196541,0.0330578512396694
39-3031.00,20764,0.0934573201450754,0.1556420233463035
39-3031.00,20765,0.0558453759128434,0.0648508430609598
39-3031.00,20766,0.0790603686699117,0.0518806744487678
39-3031.00,20767,0.026153464465331,0.0259403372243839
39-3031.00,20768,0.0087865685429309,0.0129701686121919
39-5092.00,20769,0.0548349904712446,0.0769230769230769
39-5092.00,20770,0.0606555438322094,0.0576923076923076
39-5092.00,20771,0.0560294377592422,0.0769230769230769
39-5092.00,20772,0.0666575293355051,0.0641025641025641
39-5092.00,20773,0.0442891876317797,0.0192307692307692
39-5092.00,20774,0.0464205901472538,0.1153846153846153
41-2022.00,20775,0.0873688810071494,0.1528662420382165
41-2022.00,20776,0.056230006313042,0.0636942675159235
41-2022.00,20777,0.0560386598845167,0.0764331210191082
41-2022.00,20778,0.0248712778844318,0.0254777070063694
41-2022.00,20779,0.0585483519352172,0.0254777070063694
41-2022.00,20780,0.0355208540862659,0.0382165605095541
43-3061.00,20785,0.0239136573040062,0.0185185185185185
43-3061.00,20786,0.0408520821107165,0.037037037037037
47-2082.00,20788,0.0482375238023008,0.0666666666666666
47-2161.00,20789,0.0726429455653065,0.0428571428571428
47-2161.00,20790,0.1038318892415634,0.0571428571428571
47-2161.00,20791,0.0304877612549349,0.0428571428571428
47-2161.00,20792,0.060614426896818,0.0285714285714285
47-2181.00,20793,0.027873553107259,0.0238095238095238
47-2181.00,20794,0.0258979514169843,0.0476190476190476
47-2221.00,20795,0.0709699874801073,0.075187969924812
47-4041.00,20796,0.0495880509784443,0.1300813008130081
47-4041.00,20797,0.0421426693251283,0.08130081300813
49-2098.00,20799,0.1200372267530466,0.1
49-2098.00,20800,0.0642900559409975,0.05
49-3051.00,20801,0.1160143663403725,0.1391304347826087
49-3092.00,20802,0.0426573684351978,0.042016806722689
49-3092.00,20803,0.0304754333914628,0.0504201680672268
49-3092.00,20804,0.0412549667896708,0.0840336134453781
49-9011.00,20805,0.0188740777554873,0.0353982300884955
49-9052.00,20806,0.0468055264332194,0.0419580419580419
49-9052.00,20807,0.0396125103406874,0.0419580419580419
49-9061.00,20808,0.0641258009299643,0.0097087378640776
49-9092.00,20809,0.0173197977958308,0.0597014925373134
51-2011.00,20810,0.0784389720422513,0.1052631578947368
51-2011.00,20811,0.0658869024740798,0.0421052631578947
51-2011.00,20812,0.0473600932492038,0.031578947368421
51-2011.00,20813,0.0440808756121006,0.0421052631578947
51-2011.00,20814,0.0128492773569927,0.031578947368421
51-2011.00,20815,0.0075832552944764,0.0421052631578947
51-2011.00,20816,0.0044758216975945,0.031578947368421
51-2011.00,20817,0.0038450544198823,0.0105263157894736
51-3011.00,20819,0.0618004299488511,0.0442477876106194
51-4031.00,20820,0.0379215623968707,0.0197044334975369
51-4031.00,20821,0.0138344459618403,0.0197044334975369
51-7011.00,20822,0.0096860216525129,0.0294117647058823
51-7042.00,20823,0.0097321366675757,0.0090497737556561
51-9012.00,20824,0.0706954474021251,0.0751173708920187
51-9012.00,20825,0.0717809139020826,0.0375586854460093
51-9012.00,20826,0.0610093859835828,0.0234741784037558
51-9012.00,20827,0.0626843409672491,0.0422535211267605
51-9012.00,20828,0.0152665271243073,0.028169014084507
53-1042.00,20830,0.1080426428903183,0.1
53-2012.00,20831,0.0480407101288403,0.1256281407035176
53-6021.00,20836,0.0662739149089359,0.0536912751677852
53-6021.00,20837,0.0622844529482732,0.0805369127516778
53-6021.00,20838,0.0542361055454018,0.0268456375838926
53-6021.00,20839,0.0135351060530388,0.0134228187919463
53-6061.00,20841,0.1202990032907195,0.0620155038759689
11-9131.00,20842,0.1128518156644857,0.0833333333333333
13-1041.04,20843,0.0528304242023167,0.1791044776119403
13-1041.04,20844,0.0519054946351772,0.0746268656716417
13-1041.04,20845,0.0141507148271159,0.0597014925373134
19-1031.03,20866,0.0286222412308354,0.065040650406504
19-1031.03,20867,0.0202392189847619,0.065040650406504
23-1011.00,20877,0.0728724459620796,0.1212121212121212
25-9044.00,20878,0.0445043107716517,0.0489596083231334
25-9044.00,20879,0.024229447156481,0.0734394124847001
27-2021.00,20882,0.1366644656445063,0.0612244897959183
27-3011.00,20887,0.091945073177264,0.0402010050251256
27-3011.00,20888,0.0331742016829859,0.0301507537688442
27-3011.00,20889,0.0359202259209291,0.0402010050251256
27-3011.00,20890,0.0275150085447736,0.0150753768844221
33-9032.00,20894,0.0882602554394331,0.0251572327044025
33-9032.00,20895,0.0298013565674341,0.0062893081761006
39-3092.00,20898,0.0973040562068706,0.1509433962264151
39-5012.00,20899,0.0221321626289478,0.0234009360374415
41-3041.00,20900,0.1261059211133544,0.0892857142857142
43-5021.00,20903,0.067737894086117,0.0272108843537414
43-5041.00,20904,0.0434651611856736,0.0214592274678111
43-5051.00,20905,0.0081837718600924,0.0070175438596491
43-5052.00,20906,0.1558210217343311,0.0714285714285714
43-9081.00,20907,0.0328955397689561,0.0625
43-9081.00,20908,0.0709798810399161,0.0625
43-9081.00,20909,0.0877694851269297,0.03125
43-9081.00,20910,0.0851077463902977,0.046875
47-5041.00,20912,0.090893211985946,0.0308641975308641
47-5041.00,20913,0.1062064528227983,0.0308641975308641
47-5041.00,20914,0.0934228765588152,0.0432098765432098
49-3091.00,20915,0.066145530402117,0.1020408163265306
49-3091.00,20916,0.1006773875496325,0.0816326530612244
49-3091.00,20917,0.0965861604638694,0.0816326530612244
49-3091.00,20918,0.1177948604258453,0.1224489795918367
49-3091.00,20919,0.0862686630151572,0.0816326530612244
49-3091.00,20920,0.0311649950388135,0.0408163265306122
51-4034.00,20923,0.0242317634779294,0.02
51-4061.00,20924,0.0736197443935956,0.0757575757575757
51-4061.00,20925,0.0358640652656664,0.0909090909090909
51-4194.00,20926,0.0308155388218746,0.0223880597014925
51-5111.00,20927,0.1391053904443491,0.0847457627118644
51-5111.00,20928,0.1308657851810845,0.0677966101694915
51-5111.00,20929,0.09331523964107,0.1016949152542373
51-6092.00,20930,0.0799330848589345,0.0991735537190082
51-6092.00,20931,0.0844419163448787,0.0743801652892562
51-6092.00,20932,0.0367232735183595,0.0413223140495867
53-5011.00,20934,0.0107650512993877,0.0398009950248756
53-6031.00,20936,0.1016349005857411,0.1490683229813664
53-6041.00,20938,0.0027653417623555,0.0287769784172661
15-1211.00,20950,0.0896426444383958,0.0763358778625954
17-3013.00,20964,0.152980064386655,0.1764705882352941
17-3022.00,20965,0.0120121985730974,0.0422535211267605
17-3022.00,20966,0.0057892511260867,0.028169014084507
19-4021.00,20981,0.0893590473847104,0.0416666666666666
19-4021.00,20982,0.0139131446640108,0.0104166666666666
25-4031.00,20989,0.0129203893573549,0.0116959064327485
27-1013.00,20990,0.0067431699916369,0.0467836257309941
27-1013.00,20991,0.008901489099888,0.023391812865497
27-1013.00,20993,0.0005373859726943,0.0175438596491228
27-3041.00,21000,0.057175740909106,0.0671140939597315
33-3052.00,21002,0.1732661371896704,0.2678571428571428
33-3052.00,21003,0.0854911175448403,0.0446428571428571
33-3052.00,21004,0.01470754355934,0.0178571428571428
35-2021.00,21005,0.022146290953309,0.0106951871657754
39-4031.00,21009,0.0402488701601615,0.065359477124183
39-9032.00,21010,0.0970527587566899,0.05
39-9032.00,21011,0.0442246641483633,0.025
39-9032.00,21012,0.0214954736178338,0.01875
43-4161.00,21013,0.0214746075567613,0.0472440944881889
43-9022.00,21014,0.0250748656984585,0.0283018867924528
45-4023.00,21015,0.0350355509299288,0.0285714285714285
47-5023.00,21016,0.01945612075802,0.0114942528735632
47-5043.00,21017,0.0694666186935048,0.0472440944881889
47-5043.00,21018,0.0550360737644869,0.0393700787401574
47-5043.00,21019,0.0873812455285491,0.0314960629921259
47-5043.00,21020,0.0678060169481628,0.0314960629921259
47-5043.00,21021,0.0601158734842742,0.0472440944881889
47-5043.00,21022,0.0880923326703761,0.1259842519685039
47-5043.00,21023,0.068361371830759,0.0472440944881889
49-9012.00,21024,0.0044214851815264,0.0498753117206982
51-4062.00,21025,0.0369672878761846,0.1111111111111111
51-6021.00,21026,0.0308527019658209,0.0194174757281553
51-9194.00,21027,0.0383386427501414,0.0657894736842105
53-3011.00,21028,0.045018974501048,0.0234375
53-7011.00,21030,0.0444889856774392,0.1136363636363636
19-1029.04,21035,0.0015244644037626,0.0448717948717948
33-3021.02,21036,0.0537609915842421,0.12
33-3021.02,21037,0.017858220969858,0.0533333333333333
11-9033.00,21041,0.006353436906225,0.0279720279720279
11-9033.00,21042,0.011488841728431,0.0419580419580419
15-1251.00,21049,0.0279921153859271,0.0567375886524822
15-1251.00,21050,0.028845578666431,0.0141843971631205
19-4071.00,21061,0.0183569511941187,0.0526315789473684
23-2011.00,21062,0.028621082813687,0.146788990825688
25-2057.00,21063,0.0123309829579245,0.0473933649289099
25-2057.00,21064,0.0217638571206979,0.0284360189573459
25-4013.00,21065,0.0550726277350131,0.0824742268041237
35-9031.00,21070,0.0551288504328056,0.0582241630276564
41-2011.00,21072,0.0331061153148518,0.0338983050847457
41-2011.00,21073,0.0588976493706873,0.0112994350282485
41-2011.00,21074,0.0198084795506518,0.0451977401129943
43-3071.00,21076,0.0720049362390631,0.0326441784548422
43-4121.00,21077,0.0242904517473214,0.0142857142857142
43-6012.00,21078,0.0671531865069346,0.2678571428571428
45-2021.00,21080,0.0166775788709913,0.0300751879699248
45-2021.00,21081,0.0077324879326241,0.0451127819548872
45-2021.00,21082,0.0364236730541065,0.075187969924812
49-9064.00,21084,0.0263300723564149,0.0285714285714285
53-3052.00,21085,0.0927075435567929,0.0387596899224806
53-3052.00,21086,0.0198851349544617,0.0096899224806201
11-9199.02,21088,0.0347577836548836,0.0472440944881889
11-9199.02,21089,0.0118466240613852,0.0472440944881889
11-9199.02,21090,0.0205542781857551,0.0472440944881889
11-9199.02,21091,0.0199692794122456,0.0472440944881889
11-9199.02,21093,0.0182086342284772,0.0314960629921259
13-1071.00,21097,0.0180790785098554,0.0597014925373134
25-1011.00,21108,0.0057225085359217,0.0074626865671641
25-1021.00,21109,0.0165360439813818,0.0227272727272727
25-1032.00,21112,0.0041524373578351,0.0202702702702702
25-1042.00,21113,0.009863715462512,0.0128205128205128
25-1052.00,21114,0.005603097080165,0.0074074074074074
25-1052.00,21115,0.0122991585970451,0.0074074074074074
25-1066.00,21120,0.0062946406706878,0.0137931034482758
25-1072.00,21122,0.0008972071377005,0.006578947368421
25-1082.00,21123,0.0033703730967469,0.0072992700729927
25-1111.00,21124,0.0039973280181342,0.0092165898617511
25-1121.00,21125,0.0292924567356073,0.0129870129870129
25-1123.00,21127,0.0480028696613354,0.0743494423791821
25-1123.00,21128,0.0111240950895334,0.0061957868649318
25-1123.00,21130,0.0020655744006474,0.0123915737298636
25-1192.00,21132,0.0061627656432385,0.0083333333333333
27-2012.04,21140,0.0110984051655963,0.0236220472440944
27-2031.00,21141,0.0310832683286582,0.02
33-2022.00,21143,0.0246141773727372,0.0458715596330275
33-2022.00,21144,0.0405843552222681,0.073394495412844
33-9031.00,21145,0.1975677970891288,0.0763358778625954
33-9031.00,21146,0.1315204410267432,0.0381679389312977
35-2012.00,21148,0.10478032419067,0.0486111111111111
35-2012.00,21149,0.0468819518912618,0.0555555555555555
39-2021.00,21150,0.0412930455196261,0.0212765957446808
39-3011.00,21151,0.0683665867564031,0.040650406504065
41-2012.00,21152,0.1780426940545038,0.2368421052631578
41-2012.00,21153,0.0883646205043727,0.0328947368421052
41-2012.00,21154,0.0314363785015402,0.0131578947368421
51-6062.00,21156,0.1135812672844082,0.0735294117647058
53-7073.00,21159,0.0829237022125276,0.1333333333333333
53-7073.00,21160,0.0957665865879574,0.1066666666666666
11-3051.04,21162,0.0799242904737131,0.046875
13-1011.00,21163,0.132466824660961,0.0854700854700854
19-1031.02,21169,0.0641880559136539,0.1071428571428571
19-1031.02,21170,0.1163855749177046,0.0714285714285714
19-2012.00,21174,0.0211512404097512,0.0625
21-1015.00,21178,0.0723017712796171,0.0234375
21-1093.00,21179,0.0668058488875349,0.08
23-1021.00,21181,0.0389254431401588,0.0144927536231884
23-1023.00,21182,0.0459038029177647,0.0264550264550264
27-3092.00,21183,0.1262286768550246,0.0975609756097561
27-3092.00,21184,0.0412232257187285,0.0182926829268292
27-3092.00,21185,0.0349727169914659,0.0121951219512195
29-1221.00,21187,0.0121819429976238,0.0275862068965517
29-2092.00,21189,0.1254870407310526,0.0943396226415094
31-2021.00,21192,0.093569202315454,0.1311475409836065
31-2021.00,21193,0.0973614039139604,0.0655737704918032
31-9096.00,21195,0.0211645294210059,0.0116959064327485
33-1011.00,21196,0.011195394742286,0.021505376344086
33-3011.00,21198,0.1127761729749035,0.0533333333333333
39-3021.00,21201,0.0130080547338162,0.0529801324503311
39-3021.00,21202,0.0336083364072558,0.0264900662251655
49-9096.00,21206,0.0456554159311179,0.0310077519379844
51-1011.00,21207,0.0260006414084433,0.0258620689655172
51-8013.03,21208,0.0425284067393598,0.0375
51-8013.03,21209,0.0303214899973594,0.05
51-9195.05,21210,0.0061404501422999,0.0775193798449612
51-9195.05,21212,0.0290850967545831,0.0465116279069767
51-9195.05,21214,0.0022362756402397,0.0155038759689922
51-9197.00,21215,0.0558788677769334,0.0670391061452514
53-7064.00,21216,0.1704733314615941,0.0875912408759124
11-2033.00,21246,0.0404433253428394,0.1061946902654867
11-2033.00,21248,0.0364241474312397,0.0707964601769911
11-2033.00,21249,0.0310175910388883,0.1061946902654867
11-2033.00,21250,0.0061434522228943,0.0442477876106194
11-2033.00,21251,0.0460075961353222,0.0707964601769911
11-2033.00,21252,0.0662906777905268,0.0619469026548672
11-2033.00,21253,0.0328862444333062,0.0353982300884955
11-2033.00,21254,0.0437847757092479,0.1150442477876106
11-2033.00,21255,0.0289587074319793,0.0353982300884955
11-2033.00,21258,0.0285478740685473,0.0530973451327433
11-2033.00,21259,0.0331990717925234,0.0973451327433628
11-3013.00,21272,0.0343411889169545,0.0659340659340659
11-3013.00,21274,0.0063053823026424,0.0219780219780219
11-3013.00,21276,0.1577441931151414,0.2197802197802197
11-3013.00,21277,0.0289165834834841,0.1318681318681318
11-3013.00,21278,0.1325079327019107,0.1758241758241758
11-3013.00,21279,0.0278628265380792,0.0659340659340659
11-3013.00,21280,0.0421099826545131,0.1098901098901098
11-3013.00,21281,0.0468516913855052,0.0879120879120879
11-3013.00,21282,0.057629560578947,0.0439560439560439
11-3031.00,21311,0.0765179477916573,0.0555555555555555
11-3031.00,21312,0.0371065604966061,0.1111111111111111
11-3031.00,21314,0.0037255799887294,0.0555555555555555
11-3031.00,21316,0.0039135957105385,0.0138888888888888
11-3031.00,21317,0.0187748111268707,0.0277777777777777
11-3031.00,21319,0.0311747923883389,0.0694444444444444
11-3031.00,21320,0.0150252181062264,0.0833333333333333
11-3031.00,21321,0.0219302253790574,0.1111111111111111
11-3031.00,21323,0.0176943077119679,0.0555555555555555
11-3031.00,21326,0.0111200090818813,0.0277777777777777
11-3031.00,21327,0.0102553428730349,0.0416666666666666
11-9072.00,21401,0.0534804840282498,0.0808080808080808
11-9072.00,21402,0.025879912435168,0.101010101010101
11-9072.00,21403,0.0135909823775133,0.0202020202020202
11-9072.00,21404,0.0671427711515131,0.0404040404040404
11-9072.00,21405,0.0124499315613842,0.0606060606060606
11-9072.00,21407,0.0122204410733762,0.0303030303030303
11-9072.00,21408,0.0575013674324142,0.1212121212121212
11-9072.00,21409,0.0826906078686272,0.0606060606060606
11-9072.00,21410,0.0498541142657431,0.0707070707070707
11-9072.00,21411,0.0668401303589995,0.0202020202020202
11-9072.00,21412,0.1952963240965881,0.101010101010101
11-9072.00,21413,0.1413707191179147,0.0808080808080808
11-9072.00,21414,0.0186454651895426,0.0606060606060606
11-9072.00,21415,0.0337202083166246,0.0505050505050505
11-9072.00,21416,0.0120967619773437,0.0404040404040404
13-1031.00,21417,0.0692486525334949,0.0704225352112676
13-1031.00,21418,0.0585058063701841,0.056338028169014
13-1031.00,21419,0.0535411555916378,0.0704225352112676
13-1031.00,21420,0.0551572170223485,0.056338028169014
13-1031.00,21421,0.0377450448599849,0.0422535211267605
13-1031.00,21422,0.0587488826870619,0.0704225352112676
13-1031.00,21423,0.0631717855645676,0.0845070422535211
13-1031.00,21424,0.0456576193643421,0.028169014084507
13-1031.00,21425,0.0237751620604279,0.028169014084507
13-1031.00,21426,0.0603975948086079,0.0422535211267605
13-1031.00,21427,0.0475439261803732,0.0352112676056338
13-1031.00,21428,0.0617793624100072,0.056338028169014
13-1031.00,21429,0.0537876188192364,0.056338028169014
13-1031.00,21430,0.0187544472448177,0.0140845070422535
13-1031.00,21431,0.0148214397248197,0.0140845070422535
13-1031.00,21432,0.0173438234539441,0.0211267605633802
13-1031.00,21433,0.0335577646931709,0.0492957746478873
13-1031.00,21434,0.0413421952445574,0.0422535211267605
13-1031.00,21435,0.0154994963940317,0.0140845070422535
13-1031.00,21436,0.024562655884332,0.0211267605633802
13-1031.00,21437,0.0084890778984847,0.028169014084507
13-1031.00,21438,0.0051244998004581,0.0070422535211267
13-1031.00,21439,0.0077361429434763,0.0070422535211267
13-1031.00,21440,0.0024947301758071,0.0070422535211267
13-1031.00,21441,0.0117559443061141,0.0140845070422535
13-1031.00,21443,0.0076962250403473,0.0070422535211267
15-1242.00,21648,0.0610134919894139,0.0192307692307692
15-1242.00,21649,0.0090292555997189,0.0576923076923076
15-1242.00,21650,0.1130331477969647,0.0576923076923076
15-1242.00,21651,0.0559069100075453,0.0769230769230769
15-1252.00,21661,0.0319210703399459,0.0478927203065134
15-1252.00,21662,0.0663041742765263,0.0670498084291187
15-1252.00,21663,0.0293904914573926,0.028735632183908
15-1252.00,21664,0.0787579901439082,0.0766283524904214
15-1252.00,21665,0.0355993563817029,0.0478927203065134
15-1252.00,21666,0.0202350765160773,0.028735632183908
15-1252.00,21667,0.0721207194407173,0.2298850574712643
15-1252.00,21669,0.0554995383681487,0.0957854406130268
15-1252.00,21670,0.1045822619119399,0.1532567049808429
15-1252.00,21671,0.0637737904466389,0.0383141762452107
15-1252.00,21672,0.0229617993214065,0.0191570881226053
15-1252.00,21676,0.0695865229965083,0.0383141762452107
15-1252.00,21677,0.022002236678749,0.028735632183908
15-1252.00,21678,0.0408583660357896,0.028735632183908
15-1252.00,21679,0.0172660813863268,0.0095785440613026
17-3012.00,21945,0.0622726541633461,0.1142857142857142
17-3012.00,21946,0.0416435902060273,0.0380952380952381
17-3012.00,21947,0.0603898106307991,0.0380952380952381
17-3012.00,21948,0.0216463102558129,0.0285714285714285
17-3012.00,21949,0.0334656112177398,0.0380952380952381
17-3012.00,21950,0.036426849957347,0.0285714285714285
17-3012.00,21951,0.0883803091336666,0.1428571428571428
17-3012.00,21952,0.0191580170172108,0.019047619047619
17-3012.00,21953,0.0420635973381052,0.019047619047619
17-3012.00,21954,0.0185749823873148,0.0476190476190476
17-3012.00,21955,0.0305253291146121,0.0380952380952381
17-3012.00,21956,0.0161313327640471,0.0142857142857142
17-3012.00,21957,0.0089210435978005,0.019047619047619
17-3012.00,21958,0.0307557306145592,0.019047619047619
17-3012.00,21959,0.0102509443248877,0.0095238095238095
17-3012.00,21961,0.0169432968203452,0.019047619047619
17-3012.00,21962,0.0045823340428746,0.019047619047619
17-3012.00,21963,0.0357964926225826,0.0285714285714285
17-3012.00,21964,0.0084352546193711,0.0142857142857142
17-3012.00,21965,0.0296572014589726,0.019047619047619
17-3012.00,21966,0.0038744520722313,0.019047619047619
17-3012.00,21967,0.0152295387394277,0.0047619047619047
17-3012.00,21970,0.018273198619756,0.0047619047619047
17-3012.00,21971,0.0040819645283511,0.0047619047619047
17-3024.00,22007,0.0017918563104021,0.0076923076923076
17-3024.00,22009,0.0047202566895458,0.0076923076923076
17-3024.00,22011,0.0073767231035804,0.0307692307692307
17-3024.00,22012,0.02926582596768,0.0769230769230769
17-3024.00,22014,0.0286550677561907,0.0538461538461538
17-3024.00,22015,0.0407048713757059,0.0923076923076923
17-3024.00,22016,0.0069826600812879,0.0384615384615384
17-3024.00,22017,0.0086912405085991,0.0461538461538461
17-3024.00,22018,0.0115959218830558,0.023076923076923
17-3024.00,22019,0.0078703943335522,0.023076923076923
17-3027.00,22072,0.0472366978935176,0.0481283422459893
17-3027.00,22073,0.0209211997503774,0.0641711229946524
17-3027.00,22075,0.0145591737918857,0.0320855614973262
17-3027.00,22077,0.009572464080265,0.0213903743315508
17-3027.00,22078,0.0106669375237112,0.0267379679144385
17-3027.00,22082,0.0625483945011372,0.053475935828877
17-3027.00,22083,0.0164854524136717,0.0213903743315508
17-3027.00,22084,0.0142604282280229,0.0213903743315508
17-3027.00,22085,0.017393459231335,0.0374331550802139
17-3027.00,22086,0.0649802599149796,0.0320855614973262
17-3027.00,22087,0.0573491884947028,0.0588235294117647
19-4013.00,22261,0.0799289477400939,0.032
25-2056.00,22359,0.0033712759965255,0.0147058823529411
25-2056.00,22360,0.0079945162040237,0.0147058823529411
25-2056.00,22361,0.0051557459943088,0.0147058823529411
25-2056.00,22362,0.0179168106409851,0.0294117647058823
25-2056.00,22363,0.0044466618162341,0.0441176470588235
25-2056.00,22364,0.016920692400416,0.0073529411764705
25-2056.00,22365,0.069497611680706,0.0441176470588235
25-2056.00,22366,0.0546777274724425,0.0294117647058823
25-2056.00,22367,0.0489433353154072,0.0220588235294117
25-2056.00,22368,0.076126872303897,0.0441176470588235
25-2056.00,22369,0.0461106327421209,0.0294117647058823
25-2056.00,22370,0.0210268389276822,0.0073529411764705
25-2056.00,22371,0.0974473932285073,0.1764705882352941
25-2056.00,22372,0.0172684783897125,0.0294117647058823
25-2056.00,22373,0.0028591275546896,0.0147058823529411
25-2056.00,22374,0.0309270975016894,0.0588235294117647
25-2056.00,22375,0.0034705833364966,0.0220588235294117
25-2056.00,22376,0.0670797388935578,0.0441176470588235
25-2056.00,22377,0.0379673214714127,0.0220588235294117
25-2056.00,22378,0.0556893489434569,0.0588235294117647
25-2056.00,22379,0.0212015314824828,0.0073529411764705
25-2056.00,22380,0.0111861037832742,0.0147058823529411
25-2056.00,22381,0.0396093476929202,0.0441176470588235
25-2056.00,22382,0.0020688399403897,0.0073529411764705
25-2056.00,22383,0.0524675136243972,0.0220588235294117
25-2056.00,22384,0.0261745050994249,0.0294117647058823
25-2056.00,22385,0.0243963065709424,0.0367647058823529
25-2056.00,22386,0.0325338260568184,0.0220588235294117
25-2056.00,22387,0.0659969057533754,0.0588235294117647
25-2056.00,22388,0.0394673091817015,0.0294117647058823
25-3031.00,22389,0.1171190235949369,0.0787401574803149
25-3031.00,22390,0.0199247562727054,0.0236220472440944
25-3031.00,22391,0.0161294416791951,0.0078740157480314
25-3031.00,22392,0.0413902156037227,0.0078740157480314
25-3031.00,22393,0.0578968507652178,0.0236220472440944
25-3031.00,22394,0.0825050558127988,0.0236220472440944
25-3031.00,22395,0.1246751177372776,0.1259842519685039
25-3031.00,22396,0.0936924651678233,0.2362204724409448
25-3031.00,22397,0.0235107331469287,0.0314960629921259
25-3031.00,22398,0.0464444741086556,0.0472440944881889
25-3031.00,22399,0.0281688612903865,0.0314960629921259
25-3031.00,22400,0.0208215333135323,0.0157480314960629
25-3031.00,22401,0.0149772734903313,0.0078740157480314
25-3031.00,22402,0.0610274153348857,0.0629921259842519
25-3031.00,22403,0.0843759763875511,0.0393700787401574
25-3031.00,22404,0.0605072244843473,0.1574803149606299
25-3031.00,22405,0.0616416110566425,0.0157480314960629
25-3031.00,22406,0.0451919707530605,0.0629921259842519
25-4022.00,22407,0.1193602262758675,0.04
25-4022.00,22408,0.0671388369170669,0.0266666666666666
25-4022.00,22409,0.036262087107143,0.0533333333333333
25-4022.00,22410,0.0655406307826975,0.04
25-4022.00,22411,0.0744666571621138,0.0666666666666666
25-4022.00,22412,0.0697733751530182,0.0666666666666666
25-4022.00,22413,0.0486332685195172,0.08
25-4022.00,22414,0.0339650937314422,0.0533333333333333
25-4022.00,22415,0.0237332337239635,0.04
25-4022.00,22416,0.0263647729784626,0.0533333333333333
25-4022.00,22417,0.0230613323783215,0.0133333333333333
25-4022.00,22418,0.0508676607882265,0.04
25-4022.00,22419,0.0296554164796259,0.0533333333333333
25-4022.00,22420,0.0323651692543772,0.0266666666666666
25-4022.00,22421,0.0514370537228249,0.0133333333333333
25-4022.00,22422,0.0050743157836002,0.02
25-4022.00,22423,0.0226494352171486,0.04
25-4022.00,22424,0.0130936153232452,0.0266666666666666
25-4022.00,22425,0.0139307014944472,0.04
25-4022.00,22427,0.0184765201331127,0.0266666666666666
25-4022.00,22428,0.026275889759429,0.0266666666666666
25-4022.00,22430,0.0158770816967385,0.0266666666666666
25-4022.00,22431,0.0043331914768111,0.02
25-4022.00,22432,0.0119902401269031,0.0133333333333333
25-4022.00,22433,0.0180240369901636,0.0133333333333333
25-4022.00,22434,0.0069476243447256,0.0066666666666666
25-9042.00,22457,0.0478745017205466,0.0285714285714285
25-9042.00,22459,0.0370425099148408,0.0142857142857142
25-9042.00,22460,0.022503970103931,0.0357142857142857
25-9042.00,22461,0.0590290430518498,0.0285714285714285
25-9042.00,22462,0.0094026886726349,0.0214285714285714
25-9042.00,22463,0.0529625975970331,0.0714285714285714
25-9042.00,22465,0.0398817068046712,0.0285714285714285
25-9042.00,22466,0.0227296459261541,0.0142857142857142
25-9042.00,22467,0.0143417171484415,0.0214285714285714
25-9042.00,22468,0.0247264087266825,0.0428571428571428
25-9042.00,22469,0.010485553409721,0.0142857142857142
25-9042.00,22470,0.0224776409121617,0.0214285714285714
25-9042.00,22471,0.0276482889174438,0.0357142857142857
25-9042.00,22473,0.009977781576341,0.0285714285714285
25-9042.00,22474,0.0149754215491695,0.0357142857142857
25-9042.00,22476,0.0296293108517364,0.0571428571428571
25-9042.00,22477,0.0225458484622459,0.0071428571428571
25-9042.00,22478,0.0923317220922843,0.0857142857142857
25-9042.00,22479,0.0229840208561442,0.0142857142857142
25-9042.00,22480,0.0652224660658335,0.0428571428571428
25-9042.00,22481,0.0857826014784818,0.1142857142857142
25-9042.00,22482,0.0191681753521635,0.0428571428571428
25-9042.00,22483,0.0187137415437411,0.0285714285714285
25-9043.00,22484,0.0109658888828475,0.032051282051282
25-9043.00,22486,0.0016666877762742,0.0128205128205128
25-9043.00,22487,0.0333147786909006,0.0641025641025641
25-9043.00,22488,0.0267418045182137,0.0128205128205128
25-9043.00,22490,0.0345926617324472,0.0128205128205128
25-9043.00,22491,0.0314477405500122,0.0641025641025641
25-9043.00,22492,0.0586478151726591,0.0256410256410256
25-9043.00,22493,0.0075916209561844,0.0192307692307692
25-9043.00,22494,0.0265538911294334,0.0128205128205128
25-9043.00,22495,0.0271702318469269,0.0512820512820512
25-9043.00,22496,0.0048379499628469,0.0064102564102564
25-9043.00,22497,0.0103063358085901,0.0064102564102564
25-9043.00,22498,0.0329520264883947,0.0384615384615384
25-9043.00,22499,0.0153857519680413,0.0128205128205128
25-9043.00,22500,0.0255110731164893,0.0256410256410256
25-9043.00,22502,0.0193260063984359,0.0192307692307692
25-9043.00,22503,0.0090977077517068,0.0256410256410256
25-9043.00,22504,0.0041323999606947,0.0128205128205128
25-9043.00,22505,0.0278562429556524,0.0384615384615384
25-9043.00,22506,0.1016083347372471,0.1282051282051282
25-9043.00,22507,0.0343766041224053,0.0641025641025641
25-9043.00,22508,0.0023704634221815,0.0064102564102564
25-9043.00,22509,0.0738906802540155,0.0641025641025641
25-9043.00,22510,0.0119793458097026,0.0064102564102564
25-9043.00,22511,0.0646498155666117,0.0641025641025641
25-9043.00,22512,0.0304759114462349,0.1025641025641025
25-9043.00,22513,0.0255073980721665,0.0256410256410256
27-2012.00,22514,0.0823465902640327,0.0096153846153846
27-2012.00,22515,0.0937258773749716,0.048076923076923
27-2012.00,22516,0.0648746664550979,0.0576923076923076
27-2012.00,22517,0.0605907559640183,0.0961538461538461
27-2012.00,22518,0.0163570839503624,0.048076923076923
27-2012.00,22520,0.0246416971756579,0.0576923076923076
27-2012.00,22521,0.024058324787917,0.048076923076923
27-2012.00,22522,0.0990047933427215,0.0288461538461538
27-2012.00,22523,0.0421332668422583,0.0384615384615384
27-2012.00,22524,0.0192699112300499,0.0288461538461538
27-2012.00,22525,0.0402110420885966,0.0288461538461538
27-2012.00,22526,0.0542467484320021,0.0192307692307692
27-2012.00,22527,0.0299208423341785,0.0384615384615384
27-2012.00,22528,0.0332094756810725,0.0192307692307692
27-2012.00,22529,0.0120437134542996,0.0288461538461538
27-2012.00,22530,0.0249741452940403,0.0192307692307692
27-2012.00,22531,0.0110181343578921,0.0288461538461538
27-2012.00,22532,0.044122450108159,0.0769230769230769
27-2012.00,22533,0.0484376244657992,0.0288461538461538
27-2012.00,22534,0.0224770851229768,0.0192307692307692
27-2012.00,22535,0.0421503360865702,0.0384615384615384
27-2012.00,22537,0.0187315335529422,0.0288461538461538
27-2012.00,22538,0.0284218267687251,0.0096153846153846
27-2012.00,22539,0.0116950538276127,0.0192307692307692
27-2012.00,22540,0.0065109789183358,0.0192307692307692
27-2041.00,22544,0.0747218230144286,0.0584795321637426
27-2041.00,22545,0.0476473163440126,0.0935672514619883
27-2041.00,22546,0.043830322370366,0.0701754385964912
27-2041.00,22547,0.1043103294102926,0.0584795321637426
27-2041.00,22548,0.035068588448619,0.023391812865497
27-2041.00,22549,0.0784127380774309,0.0467836257309941
27-2041.00,22550,0.0987714890626194,0.0467836257309941
27-2041.00,22551,0.0863612881930278,0.0584795321637426
27-2041.00,22552,0.0019492022627716,0.0116959064327485
27-2041.00,22553,0.0206764486046105,0.0350877192982456
27-2041.00,22554,0.0379642401822149,0.0701754385964912
27-2041.00,22555,0.0257228606400832,0.0058479532163742
27-2041.00,22556,0.0301713436606021,0.0467836257309941
27-2041.00,22557,0.0283009097532054,0.023391812865497
27-2041.00,22558,0.0046584140011381,0.0175438596491228
27-2041.00,22559,0.0459679314857057,0.023391812865497
27-2041.00,22560,0.0426898254739879,0.0467836257309941
27-2041.00,22561,0.0174617123816468,0.0350877192982456
27-2041.00,22562,0.0505738188504303,0.0116959064327485
27-2041.00,22563,0.0272247914635695,0.0175438596491228
27-2041.00,22564,0.0218522537574803,0.023391812865497
27-2041.00,22565,0.013733964124643,0.0116959064327485
27-2041.00,22566,0.0088324825372333,0.023391812865497
27-2041.00,22567,0.0035443105288705,0.0175438596491228
27-2041.00,22568,0.0179555428659169,0.0350877192982456
27-2041.00,22569,0.0060988258609469,0.0175438596491228
27-2041.00,22570,0.0226346946418635,0.0116959064327485
27-2041.00,22571,0.0028625320022811,0.0116959064327485
27-2042.00,22574,0.0251256630152178,0.0816326530612244
27-2042.00,22575,0.0649751661012603,0.0408163265306122
27-2042.00,22576,0.0486104009952476,0.0306122448979591
27-2042.00,22577,0.0862176725220174,0.0204081632653061
27-2042.00,22578,0.0598494231696292,0.0408163265306122
27-2042.00,22579,0.0531134829710593,0.0204081632653061
27-2042.00,22580,0.051885629189269,0.0510204081632653
27-2042.00,22581,0.0452159345890814,0.0612244897959183
27-2042.00,22582,0.0226816282157108,0.0306122448979591
27-2042.00,22583,0.046423430353905,0.0510204081632653
27-2042.00,22584,0.0275402626653353,0.0612244897959183
27-2042.00,22585,0.0229155073712289,0.0306122448979591
27-2042.00,22586,0.0145687967419746,0.0510204081632653
27-2042.00,22587,0.0081923094689161,0.0408163265306122
27-2042.00,22589,0.0128389198068635,0.0306122448979591
27-2042.00,22591,0.0054027582846821,0.0204081632653061
27-2042.00,22592,0.0126532261923554,0.0204081632653061
27-2042.00,22593,0.0141422548543824,0.010204081632653
27-2042.00,22594,0.0209014087952629,0.0153061224489795
27-2042.00,22595,0.005013457324824,0.010204081632653
27-2042.00,22596,0.0098320675456953,0.010204081632653
27-2042.00,22598,0.0019278027063212,0.0204081632653061
27-2042.00,22600,0.0027733462311439,0.0153061224489795
27-3043.00,22653,0.174394744497334,0.0397350993377483
27-3043.00,22654,0.1629725645290481,0.0331125827814569
27-3043.00,22655,0.2178334646848408,0.0264900662251655
27-3043.00,22656,0.1762275113068444,0.0529801324503311
27-3043.00,22657,0.1279264960160587,0.1059602649006622
27-3043.00,22658,0.0177672442154503,0.0463576158940397
27-3043.00,22659,0.0488905856946133,0.0198675496688741
27-3043.00,22660,0.0739873890558102,0.0264900662251655
29-2034.00,22802,0.0514401054080989,0.0398009950248756
29-2034.00,22803,0.0475176236440171,0.099502487562189
29-2034.00,22804,0.0528938626951958,0.0796019900497512
29-2034.00,22805,0.0415066708986527,0.0298507462686567
29-2034.00,22806,0.0479220751852323,0.0497512437810945
29-2034.00,22807,0.0518445941160088,0.0796019900497512
29-2034.00,22808,0.0535348177786064,0.0497512437810945
29-2034.00,22809,0.0481798789454809,0.0298507462686567
29-2034.00,22810,0.0432076078341167,0.0497512437810945
29-2034.00,22811,0.0468742022864895,0.0298507462686567
29-2034.00,22812,0.0386618061660015,0.0597014925373134
29-2034.00,22813,0.0512568579168265,0.0298507462686567
29-2034.00,22814,0.0494778397382734,0.0398009950248756
29-2034.00,22815,0.0429098631609164,0.0199004975124378
29-2034.00,22816,0.0426272122686147,0.0398009950248756
29-2034.00,22817,0.0300095176817966,0.0199004975124378
29-2034.00,22818,0.03182157744826,0.0298507462686567
29-2034.00,22819,0.0390754532850475,0.0398009950248756
29-2034.00,22820,0.0361897175702493,0.0497512437810945
29-2034.00,22821,0.0190570208960705,0.0149253731343283
29-2034.00,22822,0.0157846578729423,0.0149253731343283
29-2034.00,22823,0.025886422382749,0.0049751243781094
29-2034.00,22824,0.0306736031109042,0.0199004975124378
29-2034.00,22825,0.0191256326156726,0.0099502487562189
29-2034.00,22826,0.0225017371902887,0.0199004975124378
29-2034.00,22827,0.0058978574494991,0.0199004975124378
29-2034.00,22828,0.0141217844539875,0.0049751243781094
33-1021.00,22910,0.0471369082860511,0.0307692307692307
33-1021.00,22911,0.0978618122777844,0.0615384615384615
33-1021.00,22912,0.0242652223614477,0.0307692307692307
33-1021.00,22913,0.0857078302087852,0.0307692307692307
33-1021.00,22914,0.1185638631363363,0.123076923076923
33-1021.00,22915,0.0391609366508036,0.0615384615384615
33-1021.00,22916,0.0866587163945637,0.0461538461538461
33-1021.00,22917,0.034165087665198,0.0307692307692307
33-1021.00,22918,0.0289551954101259,0.0307692307692307
33-1021.00,22919,0.0355549763494875,0.0307692307692307
33-1021.00,22920,0.0654881486946282,0.0461538461538461
33-1021.00,22921,0.0200542267161728,0.0153846153846153
33-1021.00,22922,0.0301386483609649,0.0153846153846153
33-1021.00,22923,0.0169034297186939,0.0307692307692307
33-1021.00,22924,0.0177252457396584,0.0307692307692307
33-1021.00,22925,0.039631557920643,0.0307692307692307
33-1021.00,22926,0.0284728604077108,0.0153846153846153
33-1021.00,22927,0.0716039357377196,0.0461538461538461
33-1021.00,22928,0.0194094645426274,0.0153846153846153
33-1021.00,22929,0.0644098801871664,0.0769230769230769
33-1021.00,22930,0.0044730720854754,0.0153846153846153
33-1021.00,22931,0.0072871888898226,0.0076923076923076
33-1021.00,22932,0.0084969303945003,0.0461538461538461
33-1021.00,22933,0.0058613416798106,0.0307692307692307
33-1021.00,22934,0.0020135201838211,0.0153846153846153
33-1091.00,22940,0.0406501082468204,0.0555555555555555
33-1091.00,22941,0.0093752672474722,0.0277777777777777
33-1091.00,22942,0.0418321842294051,0.074074074074074
33-1091.00,22943,0.0151425301171746,0.0092592592592592
33-1091.00,22944,0.0226540466046978,0.037037037037037
33-1091.00,22945,0.028257664128317,0.0462962962962962
33-1091.00,22946,0.0342776442820679,0.037037037037037
33-1091.00,22947,0.0523219412470808,0.0555555555555555
33-1091.00,22948,0.0219027854314218,0.0277777777777777
33-1091.00,22949,0.0920107352184061,0.074074074074074
33-1091.00,22951,0.0356729043190273,0.1111111111111111
33-1091.00,22953,0.0805941269260847,0.0925925925925925
33-1091.00,22954,0.0162628552184757,0.0277777777777777
33-1091.00,22957,0.0519609956322048,0.0277777777777777
33-1091.00,22958,0.0167682583833499,0.0555555555555555
33-1091.00,22960,0.050295021298881,0.0555555555555555
33-2011.00,22961,0.0094268803131247,0.0218340611353711
33-2011.00,22962,0.0413200646087824,0.0145560407569141
33-2011.00,22965,0.071926519654784,0.0727802037845705
33-2011.00,22967,0.0763180045513134,0.0436681222707423
33-2011.00,22971,0.055574380886255,0.0291120815138282
33-2011.00,22972,0.1116838582317724,0.1455604075691411
33-2011.00,22973,0.0780947810011504,0.007278020378457
33-2011.00,22974,0.0383816160310916,0.0436681222707423
33-2011.00,22975,0.0188944416522565,0.0436681222707423
33-2011.00,22976,0.0402893302372279,0.0291120815138282
33-2011.00,22977,0.0358136446219038,0.0436681222707423
33-2011.00,22978,0.0424827117814171,0.0727802037845705
33-2011.00,22979,0.0143732748989795,0.007278020378457
33-2011.00,22982,0.0940356108815446,0.0029112081513828
33-2011.00,22983,0.0634436960800586,0.1018922852983988
33-2011.00,22984,0.0232761858679298,0.0291120815138282
33-2011.00,22985,0.0192796375170358,0.007278020378457
33-2011.00,22986,0.057077080042921,0.0218340611353711
33-2011.00,22988,0.0340813813550954,0.0145560407569141
33-2021.00,22994,0.022367100052491,0.0461538461538461
33-2021.00,22995,0.0226879695567006,0.0538461538461538
33-2021.00,22998,0.0733105836548307,0.0923076923076923
33-2021.00,22999,0.0043906197280192,0.0076923076923076
33-2021.00,23000,0.0571742897896984,0.0461538461538461
33-2021.00,23001,0.0168425083823735,0.0384615384615384
33-2021.00,23002,0.0564363955441891,0.0769230769230769
33-2021.00,23003,0.0621444873300578,0.0461538461538461
33-2021.00,23004,0.0155779006322213,0.0307692307692307
33-2021.00,23005,0.0301614640891908,0.0615384615384615
33-2021.00,23007,0.0032609818661009,0.023076923076923
33-2021.00,23009,0.0010718165298406,0.0076923076923076
33-2021.00,23011,0.0036072123816265,0.0153846153846153
33-2021.00,23014,0.0012798835268705,0.0076923076923076
33-2021.00,23015,0.0012046475514811,0.023076923076923
33-2021.00,23016,0.0001580404672023,0.0076923076923076
33-2021.00,23017,0.0123493190141999,0.0153846153846153
33-2021.00,23018,0.008996073299344,0.0153846153846153
33-2021.00,23020,0.0094644508917542,0.023076923076923
33-3021.00,23022,0.0418723379423821,0.0833333333333333
33-3021.00,23024,0.0448839375025781,0.0694444444444444
33-3021.00,23025,0.0257692432209323,0.0416666666666666
33-3021.00,23026,0.0258046769079327,0.0416666666666666
33-3021.00,23027,0.0242486580385567,0.0208333333333333
33-3021.00,23028,0.0090779476677695,0.0277777777777777
33-3021.00,23029,0.1012490965324637,0.0833333333333333
33-3021.00,23030,0.0447156481521678,0.0555555555555555
33-3021.00,23031,0.008479767682199,0.0138888888888888
33-3021.00,23033,0.0491624710653255,0.0416666666666666
33-3021.00,23034,0.0361159286638921,0.0694444444444444
33-3021.00,23035,0.0094737201862657,0.0277777777777777
33-3021.00,23036,0.0258961562784072,0.0555555555555555
33-3021.00,23038,0.0073629092366563,0.0208333333333333
33-3021.00,23040,0.0054094341139822,0.0069444444444444
33-3021.00,23041,0.0165423483099328,0.0069444444444444
33-3021.00,23043,0.0055740555262082,0.0069444444444444
33-3021.00,23044,0.0209625643574236,0.0069444444444444
33-3021.00,23045,0.0506071806533489,0.0277777777777777
33-3021.00,23046,0.0879420604460249,0.0277777777777777
33-3021.00,23047,0.008954166769013,0.0416666666666666
33-3021.00,23048,0.0458314891694414,0.0347222222222222
33-3021.00,23049,0.0058914967908341,0.0416666666666666
33-3021.00,23050,0.0715382515741449,0.0416666666666666
33-3051.00,23051,0.0263706923923998,0.03125
33-3051.00,23052,0.0893352182709387,0.1
33-3051.00,23053,0.0371378000853506,0.125
33-3051.00,23054,0.0073446338038523,0.0125
33-3051.00,23055,0.0713543516630157,0.0375
33-3051.00,23056,0.0473993687544716,0.025
33-3051.00,23057,0.0372387220302429,0.0625
33-3051.00,23058,0.0070461009870176,0.025
33-3051.00,23059,0.0903956422944817,0.15
33-3051.00,23060,0.062073994554432,0.075
33-3051.00,23061,0.0234025951255572,0.0125
33-3051.00,23062,0.0365459244830032,0.0125
33-3051.00,23063,0.0096309661195868,0.01875
33-3051.00,23064,0.0607869378267054,0.0125
33-3051.00,23065,0.0271837739478739,0.0125
33-3051.00,23066,0.041152250829687,0.1
33-3051.00,23069,0.0142948501328318,0.00625
33-3051.00,23070,0.0195647600098417,0.0125
33-3051.00,23071,0.0437452161598965,0.00625
33-3051.00,23072,0.0791824197626893,0.00625
33-3051.00,23073,0.0412168562579654,0.025
33-3051.00,23074,0.0105714980788925,0.0125
33-3051.00,23075,0.0063779387419276,0.00625
33-3051.00,23076,0.0116445780293978,0.0125
33-3051.00,23077,0.0058601281156091,0.025
33-3051.00,23078,0.0361321285467375,0.00625
33-3051.00,23079,0.0147408259849889,0.00625
35-3023.00,23099,0.0509026730630518,0.0746268656716417
35-3023.00,23100,0.0543177665686078,0.0746268656716417
35-3023.00,23101,0.0310478296748246,0.0373134328358208
35-3023.00,23102,0.0370690735626467,0.0466417910447761
35-3023.00,23103,0.031824750739459,0.0093283582089552
35-3023.00,23104,0.0512651214880041,0.0746268656716417
35-3023.00,23105,0.0453865574113116,0.0559701492537313
35-3023.00,23106,0.0386161441379636,0.0932835820895522
35-3023.00,23107,0.039319063959976,0.0373134328358208
35-3023.00,23108,0.0250085672713176,0.0186567164179104
35-3023.00,23109,0.0437644830829043,0.0279850746268656
35-3023.00,23110,0.0631403693705536,0.0932835820895522
35-3023.00,23111,0.0328888807081312,0.0186567164179104
35-3023.00,23112,0.0186198595041869,0.0186567164179104
35-3023.00,23113,0.0301699688348955,0.0466417910447761
35-3023.00,23114,0.0230807772076106,0.0139925373134328
35-3023.00,23115,0.0410990958562493,0.0373134328358208
35-3023.00,23116,0.0417727173534638,0.0559701492537313
35-3023.00,23117,0.0191050099921722,0.0279850746268656
35-3023.00,23119,0.018328996774874,0.0373134328358208
35-3023.00,23120,0.0323962692404274,0.0186567164179104
35-3023.00,23121,0.0374567473635645,0.0186567164179104
35-3023.00,23123,0.0353518953654835,0.0279850746268656
35-3023.00,23124,0.0112261743515492,0.0046641791044776
35-3023.00,23125,0.0217587318138673,0.0046641791044776
39-1013.00,23127,0.0625409538657853,0.1621621621621621
39-1013.00,23128,0.0277497335169188,0.0472972972972973
39-1013.00,23129,0.0643682852927126,0.1081081081081081
39-1013.00,23130,0.0481406930770216,0.0337837837837837
39-1013.00,23131,0.0457366774473387,0.027027027027027
39-1013.00,23132,0.0758108639255079,0.0405405405405405
39-1013.00,23133,0.0454342044039702,0.054054054054054
39-1013.00,23134,0.0479914650345737,0.027027027027027
39-1013.00,23135,0.0362496454225929,0.0202702702702702
39-1013.00,23136,0.0450704212321466,0.0202702702702702
39-1013.00,23137,0.0476098558808591,0.027027027027027
39-1013.00,23138,0.0304223575408827,0.0135135135135135
39-1013.00,23139,0.0271520982982909,0.0135135135135135
39-1013.00,23140,0.040674545552484,0.027027027027027
39-1013.00,23141,0.0258764820298593,0.0067567567567567
39-1013.00,23142,0.0159235407839086,0.0337837837837837
39-1013.00,23143,0.0405306507622817,0.0135135135135135
39-1013.00,23144,0.0218520284307395,0.054054054054054
39-1013.00,23145,0.0257355220316975,0.0135135135135135
39-1013.00,23146,0.0027141222675873,0.0202702702702702
39-1013.00,23147,0.0335939862802669,0.0202702702702702
39-1013.00,23149,0.008780409964357,0.0202702702702702
39-1013.00,23150,0.0124643475960268,0.027027027027027
39-1013.00,23152,0.0432834352461258,0.0337837837837837
39-1022.00,23176,0.0491920755320815,0.0495867768595041
39-1022.00,23177,0.1379131645502025,0.2479338842975206
39-1022.00,23178,0.0388758159250849,0.0165289256198347
39-1022.00,23179,0.0517279822475836,0.024793388429752
41-3031.00,23192,0.0819919167404057,0.05
41-3031.00,23193,0.1250479626826556,0.1
41-3031.00,23194,0.089315177953401,0.03
41-3031.00,23195,0.0306115636762733,0.04
41-3031.00,23196,0.0665762480543326,0.05
41-3031.00,23197,0.0325870927799683,0.03
41-3031.00,23198,0.0592383928642625,0.02
41-3031.00,23199,0.0188393810371041,0.04
41-3031.00,23200,0.0287955803404231,0.06
41-3031.00,23201,0.0359455891833655,0.04
41-3031.00,23202,0.005528963108126,0.02
41-3031.00,23203,0.058362977039142,0.04
41-3031.00,23204,0.0171354529677424,0.04
41-3031.00,23205,0.0213579560227088,0.03
41-3031.00,23206,0.0201869205155071,0.05
41-3031.00,23207,0.0516334433269459,0.03
41-3031.00,23208,0.0477819291551906,0.05
41-3031.00,23209,0.0546191842167996,0.03
41-3031.00,23210,0.0177210767229587,0.04
41-3031.00,23211,0.007117312814183,0.02
41-3031.00,23212,0.0166131451616302,0.02
41-3031.00,23213,0.0193769870755742,0.01
41-3031.00,23214,0.0103490441234783,0.02
41-3031.00,23215,0.0354065098805565,0.02
41-3031.00,23216,0.030107873168934,0.02
41-3031.00,23217,0.01775231938833,0.02
43-3021.00,23237,0.0175303700992489,0.0054644808743169
43-3021.00,23238,0.0711818379621988,0.087431693989071
43-3021.00,23239,0.0311453632003215,0.0218579234972677
43-3021.00,23240,0.0401825379123573,0.1092896174863388
43-3021.00,23241,0.0645227275057341,0.0655737704918032
43-3021.00,23242,0.1250496860064002,0.087431693989071
43-3021.00,23243,0.0261560502520288,0.0437158469945355
43-3021.00,23244,0.0400274391404713,0.0437158469945355
43-3021.00,23245,0.0585445416383066,0.087431693989071
43-3021.00,23246,0.0740528697484308,0.0546448087431694
43-3021.00,23247,0.0122010333305281,0.0218579234972677
43-3021.00,23248,0.0134848495732318,0.0109289617486338
43-3021.00,23249,0.0109079634196306,0.0054644808743169
43-3021.00,23250,0.0113844065784697,0.0109289617486338
43-3021.00,23251,0.0134172396052468,0.0218579234972677
43-3021.00,23253,0.0238157688699896,0.0054644808743169
43-3021.00,23254,0.0216116172839961,0.0109289617486338
43-3021.00,23255,0.0313043625043075,0.0218579234972677
43-3021.00,23257,0.00591236342686,0.0054644808743169
43-3021.00,23258,0.023564281864854,0.0327868852459016
43-3021.00,23260,0.0105445848914084,0.0109289617486338
43-4031.00,23267,0.0783416252184145,0.0483091787439613
43-4031.00,23268,0.0521377811317817,0.0289855072463768
43-4031.00,23269,0.0038830752259673,0.0193236714975845
43-4031.00,23270,0.0854948545250723,0.038647342995169
43-4031.00,23271,0.0060140902036456,0.0096618357487922
43-4031.00,23272,0.0263681764982533,0.0483091787439613
43-4031.00,23273,0.0832428613299634,0.038647342995169
43-4031.00,23275,0.0239882691326093,0.038647342995169
43-4031.00,23276,0.0035842459840908,0.0193236714975845
43-4031.00,23277,0.0651013318081468,0.0289855072463768
43-4031.00,23278,0.0612778024108198,0.0579710144927536
43-4031.00,23279,0.0011922672888733,0.0096618357487922
43-4031.00,23280,0.0415293036360173,0.0193236714975845
43-4031.00,23281,0.0431144238762485,0.0483091787439613
43-4031.00,23282,0.0618544184572488,0.0483091787439613
43-4031.00,23283,0.0384189456759228,0.0579710144927536
43-4031.00,23284,0.1060282030296674,0.0772946859903381
43-4031.00,23285,0.0152375790762974,0.038647342995169
43-4031.00,23286,0.0150145075675596,0.0193236714975845
43-4031.00,23287,0.0120538839911485,0.0289855072463768
43-4031.00,23288,0.0791184045900493,0.0579710144927536
43-4031.00,23289,0.0196519744724222,0.0144927536231884
43-4031.00,23290,0.0342535068593102,0.0193236714975845
43-4031.00,23291,0.0065759338152458,0.0193236714975845
43-4031.00,23292,0.0012005431306207,0.0096618357487922
43-4031.00,23293,0.0018942738652274,0.0096618357487922
43-9041.00,23313,0.0992559609341539,0.0677966101694915
43-9041.00,23314,0.0677024176378611,0.0338983050847457
43-9041.00,23315,0.0933406707883106,0.0423728813559322
43-9041.00,23316,0.0859628868479737,0.0254237288135593
43-9041.00,23317,0.0554400375932084,0.0508474576271186
43-9041.00,23318,0.0652632381185311,0.0508474576271186
43-9041.00,23319,0.0371902436923725,0.0677966101694915
43-9041.00,23320,0.0932556598260225,0.059322033898305
43-9041.00,23321,0.0798232336438799,0.0423728813559322
43-9041.00,23322,0.0498023461826317,0.0423728813559322
43-9041.00,23323,0.0325934937034155,0.0508474576271186
43-9041.00,23324,0.0188560926995057,0.0169491525423728
43-9041.00,23325,0.0331875780960349,0.0338983050847457
43-9041.00,23326,0.0327206302790823,0.0423728813559322
43-9041.00,23327,0.0098127490351078,0.0127118644067796
43-9041.00,23328,0.0705563706747374,0.0169491525423728
43-9041.00,23329,0.0214184225745789,0.0254237288135593
43-9041.00,23330,0.0175189285030709,0.0169491525423728
43-9041.00,23332,0.0154608114925927,0.0508474576271186
43-9041.00,23333,0.007730606648009,0.0084745762711864
43-9041.00,23334,0.0131076210289187,0.0169491525423728
45-1011.00,23340,0.0761878186463178,0.0495867768595041
45-1011.00,23341,0.0233070741731983,0.0165289256198347
45-1011.00,23342,0.0839914222271024,0.0661157024793388
45-1011.00,23343,0.072682561342363,0.0413223140495867
45-1011.00,23344,0.026535789181285,0.0165289256198347
45-1011.00,23345,0.0369410974644129,0.0165289256198347
45-1011.00,23346,0.0324379318024294,0.0165289256198347
45-1011.00,23347,0.0148677941533043,0.0165289256198347
45-1011.00,23348,0.0474449747326374,0.0330578512396694
45-1011.00,23349,0.0329829105851799,0.0330578512396694
45-1011.00,23350,0.0325866844299025,0.0165289256198347
45-1011.00,23351,0.0627758641000718,0.0578512396694214
45-1011.00,23353,0.0649773995556784,0.0165289256198347
45-1011.00,23354,0.0297009129846136,0.0413223140495867
45-1011.00,23355,0.0667179391564604,0.0661157024793388
45-1011.00,23356,0.0381915309952598,0.0495867768595041
45-1011.00,23357,0.0153740010922958,0.0330578512396694
45-1011.00,23358,0.0338295203655976,0.0413223140495867
45-1011.00,23359,0.0272461534910289,0.024793388429752
45-1011.00,23360,0.0424640229159844,0.024793388429752
45-1011.00,23361,0.0276937141147003,0.0330578512396694
45-1011.00,23362,0.013754700803132,0.0413223140495867
45-1011.00,23363,0.0185056303633089,0.024793388429752
45-1011.00,23364,0.0111308017051124,0.0082644628099173
45-1011.00,23365,0.0266738747822641,0.024793388429752
45-1011.00,23366,0.0104906902096956,0.0165289256198347
45-2092.00,23370,0.0224707569559858,0.0751173708920187
45-2092.00,23371,0.022947111534726,0.0938967136150234
45-2092.00,23372,0.0119970430603798,0.0375586854460093
45-2092.00,23373,0.0311568010872026,0.028169014084507
45-2092.00,23375,0.022359491770627,0.028169014084507
45-2092.00,23376,0.0347731579329173,0.0093896713615023
45-2092.00,23378,0.0156640564999112,0.0093896713615023
45-2092.00,23379,0.0576736360958075,0.0187793427230046
45-2092.00,23380,0.0147584609392359,0.0187793427230046
45-2092.00,23384,0.0245710158466006,0.0046948356807511
45-2092.00,23385,0.0048718870652206,0.0187793427230046
45-2092.00,23386,0.0051827065110086,0.0469483568075117
45-2092.00,23388,0.0065274276145574,0.0187793427230046
45-2092.00,23391,0.0017711854154432,0.028169014084507
45-2092.00,23392,0.0434126196416007,0.0469483568075117
45-2092.00,23393,0.0089075555185233,0.0187793427230046
45-2092.00,23397,0.0139860756535215,0.0375586854460093
45-2092.00,23398,0.0087182003595982,0.0375586854460093
47-2031.00,23430,0.1019305682984378,0.0484261501210653
47-2031.00,23431,0.0484492808662878,0.036319612590799
47-2031.00,23432,0.089340183717753,0.0605326876513317
47-2031.00,23433,0.0729235287327109,0.0968523002421307
47-2031.00,23434,0.0391144602245476,0.0968523002421307
47-2031.00,23435,0.0449452366442541,0.036319612590799
47-2031.00,23436,0.0136112965602461,0.0242130750605326
47-2031.00,23437,0.0104393010537616,0.0121065375302663
47-2031.00,23438,0.031607630143939,0.0181598062953995
47-2031.00,23439,0.0369242895052871,0.072639225181598
47-2031.00,23440,0.0146282971265229,0.0242130750605326
47-2031.00,23441,0.0300082668891005,0.0484261501210653
47-2031.00,23442,0.0194176021431489,0.0242130750605326
47-2031.00,23443,0.0630803680814583,0.0968523002421307
47-2031.00,23444,0.0348359308667316,0.0242130750605326
47-2031.00,23445,0.0358646022350266,0.0181598062953995
47-2031.00,23446,0.0305834994327304,0.036319612590799
47-2031.00,23448,0.0252605073865103,0.0242130750605326
47-2031.00,23450,0.0063418468218937,0.0181598062953995
47-2031.00,23451,0.0191712967791263,0.0242130750605326
47-2031.00,23452,0.0089623049160245,0.0121065375302663
47-2031.00,23453,0.0030805817668102,0.0121065375302663
47-2031.00,23454,0.0020654722310288,0.0181598062953995
47-2031.00,23457,0.0095266717634951,0.0060532687651331
47-2031.00,23458,0.0168646102664497,0.0121065375302663
47-2152.00,23459,0.0742773966876397,0.0719424460431654
47-2152.00,23460,0.0481323375858518,0.0215827338129496
47-2152.00,23461,0.016749901563085,0.0359712230215827
47-2152.00,23462,0.0331291754377871,0.0287769784172661
47-2152.00,23463,0.0360701304762829,0.0575539568345323
47-2152.00,23464,0.0280587826692744,0.0503597122302158
47-2152.00,23465,0.0502885812802089,0.0215827338129496
47-2152.00,23466,0.0532247035704483,0.0863309352517985
47-2152.00,23467,0.0467441956565366,0.0863309352517985
47-2152.00,23468,0.0116302434252821,0.014388489208633
47-2152.00,23469,0.0265994502378367,0.0215827338129496
47-2152.00,23470,0.0298909651245369,0.0215827338129496
47-2152.00,23471,0.0607406683332681,0.0359712230215827
47-2152.00,23472,0.0122117744545021,0.0287769784172661
47-2152.00,23473,0.0374906320272987,0.0575539568345323
47-2152.00,23474,0.0665671829368104,0.0359712230215827
47-2152.00,23475,0.0395298645421832,0.0359712230215827
47-2152.00,23476,0.0408592691639228,0.0287769784172661
47-2152.00,23477,0.0179351108671824,0.0215827338129496
47-2152.00,23478,0.0146607289100738,0.0431654676258992
47-2152.00,23479,0.025896816376089,0.0287769784172661
47-2152.00,23480,0.0075779414443639,0.0215827338129496
47-2152.00,23481,0.0301727703964499,0.0287769784172661
47-2152.00,23482,0.0122683198765029,0.014388489208633
47-2152.00,23483,0.0084819237735962,0.014388489208633
47-2152.00,23484,0.015476037092028,0.0071942446043165
47-2152.00,23485,0.0138113785754555,0.014388489208633
47-2152.00,23486,0.0006795683003767,0.0071942446043165
47-2152.00,23488,0.0128176826630502,0.0503597122302158
47-5044.00,23495,0.0268760652326473,0.0382775119617224
47-5044.00,23496,0.0741077287890661,0.0765550239234449
47-5044.00,23497,0.0164321792242813,0.0191387559808612
47-5044.00,23498,0.0988005163069706,0.0956937799043062
47-5044.00,23499,0.0677791398293447,0.0287081339712918
47-5044.00,23500,0.0274424497240887,0.0239234449760765
47-5044.00,23502,0.0255789609631501,0.0191387559808612
47-5044.00,23503,0.0651609029618621,0.0287081339712918
47-5044.00,23504,0.0651607220331338,0.0574162679425837
47-5044.00,23505,0.032946100372599,0.0287081339712918
47-5044.00,23506,0.0759356280232834,0.0478468899521531
47-5044.00,23508,0.0065247656594589,0.0287081339712918
47-5044.00,23509,0.0247844775663892,0.0143540669856459
49-3023.00,23522,0.0449275519907184,0.0576368876080691
49-3023.00,23523,0.0805513358397274,0.0432276657060518
49-3023.00,23524,0.0460376151780978,0.0432276657060518
49-3023.00,23525,0.0193964101475354,0.0720461095100864
49-3023.00,23526,0.0547265808874537,0.0216138328530259
49-3023.00,23527,0.0561772921888816,0.0288184438040345
49-3023.00,23528,0.0352683736265424,0.0432276657060518
49-3023.00,23529,0.0303440949036712,0.0360230547550432
49-3023.00,23530,0.0139050531008411,0.0288184438040345
49-3023.00,23531,0.0369102123510033,0.0504322766570605
49-3023.00,23532,0.0103352401222796,0.0576368876080691
49-3023.00,23533,0.0600002326468147,0.0864553314121037
49-3023.00,23534,0.0695977713480659,0.0432276657060518
49-3023.00,23535,0.0375399045051136,0.0216138328530259
49-3023.00,23536,0.0457453037319582,0.0288184438040345
49-3023.00,23537,0.0385808889359971,0.0360230547550432
49-3023.00,23538,0.0119758934296042,0.0216138328530259
49-3023.00,23539,0.005459072019769,0.0288184438040345
49-3023.00,23540,0.0243340359949917,0.0576368876080691
49-3023.00,23541,0.0149686296246673,0.0360230547550432
49-3023.00,23542,0.0168693223327049,0.0144092219020172
49-3023.00,23543,0.0094903361851021,0.0288184438040345
49-3023.00,23544,0.0091506563332028,0.0288184438040345
49-3023.00,23545,0.006974695562991,0.0216138328530259
49-3023.00,23546,0.0061669852129315,0.0144092219020172
49-3023.00,23549,0.005896686750093,0.0072046109510086
49-9021.00,23552,0.0623546870353716,0.0408163265306122
49-9021.00,23553,0.0601490821386582,0.0816326530612244
49-9021.00,23555,0.0361632184092302,0.0340136054421768
49-9021.00,23556,0.0491733816899125,0.0272108843537414
49-9021.00,23557,0.1193147308564391,0.0544217687074829
49-9021.00,23558,0.0340723717138177,0.0272108843537414
49-9021.00,23559,0.0327591311340712,0.0408163265306122
49-9021.00,23560,0.0255705380062922,0.0340136054421768
49-9021.00,23561,0.0222539284035966,0.0340136054421768
49-9021.00,23562,0.0390688741249871,0.0544217687074829
49-9021.00,23563,0.0436284541687838,0.0340136054421768
49-9021.00,23564,0.0274575641231819,0.0272108843537414
49-9021.00,23565,0.0165030899685138,0.0204081632653061
49-9021.00,23566,0.0150298525621036,0.0204081632653061
49-9021.00,23567,0.017567568925604,0.0136054421768707
49-9021.00,23568,0.0834055042549183,0.0680272108843537
49-9021.00,23569,0.0413336039235038,0.0204081632653061
49-9021.00,23570,0.0179084205780264,0.0272108843537414
49-9021.00,23571,0.0128710933401599,0.0340136054421768
49-9021.00,23572,0.0508917647761759,0.0272108843537414
49-9021.00,23573,0.0016379771282842,0.0136054421768707
49-9021.00,23574,0.0337450880653969,0.0272108843537414
49-9021.00,23575,0.0405636848555592,0.0204081632653061
49-9021.00,23576,0.0400220549511065,0.0204081632653061
49-9021.00,23577,0.0071137835038689,0.0136054421768707
49-9021.00,23578,0.0079801632526465,0.0204081632653061
49-9021.00,23579,0.0093230138659554,0.0136054421768707
51-4121.00,23582,0.0590530167380057,0.1566579634464752
51-4121.00,23583,0.087739199805482,0.052219321148825
51-4121.00,23584,0.0483521514570436,0.031331592689295
51-4121.00,23585,0.0533946432768982,0.04177545691906
51-4121.00,23586,0.0279946147507358,0.1044386422976501
51-4121.00,23587,0.041616377598014,0.02088772845953
51-4121.00,23588,0.0349441961477535,0.02088772845953
51-4121.00,23589,0.0211718650466821,0.010443864229765
51-4121.00,23590,0.0456812923234325,0.02088772845953
51-4121.00,23591,0.0406599046348971,0.052219321148825
51-4121.00,23592,0.0357076194376134,0.010443864229765
51-4121.00,23593,0.0415324689572861,0.04177545691906
51-4121.00,23594,0.0475071150592393,0.04177545691906
51-4121.00,23595,0.015201973395971,0.0156657963446475
51-4121.00,23596,0.0469271377344989,0.04177545691906
51-4121.00,23597,0.0288114658400492,0.010443864229765
51-4121.00,23598,0.0276069004859847,0.0835509138381201
51-4121.00,23599,0.0371697444147852,0.031331592689295
51-4121.00,23600,0.0239566095403138,0.010443864229765
51-4121.00,23601,0.026914891060478,0.02088772845953
51-4121.00,23602,0.0515498153720843,0.02088772845953
51-4121.00,23603,0.0363343135679039,0.031331592689295
51-4121.00,23604,0.013681502238665,0.02088772845953
51-4121.00,23605,0.0358225300900332,0.02088772845953
51-4121.00,23606,0.0112236080229305,0.02088772845953
51-4121.00,23607,0.0111049783625213,0.010443864229765
51-4121.00,23608,0.012972804776128,0.010443864229765
51-4121.00,23609,0.0283287286537536,0.010443864229765
51-4121.00,23610,0.0070385312108143,0.0026109660574412
51-9071.00,23620,0.0474070979997207,0.0794701986754966
51-9071.00,23621,0.0603079129907759,0.0662251655629139
51-9071.00,23622,0.0499682254021493,0.1059602649006622
51-9071.00,23623,0.0477256488462681,0.1324503311258278
51-9071.00,23624,0.0605200167243207,0.0529801324503311
51-9071.00,23625,0.0543968332932579,0.0529801324503311
51-9071.00,23626,0.0321002425052477,0.0264900662251655
51-9071.00,23627,0.0375401220277206,0.0198675496688741
51-9071.00,23628,0.0665167493982453,0.0264900662251655
51-9071.00,23629,0.0212085916511611,0.0198675496688741
51-9071.00,23630,0.0097293218139043,0.0397350993377483
51-9071.00,23631,0.0036847912257042,0.0264900662251655
51-9071.00,23632,0.0504320135618421,0.0264900662251655
51-9071.00,23633,0.0243754007316457,0.0264900662251655
51-9071.00,23634,0.0255765045657969,0.0264900662251655
51-9071.00,23635,0.0194163763986267,0.0198675496688741
51-9071.00,23636,0.022606416248823,0.0198675496688741
51-9071.00,23637,0.0271296657168758,0.0132450331125827
51-9071.00,23638,0.0291545424438374,0.0397350993377483
51-9071.00,23639,0.028589002795609,0.0397350993377483
51-9071.00,23640,0.0314325252976229,0.0132450331125827
51-9071.00,23641,0.0117575237545043,0.0198675496688741
51-9071.00,23642,0.0131211991373246,0.0198675496688741
51-9071.00,23643,0.0061787374903538,0.0198675496688741
51-9071.00,23644,0.0061385399672983,0.0198675496688741
51-9071.00,23645,0.0148743477287882,0.0132450331125827
51-9071.00,23647,0.0059230728040545,0.0132450331125827
51-9071.00,23649,0.0046126991724427,0.0066225165562913
51-9124.00,23652,0.0424195272500072,0.0222222222222222
51-9124.00,23653,0.0159419493756693,0.0222222222222222
51-9124.00,23654,0.0620599061301466,0.0333333333333333
51-9124.00,23655,0.041647383438341,0.0333333333333333
51-9124.00,23656,0.042924498230784,0.0166666666666666
51-9124.00,23659,0.0551863194063111,0.0555555555555555
51-9124.00,23660,0.0329837058523308,0.0222222222222222
51-9124.00,23663,0.0241495441290141,0.0166666666666666
51-9124.00,23664,0.0465666967424725,0.1333333333333333
51-9124.00,23665,0.0179992889772552,0.0222222222222222
53-3051.00,23715,0.0542331962046649,0.0555555555555555
53-3051.00,23716,0.1163534528917481,0.2222222222222222
53-3051.00,23717,0.0926415325138852,0.2777777777777778
53-3051.00,23718,0.0338315271175645,0.0166666666666666
53-3051.00,23719,0.0882855799741051,0.0555555555555555
53-3051.00,23720,0.047430618890992,0.0277777777777777
53-3051.00,23721,0.0246053910723481,0.0027777777777777
53-3051.00,23722,0.076833983269495,0.1111111111111111
53-3051.00,23724,0.0886306591156249,0.1666666666666666
53-3051.00,23725,0.0464586011847154,0.0166666666666666
53-3051.00,23726,0.0403904391539622,0.0111111111111111
53-3051.00,23727,0.0387725323564254,0.0055555555555555
53-3051.00,23728,0.0662643895193761,0.0111111111111111
53-3051.00,23729,0.0255207395081097,0.0027777777777777
53-3051.00,23730,0.0470378408816963,0.0055555555555555
53-3051.00,23731,0.0212930149262778,0.0055555555555555
53-3053.00,23732,0.0507239587635694,0.0068965517241379
53-3053.00,23733,0.0376121173574588,0.0172413793103448
53-3053.00,23735,0.0696110609513759,0.0206896551724137
53-3053.00,23736,0.0212609908545158,0.0006896551724137
53-3053.00,23737,0.0718006462667445,0.1724137931034483
53-3053.00,23738,0.0513994013786306,0.2068965517241379
53-3053.00,23739,0.0704223167944204,0.1724137931034483
53-3053.00,23740,0.0287938843011481,0.0013793103448275
53-3053.00,23741,0.0327762585249055,0.0034482758620689
53-3053.00,23742,0.048047192403741,0.0137931034482758
53-3053.00,23743,0.0299406302541434,0.0103448275862068
53-3053.00,23744,0.0157562447626134,0.0034482758620689
53-3053.00,23745,0.0228413975449487,0.0103448275862068
53-3053.00,23746,0.0499987322644618,0.1034482758620689
53-3053.00,23748,0.0322121381244207,0.0137931034482758
53-3053.00,23749,0.0663407815933865,0.0275862068965517
53-3053.00,23750,0.0259546575618468,0.0137931034482758
53-3053.00,23751,0.0506485652560862,0.0344827586206896
53-3053.00,23752,0.0233512591975513,0.0068965517241379
53-3053.00,23753,0.0460357092459711,0.0068965517241379
53-3053.00,23754,0.0261459169800652,0.0013793103448275
53-3053.00,23755,0.0400076096673224,0.0068965517241379
53-3053.00,23756,0.0304895475017263,0.0068965517241379
53-3053.00,23757,0.0152508919447111,0.0206896551724137
53-5021.00,23802,0.0781876135580159,0.0875656742556917
53-5021.00,23803,0.0671530788660107,0.0437828371278458
53-5021.00,23804,0.0249094027835798,0.0175131348511383
53-5021.00,23805,0.0666619263751271,0.0700525394045534
53-5021.00,23806,0.063550336077682,0.1313485113835376
53-5021.00,23807,0.0738019182637193,0.0262697022767075
53-5021.00,23808,0.030965084856957,0.0262697022767075
53-5021.00,23809,0.0448917440018587,0.1751313485113835
53-5021.00,23810,0.0324565644001567,0.0350262697022767
53-5021.00,23811,0.0455281671389817,0.0175131348511383
53-5021.00,23813,0.003163354758291,0.0008756567425569
53-5021.00,23814,0.0377190763148639,0.0087565674255691
53-5021.00,23815,0.0524161062854461,0.0175131348511383
53-5021.00,23816,0.0225536553290212,0.0350262697022767
53-5021.00,23817,0.025192089645508,0.0175131348511383
53-5021.00,23818,0.0317051796154425,0.0087565674255691
53-5021.00,23819,0.0357238707898281,0.0437828371278458
53-5021.00,23821,0.0327955404003297,0.0087565674255691
53-5021.00,23822,0.0060242665439267,0.0087565674255691
53-5021.00,23823,0.0188075341231282,0.0700525394045534
53-5021.00,23824,0.0098722843758777,0.0175131348511383
53-5021.00,23825,0.0182111313280117,0.0262697022767075
53-5021.00,23826,0.0047440916935504,0.0087565674255691
53-5021.00,23827,0.0266039896056875,0.0262697022767075
53-5021.00,23828,0.0247904468162455,0.0175131348511383
53-5021.00,23829,0.0045706498587065,0.0043782837127845
53-7065.00,23872,0.0561973899937742,0.1
53-7065.00,23873,0.0472830512172602,0.05
53-7065.00,23874,0.0283029407548396,0.08
53-7065.00,23875,0.0341507692746498,0.08
53-7065.00,23876,0.0130200920436856,0.02
53-7065.00,23877,0.0795447869402355,0.03
53-7065.00,23878,0.0298971257670396,0.04
53-7065.00,23879,0.0325922370574881,0.02
53-7065.00,23880,0.0770800804651245,0.15
53-7065.00,23881,0.0120374776360896,0.02
53-7065.00,23882,0.0294699842581971,0.01
53-7065.00,23883,0.0132977344664515,0.01
53-7065.00,23884,0.0166942677061344,0.02
53-7065.00,23885,0.0193547111531793,0.03
53-7065.00,23886,0.053273378385826,0.04
53-7065.00,23887,0.0252139710909743,0.015
53-7065.00,23888,0.0201755621249141,0.02
53-7065.00,23889,0.009350009854539,0.01
53-7065.00,23890,0.0418537811931183,0.02
53-7065.00,23891,0.0146652740448899,0.01
53-7065.00,23892,0.0223822333853684,0.02
53-7065.00,23893,0.007654674089868,0.005
53-7065.00,23894,0.0171488201127283,0.01
53-7065.00,23895,0.041955748235504,0.015
53-7065.00,23897,0.0108864244589777,0.01
53-7065.00,23898,0.0140635138645058,0.01
53-7065.00,23899,0.0330295451174884,0.05
53-7065.00,23900,0.0410557707434952,0.08
25-1113.00,23911,0.0075302369029542,0.008
29-2051.00,23922,0.1070546229159855,0.2181818181818181
29-2051.00,23923,0.0502525572182187,0.0545454545454545
29-2052.00,23924,0.0730746959502399,0.1149425287356321
29-9091.00,23925,0.0461450612121515,0.0381679389312977
29-9099.01,23926,0.030473092965477,0.02
29-9099.01,23927,0.0232879626420977,0.0266666666666666
35-9011.00,23929,0.0644124922242753,0.0165745856353591
39-4011.00,23930,0.0384030863860848,0.074074074074074
41-9012.00,23931,0.0917173508936827,0.130718954248366
47-2043.00,23933,0.1318515545200898,0.1
49-3052.00,23934,0.0817430206676474,0.0727272727272727
49-9041.00,23935,0.0119081589165427,0.0089285714285714
49-9097.00,23936,0.0633113662824677,0.0975609756097561
51-4081.00,23937,0.00381134115661,0.0372670807453416
51-4111.00,23938,0.0721394431522901,0.1333333333333333
53-2022.00,23939,0.0572449708026973,0.0691244239631336
53-2022.00,23940,0.0694257316972065,0.0460829493087557
53-2022.00,23941,0.0189426195885365,0.0138248847926267
53-2031.00,23942,0.061325761546671,0.136986301369863
17-2199.05,23946,0.0329664277754288,0.0215827338129496
17-2199.05,23947,0.0260517052420638,0.0575539568345323
17-2199.05,23948,0.007325070287922,0.0359712230215827
29-1127.00,23952,0.0046185898826574,0.0275862068965517
43-3051.00,23954,0.0073103497915552,0.0300751879699248
49-3031.00,23955,0.047537404363629,0.0209424083769633
