onetsoc_code,task_id,pi,SE_pi
51-9162.00,24013,0.011582019788292921,0.004402601015555945
39-6012.00,24010,0.017303957860778343,0.0
39-6012.00,24009,0.03596198785797699,0.0
39-5091.00,24008,0.13210756659208744,0.0
33-3021.02,24007,0.03133995186439356,0.007073829018780335
27-1012.00,24006,0.03920521680621676,0.0
25-1061.00,24005,0.0017964317071372724,0.0
17-2111.02,24004,0.1884558748097222,0.0
17-2041.00,24003,0.024709364954848146,0.0
15-2021.00,24002,0.08137165654189098,0.0
51-6042.00,24000,0.08608543458688381,0.02049586157965542
51-4034.00,23999,0.03383889948607495,0.004204565942968151
51-4034.00,23998,0.05032549248491086,0.009933229683946302
33-3021.06,23997,0.04430166712602332,0.0
29-1024.00,23996,0.17869186083594946,0.02028978212225253
27-1025.00,23995,0.047817628581747415,0.0
23-2011.00,23994,0.21926766720911225,0.03803852706585426
23-1011.00,23992,0.047931339525925085,0.011986170506255032
21-1012.00,23991,0.016594367680821114,0.006115537666753562
21-1012.00,23990,0.11880362979818215,0.022606266018989657
19-5011.00,23989,0.0674722613569812,0.0
19-3011.00,23988,0.10587647184127659,0.0
17-2081.00,23987,0.002107859723947466,0.0
15-2031.00,23986,0.03968155814921246,0.0
13-1141.00,23985,0.058032870663373294,0.0
11-9171.00,23984,0.07243868511399024,0.02147327787772124
51-9023.00,23983,0.04378884791021072,0.005889653207582414
51-6061.00,23982,0.052158451174721905,0.013844020747275046
49-9062.00,23981,0.017652660250577466,0.007544442261637143
49-9062.00,23980,0.10197919591603921,0.01524903600675556
47-5071.00,23979,0.11240211525517048,0.03154735701204001
47-5071.00,23978,0.14779173834773063,0.09547171940662108
47-3013.00,23977,0.001162612973471447,0.0005551642745355597
33-3012.00,23976,0.02451076899818433,0.005663041510333853
29-2035.00,23975,0.02827340316269208,0.0
29-2035.00,23974,0.08051666778804026,0.0
29-1023.00,23973,0.1160969844016636,0.009610168706955817
27-1024.00,23972,0.008768825427068392,0.0
27-1024.00,23971,0.03213263968363615,0.0
27-1024.00,23970,0.048434431536682344,0.0
19-4092.00,23969,0.029131537122894225,0.013489576438294047
19-4092.00,23967,0.015715073370315455,0.006498097879289394
19-4092.00,23966,0.011110727696688472,0.005447347444740959
19-4092.00,23965,0.02518267818276917,0.016106300670519227
19-3041.00,23964,0.009533263949780093,0.0
19-3041.00,23963,0.018378737782196335,0.0
19-1041.00,23962,0.04946042268502255,0.0
19-1041.00,23961,0.049518378634559886,0.0
19-1031.03,23960,0.020268182712046213,0.008652355848056754
19-1031.03,23959,0.026212851786896335,0.01734808230354866
19-1023.00,23958,0.024774166373884077,0.0074854355149092874
19-1023.00,23957,0.123142697418649,0.03546797200266369
17-2071.00,23956,0.07524523127495372,0.03661162795548458
49-3031.00,23955,0.05686196852666998,0.023651555782183354
43-3051.00,23954,0.0171510137616466,0.013950214984507865
29-1127.00,23952,0.004618579036325921,0.002165557253052324
27-3031.00,23951,0.1793122704268838,0.0
19-3094.00,23950,0.03636471418299189,0.0
19-3094.00,23949,0.08696794245852096,0.0
17-2199.05,23948,0.02318879696789793,0.009354868852772116
17-2199.05,23947,0.08247116760295434,0.039424952945653575
17-2199.05,23946,0.10436091476838386,0.03496140835471196
11-9179.01,23945,0.01850335661301462,0.0
53-2031.00,23942,0.06252113226359006,0.006132227753694365
53-2022.00,23941,0.024176404795691775,0.008061613294038534
53-2022.00,23940,0.08860775070949482,0.01325567427175497
53-2022.00,23939,0.07306208457643992,0.009675362161842192
51-4111.00,23938,0.07213997520881216,0.01470769075567035
51-4081.00,23937,0.003811343810371556,0.0011976322894865507
49-9097.00,23936,0.06331133575437457,0.015772002007887826
49-9041.00,23935,0.01190816609210566,0.003013571879092949
49-3052.00,23934,0.07912816207366397,0.014063732227032149
47-2043.00,23933,0.13185193224521333,0.019487252519512447
41-9012.00,23931,0.6871043896491663,0.08964008107461208
39-4011.00,23930,0.047365912058352375,0.011846650815270532
35-9011.00,23929,0.07083805292589596,0.007128862438699064
31-9011.00,23928,0.07684117872594591,0.0
29-9099.01,23927,0.02365770558585781,0.0069929652862396816
29-9099.01,23926,0.030956914211314995,0.006951502592076145
29-9091.00,23925,0.04799114608842649,0.005432792286013493
29-2052.00,23924,0.07307463677018983,0.00720998833903692
29-2051.00,23923,0.050252594132399825,0.010243583450474802
29-2051.00,23922,0.107054701555441,0.01881636899449344
29-1292.00,23921,0.005325791533633535,0.004544892487654681
29-1229.02,23920,0.01167845555553403,0.0
29-1161.00,23919,0.016568311954113884,0.0
29-1122.01,23918,0.05244189371769229,0.0
29-1031.00,23917,0.005808206753585003,0.0
29-1031.00,23916,0.016006188802607978,0.0
29-1031.00,23915,0.10595933011652649,0.0
29-1031.00,23914,0.09711336012845767,0.0
29-1031.00,23913,0.12539210702813722,0.0
27-2023.00,23912,0.05906572206459641,0.0
25-1113.00,23911,0.011094724267144985,0.0068888392508832715
21-1022.00,23910,0.05948566723037154,0.0
21-1014.00,23909,0.0067969217577822545,0.0
21-1014.00,23908,0.005540982325109973,0.0
19-2041.02,23907,0.003073484128397804,0.0
19-1042.00,23906,0.019694843544518066,0.014821523069089333
19-1029.02,23905,0.027333340922281592,0.0
19-1029.02,23904,0.006278937849944436,0.0
19-1013.00,23903,0.05301022206851828,0.0
17-2111.02,23902,0.031088576112460665,0.0
11-9199.11,23901,0.11583895983299193,0.0
53-7065.00,23900,0.048781157435322915,0.012452537951525369
53-7065.00,23899,0.03924465212112913,0.008037431292262982
53-7065.00,23898,0.01670981865629689,0.00393390064670481
53-7065.00,23897,0.012934902349270335,0.006202355669808756
53-7065.00,23895,0.04985048198899444,0.009803884943138018
53-7065.00,23894,0.02037568114298698,0.0023746079851320397
53-7065.00,23893,0.00909503962857887,0.001994569175758799
53-7065.00,23892,0.026593855888061384,0.006990103620031927
53-7065.00,23891,0.01742481091112572,0.003356663485459239
53-7065.00,23890,0.049729328001193035,0.012867988101242251
53-7065.00,23889,0.011109383516039625,0.003063592647816183
53-7065.00,23888,0.02397195947216525,0.006952734197796394
53-7065.00,23887,0.029958436319293135,0.005713923845530567
53-7065.00,23886,0.06329785578404618,0.017206920961881627
53-7065.00,23885,0.02299665052635824,0.010775052633591693
53-7065.00,23884,0.019835596470184284,0.006611761701731141
53-7065.00,23883,0.01579994399797904,0.008164541391382714
53-7065.00,23882,0.03501529543062756,0.013487597278316225
53-7065.00,23881,0.014302561327152605,0.006008653075633834
53-7065.00,23880,0.09158409334922368,0.016275435418131836
53-7065.00,23879,0.03872505663098755,0.012941948200631234
53-7065.00,23878,0.03552281134891807,0.007516432856611298
53-7065.00,23877,0.09451286251558078,0.01548385623169875
53-7065.00,23876,0.015470058125898217,0.002623256654676432
53-7065.00,23875,0.04057689548312948,0.006468481368619548
53-7065.00,23874,0.033628651559615315,0.005770026928576186
53-7065.00,23873,0.05618021349208374,0.008433416431430175
53-7065.00,23872,0.06677194652775764,0.018684813812997948
53-6051.00,23865,0.034582945243335446,0.0
53-6051.00,23864,0.021408826235483024,0.0
53-6051.00,23861,0.06460449323692265,0.0
53-6051.00,23860,0.055135265308767646,0.0
53-6051.00,23859,0.041207177847670466,0.0
53-6051.00,23858,0.07552935777986014,0.0
53-6051.00,23857,0.0644894852742846,0.0
53-6051.00,23856,0.11279841582722164,0.0
53-6051.00,23855,0.05392366037663626,0.0
53-6051.00,23854,0.10018786330384041,0.0
53-6051.00,23853,0.04792494826887983,0.0
53-6051.00,23852,0.13110112697458373,0.0
53-6051.00,23851,0.08220141217906539,0.0
53-6051.00,23850,0.1149050221434487,0.0
53-5021.00,23830,0.0006658624035553197,0.0006198380743076842
53-5021.00,23829,0.005101470224833659,0.001633641503888492
53-5021.00,23828,0.027669528448452992,0.00440111272317516
53-5021.00,23827,0.029693690182079683,0.0057549533923894215
53-5021.00,23826,0.005295060323701889,0.0026709569975924222
53-5021.00,23825,0.02032611271970807,0.002535396175837794
53-5021.00,23824,0.011018819282053467,0.0027793137253074775
53-5021.00,23823,0.020991779790113532,0.0030532123428683214
53-5021.00,23822,0.0067239052104946665,0.003979627681728971
53-5021.00,23821,0.036604307490523215,0.005831573711216527
53-5021.00,23820,0.012303914982932282,0.0037866454327737803
53-5021.00,23819,0.03987276449260746,0.0038529002670470948
53-5021.00,23818,0.03538731576059826,0.005816894038365494
53-5021.00,23817,0.028117816765834733,0.004271350751634123
53-5021.00,23816,0.025172963293828506,0.004254367356562854
53-5021.00,23815,0.058503541899529915,0.005076626300998006
53-5021.00,23814,0.04209964680667096,0.005432225463508617
53-5021.00,23813,0.00353073646174562,0.0035145595207870715
53-5021.00,23812,0.001481771712804272,0.0013859396935091551
53-5021.00,23811,0.050815659967550504,0.005318604130533953
53-5021.00,23810,0.03622596392335585,0.005107374493033506
53-5021.00,23809,0.050105324723155494,0.00722298620405879
53-5021.00,23808,0.03456126881089003,0.004505883161169402
53-5021.00,23807,0.08237303232510476,0.009045251794557839
53-5021.00,23806,0.0709309357532714,0.004637036424527903
53-5021.00,23805,0.07440442029826848,0.0105804385045136
53-5021.00,23804,0.027802299573825105,0.006049274027520422
53-5021.00,23803,0.07495201840681044,0.010756387072487597
53-5021.00,23802,0.08726806796569939,0.008075917423013054
53-4022.00,23799,0.004866788999194703,0.0
53-4022.00,23798,0.018308637422469524,0.0
53-4022.00,23796,0.007277524661389148,0.0
53-4022.00,23794,0.042896469275883004,0.0
53-4022.00,23793,0.0035702702919351305,0.0
53-4022.00,23792,0.004886091612004528,0.0
53-4022.00,23791,0.009922249301652347,0.0
53-4022.00,23790,0.025297361096572022,0.0
53-4022.00,23789,0.005743088770709987,0.0
53-4022.00,23788,0.06080652071282557,0.0
53-4022.00,23787,0.01767721384682331,0.0
53-4022.00,23786,0.022701210068984755,0.0
53-4022.00,23785,0.013510603122167644,0.0
53-4022.00,23784,0.05926652820444313,0.0
53-4022.00,23783,0.04875818272809194,0.0
53-4022.00,23782,0.0854182294098066,0.0
53-4022.00,23781,0.007561978103266796,0.0
53-4022.00,23780,0.09474847030107106,0.0
53-4022.00,23779,0.07064013373526071,0.0
53-4022.00,23778,0.07424320590594842,0.0
53-4022.00,23777,0.06370374948432572,0.0
53-4022.00,23776,0.07860029000077405,0.0
53-4022.00,23775,0.08838212305628111,0.0
53-4022.00,23774,0.09121307988811887,0.0
53-3053.00,23757,0.014966473123090589,0.006788483737441404
53-3053.00,23756,0.0299211774263457,0.010106386819149271
53-3053.00,23755,0.039261494801471564,0.007072262057567796
53-3053.00,23754,0.02565831330910512,0.008571266193172302
53-3053.00,23753,0.04517726475372402,0.007248988222757739
53-3053.00,23752,0.02291579692017072,0.007008994961160568
53-3053.00,23751,0.04970400376426464,0.011705313025361316
53-3053.00,23750,0.025470620749700617,0.012583109596362819
53-3053.00,23749,0.06510357087846057,0.011232071267277629
53-3053.00,23748,0.03161140353129405,0.006110889599052
53-3053.00,23747,0.060432612649441206,0.009315413262334798
53-3053.00,23746,0.04906628971849586,0.013315349240765042
53-3053.00,23745,0.0224154433422511,0.004397962376113483
53-3053.00,23744,0.015462401452675032,0.007339457928446958
53-3053.00,23743,0.029382257746730048,0.007339359411634544
53-3053.00,23742,0.04715114475648287,0.00812375611239609
53-3053.00,23741,0.03216500346778632,0.006955628021865228
53-3053.00,23740,0.028256897830291207,0.013963429748703718
53-3053.00,23739,0.06910898820806174,0.012155179282170598
53-3053.00,23738,0.050440938182538,0.005617132832468267
53-3053.00,23737,0.07046161276779819,0.012237440020634647
53-3053.00,23736,0.020864487752451512,0.008276059325859206
53-3053.00,23735,0.06831299836361596,0.006991833342204846
53-3053.00,23733,0.03691071371395406,0.010541171471802023
53-3053.00,23732,0.04977809078979928,0.0064877313589303135
53-3051.00,23731,0.02320863482570896,0.010173504981621544
53-3051.00,23730,0.051269996722653116,0.015101132494579934
53-3051.00,23729,0.027816705420837248,0.009196544094965732
53-3051.00,23728,0.07222584606399703,0.013157588985428207
53-3051.00,23727,0.0422606919613691,0.015544165264829282
53-3051.00,23726,0.044024153273732235,0.013086088755452176
53-3051.00,23725,0.05063828637622151,0.012708823815021923
53-3051.00,23724,0.0966045804170115,0.017788990234826704
53-3051.00,23723,0.009673083871422973,0.00930861107288701
53-3051.00,23722,0.08374633024399311,0.014986252243336143
53-3051.00,23721,0.026819034748089006,0.00756761669297879
53-3051.00,23720,0.05169811431631496,0.013063620711521609
53-3051.00,23719,0.09622845520244329,0.014071121294305064
53-3051.00,23718,0.036875170622203655,0.00927740587708106
53-3051.00,23717,0.10097600106199002,0.01745639107105365
53-3051.00,23716,0.12682217203448656,0.01910180089678133
53-3051.00,23715,0.05911274283752576,0.008887468395534908
51-9195.00,23690,0.02815416828278552,0.0
51-9195.00,23688,0.01940042009983606,0.0
51-9195.00,23687,0.02460432872951789,0.0
51-9195.00,23684,0.032126043306224615,0.0
51-9195.00,23683,0.03153882501565197,0.0
51-9195.00,23682,0.04179736539236417,0.0
51-9195.00,23681,0.03979306293432226,0.0
51-9195.00,23680,0.021861458014778137,0.0
51-9195.00,23679,0.03705152293971277,0.0
51-9195.00,23678,0.010934264597435022,0.0
51-9195.00,23677,0.032507568648853416,0.0
51-9195.00,23676,0.04268682389919217,0.0
51-9195.00,23675,0.07412602071848302,0.0
51-9195.00,23674,0.06917513913551337,0.0
51-9195.00,23673,0.025436530812061604,0.0
51-9195.00,23672,0.060459143247302685,0.0
51-9195.00,23671,0.06978897586850598,0.0
51-9195.00,23670,0.04995472669925406,0.0
51-9195.00,23669,0.05743249695775486,0.0
51-9195.00,23668,0.07146240731976441,0.0
51-9195.00,23667,0.0882049701460066,0.0
51-9195.00,23666,0.07150373723467938,0.0
51-9124.00,23665,0.022488522031717317,0.008237623612682954
51-9124.00,23664,0.05818097520189287,0.013650736151203446
51-9124.00,23663,0.030172722705187643,0.015046363609281823
51-9124.00,23660,0.041210227619832146,0.01597014624536261
51-9124.00,23659,0.06895043250799937,0.01440614011786973
51-9124.00,23656,0.05363036980978553,0.017203125755008437
51-9124.00,23655,0.05203483173008832,0.015043236158560756
51-9124.00,23654,0.07753899240921375,0.009704399313282975
51-9124.00,23653,0.019918057886413876,0.00543677395198535
51-9124.00,23652,0.0529994531640821,0.014980530368663255
51-9071.00,23649,0.005677701653351011,0.002059362224945587
51-9071.00,23647,0.007290613449062915,0.004190043919088488
51-9071.00,23645,0.01830859136550018,0.005487521338332579
51-9071.00,23644,0.007555828456567385,0.004535463859690603
51-9071.00,23643,0.007605314535616233,0.004151655322222488
51-9071.00,23642,0.016150669435116168,0.004956568695856554
51-9071.00,23641,0.014472143707838201,0.006197356627011942
51-9071.00,23640,0.03868978134389809,0.007687444570474444
51-9071.00,23639,0.03518973599890343,0.009306858331594302
51-9071.00,23638,0.03588584950311869,0.0064123824142603425
51-9071.00,23637,0.033393461854569914,0.006648730567282886
51-9071.00,23636,0.027825868057195245,0.0065696216617981435
51-9071.00,23635,0.023899324074539444,0.005729946195849385
51-9071.00,23634,0.03148170119397718,0.00832841572123478
51-9071.00,23633,0.030003282127274263,0.00729377590840301
51-9071.00,23632,0.06207594073224954,0.00882398436865588
51-9071.00,23631,0.004535549258945221,0.0012250503195845432
51-9071.00,23630,0.011975663108202281,0.005154783591158863
51-9071.00,23629,0.026105308619842317,0.008672193274534081
51-9071.00,23628,0.08187454277358283,0.009109058577849726
51-9071.00,23627,0.04620752227583836,0.005920304289578173
51-9071.00,23626,0.03951170304663436,0.006927698587326663
51-9071.00,23625,0.06695617249931188,0.010768284192192064
51-9071.00,23624,0.07449309884656637,0.009001471447567529
51-9071.00,23623,0.0587447794082371,0.007272879070076687
51-9071.00,23622,0.06150513297630872,0.007332464687676061
51-9071.00,23621,0.07423209806169698,0.010370929738161122
51-9071.00,23620,0.05835262163605575,0.010056565694470663
51-4121.00,23610,0.007038540932213392,0.00421165047831156
51-4121.00,23609,0.028328711123085035,0.008501487676380757
51-4121.00,23608,0.012972796748166567,0.0034445980386635247
51-4121.00,23607,0.011104971490427006,0.004287698950272498
51-4121.00,23606,0.011223601077424622,0.005003262937087027
51-4121.00,23605,0.03582250792197515,0.00818998555081357
51-4121.00,23604,0.013681493772140375,0.0048372637786587925
51-4121.00,23603,0.03633432741742997,0.009750674287178305
51-4121.00,23602,0.05154978347150953,0.012215700870564634
51-4121.00,23601,0.026914874404734702,0.004464301733851382
51-4121.00,23600,0.023956594715243987,0.007968314944763523
51-4121.00,23599,0.0371697957524732,0.00565465977887268
51-4121.00,23598,0.027606883402005136,0.007223752042683962
51-4121.00,23597,0.028811448010648437,0.008526736732372276
51-4121.00,23596,0.046927108694575954,0.011950377897862323
51-4121.00,23595,0.015201963988533131,0.005075952408800699
51-4121.00,23594,0.04750708566040889,0.007235444004321575
51-4121.00,23593,0.04153244325574631,0.0072686055036446364
51-4121.00,23592,0.03570759734066549,0.007165903588894662
51-4121.00,23591,0.04065987947332634,0.007258727447898066
51-4121.00,23590,0.04568135541700424,0.007848332415947887
51-4121.00,23589,0.021171851944895854,0.005107427247743218
51-4121.00,23588,0.034944244411583954,0.00863876675052574
51-4121.00,23587,0.04161639346090083,0.0075360038151008986
51-4121.00,23586,0.027994625421424463,0.006056134434194445
51-4121.00,23585,0.0533946102346885,0.008463315707087166
51-4121.00,23584,0.048352121535279326,0.00657694733843881
51-4121.00,23583,0.08773940872726513,0.011016108925330927
51-4121.00,23582,0.05905298019422443,0.008249492287332539
49-9021.00,23579,0.009835813546383828,0.005904837855801655
49-9021.00,23578,0.00841911810215756,0.0029313509377176584
49-9021.00,23577,0.00750506747704224,0.0030434281523948194
49-9021.00,23576,0.042223413576557005,0.016061967399297685
49-9021.00,23575,0.04279483509624346,0.007700461658680463
49-9021.00,23574,0.03560119067607247,0.00566040156294887
49-9021.00,23573,0.001728077013635019,0.00087040276695136
49-9021.00,23572,0.05369099698679822,0.010325302216018616
49-9021.00,23571,0.013579050299840129,0.0029119157815807655
49-9021.00,23570,0.01889346775540016,0.007072547692018192
49-9021.00,23569,0.04360710251394643,0.015389764557961007
49-9021.00,23568,0.08799319841732499,0.021928961734592207
49-9021.00,23567,0.018533849128602575,0.00612231585668955
49-9021.00,23566,0.015856564989262537,0.003962066922615431
49-9021.00,23565,0.017410819956220694,0.005723964771034549
49-9021.00,23564,0.02896806178520771,0.010039854387425785
49-9021.00,23563,0.046028223899726405,0.017995562130234052
49-9021.00,23562,0.04121780433726005,0.0145811370957662
49-9021.00,23561,0.023477975427200554,0.005655212478194645
49-9021.00,23560,0.026977010624110787,0.008657379969028508
49-9021.00,23559,0.034561002526541,0.012994867981251476
49-9021.00,23558,0.03594647611583808,0.015145101015239323
49-9021.00,23557,0.12587848214899167,0.02787277895265246
49-9021.00,23556,0.051878148457284584,0.021141927667372724
49-9021.00,23555,0.03815232698615022,0.016588592701627124
49-9021.00,23553,0.06345750048300917,0.02077779187897679
49-9021.00,23552,0.06578442167319248,0.018737127404230614
49-3023.00,23549,0.007416984082041591,0.003431345815543783
49-3023.00,23547,0.004646830359749485,0.00399888023629707
49-3023.00,23546,0.007756963758909457,0.002832377671167493
49-3023.00,23545,0.008772918832057683,0.004465161947359882
49-3023.00,23544,0.01150988807270842,0.005095565333325066
49-3023.00,23543,0.011937144537551207,0.0023405267420453656
49-3023.00,23542,0.021218588573516568,0.006187421752728366
49-3023.00,23541,0.018827857293318942,0.005732300550616096
49-3023.00,23540,0.030607862481223838,0.0066072656957045115
49-3023.00,23539,0.006866549382586149,0.0020218821807626943
49-3023.00,23538,0.015063530737710785,0.005146158245919015
49-3023.00,23537,0.048527853875099565,0.014106964076609904
49-3023.00,23536,0.05753986586546899,0.008274376438076452
49-3023.00,23535,0.04721848175482594,0.00766195643886157
49-3023.00,23534,0.08754154119192126,0.01429541774462096
49-3023.00,23533,0.07546963054349003,0.01108788584594824
49-3023.00,23532,0.012999882487157883,0.004571916729136166
49-3023.00,23531,0.04642644171418154,0.009690756061115831
49-3023.00,23530,0.017490068363187145,0.005409312338221532
49-3023.00,23529,0.038167441032795624,0.006851464030341344
49-3023.00,23528,0.04436130242101254,0.013004945279356653
49-3023.00,23527,0.07066098012835634,0.010160921689394647
49-3023.00,23526,0.06883624492934533,0.013406441683560595
49-3023.00,23525,0.024397212798870194,0.0048957582918775005
49-3023.00,23524,0.0579071389447164,0.008539082243254649
49-3023.00,23523,0.10131997563422573,0.00906014454616526
49-3023.00,23522,0.0565108202039713,0.008296317429969058
47-5044.00,23509,0.02581254463581942,0.0074406769425058505
47-5044.00,23508,0.006795407970638263,0.003999088291135114
47-5044.00,23506,0.07908553822187556,0.00914924570381342
47-5044.00,23505,0.03431261090355874,0.010650787763101438
47-5044.00,23504,0.06786353916551532,0.013261959947262649
47-5044.00,23503,0.06786359187184568,0.013435075389429523
47-5044.00,23502,0.026639903506633176,0.008155817572604465
47-5044.00,23500,0.02858071306151823,0.008790612913758641
47-5044.00,23499,0.07059063752850749,0.011852194378207018
47-5044.00,23498,0.10289878938881458,0.008847051069827274
47-5044.00,23497,0.017113739278510762,0.005658659166941845
47-5044.00,23496,0.07718150658584572,0.013483542860984825
47-5044.00,23495,0.02799080797172177,0.007086264725573583
47-2152.00,23488,0.014591462375251649,0.0029332229105817715
47-2152.00,23487,0.007358040458690867,0.0057243387958269285
47-2152.00,23486,0.0007736098350336292,0.00030121615885962027
47-2152.00,23485,0.01572265553796675,0.007829027854780192
47-2152.00,23484,0.017617676538326868,0.008375372180300763
47-2152.00,23483,0.009655688247409203,0.004763794346290719
47-2152.00,23482,0.013966075818181047,0.005250951072187081
47-2152.00,23481,0.03434820593598091,0.007462425547739792
47-2152.00,23480,0.008626609021372593,0.002191962467225486
47-2152.00,23479,0.02948052731932256,0.008589975203144246
47-2152.00,23478,0.016689542562987672,0.005456684806206182
47-2152.00,23477,0.020417067756628486,0.0041371303949364535
47-2152.00,23476,0.046513547585979205,0.009999871507614048
47-2152.00,23475,0.04500017433189021,0.009388369686407355
47-2152.00,23474,0.07577903116117915,0.012586693776742642
47-2152.00,23473,0.042678744199612935,0.00845028676373526
47-2152.00,23472,0.013901691435544938,0.004499314728692334
47-2152.00,23471,0.06914628797820527,0.015722140055054904
47-2152.00,23470,0.03402740325905306,0.007407117442683355
47-2152.00,23469,0.03028039462563214,0.007109216874096283
47-2152.00,23468,0.01323969892344319,0.006627695033165727
47-2152.00,23467,0.053213280791262335,0.011149739614390454
47-2152.00,23466,0.060590647808695504,0.011253737526405563
47-2152.00,23465,0.05724772778054762,0.007941713239093042
47-2152.00,23464,0.03194167564906691,0.007138019912051842
47-2152.00,23463,0.04106166763801176,0.0071034617236086705
47-2152.00,23462,0.037713730806775383,0.007177872578534267
47-2152.00,23461,0.019067823760855154,0.007003258211300766
47-2152.00,23460,0.054793093967052904,0.009951686257548095
47-2152.00,23459,0.08455621689004005,0.013746502233460772
47-2031.00,23458,0.020360008954960623,0.011138989451557781
47-2031.00,23457,0.01150119210294464,0.004540045383824163
47-2031.00,23454,0.002493571838401503,0.0011586041559299093
47-2031.00,23453,0.0037190740899712845,0.0021072762910463805
47-2031.00,23452,0.010819853258652267,0.0030586119889276977
47-2031.00,23451,0.02314478472578364,0.006923462995795682
47-2031.00,23450,0.007656272872289019,0.002755256371034336
47-2031.00,23448,0.030496059409054366,0.012371108051475867
47-2031.00,23447,0.02335047869725953,0.007641435615860823
47-2031.00,23446,0.03692230727461142,0.008530027748173342
47-2031.00,23445,0.04329802713125993,0.012229043385187358
47-2031.00,23444,0.04205610762390629,0.012709682924699548
47-2031.00,23443,0.07615455315772751,0.01255580042422271
47-2031.00,23442,0.02344213991739054,0.00585826888627564
47-2031.00,23441,0.03622785068448264,0.006736117346050016
47-2031.00,23440,0.017660209967413094,0.004712744536654446
47-2031.00,23439,0.04457730437321668,0.016722506635772728
47-2031.00,23438,0.03815870171965468,0.00814146975292228
47-2031.00,23437,0.012602975080956924,0.005286736782919137
47-2031.00,23436,0.01643240581767539,0.008232479370673406
47-2031.00,23435,0.05426074609418762,0.009728351416227316
47-2031.00,23434,0.04722141501393199,0.011037948076987021
47-2031.00,23433,0.08803800645345577,0.015620309024312934
47-2031.00,23432,0.10785703978881206,0.02091230193223238
47-2031.00,23431,0.05849099248154047,0.00926165574367307
47-2031.00,23430,0.12305792147045999,0.019832511791091068
45-3031.00,23429,0.007982954033890224,0.0
45-3031.00,23428,0.07230928904605101,0.0
45-3031.00,23427,0.05301849659443857,0.0
45-3031.00,23426,0.016491697093005426,0.0
45-3031.00,23425,0.012045309676616435,0.0
45-3031.00,23424,0.04850413541392936,0.0
45-3031.00,23423,0.023762764767984203,0.0
45-3031.00,23421,0.0217126034701767,0.0
45-3031.00,23420,0.039018833491948846,0.0
45-3031.00,23419,0.06183574030438759,0.0
45-3031.00,23418,0.008179425912114496,0.0
45-3031.00,23417,0.026758174549188107,0.0
45-3031.00,23416,0.01865038636751853,0.0
45-3031.00,23415,0.06913025507860164,0.0
45-3031.00,23414,0.04868368118877836,0.0
45-3031.00,23413,0.016755525456620794,0.0
45-3031.00,23412,0.003109476347205766,0.0
45-3031.00,23411,0.06946222247341786,0.0
45-3031.00,23410,0.05354623096631412,0.0
45-3031.00,23409,0.023623758649209015,0.0
45-3031.00,23408,0.0315735588225776,0.0
45-3031.00,23407,0.048510657927753505,0.0
45-3031.00,23406,0.003536805078353362,0.0
45-3031.00,23405,0.01811443826374807,0.0
45-3031.00,23404,0.0026925760258138622,0.0
45-3031.00,23403,0.09042527093927237,0.0
45-3031.00,23402,0.0625812396612264,0.0
45-3031.00,23401,0.013502751956360701,0.0
45-3031.00,23400,0.03448174044349702,0.0
45-2092.00,23398,0.024080795110814623,0.010190253000595156
45-2092.00,23397,0.038631346874933054,0.007383199883930717
45-2092.00,23395,0.02158450183901532,0.010190732124669467
45-2092.00,23393,0.024603818509815963,0.008580197090609427
45-2092.00,23392,0.11991126100493638,0.0511377209467528
45-2092.00,23391,0.004892247709947132,0.0017089802867957674
45-2092.00,23389,0.006838635314184944,0.00504099896012133
45-2092.00,23388,0.0180295979105112,0.00761789753431452
45-2092.00,23386,0.014315304588484411,0.0053053438511940785
45-2092.00,23385,0.01345679460215206,0.006168942047543488
45-2092.00,23384,0.06786831844431682,0.023050321230560583
45-2092.00,23380,0.040764815531327485,0.008845318592608634
45-2092.00,23379,0.15930202987246173,0.038650814029725825
45-2092.00,23378,0.043266146638085486,0.007173414488765241
45-2092.00,23376,0.09604795221489619,0.026961881209268523
45-2092.00,23375,0.061759926908115825,0.023985507858565586
45-2092.00,23373,0.08605910765325755,0.02571380259389852
45-2092.00,23372,0.03313738202340881,0.008965800216006594
45-2092.00,23371,0.0633828850520033,0.011308119575402578
45-2092.00,23370,0.06206713219733173,0.025890356773055498
45-1011.00,23366,0.010705685599448267,0.004910798861692726
45-1011.00,23365,0.027220499878284513,0.004330196169959484
45-1011.00,23364,0.011358904131194409,0.004746721355345934
45-1011.00,23363,0.018884883313596296,0.005078212521939117
45-1011.00,23362,0.014036574535711891,0.002420538848850682
45-1011.00,23361,0.028261238677992306,0.005646369663338261
45-1011.00,23360,0.043334277301043854,0.012894223982266811
45-1011.00,23359,0.027804506238419176,0.005839331818839403
45-1011.00,23358,0.03452278540373391,0.006688846651394553
45-1011.00,23357,0.01568907467571374,0.003171519283979578
45-1011.00,23356,0.03897418628879554,0.011759768546437298
45-1011.00,23355,0.0680851833305963,0.01828606969458867
45-1011.00,23354,0.03030957087720083,0.008248928743700493
45-1011.00,23353,0.0663089750227303,0.009603433289861334
45-1011.00,23352,0.010639243062111548,0.005683815543097241
45-1011.00,23351,0.06406232371726546,0.012937771453807052
45-1011.00,23350,0.03325448015327921,0.008092503521807029
45-1011.00,23349,0.033658826132239576,0.0057764291525971775
45-1011.00,23348,0.04841725993981532,0.010443088720223613
45-1011.00,23347,0.01517247839858182,0.004026258295830895
45-1011.00,23346,0.03310267915282166,0.0098948672256559
45-1011.00,23345,0.03769812774641785,0.010973805134242638
45-1011.00,23344,0.02707963866181628,0.0022808099499412615
45-1011.00,23343,0.07417203793311287,0.007272241064406064
45-1011.00,23342,0.08571265019321349,0.01199315666018987
45-1011.00,23341,0.023784703755022295,0.005287092550691259
45-1011.00,23340,0.07774920587984135,0.0106841593447004
43-9041.00,23334,0.013107627138552564,0.0035844013050630214
43-9041.00,23333,0.007730602520743528,0.003706437561888823
43-9041.00,23332,0.015460803238276267,0.005410003200900928
43-9041.00,23330,0.017518919149953807,0.00968586051455431
43-9041.00,23329,0.02141843255798619,0.007999011096651054
43-9041.00,23328,0.07055640356198586,0.009688074799078445
43-9041.00,23327,0.009812743796214869,0.004301182698194213
43-9041.00,23326,0.03272061280998384,0.008028815531449785
43-9041.00,23325,0.0331875935651997,0.005372488944001552
43-9041.00,23324,0.018856082632494914,0.006130691915330772
43-9041.00,23323,0.03259347630219354,0.004731945281421692
43-9041.00,23322,0.04980231959383799,0.007631207229482874
43-9041.00,23321,0.07982319102734353,0.009239063209785703
43-9041.00,23320,0.09325579654931701,0.007749967032010567
43-9041.00,23319,0.03719022383700838,0.009450462794380698
43-9041.00,23318,0.06526320327537788,0.010273805408091773
43-9041.00,23317,0.055440063434536106,0.008525946526864217
43-9041.00,23316,0.08596292691640117,0.007982371574110594
43-9041.00,23315,0.0933406209549988,0.009103810959829274
43-9041.00,23314,0.06770244919484468,0.00914661645697602
43-9041.00,23313,0.0992559079427494,0.01136597093979304
43-4041.00,23306,0.0346595787734826,0.0
43-4041.00,23305,0.04604705004447462,0.0
43-4041.00,23304,0.038918701352065065,0.0
43-4041.00,23303,0.12270163171055663,0.0
43-4041.00,23301,0.175299808574673,0.0
43-4041.00,23300,0.14079733171139572,0.0
43-4041.00,23298,0.29356207871751994,0.0
43-4041.00,23297,0.14801381911583242,0.0
43-4031.00,23293,0.001954074811120786,0.001783832405840434
43-4031.00,23292,0.0012384409891203964,0.000601534304306936
43-4031.00,23291,0.006783518035151946,0.0024483422940247954
43-4031.00,23290,0.03533486692447925,0.007653641005081061
43-4031.00,23289,0.02027233348227335,0.007036182218052596
43-4031.00,23288,0.08161603754372763,0.007953166697813433
43-4031.00,23287,0.01243439209470336,0.004840043977128961
43-4031.00,23286,0.015488489937127162,0.003823021222878322
43-4031.00,23285,0.01571858771395698,0.005893980855084161
43-4031.00,23284,0.1093754417520803,0.009094495823372895
43-4031.00,23283,0.03963176619806247,0.006530479319969736
43-4031.00,23282,0.06380699303660743,0.007964930804647266
43-4031.00,23281,0.04447542815313202,0.00955248066395139
43-4031.00,23280,0.04284027000835822,0.006308185150195249
43-4031.00,23279,0.0012299039017155938,0.0005119501143094107
43-4031.00,23278,0.0632121748008703,0.005306722995523446
43-4031.00,23277,0.06715640254911312,0.008449007763706653
43-4031.00,23276,0.003697390813017559,0.0014581323821707699
43-4031.00,23275,0.024745513088326433,0.00571553952346514
43-4031.00,23274,0.002914645652346001,0.0012183019397625859
43-4031.00,23273,0.08587086808243716,0.007960781492458276
43-4031.00,23272,0.027200547611242076,0.00761764410957956
43-4031.00,23271,0.006203944763489884,0.002892215716132316
43-4031.00,23270,0.08819386931034881,0.007575233972795395
43-4031.00,23269,0.0040056532756050514,0.0013656968254208586
43-4031.00,23268,0.05378362808340157,0.008366905887285496
43-4031.00,23267,0.08081481738818522,0.007942812685591626
43-3021.00,23260,0.01427576019614517,0.008631126177878859
43-3021.00,23258,0.03190244476775183,0.0131203738591969
43-3021.00,23257,0.008004438614087424,0.005798398980963801
43-3021.00,23256,0.016372536793727917,0.009697247040824083
43-3021.00,23255,0.04238133381322701,0.014461283459349925
43-3021.00,23254,0.029258834650624628,0.015249239508901686
43-3021.00,23253,0.03224291982814862,0.008088818098847391
43-3021.00,23251,0.01816493301100736,0.00663430785259352
43-3021.00,23250,0.015412750711701315,0.005744115958627355
43-3021.00,23249,0.014767719318552634,0.005834953999304699
43-3021.00,23248,0.018256466782144834,0.005526651984600253
43-3021.00,23247,0.01651833882182614,0.004614152301989147
43-3021.00,23246,0.10025629470026139,0.027076195361870923
43-3021.00,23245,0.07926046227485983,0.018917570916561235
43-3021.00,23244,0.05419104955954666,0.016059447584623618
43-3021.00,23243,0.03541130399362839,0.0080098936679434
43-3021.00,23242,0.16929854695786195,0.02203620001323874
43-3021.00,23241,0.08735393517705783,0.018165212952372993
43-3021.00,23240,0.05440102964856514,0.014856439255886677
43-3021.00,23239,0.04216607299846435,0.014817369713492288
43-3021.00,23238,0.09636935541172162,0.01988916984350662
43-3021.00,23237,0.023733471969087993,0.009016954825876354
41-3031.00,23217,0.01775229274605866,0.004563962003827858
41-3031.00,23216,0.030107858091560635,0.005831527515733392
41-3031.00,23215,0.03540649214974009,0.008387231504447696
41-3031.00,23214,0.010349028591871676,0.004473067018805936
41-3031.00,23213,0.01937695799503907,0.006301041389900297
41-3031.00,23212,0.016613136842125464,0.006774797577321594
41-3031.00,23211,0.0071173021326842,0.0022167452145284137
41-3031.00,23210,0.017721067848625816,0.006683611572215718
41-3031.00,23209,0.05461915686469031,0.009200516810381887
41-3031.00,23208,0.04778185744517378,0.005698123665011545
41-3031.00,23207,0.05163336583666544,0.006712819147540022
41-3031.00,23206,0.020186890219442578,0.004878124238248035
41-3031.00,23205,0.02135792396918117,0.006711749172622244
41-3031.00,23204,0.017135427251249967,0.006335412491113532
41-3031.00,23203,0.05836294781222208,0.008033249130327767
41-3031.00,23202,0.005528954810385814,0.0021115016333870234
41-3031.00,23201,0.03594582280133649,0.007566379513698923
41-3031.00,23200,0.028795537124680543,0.006001259925408489
41-3031.00,23199,0.018839352763395698,0.006234818403427159
41-3031.00,23198,0.05923830396064921,0.005609984936708491
41-3031.00,23197,0.03258704387401132,0.006721623968671264
41-3031.00,23196,0.06657614813823554,0.009359472944839003
41-3031.00,23195,0.030611517735144783,0.005685577198945362
41-3031.00,23194,0.08931504391124258,0.007734953388652695
41-3031.00,23193,0.12504877539575834,0.00520711232017484
41-3031.00,23192,0.08199179368882877,0.012558030170280123
39-1022.00,23179,0.05526916828603012,0.014765994370576274
39-1022.00,23178,0.04153717039138174,0.018680106140597244
39-1022.00,23177,0.14735454954046792,0.051010740366045755
39-1022.00,23176,0.0525597639884538,0.007243292274637615
39-1013.00,23152,0.049426815303696636,0.008746746716074323
39-1013.00,23150,0.014233487595258559,0.006155832341100002
39-1013.00,23149,0.010026646432548499,0.0043596313473117584
39-1013.00,23147,0.038362413456735425,0.01374424060528711
39-1013.00,23146,0.003099347805202205,0.0012085454698731331
39-1013.00,23145,0.029388261051178536,0.005993434810031678
39-1013.00,23144,0.024953568660056043,0.00628068821643473
39-1013.00,23143,0.04628336409241524,0.0077256846605516395
39-1013.00,23142,0.018183628559786773,0.0028899440022451604
39-1013.00,23141,0.029549228029763654,0.006855256399059142
39-1013.00,23140,0.04644763612574794,0.008573327605590592
39-1013.00,23139,0.03100589729225714,0.008801195607626973
39-1013.00,23138,0.03474031667601574,0.004728234157330883
39-1013.00,23137,0.05436773595963352,0.0037522358701748467
39-1013.00,23136,0.05146753783770629,0.007084758812401746
39-1013.00,23135,0.04139473474420898,0.00846664136704072
39-1013.00,23134,0.054803073391223214,0.008134146046290739
39-1013.00,23133,0.05188285118257661,0.007085760225547119
39-1013.00,23132,0.08657098374822617,0.009477150407161839
39-1013.00,23131,0.05222835981423907,0.00916191272086007
39-1013.00,23130,0.054973591875546964,0.00628751000349001
39-1013.00,23129,0.07350453759146525,0.011544659137519316
39-1013.00,23128,0.03168835711556224,0.006052780552370161
39-1013.00,23127,0.0714176256589493,0.013816101977488546
35-3023.00,23125,0.02486946071277441,0.006864024411420104
35-3023.00,23124,0.012831120139670906,0.006052142155358499
35-3023.00,23123,0.040405965772034654,0.008293630849824395
35-3023.00,23121,0.04281173714328343,0.007861150063472952
35-3023.00,23120,0.03702786372674931,0.009647776797218703
35-3023.00,23119,0.020949394895652264,0.007114114678561524
35-3023.00,23117,0.021836350550296323,0.006336858480675245
35-3023.00,23116,0.04774473815729044,0.010547033713539919
35-3023.00,23115,0.046974812616428704,0.01052873899990797
35-3023.00,23114,0.026380511828320113,0.00938690879638193
35-3023.00,23113,0.034483207066639515,0.0072623718157823185
35-3023.00,23112,0.02128184070551555,0.006600430308192382
35-3023.00,23111,0.037590827151824616,0.007446209888416419
35-3023.00,23110,0.07216720849743108,0.011037902056640014
35-3023.00,23109,0.05002125592409341,0.011979572130046873
35-3023.00,23108,0.028583907672432886,0.005755223047795796
35-3023.00,23107,0.044940299130507615,0.007857302823570762
35-3023.00,23106,0.04413688664087769,0.008981284768658546
35-3023.00,23105,0.05187528137317868,0.00906508385140264
35-3023.00,23104,0.058594278868077485,0.009228872295164255
35-3023.00,23103,0.0363746006175225,0.008686616661185401
35-3023.00,23102,0.042368639703424624,0.009744632059735796
35-3023.00,23101,0.03548657095092554,0.009240025422286214
35-3023.00,23100,0.06208328560870987,0.009869504808606879
35-3023.00,23099,0.05817995454633842,0.008513166563985057
33-3051.00,23080,0.0015269911704345958,0.0007687107392607961
33-3051.00,23079,0.014859973391209277,0.0047187030812975775
33-3051.00,23078,0.03642417794762921,0.009107168633155416
33-3051.00,23077,0.005907506276676982,0.0014008948343396752
33-3051.00,23076,0.011738699028461677,0.0025108548484438892
33-3051.00,23075,0.006429490456798065,0.0019923251320756383
33-3051.00,23074,0.01065694556855464,0.001261279726032914
33-3051.00,23073,0.04155000458497882,0.01208721527091922
33-3051.00,23072,0.07982243681075603,0.010721740021501145
33-3051.00,23071,0.04409880075856885,0.009651434395755883
33-3051.00,23070,0.019722898394411974,0.005774922776991172
33-3051.00,23069,0.014410392797630317,0.003923316048976805
33-3051.00,23068,0.01738469683559688,0.004446169706864385
33-3051.00,23067,0.015615795807401613,0.006012430008581502
33-3051.00,23066,0.04148487696281418,0.006617406611702498
33-3051.00,23065,0.027403495431627165,0.006648666330111851
33-3051.00,23064,0.061278328829746,0.009615467596631302
33-3051.00,23063,0.00970881146106998,0.001684791369292744
33-3051.00,23062,0.0368413185209296,0.006543717478637615
33-3051.00,23061,0.02359175403095882,0.0036560329724965135
33-3051.00,23060,0.06257572732384599,0.011029157315877225
33-3051.00,23059,0.09112638490014174,0.010815579204269336
33-3051.00,23058,0.00710305333537487,0.004410092050663307
33-3051.00,23057,0.03754001614203388,0.004405386402163768
33-3051.00,23056,0.04778248920167925,0.005429165713556609
33-3051.00,23055,0.07193109586526339,0.010415575458580557
33-3051.00,23054,0.007403999138485498,0.001467267608638873
33-3051.00,23053,0.0374379781457528,0.0045622515886056805
33-3051.00,23052,0.09005801899483941,0.00828183046501458
33-3051.00,23051,0.02658384188632847,0.003946926271169171
33-3021.00,23050,0.0847267767141513,0.010989028379709442
33-3021.00,23049,0.006977631157113006,0.003406177715583076
33-3021.00,23048,0.05428124575488714,0.010933366021128644
33-3021.00,23047,0.01060493415010047,0.0031094050695119457
33-3021.00,23046,0.10415493889398214,0.015015647971126304
33-3021.00,23045,0.059936931655437425,0.012080740270138213
33-3021.00,23044,0.024827144507811368,0.008832911865879166
33-3021.00,23043,0.006601667605362827,0.003060777062719822
33-3021.00,23042,0.002328903807574734,0.0015371826326680547
33-3021.00,23041,0.01959203392231005,0.0051368577177357995
33-3021.00,23040,0.0064066972038066055,0.0031945186381025035
33-3021.00,23039,0.0078118735018049825,0.003198803474053427
33-3021.00,23038,0.008720307711381261,0.0035646924038954505
33-3021.00,23037,0.04911023129254341,0.006468115030127925
33-3021.00,23036,0.030670275027358362,0.004805489291115456
33-3021.00,23035,0.011220259891900756,0.003505860120585041
33-3021.00,23034,0.04277416929241754,0.006009146450363607
33-3021.00,23033,0.05822588079819938,0.006937333637594203
33-3021.00,23032,0.008824888570294417,0.003605398883368037
33-3021.00,23031,0.010043066012773815,0.0032428351411508795
33-3021.00,23030,0.05295925820455116,0.0052237045918743456
33-3021.00,23029,0.11991500219326043,0.015706686592035186
33-3021.00,23028,0.010751524228582639,0.0033071215255244266
33-3021.00,23027,0.028719050159077934,0.005858835158185166
33-3021.00,23026,0.030561930861466784,0.007562272769233988
33-3021.00,23025,0.03051996475213953,0.004117221806249823
33-3021.00,23024,0.05315857275168967,0.007213984286537355
33-3021.00,23023,0.005561375958801258,0.0030061670493147057
33-3021.00,23022,0.049591765933316385,0.006294244228465771
33-3021.00,23021,0.010421697485903138,0.006822308283257098
33-2021.00,23020,0.020611852545141255,0.013774453029799228
33-2021.00,23018,0.019591830934285532,0.008793794710311534
33-2021.00,23017,0.026894570584688023,0.01499369942638699
33-2021.00,23016,0.00034418442400069294,0.0002892038267915439
33-2021.00,23015,0.002623503252748403,0.0013938212673850674
33-2021.00,23014,0.002787353522410332,0.0028353856275362866
33-2021.00,23013,0.006881227303372292,0.004333682342494074
33-2021.00,23012,0.014197876575784309,0.007179882996423017
33-2021.00,23011,0.007855860304077474,0.003254686882462425
33-2021.00,23010,0.010499449107027763,0.007030398141201973
33-2021.00,23009,0.0023342284510282463,0.0004961350453376462
33-2021.00,23008,0.03337107395378973,0.016885623358489806
33-2021.00,23007,0.007101839565226864,0.0024576516385389946
33-2021.00,23006,0.01438351846184102,0.007084094430722902
33-2021.00,23005,0.06568618269165571,0.012363885371584253
33-2021.00,23004,0.03392583409925575,0.008731292593181174
33-2021.00,23003,0.13533938989070365,0.023607623859501253
33-2021.00,23002,0.12290820423079801,0.02277113567262416
33-2021.00,23001,0.036679919758497784,0.012504989092241868
33-2021.00,23000,0.12451520368129923,0.0239369524976972
33-2021.00,22999,0.009561990277975862,0.003659568347017143
33-2021.00,22998,0.15965711667521043,0.023680040824037032
33-2021.00,22997,0.008506945212136616,0.005406524455835955
33-2021.00,22996,0.013475690787554928,0.007745901929515806
33-2021.00,22995,0.04941066624239755,0.03490048758290085
33-2021.00,22994,0.04871147554329092,0.013231909599141486
33-2021.00,22993,0.00744416310219807,0.0052217404412151095
33-2021.00,22992,0.0030808372346216983,0.002606920599874627
33-2021.00,22991,0.011618011586981872,0.006305213088457532
33-2011.00,22988,0.03273279323287344,0.007512891380161947
33-2011.00,22986,0.054818998861965035,0.02005633452330352
33-2011.00,22985,0.01851674912688165,0.006612605844366655
33-2011.00,22984,0.022355155482891523,0.008619687896555046
33-2011.00,22983,0.060933251621485086,0.009674144789275727
33-2011.00,22982,0.09031465524951053,0.031657987358227356
33-2011.00,22981,0.010060792117236294,0.004584959232113189
33-2011.00,22980,0.009739807621652826,0.0037794966623470524
33-2011.00,22979,0.013804529530232989,0.006337515554002258
33-2011.00,22978,0.04080168600633849,0.0062206423694617366
33-2011.00,22977,0.03439651145915541,0.010229986718525944
33-2011.00,22976,0.03869509578868548,0.011632637696199924
33-2011.00,22975,0.018146795325285087,0.005443404519774965
33-2011.00,22974,0.0368628691542583,0.006498261576378283
33-2011.00,22973,0.07500459833019665,0.02090746199934633
33-2011.00,22972,0.10726456773746915,0.03527332147489176
33-2011.00,22971,0.05337532242726332,0.013436326897613829
33-2011.00,22970,0.012027656478898934,0.004876825331999514
33-2011.00,22969,0.010859535974474142,0.005237571245208439
33-2011.00,22968,0.00997440281805927,0.003758864164752827
33-2011.00,22967,0.07329812829168521,0.010903559095060565
33-2011.00,22966,0.011001046453466353,0.0050823301503592384
33-2011.00,22965,0.06908096553179821,0.010085129858498871
33-2011.00,22964,0.008658379637394971,0.0036050719218580158
33-2011.00,22963,0.038536799356096336,0.007819236375755524
33-2011.00,22962,0.03968504436825105,0.006226591664205478
33-2011.00,22961,0.009053862016494307,0.0026698334354474653
33-1091.00,22960,0.08245355643053642,0.025167755787438493
33-1091.00,22958,0.02748984895815369,0.025514894819386826
33-1091.00,22957,0.085184751390933,0.016759033429963283
33-1091.00,22954,0.026661318690769074,0.02670292702222584
33-1091.00,22953,0.13212598118315108,0.02348186883727
33-1091.00,22951,0.058482555215422984,0.011114431008418852
33-1091.00,22949,0.15084221365494846,0.02006711795300905
33-1091.00,22948,0.03590738224015534,0.012206980489062156
33-1091.00,22947,0.0857764849036335,0.016052087979251794
33-1091.00,22946,0.05619470086953171,0.024783981421697507
33-1091.00,22945,0.046325928157234963,0.026139479784256663
33-1091.00,22944,0.03713899829170587,0.026576279274849315
33-1091.00,22943,0.024824633319030648,0.026081447245227395
33-1091.00,22942,0.0685801470521993,0.031674009310867196
33-1091.00,22941,0.01536979420780186,0.00353182698653406
33-1091.00,22940,0.0666417054347921,0.03029023254042024
33-1021.00,22934,0.0020135219015941066,0.0007923220648155081
33-1021.00,22933,0.005861340818893533,0.003064264673332195
33-1021.00,22932,0.00849692914646654,0.0023922055461177015
33-1021.00,22931,0.007287202393851977,0.002286567031713883
33-1021.00,22930,0.004473071428468149,0.0017990667653903609
33-1021.00,22929,0.06440987072660802,0.007127600480824185
33-1021.00,22928,0.01940946169175472,0.0063835631274030405
33-1021.00,22927,0.07160392522049433,0.014334485103168034
33-1021.00,22926,0.028472884698457768,0.005222231853916368
33-1021.00,22925,0.03963155209953812,0.013707733560511907
33-1021.00,22924,0.01772526086140775,0.004549623325354042
33-1021.00,22923,0.01690344413933614,0.004941623615807147
33-1021.00,22922,0.030138643934183824,0.012703650706738467
33-1021.00,22921,0.02005424382482086,0.004429955953666364
33-1021.00,22920,0.06548813907569316,0.013307169043043406
33-1021.00,22919,0.035554971127153175,0.01258647323988574
33-1021.00,22918,0.028955191157171017,0.004527391279447998
33-1021.00,22917,0.034165082647011305,0.007097606019289533
33-1021.00,22916,0.08665870366608404,0.020655490982313653
33-1021.00,22915,0.03916093089882386,0.013102451518520653
33-1021.00,22914,0.11856384572161123,0.03824015105686832
33-1021.00,22913,0.0857078176199722,0.016465393779013265
33-1021.00,22912,0.024265218797358632,0.011635155796460147
33-1021.00,22911,0.09786179790378793,0.015103629317673336
33-1021.00,22910,0.04713694849945763,0.012397334325856638
29-2036.00,22851,0.01550993041013146,0.0
29-2036.00,22850,0.039604882881825225,0.0
29-2036.00,22849,0.04766798942191511,0.0
29-2036.00,22848,0.10896555381407039,0.0
29-2036.00,22847,0.006029161976435475,0.0
29-2036.00,22846,0.019862739431394678,0.0
29-2036.00,22844,0.11866164100060067,0.0
29-2036.00,22843,0.00740987768843681,0.0
29-2036.00,22842,0.04147724383956423,0.0
29-2036.00,22841,0.0041592967794431565,0.0
29-2036.00,22840,0.020673938585187113,0.0
29-2036.00,22839,0.015543110118590938,0.0
29-2036.00,22838,0.08841908334737528,0.0
29-2036.00,22837,0.1251256991249542,0.0
29-2036.00,22836,0.07594746811777883,0.0
29-2036.00,22835,0.00035995516108695694,0.0
29-2036.00,22834,0.10827297615788967,0.0
29-2036.00,22833,0.10019290350244776,0.0
29-2036.00,22832,0.056116548640872004,0.0
29-2034.00,22828,0.01412175535205603,0.0036804887737306247
29-2034.00,22827,0.005897845295295543,0.0012640852962253059
29-2034.00,22826,0.022501690819094224,0.0052051807602651184
29-2034.00,22825,0.01912559320189662,0.003227945255116838
29-2034.00,22824,0.030673601246348194,0.005307067616374518
29-2034.00,22823,0.025886369036453225,0.0041706504687577806
29-2034.00,22822,0.01578462534418979,0.0038672593400944214
29-2034.00,22821,0.019056981623688355,0.00510392677368772
29-2034.00,22820,0.03618964299109933,0.005716090813636859
29-2034.00,22819,0.039075411834395515,0.00844525051350416
29-2034.00,22818,0.03182157551392203,0.0068865518952312115
29-2034.00,22817,0.03000948584815252,0.006413372231551679
29-2034.00,22816,0.04262720967743471,0.006023795526819779
29-2034.00,22815,0.042910118011203355,0.004131351191644313
29-2034.00,22814,0.04947773777518884,0.003995183830146728
29-2034.00,22813,0.05125675228757178,0.0036069593330657424
29-2034.00,22812,0.03866176515414013,0.002880282173939898
29-2034.00,22811,0.04687419943714777,0.005045373464897975
29-2034.00,22810,0.043207605207656215,0.005372012735392706
29-2034.00,22809,0.048179779657211715,0.004133992389173879
29-2034.00,22808,0.053534921593800834,0.0036268913932091594
29-2034.00,22807,0.05184469465350651,0.0040994893766955805
29-2034.00,22806,0.04792207227219357,0.004294672267451657
29-2034.00,22805,0.04150670988217246,0.0052575725437975255
29-2034.00,22804,0.05289417684245925,0.0029032582747521934
29-2034.00,22803,0.04751752572051231,0.005258300986742217
29-2034.00,22802,0.051440153721209136,0.00401105667228841
29-2012.01,22801,0.1865823850542759,0.0
29-2012.01,22800,0.06309290878294556,0.0
29-2012.01,22799,0.2104129359287656,0.0
29-2012.01,22798,0.06147198931779725,0.0
29-2012.01,22797,0.048025627936844756,0.0
29-2012.01,22796,0.15354457588736972,0.0
29-2012.01,22795,0.17791673019082513,0.0
29-2012.01,22794,0.0989528469011761,0.0
29-2011.04,22793,0.01886249444916512,0.0
29-2011.04,22792,0.07139690403174771,0.0
29-2011.04,22791,0.1027272694081022,0.0
29-2011.04,22790,0.041988891076196855,0.0
29-2011.04,22789,0.042708121393925845,0.0
29-2011.04,22788,0.0555127026342666,0.0
29-2011.04,22787,0.06040582485417761,0.0
29-2011.04,22786,0.054923539841023473,0.0
29-2011.04,22785,0.004121992357800192,0.0
29-2011.04,22784,0.05780096374397092,0.0
29-2011.04,22783,0.023833662365983294,0.0
29-2011.04,22782,0.0619032921329844,0.0
29-2011.04,22781,0.11381528920829749,0.0
29-2011.04,22780,0.1512170073849567,0.0
29-2011.04,22779,0.09505974830875474,0.0
29-2011.04,22778,0.043722296808646845,0.0
29-1214.00,22731,0.024848661032098183,0.0
29-1214.00,22730,0.08399006471742929,0.0
29-1214.00,22729,0.07468345054657037,0.0
29-1214.00,22728,0.04696238234380014,0.0
29-1214.00,22727,0.00490528164852072,0.0
29-1214.00,22726,0.016466175173737226,0.0
29-1214.00,22725,0.07612847958818886,0.0
29-1214.00,22724,0.06322386698386508,0.0
29-1214.00,22723,0.08399006471742929,0.0
29-1214.00,22722,0.039814940359903635,0.0
29-1214.00,22721,0.07469416173039142,0.0
29-1214.00,22720,0.046818279031294534,0.0
29-1214.00,22719,0.08148994179049605,0.0
29-1214.00,22718,0.05896858404301132,0.0
29-1214.00,22717,0.08399006471742929,0.0
29-1214.00,22716,0.059325382061602046,0.0
29-1214.00,22715,0.07970021951423248,0.0
27-3043.00,22660,0.07398734828410337,0.02683068191493799
27-3043.00,22659,0.04889060764338305,0.03231672512116684
27-3043.00,22658,0.017767234424580853,0.004959798539420182
27-3043.00,22657,0.12792642552050995,0.03816197155590615
27-3043.00,22656,0.17622759042181124,0.04798382648587992
27-3043.00,22655,0.21783334464489523,0.050352882787338384
27-3043.00,22654,0.16297280066585987,0.05347971985657319
27-3043.00,22653,0.17439464839485647,0.04985929041701893
27-3023.00,22652,0.006569884889443792,0.0
27-3023.00,22651,0.00791225746088269,0.0
27-3023.00,22650,0.021807335913365707,0.0
27-3023.00,22649,0.021488987135854662,0.0
27-3023.00,22648,0.012722882466538382,0.0
27-3023.00,22647,0.016551306354412904,0.0
27-3023.00,22646,0.011531165884153583,0.0
27-3023.00,22645,0.026014135247193662,0.0
27-3023.00,22644,0.017394815155041595,0.0
27-3023.00,22643,0.0198310287001918,0.0
27-3023.00,22642,0.02213664989912913,0.0
27-3023.00,22641,0.018812979228704275,0.0
27-3023.00,22640,0.027127625185930784,0.0
27-3023.00,22639,0.013312534491710633,0.0
27-3023.00,22638,0.04376411025009755,0.0
27-3023.00,22637,0.016643059445000625,0.0
27-3023.00,22636,0.03631907780406969,0.0
27-3023.00,22635,0.025730536272646563,0.0
27-3023.00,22634,0.034411776399491854,0.0
27-3023.00,22633,0.029709386757169054,0.0
27-3023.00,22632,0.04706703338839236,0.0
27-3023.00,22631,0.0721143917672536,0.0
27-3023.00,22630,0.06093040890553047,0.0
27-3023.00,22629,0.029876502801870396,0.0
27-3023.00,22628,0.040171894032584844,0.0
27-3023.00,22627,0.04008598013259245,0.0
27-3023.00,22626,0.0810448315916012,0.0
27-3023.00,22625,0.07035141911915906,0.0
27-3023.00,22624,0.05320171996108608,0.0
27-3023.00,22623,0.07536428335890065,0.0
27-2042.00,22600,0.0040732401203656555,0.0017719740445795657
27-2042.00,22599,0.011403405084901034,0.006988096975266829
27-2042.00,22598,0.002831376600073057,0.0014076174002736397
27-2042.00,22597,0.013093140437734638,0.01227232719548363
27-2042.00,22596,0.014440422709200842,0.008393762924674503
27-2042.00,22595,0.007363297970496007,0.0028204383472700363
27-2042.00,22594,0.03069803750011339,0.012135309456254278
27-2042.00,22593,0.02077082335016512,0.009684562592553615
27-2042.00,22592,0.01858387709436965,0.01376514169774621
27-2042.00,22591,0.007935066868067341,0.005104947997894467
27-2042.00,22590,0.001736056232911296,0.0009338109784156693
27-2042.00,22589,0.018856606535602144,0.011943374787948
27-2042.00,22588,0.00030774197102833293,0.0001348934279163043
27-2042.00,22587,0.012032099163876464,0.007356259477978905
27-2042.00,22586,0.021397309642185322,0.007760393302765306
27-2042.00,22585,0.03365615741535771,0.007014888589761093
27-2042.00,22584,0.04044856613947685,0.015412577701855053
27-2042.00,22583,0.06818239956203646,0.00982207859495942
27-2042.00,22582,0.033312657550974525,0.009484617110195276
27-2042.00,22581,0.06640894253658541,0.011144863485593657
27-2042.00,22580,0.07620476716048667,0.022706021850254242
27-2042.00,22579,0.078008124140261,0.022666849341380236
27-2042.00,22578,0.08790124411316362,0.018705938426996423
27-2042.00,22577,0.1266284665392141,0.016180813057973267
27-2042.00,22576,0.07139448921882126,0.01595618383745739
27-2042.00,22575,0.095429456697897,0.022024669634460137
27-2042.00,22574,0.036902227644635084,0.009815160444365614
27-2041.00,22571,0.0028625328594196102,0.001999089396291066
27-2041.00,22570,0.022634656150140865,0.01162791969439958
27-2041.00,22569,0.006098821588325243,0.0019737094042443356
27-2041.00,22568,0.01795551233138637,0.006369516395285356
27-2041.00,22567,0.0035443115901564693,0.0012776932140269595
27-2041.00,22566,0.008832476349508497,0.002881530839729044
27-2041.00,22565,0.01373394076917274,0.004541086287890393
27-2041.00,22564,0.02185221659634765,0.008317151406121092
27-2041.00,22563,0.02722474516609835,0.01155760122505794
27-2041.00,22562,0.05057373284646875,0.014947985574831395
27-2041.00,22561,0.017461682686906094,0.0060275844532269255
27-2041.00,22560,0.04268975287725323,0.009176959945139472
27-2041.00,22559,0.04596785331434543,0.014835326559104656
27-2041.00,22558,0.004658406079211949,0.002834335946977223
27-2041.00,22557,0.02830086162572744,0.012158669751143577
27-2041.00,22556,0.030171292352333526,0.011096946631561546
27-2041.00,22555,0.025722816896739963,0.01043906644686926
27-2041.00,22554,0.037964175621635364,0.012669256675715349
27-2041.00,22553,0.020676434119421952,0.005228778393394021
27-2041.00,22552,0.0019492047956274226,0.0004043761644443072
27-2041.00,22551,0.08636114133022245,0.01642920099959188
27-2041.00,22550,0.09877132109548643,0.016025313485296778
27-2041.00,22549,0.07841323203247307,0.014733909540717063
27-2041.00,22548,0.03506856388080633,0.012550082461262995
27-2041.00,22547,0.10431098650522933,0.014959836709651087
27-2041.00,22546,0.04383024783414456,0.011154977269781775
27-2041.00,22545,0.047647235316752704,0.012583967790333111
27-2041.00,22544,0.07472184538865814,0.013943585422278665
27-2012.00,22540,0.0066675929232795535,0.002024406309949622
27-2012.00,22539,0.011976364708963674,0.00886660827385654
27-2012.00,22538,0.029105480666840343,0.013977016359205018
27-2012.00,22537,0.019182098748323585,0.008432717254709326
27-2012.00,22535,0.04316421326649029,0.01627790476178799
27-2012.00,22534,0.023017745193409055,0.010226118450396622
27-2012.00,22533,0.04960273503560698,0.016985165474466112
27-2012.00,22532,0.045183764191039505,0.01136307963789029
27-2012.00,22531,0.011283162730805138,0.01119435295151193
27-2012.00,22530,0.02557486923487988,0.009099220504142013
27-2012.00,22529,0.012333410936372698,0.004608301285357581
27-2012.00,22528,0.034008290890540784,0.012233158223182038
27-2012.00,22527,0.030640553303607203,0.009304263023654741
27-2012.00,22526,0.05555164625595594,0.01608546558814726
27-2012.00,22525,0.04117827181295039,0.014177524177996018
27-2012.00,22524,0.01973342647261188,0.007371436000721789
27-2012.00,22523,0.04314673344141215,0.009207005379927476
27-2012.00,22522,0.10138623818972638,0.016605679088209757
27-2012.00,22521,0.024637069008527645,0.011693541758766137
27-2012.00,22520,0.02523442446470226,0.012763553804128703
27-2012.00,22519,0.021850341636674587,0.001975596360725606
27-2012.00,22518,0.01675053452957602,0.005709446831143273
27-2012.00,22517,0.06204819593934503,0.02356895144087615
27-2012.00,22516,0.06643515090150079,0.020849507305665642
27-2012.00,22515,0.09598034405450882,0.01961034039840718
27-2012.00,22514,0.08432734146234944,0.01631945201232531
25-9043.00,22513,0.032474284063259515,0.011928142332349552
25-9043.00,22512,0.038799857303819185,0.006403545804245482
25-9043.00,22511,0.08230782962903896,0.01519505509660467
25-9043.00,22510,0.015251318682408348,0.004076681720168173
25-9043.00,22509,0.09407258762369602,0.014298405248553681
25-9043.00,22508,0.0030179127763520757,0.0013224568300556558
25-9043.00,22507,0.043765953871216914,0.01005256688835541
25-9043.00,22506,0.12936081979497088,0.012939729955390248
25-9043.00,22505,0.035464673586763654,0.006417768640130982
25-9043.00,22504,0.005261090519971053,0.002728160416245968
25-9043.00,22503,0.011582582630246025,0.003503411864199358
25-9043.00,22502,0.024604556678637035,0.0060061602778727794
25-9043.00,22501,0.001934269177615964,0.0023227171709278554
25-9043.00,22500,0.032478995358656164,0.007370477440331026
25-9043.00,22499,0.01958809277698276,0.008293224271680735
25-9043.00,22498,0.041952278535687317,0.012572781908070213
25-9043.00,22497,0.013121325654328898,0.003156364044693589
25-9043.00,22496,0.006159348787078557,0.002842879168515016
25-9043.00,22495,0.034591325500908314,0.009129707721086856
25-9043.00,22494,0.03380660783520068,0.00518459311902422
25-9043.00,22493,0.009665135375008753,0.003816125454590774
25-9043.00,22492,0.07466648337724859,0.011384215903366782
25-9043.00,22491,0.04003720408350374,0.007129215466074983
25-9043.00,22490,0.04404106776384522,0.006954470058988484
25-9043.00,22489,0.03433048174277774,0.007616994548062919
25-9043.00,22488,0.03404588042467568,0.006992634464497245
25-9043.00,22487,0.04241410996339385,0.007543554058676298
25-9043.00,22486,0.002121913498913532,0.0005493385927591168
25-9043.00,22485,0.005120989221974128,0.004323450536132268
25-9043.00,22484,0.013961023761820474,0.003069185832436089
25-9042.00,22483,0.024058547572217325,0.0065030472749068894
25-9042.00,22482,0.024642796239475982,0.006732192082752581
25-9042.00,22481,0.11028274222511783,0.022922765913897542
25-9042.00,22480,0.0838504811984412,0.014328599389418167
25-9042.00,22479,0.02954845549597338,0.007602563307554258
25-9042.00,22478,0.11870233976593585,0.021446643553577366
25-9042.00,22477,0.028985108301153008,0.0132431384809714
25-9042.00,22476,0.038091659551612,0.006666057152537764
25-9042.00,22474,0.019252511884170577,0.005940558384870885
25-9042.00,22473,0.012827522072937908,0.003044414909117403
25-9042.00,22472,0.002291910921906621,0.002113555257106671
25-9042.00,22471,0.03554484320941116,0.006762473296794091
25-9042.00,22470,0.028897420174025856,0.008282757901331273
25-9042.00,22469,0.01348031792248255,0.00593943786920091
25-9042.00,22468,0.03178845258547755,0.00597642674316104
25-9042.00,22467,0.01843783529213406,0.007581715448029426
25-9042.00,22466,0.029221399670084042,0.014577277277382927
25-9042.00,22465,0.05127221505564355,0.011342326637818744
25-9042.00,22463,0.06808910429035438,0.013189417990502517
25-9042.00,22462,0.012088189762768368,0.002871254341105274
25-9042.00,22461,0.07588824699143983,0.014794678700649374
25-9042.00,22460,0.02893126917625751,0.005885873559268099
25-9042.00,22459,0.04762212269039781,0.011822955463957256
25-9042.00,22457,0.0615478724256077,0.013986615531110625
25-9042.00,22456,0.0046566355249739785,0.002183522245920755
25-4022.00,22434,0.007498568816982542,0.003556450152912725
25-4022.00,22433,0.019453318122883062,0.007267468149337021
25-4022.00,22432,0.012941049537664416,0.007790371020841166
25-4022.00,22431,0.004676816904097576,0.0009682681400376994
25-4022.00,22430,0.017136112252666542,0.00404228675651357
25-4022.00,22429,0.010123759216396539,0.0068186934608049895
25-4022.00,22428,0.02835955973038536,0.008448898151690214
25-4022.00,22427,0.019941682551442255,0.007965851269457824
25-4022.00,22426,0.008472619568554945,0.006167000025048059
25-4022.00,22425,0.015035386800099075,0.0038373284537784173
25-4022.00,22424,0.014131920856617929,0.002820043428467556
25-4022.00,22423,0.024445504013516993,0.00907051218349965
25-4022.00,22422,0.005476707463510658,0.0019636668185985294
25-4022.00,22421,0.055515940736252004,0.026085197774002384
25-4022.00,22420,0.034931682283494796,0.008117461033639152
25-4022.00,22419,0.03200704987232241,0.010101851061052193
25-4022.00,22418,0.054901395731727774,0.011308271048516342
25-4022.00,22417,0.02489006404824067,0.008172457185839617
25-4022.00,22416,0.02845546290586972,0.008573736131587744
25-4022.00,22415,0.02561524623861785,0.007423964995892218
25-4022.00,22414,0.03665847855238377,0.011068812981778335
25-4022.00,22413,0.05248981925536829,0.011279053585187028
25-4022.00,22412,0.07530638232840568,0.011959776850597757
25-4022.00,22411,0.08037175978460497,0.01392867548941417
25-4022.00,22410,0.07073791189432425,0.01292173462052246
25-4022.00,22409,0.03913762031668711,0.006916750891646227
25-4022.00,22408,0.07246285355832532,0.011892324321590481
25-4022.00,22407,0.12882532665855748,0.016342433025155027
25-3031.00,22406,0.045191919312726966,0.015137266762919181
25-3031.00,22405,0.061641540892297286,0.013690395738623788
25-3031.00,22404,0.0605072161183876,0.01697084658163653
25-3031.00,22403,0.08437588034552639,0.013694636049392164
25-3031.00,22402,0.06102734586965661,0.013269427275465755
25-3031.00,22401,0.014977256442259968,0.010976932117635873
25-3031.00,22400,0.020821509613158064,0.01281680112251364
25-3031.00,22399,0.028168829226823133,0.012063941663214499
25-3031.00,22398,0.046444421242644224,0.011904851996757589
25-3031.00,22397,0.023510706385538673,0.012435252325837384
25-3031.00,22396,0.09369235852118708,0.014853013931095808
25-3031.00,22395,0.12467510049922019,0.019040481140200533
25-3031.00,22394,0.08250496190037318,0.014827612494749069
25-3031.00,22393,0.05789678486339353,0.01490625151334089
25-3031.00,22392,0.04139016849078512,0.012626337688135923
25-3031.00,22391,0.01612943944907699,0.011511332359091513
25-3031.00,22390,0.01992473359309901,0.011224159952884956
25-3031.00,22389,0.11711982723384592,0.01939623091255753
25-2056.00,22388,0.03946727784521147,0.011007823554403568
25-2056.00,22387,0.06599691934954498,0.012349823757878037
25-2056.00,22386,0.03253376769164903,0.006492110447947649
25-2056.00,22385,0.024396262804354335,0.007391659895836709
25-2056.00,22384,0.026174458142776726,0.008418290782003925
25-2056.00,22383,0.05246741949850756,0.011583848155643825
25-2056.00,22382,0.0020688382977598887,0.0010482219635290805
25-2056.00,22381,0.0396092766343769,0.008650713144976733
25-2056.00,22380,0.011186094901664723,0.003498003638948444
25-2056.00,22379,0.021201514648764106,0.007694466368783263
25-2056.00,22378,0.05568969455163799,0.01017812680770662
25-2056.00,22377,0.03796725335863851,0.00821966203282937
25-2056.00,22376,0.06707961855356719,0.009452157357510187
25-2056.00,22375,0.003470577110325011,0.0009207914776355438
25-2056.00,22374,0.03092704201896561,0.005907867633434008
25-2056.00,22373,0.0028591281437048864,0.0005462552375751758
25-2056.00,22372,0.01726844741033544,0.006503881477890621
25-2056.00,22371,0.09744721840942502,0.012217036032018114
25-2056.00,22370,0.02102680120586579,0.006387948720228228
25-2056.00,22369,0.046110550020375105,0.009402664343709044
25-2056.00,22368,0.07612734474737792,0.012056313131742871
25-2056.00,22367,0.04894324751183775,0.00811910778279064
25-2056.00,22366,0.05467806680249928,0.012762085393553991
25-2056.00,22365,0.06949748700308983,0.012309871326563046
25-2056.00,22364,0.016920662044961465,0.006593587343066543
25-2056.00,22363,0.004446653838993224,0.0010058775595388936
25-2056.00,22362,0.017916796415288743,0.007240407697592295
25-2056.00,22361,0.005155741900718856,0.0023731374799738597
25-2056.00,22360,0.007994565818002987,0.005554971195357183
25-2056.00,22359,0.0033712733197796465,0.0012057718363660548
19-4051.00,22326,0.008165046439920755,0.0
19-4051.00,22324,0.0009140587652641376,0.0
19-4051.00,22323,0.015043766602481592,0.0
19-4051.00,22321,0.03676039101446412,0.0
19-4051.00,22320,0.02055813353718375,0.0
19-4051.00,22319,0.024664923601107395,0.0
19-4051.00,22318,0.015871098336245566,0.0
19-4051.00,22316,0.017750371764901168,0.0
19-4051.00,22315,0.11606648252786765,0.0
19-4051.00,22314,0.06643329507661677,0.0
19-4051.00,22313,0.15674747307290646,0.0
19-4051.00,22312,0.0717918980192811,0.0
19-4051.00,22311,0.08419527819449002,0.0
19-4051.00,22310,0.14212496249454784,0.0
19-4051.00,22309,0.06172028044241118,0.0
19-4051.00,22308,0.16119254011031053,0.0
19-4043.00,22285,0.0007267574091220333,0.0
19-4043.00,22283,0.0008599366251335638,0.0
19-4043.00,22282,0.002725930642849936,0.0
19-4043.00,22281,0.013645173512663537,0.0
19-4043.00,22280,0.0013486914035629217,0.0
19-4043.00,22279,0.003422026356897186,0.0
19-4043.00,22278,0.01554361536654468,0.0
19-4043.00,22277,0.02822374178496288,0.0
19-4043.00,22276,0.032971310985335886,0.0
19-4043.00,22275,0.032430291865896244,0.0
19-4043.00,22274,0.041327601523430096,0.0
19-4043.00,22273,0.06461405158065514,0.0
19-4043.00,22272,0.04207465444824336,0.0
19-4043.00,22271,0.04712368229356421,0.0
19-4043.00,22270,0.026654291842147015,0.0
19-4043.00,22269,0.033359798373261015,0.0
19-4043.00,22268,0.039283536726777486,0.0
19-4043.00,22267,0.01549190512027577,0.0
19-4043.00,22266,0.014454967175696722,0.0
19-4043.00,22265,0.074000073549722,0.0
19-4043.00,22264,0.12250251990811054,0.0
19-4043.00,22263,0.14311745375256396,0.0
19-4043.00,22262,0.2040979877525838,0.0
19-4013.00,22261,0.07992892673828664,0.026791140539221055
19-3091.00,22260,0.007963857806400812,0.0
19-3091.00,22259,0.21383546586898358,0.0
19-3091.00,22258,0.01376387351124923,0.0
19-3091.00,22257,0.03188295444266935,0.0
19-3091.00,22256,0.011693165746296664,0.0
19-3091.00,22255,0.018499996158618793,0.0
19-3091.00,22254,0.010912220597754367,0.0
19-3091.00,22253,0.005663090421366264,0.0
19-3091.00,22252,0.023556703807853907,0.0
19-3091.00,22251,0.01362587694590728,0.0
19-3091.00,22250,0.0066275662160181015,0.0
19-3091.00,22249,0.0016135934519984254,0.0
19-3091.00,22248,0.01900916032591352,0.0
19-3091.00,22247,0.016528820699648287,0.0
19-3091.00,22246,0.04077392633603629,0.0
19-3091.00,22245,0.005295099580454394,0.0
19-3091.00,22244,0.13391118963373175,0.0
19-3091.00,22243,0.010216439596030247,0.0
19-3091.00,22242,0.031706247863864535,0.0
19-3091.00,22241,0.01265701122219553,0.0
19-3091.00,22240,0.01891483805405846,0.0
19-3091.00,22239,0.00989610803767459,0.0
19-3091.00,22238,0.04057921257491095,0.0
19-3091.00,22237,0.005340734868147924,0.0
19-3091.00,22236,0.10805044553822123,0.0
19-3091.00,22235,0.023240907175724416,0.0
19-3091.00,22234,0.04077392633603629,0.0
19-3091.00,22233,0.012657618532317495,0.0
19-3091.00,22232,0.08692852227159616,0.0
19-3091.00,22231,0.02388142637832112,0.0
19-3039.03,22224,0.11460711353587391,0.0
19-3039.03,22223,0.04308670324555528,0.0
19-3039.03,22222,0.011944676357528545,0.0
19-3039.03,22221,0.06101040895196739,0.0
19-3039.03,22220,0.004697453601830393,0.0
19-3039.03,22219,0.10389161274313734,0.0
19-3039.03,22218,0.022264847379718775,0.0
19-3039.03,22217,0.04440420728770691,0.0
19-3039.03,22216,0.048999223630055405,0.0
19-3039.03,22215,0.05832723468078651,0.0
19-3039.03,22214,0.04087148104702358,0.0
19-3039.03,22213,0.04774256394693242,0.0
19-3039.03,22212,0.05643038854734696,0.0
19-3039.03,22211,0.11486140171068891,0.0
19-3039.03,22210,0.03769361761957965,0.0
19-3039.03,22209,0.06261783567916565,0.0
19-3039.03,22208,0.09801417347262859,0.0
19-3039.03,22207,0.028535056562473748,0.0
19-3039.02,22206,0.1557524185265923,0.0
19-3039.02,22205,0.05539231462601523,0.0
19-3039.02,22204,0.09647494875700528,0.0
19-3039.02,22203,0.009319290484396227,0.0
19-3039.02,22202,0.10447606083492489,0.0
19-3039.02,22201,0.08452136304427323,0.0
19-3039.02,22200,0.07927104099211939,0.0
19-3039.02,22199,0.08280183002096124,0.0
19-3039.02,22198,0.024449669423641983,0.0
19-3039.02,22197,0.0764721685622063,0.0
19-3039.02,22196,0.05567169937127957,0.0
19-3039.02,22195,0.047545570157560495,0.0
19-3039.02,22194,0.018874938820269242,0.0
19-3039.02,22193,0.10897668637875466,0.0
19-3033.00,22192,0.013353669878309214,0.0
19-3033.00,22191,0.005502420199559464,0.0
19-3033.00,22190,0.051888041208189246,0.0
19-3033.00,22189,0.005034390650844951,0.0
19-3033.00,22188,0.004544083950281782,0.0
19-3033.00,22187,0.00482376558225186,0.0
19-3033.00,22186,0.014175856567973592,0.0
19-3033.00,22185,0.021839528053519956,0.0
19-3033.00,22184,0.012580986995150638,0.0
19-3033.00,22183,0.00826314214149773,0.0
19-3033.00,22182,0.008181237838465846,0.0
19-3033.00,22181,0.019244821893386495,0.0
19-3033.00,22180,0.03207152187784911,0.0
19-3033.00,22179,0.024855044622770404,0.0
19-3033.00,22178,0.013234336302051966,0.0
19-3033.00,22177,0.01948214521689736,0.0
19-3033.00,22176,0.03337372502799958,0.0
19-3033.00,22175,0.04872869251878304,0.0
19-3033.00,22174,0.022701598345489807,0.0
19-3033.00,22173,0.044198552938629246,0.0
19-3033.00,22172,0.02799546527109242,0.0
19-3033.00,22171,0.020258377104932602,0.0
19-3033.00,22170,0.05643586850838971,0.0
19-3033.00,22169,0.08452867451745512,0.0
19-3033.00,22168,0.049063278108747964,0.0
19-3033.00,22167,0.04233844661958989,0.0
19-3033.00,22166,0.06339277130655578,0.0
19-3033.00,22165,0.10465131487623772,0.0
19-3033.00,22164,0.0785902871791732,0.0
19-3033.00,22163,0.06466795469792437,0.0
19-1031.00,22162,0.006647263336087652,0.0
19-1031.00,22161,0.023857788947732453,0.0
19-1031.00,22160,0.004127529608277797,0.0
19-1031.00,22159,0.027082413676356026,0.0
19-1031.00,22158,0.05672204370824972,0.0
19-1031.00,22157,0.005805394320886133,0.0
19-1031.00,22156,0.006284928877545528,0.0
19-1031.00,22155,0.00873532839861269,0.0
19-1031.00,22154,0.005373350615084183,0.0
19-1031.00,22153,0.06881011062004821,0.0
19-1031.00,22152,0.04960063808568687,0.0
19-1031.00,22151,0.010193951049279906,0.0
19-1031.00,22150,0.008349047065805321,0.0
19-1031.00,22149,0.02486531246559377,0.0
19-1031.00,22148,0.03372563451433827,0.0
19-1031.00,22147,0.02919606881577411,0.0
19-1031.00,22146,0.01566480704232424,0.0
19-1031.00,22145,0.016861858726747402,0.0
19-1031.00,22144,0.026548461240686615,0.0
19-1031.00,22143,0.012834975696954689,0.0
19-1031.00,22142,0.00211243453050425,0.0
19-1031.00,22141,0.03228562263424774,0.0
19-1031.00,22140,0.04061055147568491,0.0
19-1031.00,22139,0.06334368265456573,0.0
19-1031.00,22138,0.2120771410553746,0.0
19-1031.00,22137,0.04528781605284119,0.0
19-1031.00,22136,0.019930745522722403,0.0
19-1031.00,22135,0.02422801201784808,0.0
19-1031.00,22134,0.06755810922118823,0.0
19-1031.00,22133,0.05127897802295129,0.0
17-3031.00,22121,0.011035692523373565,0.0
17-3031.00,22120,0.020314914199339455,0.0
17-3031.00,22119,0.03819405986750159,0.0
17-3031.00,22118,0.01836055083329009,0.0
17-3031.00,22117,0.05604323158120625,0.0
17-3031.00,22116,0.055051151976090916,0.0
17-3031.00,22115,0.023649213682057118,0.0
17-3031.00,22114,0.059016537251326766,0.0
17-3031.00,22113,0.10726881568830847,0.0
17-3031.00,22112,0.04183607856034473,0.0
17-3031.00,22111,0.06374027548020465,0.0
17-3031.00,22110,0.030502080912822156,0.0
17-3031.00,22109,0.03567153114870063,0.0
17-3031.00,22108,0.04204383152355425,0.0
17-3031.00,22107,0.0897214166525301,0.0
17-3031.00,22106,0.09359600206006623,0.0
17-3031.00,22105,0.02061895827731827,0.0
17-3031.00,22104,0.1092715094417333,0.0
17-3031.00,22103,0.08406414834023146,0.0
17-3027.00,22087,0.09774481617661013,0.037798149294826354
17-3027.00,22086,0.11075194852937076,0.02586272369977991
17-3027.00,22085,0.029645095597468047,0.013635328724716417
17-3027.00,22084,0.024305214532539237,0.006590445930533762
17-3027.00,22083,0.02809753338787805,0.0052065924549036845
17-3027.00,22082,0.10660623948010114,0.021089793790334967
17-3027.00,22078,0.018180534327119448,0.0089425145457674
17-3027.00,22077,0.01631511737902155,0.004875257655788714
17-3027.00,22075,0.024814366224251507,0.005870835970173329
17-3027.00,22073,0.03565767672516704,0.017354038905472623
17-3027.00,22072,0.08050928833663294,0.027553997519744234
17-3026.01,22069,0.011844510596676908,0.0
17-3026.01,22068,0.06847018861149831,0.0
17-3026.01,22067,0.04005207239119267,0.0
17-3026.01,22066,0.0002158672516697543,0.0
17-3026.01,22065,0.009188851667447717,0.0
17-3026.01,22064,0.0007115539893259451,0.0
17-3026.01,22063,0.06155076306535339,0.0
17-3026.01,22062,0.0048587902101862555,0.0
17-3026.01,22061,0.010111469014216511,0.0
17-3026.01,22060,0.006710300335475164,0.0
17-3026.01,22059,0.005370951360643838,0.0
17-3026.01,22058,0.009781789091500095,0.0
17-3026.01,22057,0.0030087139579667815,0.0
17-3026.01,22056,0.044160491331260925,0.0
17-3026.01,22055,0.007218270399467003,0.0
17-3026.01,22054,0.07282826604304096,0.0
17-3026.01,22053,0.035042903140840284,0.0
17-3026.01,22052,0.08796865894223371,0.0
17-3026.01,22051,0.08204129825353937,0.0
17-3026.01,22050,0.027313190476275184,0.0
17-3026.01,22049,0.013549797237432434,0.0
17-3026.01,22048,0.08940631772714541,0.0
17-3026.01,22047,0.07199374704559938,0.0
17-3026.01,22046,0.1530041943740393,0.0
17-3026.01,22045,0.08359704348597272,0.0
17-3024.00,22019,0.01510252386042147,0.007337783911203481
17-3024.00,22018,0.022251450118051814,0.008889190059039355
17-3024.00,22017,0.016677648106932723,0.007007257893940299
17-3024.00,22016,0.01339904787709249,0.006626889319089693
17-3024.00,22015,0.07810870270708883,0.03223350160045256
17-3024.00,22014,0.05498629753085599,0.02165787095782612
17-3024.00,22012,0.05615828333881529,0.027827003156524893
17-3024.00,22011,0.014155230776143446,0.004625615649866016
17-3024.00,22009,0.009057715059749106,0.005902000528368076
17-3024.00,22007,0.003438405454480754,0.0018575802886279477
17-3023.00,22000,0.023863905092077024,0.0
17-3023.00,21999,0.051535029874524324,0.0
17-3023.00,21998,0.02283499253369598,0.0
17-3023.00,21997,0.006804452464878494,0.0
17-3023.00,21996,0.027710202442786273,0.0
17-3023.00,21995,0.011459633631893446,0.0
17-3023.00,21994,0.014826467608186348,0.0
17-3023.00,21993,0.011887279732844083,0.0
17-3023.00,21992,0.017272010183998474,0.0
17-3023.00,21991,0.03141680774976235,0.0
17-3023.00,21990,0.01664067290091929,0.0
17-3023.00,21989,0.0395041963893919,0.0
17-3023.00,21988,0.030886666137148522,0.0
17-3023.00,21987,0.03819907638622852,0.0
17-3023.00,21986,0.030431990894593332,0.0
17-3023.00,21985,0.06144419180888619,0.0
17-3023.00,21984,0.03374512678432473,0.0
17-3023.00,21983,0.01703378798193122,0.0
17-3023.00,21982,0.0545207678142686,0.0
17-3023.00,21981,0.03965112318125847,0.0
17-3023.00,21980,0.06319756513574824,0.0
17-3023.00,21979,0.045101018931962215,0.0
17-3023.00,21978,0.06782921126042525,0.0
17-3023.00,21977,0.08524876395314512,0.0
17-3023.00,21976,0.05797764928330061,0.0
17-3023.00,21975,0.09897740984182106,0.0
17-3012.00,21971,0.0059296503853665155,0.005467077007491243
17-3012.00,21970,0.02654446655069588,0.008391702541199851
17-3012.00,21969,0.0030194320107007704,0.002296573229457928
17-3012.00,21968,0.017926954988625836,0.009689714502042332
17-3012.00,21967,0.022123109919803634,0.008322036430759712
17-3012.00,21966,0.005628202569988421,0.0020080542673298614
17-3012.00,21965,0.04308137882679346,0.00918820050845645
17-3012.00,21964,0.012253428573168492,0.0025978723759844083
17-3012.00,21963,0.05199958807567892,0.010826543185281541
17-3012.00,21962,0.006656503618019906,0.0037882148616147685
17-3012.00,21961,0.024612591646649005,0.007907218291735709
17-3012.00,21960,0.02396888073569167,0.008625912693868573
17-3012.00,21959,0.014890980742191537,0.0026092858347423345
17-3012.00,21958,0.04467715146803791,0.010026880253992154
17-3012.00,21957,0.012959107395849987,0.004032190417043064
17-3012.00,21956,0.02343309630041727,0.008354028515121766
17-3012.00,21955,0.04434245993231715,0.023197673069762108
17-3012.00,21954,0.026982851164698122,0.009639247614369522
17-3012.00,21953,0.061103526116761245,0.014838445312569837
17-3012.00,21952,0.027829793375157025,0.01090307625276833
17-3012.00,21951,0.12838519453306851,0.015226550981260493
17-3012.00,21950,0.05291527336624153,0.007635476248135367
17-3012.00,21949,0.048613645375007036,0.008416627999707917
17-3012.00,21948,0.03144439955412047,0.01006997867823183
17-3012.00,21947,0.08772494305178793,0.013575538397065337
17-3012.00,21946,0.06049334384619844,0.023194538152772216
17-3012.00,21945,0.09046004587696332,0.023659098091480087
17-3011.00,21940,0.01344462632420359,0.0
17-3011.00,21939,0.004240890306873445,0.0
17-3011.00,21938,0.003342423962302158,0.0
17-3011.00,21937,0.0025222451622364927,0.0
17-3011.00,21936,0.003339406665735708,0.0
17-3011.00,21934,0.014299925279165624,0.0
17-3011.00,21933,0.010624988949949564,0.0
17-3011.00,21931,0.010917260619186181,0.0
17-3011.00,21930,0.005711537697748088,0.0
17-3011.00,21929,0.04544923721148721,0.0
17-3011.00,21928,0.03251846754647837,0.0
17-3011.00,21927,0.007494546059932038,0.0
17-3011.00,21926,0.09119084393596374,0.0
17-3011.00,21925,0.029951599278318978,0.0
17-3011.00,21924,0.04015229940001038,0.0
17-3011.00,21923,0.06511296301264544,0.0
17-3011.00,21922,0.07363550178946052,0.0
17-3011.00,21921,0.06477356215415503,0.0
17-3011.00,21920,0.044304560550073833,0.0
17-3011.00,21919,0.06344630572686506,0.0
17-3011.00,21918,0.14988674642989364,0.0
17-3011.00,21917,0.2236400619373149,0.0
17-2121.00,21916,0.013557801709535381,0.0
17-2121.00,21915,0.04211919005955004,0.0
17-2121.00,21914,0.025655972172058672,0.0
17-2121.00,21913,0.01869893172424009,0.0
17-2121.00,21912,0.016898418597786125,0.0
17-2121.00,21911,0.01374752776961304,0.0
17-2121.00,21910,0.03629552268234836,0.0
17-2121.00,21909,0.015470854738607535,0.0
17-2121.00,21908,0.03178356783869365,0.0
17-2121.00,21907,0.039228929400398044,0.0
17-2121.00,21906,0.028111624598579587,0.0
17-2121.00,21905,0.058934176167279355,0.0
17-2121.00,21904,0.02415189212675351,0.0
17-2121.00,21903,0.02960923103911992,0.0
17-2121.00,21902,0.05272788932613283,0.0
17-2121.00,21901,0.02342161223466038,0.0
17-2121.00,21900,0.030939901749756377,0.0
17-2121.00,21899,0.051816798246662486,0.0
17-2121.00,21898,0.01620177737262312,0.0
17-2121.00,21897,0.10485799642566397,0.0
17-2121.00,21896,0.01523544185011747,0.0
17-2121.00,21895,0.033454295192882864,0.0
17-2121.00,21894,0.027873803551287782,0.0
17-2121.00,21893,0.026350729543270803,0.0
17-2121.00,21892,0.023589664824097457,0.0
17-2121.00,21891,0.006041413600850697,0.0
17-2121.00,21890,0.05389347849165565,0.0
17-2121.00,21889,0.04735863272428207,0.0
17-2121.00,21888,0.06602764947908582,0.0
17-2121.00,21887,0.025945274762406975,0.0
17-2111.00,21884,0.019325857584551534,0.0
17-2111.00,21883,0.008001571685276324,0.0
17-2111.00,21882,0.008737208189777624,0.0
17-2111.00,21881,0.007598480715914961,0.0
17-2111.00,21880,0.014855250664868733,0.0
17-2111.00,21879,0.007956889665995321,0.0
17-2111.00,21878,0.00909823701046103,0.0
17-2111.00,21877,0.007264901529899304,0.0
17-2111.00,21876,0.05144771378362966,0.0
17-2111.00,21875,0.04099896445032809,0.0
17-2111.00,21874,0.029390635408514824,0.0
17-2111.00,21873,0.002773848162193151,0.0
17-2111.00,21872,0.05836361128722884,0.0
17-2111.00,21871,0.014637439223946266,0.0
17-2111.00,21870,0.037453016213387105,0.0
17-2111.00,21869,0.11423415034092571,0.0
17-2111.00,21868,0.0636731299115778,0.0
17-2111.00,21867,0.02804582269394735,0.0
17-2111.00,21866,0.0370949680480199,0.0
17-2111.00,21865,0.03989171125915707,0.0
17-2111.00,21864,0.2321032795966486,0.0
17-2111.00,21863,0.046773109581719576,0.0
17-2111.00,21862,0.04501542867930766,0.0
17-2111.00,21861,0.05337405156126527,0.0
17-2111.00,21860,0.02189072275145824,0.0
17-2031.00,21859,0.0038338389565106454,0.0
17-2031.00,21858,0.010346223091946539,0.0
17-2031.00,21857,0.05588106630309817,0.0
17-2031.00,21856,0.07189764576893641,0.0
17-2031.00,21855,0.005280496768263909,0.0
17-2031.00,21854,0.11240486036905871,0.0
17-2031.00,21853,0.06906239948376973,0.0
17-2031.00,21852,0.01007059956420357,0.0
17-2031.00,21851,0.05612165401830069,0.0
17-2031.00,21850,0.00669367482233605,0.0
17-2031.00,21849,0.004125962671659383,0.0
17-2031.00,21848,0.013906258842011097,0.0
17-2031.00,21847,0.06989066307393672,0.0
17-2031.00,21846,0.06538465715674592,0.0
17-2031.00,21845,0.004842548900874227,0.0
17-2031.00,21844,0.005377961343129885,0.0
17-2031.00,21843,0.028407909120557392,0.0
17-2031.00,21842,0.0038186378900568014,0.0
17-2031.00,21841,0.01771601682685616,0.0
17-2031.00,21840,0.01836561793634127,0.0
17-2031.00,21839,0.006641932611422903,0.0
15-1299.05,21785,0.017578093389337978,0.0
15-1299.05,21784,0.09312675099773428,0.0
15-1299.05,21783,0.030982185952653892,0.0
15-1299.05,21782,0.0376864144342096,0.0
15-1299.05,21781,0.04752447381055016,0.0
15-1299.05,21780,0.05354556262499721,0.0
15-1299.05,21779,0.065263201377405,0.0
15-1299.05,21778,0.03587172971493415,0.0
15-1299.05,21777,0.05740004980227086,0.0
15-1299.05,21776,0.046296328302002615,0.0
15-1299.05,21775,0.06706349306294597,0.0
15-1299.05,21774,0.02045965699120424,0.0
15-1299.05,21773,0.025155740410813122,0.0
15-1299.05,21772,0.04273372532535383,0.0
15-1299.05,21771,0.017121637933378616,0.0
15-1299.05,21770,0.04920380644174441,0.0
15-1299.05,21769,0.12525219494501258,0.0
15-1299.05,21768,0.05605654275188008,0.0
15-1299.05,21767,0.03528001905600212,0.0
15-1299.05,21766,0.07639839267556922,0.0
15-1299.02,21740,0.002917279910424975,0.0
15-1299.02,21739,0.01793237188922268,0.0
15-1299.02,21738,0.010672222869728291,0.0
15-1299.02,21737,0.02574145927386465,0.0
15-1299.02,21736,0.008133430506522592,0.0
15-1299.02,21735,0.0055124157068727996,0.0
15-1299.02,21734,0.009255874929008244,0.0
15-1299.02,21733,0.00749807220492873,0.0
15-1299.02,21732,0.027873070990429866,0.0
15-1299.02,21731,0.044489284712037544,0.0
15-1299.02,21730,0.013518665287440033,0.0
15-1299.02,21729,0.00398580593821821,0.0
15-1299.02,21728,0.05062463653679162,0.0
15-1299.02,21727,0.02702579953564216,0.0
15-1299.02,21726,0.029878863403446938,0.0
15-1299.02,21725,0.046459211912994576,0.0
15-1299.02,21724,0.027966931333978724,0.0
15-1299.02,21723,0.047773760919478214,0.0
15-1299.02,21722,0.0401510228099087,0.0
15-1299.02,21721,0.04916187082214497,0.0
15-1299.02,21720,0.07629023459660875,0.0
15-1299.02,21719,0.07081098030117101,0.0
15-1299.02,21718,0.051303150549289196,0.0
15-1299.02,21717,0.0929308077389843,0.0
15-1299.02,21716,0.0830220365828936,0.0
15-1299.02,21715,0.12907073873796862,0.0
15-1252.00,21679,0.023624371221395206,0.008574957070522282
15-1252.00,21678,0.055904534438329025,0.017543162806460528
15-1252.00,21677,0.030104630886970747,0.010165791576840923
15-1252.00,21676,0.09521188801075099,0.025247586784147204
15-1252.00,21672,0.031417524132148295,0.019322517430367708
15-1252.00,21671,0.08725860601385653,0.03979787974076338
15-1252.00,21670,0.1430948721143934,0.03282820263622543
15-1252.00,21669,0.07593734539691983,0.016432932987095236
15-1252.00,21667,0.0986793069541486,0.03875254621188481
15-1252.00,21666,0.027686708327907733,0.011635203156576278
15-1252.00,21665,0.04870898222926673,0.011702512169148182
15-1252.00,21664,0.1077607647950722,0.028412160295128167
15-1252.00,21663,0.04021359396506432,0.008377898195824384
15-1252.00,21662,0.09072080834069987,0.031141922710509085
15-1252.00,21661,0.04367606317307642,0.008502130085023343
15-1243.00,21660,0.04914774558922811,0.0
15-1243.00,21659,0.06932041183863949,0.0
15-1243.00,21658,0.011851491425430807,0.0
15-1243.00,21657,0.035788183187068424,0.0
15-1243.00,21656,0.023254278161907057,0.0
15-1243.00,21655,0.03584821061969577,0.0
15-1243.00,21654,0.00924759200182248,0.0
15-1243.00,21653,0.03183098625514966,0.0
15-1243.00,21652,0.05621303798051373,0.0
15-1242.00,21651,0.07131242114373786,0.032868671773283474
15-1242.00,21650,0.14418001955665677,0.02493424037758497
15-1242.00,21649,0.011517336975914776,0.004685844657808548
15-1242.00,21648,0.07782607703764088,0.0656938699316623
13-2023.00,21578,0.012819476449226853,0.0
13-2023.00,21577,0.03300595955811335,0.0
13-2023.00,21575,0.01650013918593582,0.0
13-2023.00,21574,0.0002404953322470368,0.0
13-2023.00,21573,0.019140487321695345,0.0
13-2023.00,21572,0.03179756409049105,0.0
13-2023.00,21571,0.03334654843969529,0.0
13-2023.00,21570,0.07247271009552882,0.0
13-2023.00,21569,0.04397188848410844,0.0
13-2023.00,21568,0.03427837220157424,0.0
13-2023.00,21567,0.05736132499568389,0.0
13-2023.00,21566,0.035149733381276194,0.0
13-2023.00,21565,0.06959493789976079,0.0
13-2023.00,21564,0.06123909196740507,0.0
13-2023.00,21563,0.03378558609559346,0.0
13-2023.00,21562,0.03464270185183706,0.0
13-2023.00,21561,0.01711787411839748,0.0
13-2023.00,21560,0.011118468156576349,0.0
13-2023.00,21559,0.0059675726708380665,0.0
13-2023.00,21558,0.04691130481734715,0.0
13-2023.00,21556,0.04160235652977418,0.0
13-2023.00,21555,0.03333184131872765,0.0
13-2023.00,21554,0.0012621870521564126,0.0
13-2023.00,21553,0.017383889357146885,0.0
13-2023.00,21552,0.05891816451084136,0.0
13-2023.00,21551,0.02371939174354365,0.0
13-2023.00,21550,0.07820695876385579,0.0
13-2023.00,21549,0.07511297361062229,0.0
13-2022.00,21548,0.14093896991354182,0.0
13-2022.00,21547,0.09191829737371066,0.0
13-2022.00,21546,0.06253535525416427,0.0
13-2022.00,21545,0.02706064090395602,0.0
13-2022.00,21544,0.0005149462059581379,0.0
13-2022.00,21543,0.057487867539661765,0.0
13-2022.00,21542,0.005593055696189078,0.0
13-2022.00,21541,0.09342400041313574,0.0
13-2022.00,21540,0.058944663604469524,0.0
13-2022.00,21539,0.02507753327110664,0.0
13-2022.00,21538,0.1223473587580776,0.0
13-2022.00,21537,0.10579102229738924,0.0
13-2022.00,21536,0.08374728240759602,0.0
13-2022.00,21535,0.12461900636104342,0.0
13-2011.00,21530,0.005093491942974922,0.0
13-2011.00,21529,0.014186457761891796,0.0
13-2011.00,21527,0.0017300037572590948,0.0
13-2011.00,21526,0.0035060363117009707,0.0
13-2011.00,21525,0.0029339199574361574,0.0
13-2011.00,21524,0.025848663670930746,0.0
13-2011.00,21523,0.014704361647514097,0.0
13-2011.00,21522,0.011317259520852645,0.0
13-2011.00,21521,0.0717686201773387,0.0
13-2011.00,21520,0.07577446463316674,0.0
13-2011.00,21519,0.06202523507044734,0.0
13-2011.00,21518,0.006111967897832558,0.0
13-2011.00,21517,0.04786773180994089,0.0
13-2011.00,21516,0.050397847768811996,0.0
13-2011.00,21515,0.05924461776385442,0.0
13-2011.00,21514,0.050641888582591735,0.0
13-2011.00,21513,0.07643017231562155,0.0
13-2011.00,21512,0.06948603645437108,0.0
13-2011.00,21511,0.014618193949921782,0.0
13-2011.00,21510,0.015561837847476086,0.0
13-2011.00,21509,0.13934497751716052,0.0
13-2011.00,21508,0.08522441047299295,0.0
13-2011.00,21507,0.05052559821968909,0.0
13-2011.00,21506,0.015168421874338204,0.0
13-2011.00,21505,0.03048778307388387,0.0
13-1199.07,21504,0.029124932544451882,0.0
13-1199.07,21503,0.02438068421825452,0.0
13-1199.07,21502,0.058367828621277075,0.0
13-1199.07,21501,0.03879699500228579,0.0
13-1199.07,21500,0.09117661993490725,0.0
13-1199.07,21499,0.05383673893632699,0.0
13-1199.07,21498,0.03183923798416796,0.0
13-1199.07,21497,0.02851105130670055,0.0
13-1199.07,21496,0.05706270649086619,0.0
13-1199.07,21495,0.004118922581030586,0.0
13-1199.07,21494,0.03381153892600715,0.0
13-1199.07,21493,0.13872837612672398,0.0
13-1199.07,21492,0.011432426337732508,0.0
13-1199.07,21491,0.03097531166562397,0.0
13-1199.07,21490,0.042269643655560955,0.0
13-1199.07,21489,0.03196911132608071,0.0
13-1199.07,21488,0.029512038483492844,0.0
13-1199.07,21487,0.022942863619507654,0.0
13-1199.07,21486,0.03509640994919475,0.0
13-1199.07,21485,0.02746004498750031,0.0
13-1199.07,21484,0.019884268821301086,0.0
13-1199.07,21483,0.02627362964165011,0.0
13-1199.07,21482,0.1324286188393552,0.0
13-1041.00,21457,0.05209733942166445,0.0
13-1041.00,21456,0.07477910667717533,0.0
13-1041.00,21454,0.06417511154193746,0.0
13-1041.00,21453,0.05639564166550018,0.0
13-1041.00,21452,0.1185250380681895,0.0
13-1041.00,21451,0.07277433327514535,0.0
13-1041.00,21450,0.047281065358324756,0.0
13-1041.00,21449,0.09059768410419454,0.0
13-1041.00,21448,0.1404416489784617,0.0
13-1041.00,21447,0.17350111571109608,0.0
13-1041.00,21446,0.10943191519831068,0.0
13-1031.00,21443,0.008568124008833533,0.005474462244385647
13-1031.00,21441,0.01308776551201019,0.005487540717978579
13-1031.00,21440,0.0027773560937779432,0.0012677193285891377
13-1031.00,21439,0.00861256417818784,0.0025737926112288315
13-1031.00,21438,0.005705050143854273,0.002833131804729833
13-1031.00,21437,0.009450798511419634,0.002482147775629039
13-1031.00,21436,0.02734536619652248,0.007366434111433314
13-1031.00,21435,0.017255421519293178,0.0062095239376508855
13-1031.00,21434,0.04602586437127437,0.009664147440981019
13-1031.00,21433,0.03735949609620157,0.010884555977114116
13-1031.00,21432,0.019308690866191563,0.007008499908008502
13-1031.00,21431,0.01650054837091618,0.006856084831921951
13-1031.00,21430,0.020879123059462063,0.003991546827205558
13-1031.00,21429,0.059881233543201635,0.00675820699360245
13-1031.00,21428,0.06877829527340883,0.008374037789800864
13-1031.00,21427,0.05293013824890463,0.009718835999967071
13-1031.00,21426,0.06724005560343668,0.009716157081546455
13-1031.00,21425,0.026468630503386065,0.006784940757535062
13-1031.00,21424,0.05083018412417588,0.007194234286589652
13-1031.00,21423,0.07032846489533376,0.012635731882852412
13-1031.00,21422,0.0654045604139657,0.012858539179837855
13-1031.00,21421,0.042021149769386285,0.007486794425807574
13-1031.00,21420,0.06140593251263587,0.00914950716866146
13-1031.00,21419,0.059606848426038465,0.007667711365620652
13-1031.00,21418,0.0651339459116079,0.012278687264703414
13-1031.00,21417,0.07709439184657359,0.009863728752194548
11-9072.00,21416,0.014155719941103507,0.011496881820409643
11-9072.00,21415,0.039459636072844535,0.021192853440922095
11-9072.00,21414,0.02181906066177859,0.008262046831221375
11-9072.00,21413,0.1654343799678122,0.03314193400264771
11-9072.00,21412,0.22853788214534632,0.036621080733096036
11-9072.00,21411,0.07821681272731888,0.029240448170069797
11-9072.00,21410,0.058339651617465065,0.03010244523377641
11-9072.00,21409,0.09676515822500532,0.023440601971092465
11-9072.00,21408,0.06728852358410058,0.024869907724923125
11-9072.00,21407,0.014300450129998983,0.005339345393340422
11-9072.00,21406,0.005131367168858183,0.0041468211856998454
11-9072.00,21405,0.014569001588932635,0.0055293360972567636
11-9072.00,21404,0.07857104378219665,0.02150668664448342
11-9072.00,21403,0.015904283560429087,0.006394387452157612
11-9072.00,21402,0.030284864099885705,0.015077309235117678
11-9072.00,21401,0.06258325621653676,0.017688807974265013
11-9072.00,21400,0.008638908510386964,0.007451201558719831
11-9013.00,21389,0.003842033124445789,0.0
11-9013.00,21388,0.005939807923543165,0.0
11-9013.00,21387,0.023984559190946983,0.0
11-9013.00,21385,0.00265376061970132,0.0
11-9013.00,21384,0.0020296227225739174,0.0
11-9013.00,21383,0.02958626569513113,0.0
11-9013.00,21382,0.038167709252384524,0.0
11-9013.00,21381,0.10505335958321982,0.0
11-9013.00,21380,0.03817541673559205,0.0
11-9013.00,21379,0.04087822639787935,0.0
11-9013.00,21378,0.008996446173171208,0.0
11-9013.00,21377,0.04983004024814086,0.0
11-9013.00,21376,0.01681001946239058,0.0
11-9013.00,21375,0.1540558154988376,0.0
11-9013.00,21374,0.031952984560664865,0.0
11-9013.00,21373,0.02037312572819683,0.0
11-9013.00,21372,0.013564955403884197,0.0
11-9013.00,21371,0.3708139501135232,0.0
11-9013.00,21370,0.043291901565772645,0.0
11-3071.00,21365,0.010487685192201363,0.0
11-3071.00,21364,0.012951003853573747,0.0
11-3071.00,21363,0.023293523907257346,0.0
11-3071.00,21362,0.023411720362195212,0.0
11-3071.00,21361,0.025817722870166183,0.0
11-3071.00,21360,0.03842520520791192,0.0
11-3071.00,21359,0.01360258335899125,0.0
11-3071.00,21358,0.06166349124253836,0.0
11-3071.00,21357,0.016519358271466243,0.0
11-3071.00,21356,0.020297507576959098,0.0
11-3071.00,21355,0.012945051683700201,0.0
11-3071.00,21354,0.05710514961006754,0.0
11-3071.00,21353,0.017667914586289576,0.0
11-3071.00,21352,0.006194117665867558,0.0
11-3071.00,21351,0.02636513836524267,0.0
11-3071.00,21350,0.03187773740281455,0.0
11-3071.00,21349,0.00984766791365064,0.0
11-3071.00,21348,0.09141477747350085,0.0
11-3071.00,21347,0.014717465487213808,0.0
11-3071.00,21346,0.05543577462695991,0.0
11-3071.00,21345,0.022356152168907014,0.0
11-3071.00,21344,0.04559342818146087,0.0
11-3071.00,21343,0.12517748168822446,0.0
11-3071.00,21342,0.066486993726937,0.0
11-3071.00,21341,0.019375785333752806,0.0
11-3071.00,21340,0.15096956224214977,0.0
11-3031.00,21327,0.0387480177331765,0.022835581460678277
11-3031.00,21326,0.04201500763380223,0.014467920051936888
11-3031.00,21323,0.066854844103005,0.03295667682869684
11-3031.00,21321,0.082859517463291,0.0348430109280996
11-3031.00,21320,0.05677021305188487,0.039225217314508364
11-3031.00,21319,0.11778849554290613,0.031088950218846865
11-3031.00,21317,0.07093740803933243,0.033201119667965226
11-3031.00,21316,0.014786865847197905,0.00591321154809889
11-3031.00,21315,0.060207515260375453,0.034631567432552156
11-3031.00,21314,0.014076451782926628,0.004804665242989182
11-3031.00,21313,0.0056450611075142725,0.0045954766704912
11-3031.00,21312,0.1402006429175761,0.038866354330804764
11-3031.00,21311,0.2891099595170115,0.05890571630149497
11-3013.01,21310,0.07013186858373441,0.0
11-3013.01,21309,0.025632976800431924,0.0
11-3013.01,21308,0.01651427612550205,0.0
11-3013.01,21307,0.08513176739140962,0.0
11-3013.01,21306,0.006144603043947543,0.0
11-3013.01,21305,0.06603980554547069,0.0
11-3013.01,21304,0.005245023099436433,0.0
11-3013.01,21303,0.019620790538958943,0.0
11-3013.01,21302,0.12670070663808067,0.0
11-3013.01,21301,0.005274535649460114,0.0
11-3013.01,21300,0.058773218090454986,0.0
11-3013.01,21299,0.05882892192766538,0.0
11-3013.01,21298,0.028401465317533407,0.0
11-3013.01,21297,0.05964960734286044,0.0
11-3013.01,21296,0.04356885572653802,0.0
11-3013.01,21295,0.007808381709561943,0.0
11-3013.01,21294,0.005041047568622322,0.0
11-3013.01,21293,0.010631358920650556,0.0
11-3013.01,21292,0.021516003040306965,0.0
11-3013.01,21291,0.002071862242963947,0.0
11-3013.01,21290,0.01766916104832409,0.0
11-3013.01,21289,0.07036606704108399,0.0
11-3013.01,21288,0.007291394740168037,0.0
11-3013.01,21287,0.0190850411810221,0.0
11-3013.01,21286,0.09888606929373601,0.0
11-3013.01,21285,0.013635887526196405,0.0
11-3013.01,21284,0.019103501087021753,0.0
11-3013.01,21283,0.031235802778857166,0.0
11-3013.00,21282,0.10318176831216846,0.02230812714279953
11-3013.00,21281,0.0838847341018672,0.013052623426383934
11-3013.00,21280,0.0753950304364232,0.025297300715373023
11-3013.00,21279,0.04988647637588413,0.027654743320750425
11-3013.00,21278,0.23724658572133042,0.039778141740019514
11-3013.00,21277,0.051773155779749454,0.02783566387930029
11-3013.00,21276,0.2824323981248749,0.030712081353676292
11-3013.00,21275,0.022385641807813952,0.02010892591961935
11-3013.00,21274,0.011289376329368803,0.003091367464735447
11-3013.00,21273,0.021039293943472374,0.013215199737206328
11-3013.00,21272,0.0614855390670471,0.01575330417801436
11-2033.00,21261,0.020849455233083115,0.01629187077482382
11-2033.00,21260,0.0006640608105748491,0.00010433921342383076
11-2033.00,21259,0.07534022162667171,0.029354372370975133
11-2033.00,21258,0.06478497416840544,0.02789895089226129
11-2033.00,21256,0.0258672149132608,0.018537678392569413
11-2033.00,21255,0.06571729679157357,0.033439980806877156
11-2033.00,21254,0.09936276012994849,0.039563082831329796
11-2033.00,21253,0.07463023309518262,0.025726433079532814
11-2033.00,21252,0.1504364156137633,0.0458650364575539
11-2033.00,21251,0.10440710646335499,0.042376766689052034
11-2033.00,21250,0.013941640229187207,0.005917289884422924
11-2033.00,21249,0.07038961393046354,0.03999477991190096
11-2033.00,21248,0.08265895543650649,0.04263806051058983
11-2033.00,21247,0.05917019497994735,0.034189265560560476
11-2033.00,21246,0.09177985657807648,0.040494600369242975
53-7064.00,21216,0.1704732846499842,0.017878541157156216
51-9197.00,21215,0.06264217547060184,0.013715055688896402
51-9195.05,21214,0.002901170995962424,0.0012069165674516557
51-9195.05,21213,0.005859746644554095,0.002394867599509459
51-9195.05,21212,0.03773271649525044,0.0104254171786143
51-9195.05,21211,0.0075538821689833235,0.0028367456102551987
51-9195.05,21210,0.007966136964495957,0.0018669324109356733
51-8013.03,21209,0.030321478892903878,0.004723550765986543
51-8013.03,21208,0.04252839116443909,0.008050026956761817
51-1011.00,21207,0.0260006294225898,0.005195786784905145
49-9096.00,21206,0.045655415931117986,0.012017186328059405
47-4099.03,21205,0.06581670965988039,0.0
47-4099.03,21204,0.0626291877320938,0.0
39-6012.00,21203,0.024521765580485726,0.0
39-3021.00,21202,0.05018032662536487,0.013055179046818433
39-3021.00,21201,0.019422256814219174,0.0035664248319539275
33-3021.06,21200,0.022545268225596788,0.0
33-3021.06,21199,0.08658895760205293,0.0
33-3011.00,21198,0.12982778488431024,0.03361685398892137
33-3011.00,21197,0.010779661469959038,0.004423562965093332
33-1011.00,21196,0.011195386332542336,0.003732863559616768
31-9096.00,21195,0.021164511068725758,0.0056672746427336275
31-2021.00,21193,0.10900356155863886,0.006002132194422117
31-2021.00,21192,0.10475758664656787,0.007387683025218517
29-2099.05,21191,0.053892192692874215,0.0
29-2099.05,21190,0.029914059498682716,0.0
29-2092.00,21189,0.12548695300279544,0.01706315496319042
29-1141.04,21188,0.03470355499659547,0.0
29-1221.00,21187,0.011379233205220756,0.005893898867998081
25-2059.01,21186,0.029475180664677664,0.0
27-3092.00,21185,0.03701899043593487,0.014531239012935388
27-3092.00,21184,0.043635219962818,0.0166229653714642
27-3092.00,21183,0.13361452172089827,0.02444159053633699
23-1023.00,21182,0.04926344420060196,0.01502429427851638
23-1021.00,21181,0.03892547706773778,0.01285931097410483
21-1093.00,21180,0.07217805164268064,0.018722729617680022
21-1093.00,21179,0.14498280389713591,0.03279236093613181
21-1015.00,21178,0.07230170994680961,0.019561816741804423
19-3011.01,21177,0.04768675466443283,0.0
19-2042.00,21176,0.016258203000623868,0.0
19-2032.00,21175,0.014039738563406129,0.0
19-2012.00,21174,0.021151281214468003,0.02154920986350485
19-2011.00,21173,0.0044818478566324964,0.0
19-2011.00,21172,0.11614892259244607,0.0
19-2011.00,21171,0.08060614052514362,0.0
19-1031.02,21170,0.11638552501760892,0.04003229461324868
19-1031.02,21169,0.06418809258117437,0.018242742864214716
19-1021.00,21168,0.026146103934962913,0.0
17-2131.00,21167,0.02453091364657571,0.0
17-2051.02,21166,0.032560143466520405,0.0
13-2082.00,21165,0.02991235400401469,0.0
13-2041.00,21164,0.000928414284086707,0.0
13-1011.00,21163,0.16871761891940212,0.028211656197051477
11-3051.04,21162,0.0799242200872748,0.014385003982081961
53-7073.00,21160,0.17084938798203742,0.028064211447715374
53-7073.00,21159,0.14793640564551114,0.027891550700606543
51-6062.00,21156,0.1144882989750003,0.031464647610346744
41-9022.00,21155,0.05646590232556917,0.0
41-2012.00,21154,0.031436340385320546,0.006601715952073321
41-2012.00,21153,0.08836460172787787,0.007937411829678057
41-2012.00,21152,0.1780428342648982,0.013015396543341839
39-3011.00,21151,0.07080675701406791,0.00517667424471088
39-2021.00,21150,0.04953180721676442,0.014218101782904764
35-2012.00,21149,0.06352834280361451,0.006940505585525637
35-2012.00,21148,0.1419845682446028,0.012464785310360015
33-9031.00,21147,0.12179745163429538,0.016903668298878852
33-9031.00,21146,0.11647347173938068,0.018418226238258617
33-9031.00,21145,0.1749648425293955,0.011102123686554373
33-2022.00,21144,0.04058433680280895,0.008437396141930554
33-2022.00,21143,0.02461419081558305,0.009470133825150247
19-5011.00,21142,0.03948278809835509,0.0
27-2031.00,21141,0.034212547874202706,0.012393070352585888
27-2012.04,21140,0.01947637290677695,0.010813206355198344
27-2012.04,21139,0.02198216431118574,0.020914099504860718
25-1192.00,21132,0.008992547104736825,0.007034667016894178
25-1124.00,21131,0.008566487454063089,0.0033261647899520065
25-1123.00,21130,0.0028875575801038627,0.002022890081010462
25-1123.00,21129,0.008728040089202208,0.003635043075582601
25-1123.00,21128,0.0155508166267956,0.012406959764103508
25-1123.00,21127,0.06710512789177386,0.014476459275755743
25-1121.00,21125,0.03559033434082006,0.013407390119084452
25-1111.00,21124,0.006042351028523807,0.0018845188892143649
25-1082.00,21123,0.004405050683190221,0.001430807209220523
25-1072.00,21122,0.0016402461420913898,0.0007102580914525816
25-1067.00,21121,0.01681760876923077,0.013117120767248983
25-1066.00,21120,0.007207625833481289,0.0028753186459023463
25-1066.00,21119,0.019023944842958766,0.01628902479662663
25-1061.00,21118,0.0029042195123132357,0.0
25-1061.00,21117,0.006343114660159443,0.0
25-1053.00,21116,0.009401678798710067,0.0022094646458133273
25-1052.00,21115,0.014198096168410272,0.0035896366274348855
25-1052.00,21114,0.006468243090281366,0.002699833352517297
25-1042.00,21113,0.009371196171853861,0.002385279344760246
25-1032.00,21112,0.004383400232967207,0.0012262945999492487
25-1022.00,21111,0.001535040071597496,0.0008206939859790815
25-1022.00,21110,0.0022917754540611648,0.0011079385654933155
25-1021.00,21109,0.030505847174057747,0.011123090868602251
25-1011.00,21108,0.008773107600157655,0.002745012764670719
19-3022.00,21107,0.021330263408604316,0.0
19-3011.00,21106,0.025150616104912097,0.0
19-2021.00,21105,0.015204071165338942,0.0
19-2021.00,21104,0.0314508231049494,0.0
19-2021.00,21103,0.014126844696334576,0.0
17-3021.00,21102,0.012240238436846882,0.008326349681639353
15-2041.00,21101,0.003356026421472988,0.0
15-2041.00,21100,0.05634245738773489,0.0
13-1071.00,21097,0.0290682850981626,0.016046973100246453
13-1041.07,21096,0.0189893427911203,0.0
13-1041.07,21095,0.005566573292003581,0.0
13-1041.07,21094,0.060297677556119804,0.0
11-9199.02,21093,0.040557766361818126,0.022107252717396633
11-9199.02,21092,0.028258910508172624,0.02189250595419258
11-9199.02,21091,0.044479413373523215,0.021808908666452347
11-9199.02,21090,0.045782434966479435,0.018747610628657353
11-9199.02,21089,0.0263870757591761,0.012039319554260287
11-9199.02,21088,0.07741982889135285,0.028382432845187096
11-9199.01,21087,0.06324933151902062,0.0
53-3052.00,21086,0.02008035616438225,0.004379244222632066
53-3052.00,21085,0.09361769472566164,0.017500555692686978
49-9064.00,21084,0.02633005323845515,0.010916794989741732
49-9044.00,21083,0.04343499216192249,0.0
45-2021.00,21082,0.12432143032703627,0.031549513743409086
45-2021.00,21081,0.02639253314813617,0.009152071016214156
45-2021.00,21080,0.056924037560188635,0.044443236028120774
43-6012.00,21079,0.0252103382365787,0.013109010301989176
43-6012.00,21078,0.0792957649354878,0.01942778878411167
43-4121.00,21077,0.02566291567045341,0.009295143757525904
43-3071.00,21076,0.07200526038401946,0.008608508684519942
41-9091.00,21075,0.12224653941219432,0.0
41-2011.00,21074,0.028150306740883396,0.00804998841749986
41-2011.00,21073,0.08370086618017503,0.016453086132625486
41-2011.00,21072,0.04704784972429137,0.010838900128093487
39-9011.01,21071,0.005329813088991922,0.0
35-9031.00,21070,0.06457978213539801,0.00917982503726016
25-4013.00,21065,0.14624841002582434,0.038252269890095655
25-2057.00,21064,0.021763859306231575,0.004854647575121676
25-2057.00,21063,0.012330959534286763,0.004575319707030319
23-2011.00,21062,0.0835119413325007,0.024584040321207513
19-4071.00,21061,0.03893290243087784,0.016488630592604556
17-3024.01,21060,0.01926008323865916,0.0
17-3024.01,21059,0.044406305819901744,0.0
17-2199.08,21058,0.033582384909848995,0.0
17-2199.08,21057,0.046417432988983924,0.0
17-2199.07,21056,0.04993748198046657,0.0
17-2199.07,21055,0.01726378589521839,0.0
17-2112.02,21054,0.0013631880963309352,0.0
17-2112.02,21053,0.051200245858198455,0.0
17-2112.02,21052,0.08275405329865115,0.0
17-2112.02,21051,0.11083584079968091,0.0
15-1251.00,21050,0.03342716464529198,0.019877077742578592
15-1251.00,21049,0.03243814452799708,0.01614423320613091
13-2053.00,21045,0.27423726960288636,0.0
11-9033.00,21042,0.028700948610891962,0.019040961853709334
11-9033.00,21041,0.015871892960006236,0.0035457036496977764
11-9032.00,21040,0.01100865660712674,0.007418046221679812
11-3061.00,21039,0.07989835810143212,0.0
33-3021.02,21037,0.020631715412216083,0.007845224974445288
33-3021.02,21036,0.0621104750410602,0.0187390456088556
19-1029.04,21035,0.004892636664076148,0.0029862064480326213
53-7011.00,21030,0.06831248042934032,0.014573548018432263
53-3011.00,21028,0.047780110953654045,0.011168332609495606
51-9194.00,21027,0.055395729773663784,0.01033725660239423
51-6021.00,21026,0.03884380171451018,0.010586428221698682
51-4062.00,21025,0.043669243023696784,0.01922662371651276
49-9012.00,21024,0.024804687016443283,0.005400777218767936
47-5043.00,21023,0.07102355796850132,0.011273948138096235
47-5043.00,21022,0.09152289850888867,0.006564632401750546
47-5043.00,21021,0.06245701893535651,0.011586549648815295
47-5043.00,21020,0.0704465759881688,0.007864159223587954
47-5043.00,21019,0.09078411961247863,0.0068676715337510266
47-5043.00,21018,0.057179334918085516,0.007277880681703047
47-5043.00,21017,0.07217184628577007,0.009650856561431161
47-5023.00,21016,0.022612230900281007,0.007813587346682586
45-4023.00,21015,0.03503551078967847,0.013255011169056067
43-9022.00,21014,0.026026459843996364,0.007537651577084183
43-4161.00,21013,0.021474605393028923,0.009693674441822746
39-9032.00,21012,0.02149546918010713,0.004208762416918134
39-9032.00,21011,0.04422465501820992,0.0110932492055085
39-9032.00,21010,0.09705273872021043,0.015384141933914505
39-4031.00,21009,0.04133897922392322,0.004979721931585544
35-2021.00,21005,0.026359965990887035,0.006814388709855382
33-3052.00,21004,0.019596604445642006,0.009437191482130179
33-3052.00,21003,0.11390995426141032,0.01632403222710076
33-3052.00,21002,0.23086302213764637,0.0297744119986026
27-3041.00,21000,0.07055997486435345,0.018045521635983962
27-1025.00,20999,0.034363391260849585,0.0
27-1025.00,20998,0.05489079618298048,0.0
27-1025.00,20997,0.018828041994679853,0.0
27-1025.00,20996,0.09396574578325002,0.0
27-1013.00,20995,0.014929231276469737,0.012273136351160127
27-1013.00,20994,0.0009505342699276959,0.0004109614124502061
27-1013.00,20993,0.002459021456764767,0.0006369595703733338
27-1013.00,20992,0.0015394387435513424,0.0006292826435041023
27-1013.00,20991,0.04073227401905104,0.029837023377329613
27-1013.00,20990,0.03085603372359947,0.01880071322070188
25-4031.00,20989,0.012920385946339902,0.0043384125763284665
19-4021.00,20982,0.014866119292323232,0.005923631155442218
19-4021.00,20981,0.09547975089542221,0.018965196081609396
19-3099.01,20980,0.019920998794150893,0.0
19-3099.01,20979,0.02446898299469487,0.0
19-3099.01,20978,0.023982865135495204,0.0
19-3099.01,20977,0.007582266465475448,0.0
19-3099.01,20976,0.09451858805884505,0.0
17-3022.00,20966,0.005789251004346189,0.004066576572067129
17-3022.00,20965,0.012012198320496131,0.005974990111635116
17-3013.00,20964,0.1529801085293718,0.015423668556475015
17-2112.03,20963,0.01094153471240071,0.0
17-2112.03,20962,0.024375471260392332,0.0
17-2112.03,20961,0.0141724834023119,0.0
17-2112.03,20960,0.061090653246081685,0.0
17-2161.00,20959,0.017788726466796984,0.0
17-2161.00,20958,0.0286955009306485,0.0
17-2161.00,20957,0.005368476150897316,0.0
17-2161.00,20956,0.05234151910137842,0.0
17-2041.00,20955,0.33631850926516965,0.0
17-1022.00,20954,0.00020966364951998127,0.0
15-2031.00,20953,0.03070400667061327,0.0
15-2031.00,20952,0.07136894374088328,0.0
15-2011.00,20951,0.008057110975181634,0.0
15-1211.00,20950,0.11845577518492571,0.029767257637628015
11-3071.04,20949,0.0015016924591868405,0.0
11-3071.04,20948,0.008690193014382454,0.0
11-3071.04,20947,0.005453608505552106,0.0
11-3071.04,20946,0.032266130503181514,0.0
11-3071.04,20945,0.029745009404774977,0.0
11-3071.04,20944,0.06910414574662747,0.0
11-3071.04,20943,0.1505834486971062,0.0
11-3071.04,20942,0.12004898566246894,0.0
53-6041.00,20938,0.011474545821039734,0.005394232259447205
53-6031.00,20936,0.16969885131963877,0.04266783668644884
53-5011.00,20934,0.020837243133685103,0.003687757262607114
53-1041.00,20933,0.04331658288205358,0.01481925678195294
51-6092.00,20932,0.036723265566828485,0.010143223140959508
51-6092.00,20931,0.08444198250293518,0.018963407582812557
51-6092.00,20930,0.07993306755137063,0.01897546899892871
51-5111.00,20929,0.09836343247930393,0.009433189464507151
51-5111.00,20928,0.1379455354391341,0.015962355075913783
51-5111.00,20927,0.1466308977611144,0.014060877961617564
51-4194.00,20926,0.035711406183652414,0.014062825704078796
51-4061.00,20925,0.043317253361507824,0.015862538979928148
51-4061.00,20924,0.08891923145588682,0.021977872281485997
51-4034.00,20923,0.02423174493984485,0.0033851391308670144
49-3091.00,20921,0.005011056208631247,0.0034297644137286473
49-3091.00,20920,0.03802846885352917,0.009191292204769306
49-3091.00,20919,0.10526836680239664,0.016495172916946518
49-3091.00,20918,0.14373785499105662,0.018011410875487063
49-3091.00,20917,0.11785723428762461,0.026142122695294822
49-3091.00,20916,0.12284946823558261,0.024973944756337255
49-3091.00,20915,0.08071334031785968,0.013784674700075135
47-5041.00,20914,0.0934230510700624,0.00777296510444517
47-5041.00,20913,0.1062063325944005,0.008652150208219586
47-5041.00,20912,0.09089329087874334,0.00878444495058854
43-9081.00,20910,0.08510787300091437,0.026336588452156705
43-9081.00,20909,0.08776944015840417,0.033951116764302354
43-9081.00,20908,0.07097984467351169,0.028907462552596925
43-9081.00,20907,0.03289552291499008,0.008995807409543253
43-5052.00,20906,0.17503745379841767,0.010640591234722456
43-5051.00,20905,0.009890725927545975,0.005616381712159215
43-5041.00,20904,0.0434651611856737,0.012379576256267406
43-5021.00,20903,0.08834515028092198,0.029504574109533752
43-3051.00,20902,0.03168029085243687,0.017682712680430798
43-3051.00,20901,0.02189413092056938,0.01613389928133037
41-3041.00,20900,0.1261059046372528,0.021953414155761703
39-5012.00,20899,0.02213212623916084,0.01030123999846035
39-3092.00,20898,0.1629492498167269,0.04396247687338613
35-2013.00,20897,0.06800048927406167,0.0
35-2013.00,20896,0.15204608748125764,0.0
33-9032.00,20895,0.02980130276306801,0.022121199461649314
33-9032.00,20894,0.08826027261160742,0.024688424321265497
29-1125.00,20893,0.03178134358477495,0.0
27-3011.00,20890,0.03659037871852045,0.012783308155274427
27-3011.00,20889,0.04776791793332973,0.011643800263940155
27-3011.00,20888,0.044116163049333405,0.012567198696767593
27-3011.00,20887,0.12227187834572945,0.02151506189175889
27-2021.00,20882,0.13666442218820476,0.02764884389065371
27-1012.00,20881,0.002131561175913724,0.0
25-9044.00,20880,0.0020993529971579518,0.0006792170268293138
25-9044.00,20879,0.04263565450313732,0.01327934518507024
25-9044.00,20878,0.07831265415080965,0.013731335729856088
23-1011.00,20877,0.072872434574682,0.01570938906664073
19-4012.01,20876,0.019612684686265366,0.0
19-4012.01,20875,0.0741967371133478,0.0
19-4012.01,20874,0.07308577038537784,0.0
19-4012.01,20873,0.06636220391000079,0.0
19-4012.01,20872,0.049611544619764684,0.0
19-4042.00,20871,0.014386096749765154,0.0
19-4042.00,20870,0.025490789073499377,0.0
19-4042.00,20869,0.023255638024125707,0.0
19-3041.00,20868,0.002364134234121951,0.0
19-1031.03,20867,0.02357951234819792,0.008907101683807225
19-1031.03,20866,0.033346073830403805,0.01123572220759808
19-1011.00,20865,0.10059253663141592,0.0
17-2199.03,20864,0.007964736513879814,0.0
17-2199.03,20863,0.022548728505117726,0.0
17-2199.03,20862,0.028822581281228832,0.0
17-2199.03,20861,0.0954076071540325,0.0
17-2199.03,20860,0.0384167129518725,0.0
17-2199.03,20859,0.046304389669194944,0.0
17-2199.03,20858,0.018126002896853472,0.0
17-2199.03,20857,0.12423916628221089,0.0
17-2199.03,20856,0.14220408519632582,0.0
17-2199.03,20855,0.017725601005040614,0.0
17-2199.03,20854,0.13467263884302744,0.0
13-1081.00,20847,0.04540255858720931,0.0
13-1051.00,20846,0.04657809697316672,0.0
13-1041.04,20845,0.04155890732530977,0.015800680426975924
13-1041.04,20844,0.15244004755746657,0.06080449991614401
13-1041.04,20843,0.15515645182628363,0.04611586177378726
11-9131.00,20842,0.14918438291356031,0.018680409707864457
53-6061.00,20841,0.12029896808947484,0.023539963218995315
53-6021.00,20839,0.029218855941974344,0.009911569206688153
53-6021.00,20838,0.11708197546254313,0.024012782214124125
53-6021.00,20837,0.13445631315993156,0.026713456447164902
53-6021.00,20836,0.1430688343144564,0.03314714311890074
53-2012.00,20831,0.054910548822721644,0.008313255424679714
53-1042.00,20830,0.10804251019217276,0.023017584278402514
51-9012.00,20828,0.015266519663993698,0.006163879042355406
51-9012.00,20827,0.06268431033521095,0.007302454565439457
51-9012.00,20826,0.061009356170047026,0.010471568365651987
51-9012.00,20825,0.07178095060568919,0.006675050828219898
51-9012.00,20824,0.0706955542461148,0.006894435657043064
51-7042.00,20823,0.009732133244584116,0.0032291877480573614
51-7011.00,20822,0.015105829545115877,0.009947924385612214
51-4031.00,20821,0.03976781437734331,0.014821899255311721
51-4031.00,20820,0.10900821144918568,0.02485432564729917
51-3011.00,20819,0.061800460277363745,0.010318094943304464
51-2011.00,20817,0.005799098560010027,0.0029535771378677717
51-2011.00,20816,0.006750406214229375,0.0032713551524859363
51-2011.00,20815,0.011437029513817896,0.005985504084064451
51-2011.00,20814,0.019379199525668477,0.009730215147424153
51-2011.00,20813,0.0664825001452844,0.012417534966004376
51-2011.00,20812,0.07142819561997422,0.015361309699391973
51-2011.00,20811,0.099370213102185,0.01706279227468398
51-2011.00,20810,0.11830116570468971,0.022715581102212
49-9092.00,20809,0.018228177956242025,0.0044826277711715636
49-9061.00,20808,0.06412578097468216,0.014945851422252748
49-9052.00,20807,0.03961250975485191,0.010163203059361655
49-9052.00,20806,0.04680552574100528,0.010188829252461071
49-9011.00,20805,0.03351517590191342,0.0065470956092591555
49-3092.00,20804,0.04125490132389906,0.015034506609348528
49-3092.00,20803,0.030475385031279247,0.006647575667398911
49-3092.00,20802,0.04265730074401382,0.015499637215113193
49-3051.00,20801,0.11601426670149045,0.019835096428680237
49-2098.00,20800,0.08134148532555514,0.01804503892487908
49-2098.00,20799,0.15187307063457076,0.046601667750024674
47-4061.00,20798,0.018759878806167724,0.012376144426606565
47-4041.00,20797,0.07874267402617399,0.019968106705832316
47-4041.00,20796,0.09265421000422229,0.03114487334900901
47-2221.00,20795,0.08198074814343094,0.020345373356394914
47-2181.00,20794,0.044147412094165436,0.013153715762954077
47-2181.00,20793,0.04751515730884243,0.012194309615632884
47-2161.00,20792,0.06061440180031103,0.005842475330646318
47-2161.00,20791,0.030487748631928276,0.00974064006204247
47-2161.00,20790,0.10383184625150522,0.010583553761534994
47-2161.00,20789,0.07264298813148472,0.01085525720127102
47-2082.00,20788,0.048237516072419884,0.013209582732010982
43-3061.00,20786,0.0408521013263327,0.00954485511975829
43-3061.00,20785,0.023913644638641623,0.013348471840356018
41-2022.00,20780,0.03552086445911711,0.005818145385695911
41-2022.00,20779,0.05854831048428117,0.013759850549337925
41-2022.00,20778,0.024871260276118155,0.0066930050345187595
41-2022.00,20777,0.05603867624900731,0.010051121072008954
41-2022.00,20776,0.056230135193342856,0.007168465845152228
41-2022.00,20775,0.08736881915191735,0.008636001819999418
39-5092.00,20774,0.04805871916110408,0.013395384117226166
39-5092.00,20773,0.045852101912475664,0.014297543471830923
39-5092.00,20772,0.06901034863947046,0.009753780087590983
39-5092.00,20771,0.058006651907790925,0.008441366448284124
39-5092.00,20770,0.06279651028931632,0.011795694091299191
39-5092.00,20769,0.056770053954500695,0.012916164051096364
39-3031.00,20768,0.00878656760608119,0.0049647895722855296
39-3031.00,20767,0.026153461676771697,0.007544191227106808
39-3031.00,20766,0.07906036024026272,0.01909938395827346
39-3031.00,20765,0.055845369958445176,0.012679905659942654
39-3031.00,20764,0.09345731018038107,0.020151675457931246
39-1022.00,20763,0.03663075438499219,0.016583856970848496
37-3012.00,20762,0.11870516672859067,0.04396783803890249
37-3011.00,20761,0.10278390916987214,0.024100680253597177
37-2021.00,20760,0.05235688595472074,0.015814146629064336
37-2021.00,20759,0.11161585034207279,0.01369993548616558
33-9021.00,20758,0.10488257589478467,0.019035330362080854
31-9011.00,20757,0.035136467577674524,0.0
27-1026.00,20756,0.04920743246897809,0.026707630315842754
27-1026.00,20755,0.035274192580460065,0.017419288147689265
27-1026.00,20754,0.03419479563784493,0.008779342262984666
27-1026.00,20753,0.043851228878534224,0.019919580589588155
27-1026.00,20752,0.07876624943691561,0.02083954334352842
27-1023.00,20751,0.060618072473148654,0.01509411262076902
21-2021.00,20750,0.01957700690356618,0.00964523653330994
21-2011.00,20749,0.024433694242517463,0.013313853934426868
21-2011.00,20748,0.06192273433452411,0.021440186078576635
17-3024.00,20743,0.06200457160434866,0.02028688682761561
17-2141.00,20742,0.018993626073058472,0.00801477949038024
17-2141.00,20741,0.02977842208925919,0.010038739703901322
17-2141.00,20740,0.01115743668865124,0.009756077788221048
17-2141.00,20739,0.05030213413889164,0.016228812040990713
17-2141.00,20738,0.017152932264779774,0.011686008613030652
17-2141.00,20737,0.05072408342290574,0.01662900966075219
17-2141.00,20736,0.06820285288463555,0.012965768406817471
17-2141.00,20735,0.020530346856749912,0.008040605979071008
17-2141.00,20734,0.030328897014812,0.013763712850802136
17-2141.00,20733,0.14256251855993216,0.027237581110242378
17-2071.00,20731,0.04486812670360614,0.03430862176325914
17-2071.00,20730,0.02129088314839915,0.006977391436334443
17-2071.00,20729,0.03151999603235761,0.01703848199980031
17-2011.00,20728,0.03225802888853344,0.016314968535151107
17-2011.00,20727,0.043405291384964795,0.012060647264041196
17-2011.00,20726,0.040546530525679345,0.014050039421538044
17-2011.00,20725,0.05907820773368299,0.012862237969672534
17-2011.00,20724,0.18223570810547313,0.031916795948779816
13-1041.03,20723,0.07182253223715868,0.026161870634765973
13-1041.03,20722,0.02234970113566431,0.010492490386739824
13-1041.03,20721,0.05503951973398129,0.01903369194390734
13-1041.03,20720,0.10616948418027047,0.022216801461756856
13-1041.03,20719,0.10467324984166242,0.018088326398383724
13-1022.00,20717,0.008131435085739547,0.0028909717697784922
13-1022.00,20716,0.024572242775291814,0.005387559266393648
13-1022.00,20715,0.07938865616436222,0.02475582571735165
13-1022.00,20714,0.08983234723498576,0.019774280464371602
13-1022.00,20713,0.0657802235535278,0.02118164290420357
13-1022.00,20712,0.13732476919772002,0.025761290885015633
13-1022.00,20711,0.12426994337653309,0.028236352248728475
13-1022.00,20710,0.16208125100140625,0.02820728626508551
11-2021.00,20709,0.2604562665383092,0.03778427541042995
11-1021.00,20708,0.06615267096417926,0.021370833293513587
11-1021.00,20707,0.06444456122010901,0.022051994668684325
11-1021.00,20706,0.09119620726475773,0.025569964747662752
11-1021.00,20705,0.03904612538599245,0.009235458187355388
11-1021.00,20704,0.04667190835332179,0.011831913142152194
11-1021.00,20703,0.041638161483429637,0.014534138639067048
11-1021.00,20702,0.02861503057331321,0.008988368760155676
11-1021.00,20701,0.15064889611771892,0.032796300805419426
11-1021.00,20700,0.1452537671255162,0.03975983685402228
11-1021.00,20699,0.0683080837048597,0.007702467798037385
53-3032.00,20697,0.02096362419119974,0.005858405117512022
53-3032.00,20696,0.03099454606287204,0.006245923104290259
53-3032.00,20695,0.05717029862773723,0.007128421331096538
53-3032.00,20694,0.022367846719321235,0.0030383707695924938
53-3032.00,20693,0.04355677711631222,0.005765403306597493
53-3032.00,20692,0.05133593152662992,0.008503092218833276
53-2021.00,20691,0.024316332886756598,0.002381610752898312
51-9023.00,20682,0.05780036194703824,0.010494593279625555
51-8011.00,20681,0.016771262710379074,0.0022947940149374403
51-8011.00,20680,0.048190842391611644,0.00450184492074886
49-9071.00,20679,0.02868158612387399,0.0129221445454357
49-9071.00,20678,0.038367204599550515,0.020936015515432973
49-9071.00,20677,0.01850086914989658,0.009601319162305529
49-9071.00,20676,0.04523853417405369,0.011397360170784068
49-9071.00,20675,0.040984584206069416,0.01218769111870851
49-9071.00,20674,0.04859285837627283,0.017191011138811357
49-9071.00,20673,0.03030626565772465,0.01018697155292375
49-9071.00,20672,0.11127745831037328,0.02441546154796197
49-9071.00,20671,0.05988980355470566,0.015156715968712257
49-9071.00,20670,0.04069450517031817,0.01007800137480235
49-3093.00,20657,0.042327642590268805,0.005037319181166136
49-3093.00,20656,0.04296986578624882,0.006526381074255867
49-3093.00,20655,0.0609655602878903,0.0061090878029587846
49-3093.00,20654,0.0671769949391808,0.005712644839977569
49-3052.00,20653,0.0046678291375858785,0.003084046270255871
49-3052.00,20652,0.025871944642478228,0.012753933534677311
49-3052.00,20651,0.14435607488716115,0.016563784670891424
49-3022.00,20646,0.09512320107615531,0.010673978165999657
49-3022.00,20645,0.09533281392529183,0.022596445075101928
47-2211.00,20641,0.12234045210311317,0.13483190532530262
45-4011.00,20632,0.011398068531388915,0.009890385692755526
43-4071.00,20631,0.04214019899369426,0.01677668830262776
43-4071.00,20630,0.060359944936172846,0.015036936664104114
43-4071.00,20629,0.07402697176534441,0.021004368233379984
43-4071.00,20628,0.17075333242966362,0.017136290217514
43-4071.00,20627,0.06478731649048863,0.019431988449206704
43-4011.00,20623,0.2536097843152414,0.03724635020892892
43-4011.00,20622,0.11625098333981977,0.026308904647176484
41-4011.00,20620,0.006783751640280056,0.002570447747575178
41-4011.00,20619,0.01726019694666327,0.005601016361140157
41-4011.00,20618,0.006064696663044487,0.00260340633857836
41-4011.00,20617,0.029023113929447987,0.011991722324436708
41-4011.00,20616,0.01807642290565797,0.010756131763617064
41-4011.00,20614,0.010236611965156506,0.0033107676269817725
41-4011.00,20613,0.026153989708697315,0.01008050232351705
41-4011.00,20612,0.04735328127544571,0.011994529399626778
41-4011.00,20611,0.03360455337093885,0.006619008779622234
41-4011.00,20610,0.0377041535933157,0.011502760073404754
41-4011.00,20609,0.04881026345258527,0.012607507860250524
41-4011.00,20608,0.05556414073646044,0.01531620966122953
39-4021.00,20607,0.013992539653455488,0.007484375915056049
39-4021.00,20605,0.03696818543235869,0.020647087766155512
39-4021.00,20602,0.03000438756514195,0.006972040711327815
39-4021.00,20601,0.021212199928571675,0.007667668158174379
39-4021.00,20600,0.024706380660348855,0.006775269144526103
39-4021.00,20599,0.1142919381485951,0.027365556973735914
39-4021.00,20598,0.03606615655484146,0.0200415364526053
39-4021.00,20597,0.013093830415416856,0.0030431538248840676
39-3012.00,20596,0.108649739377734,0.012440744086707213
39-2011.00,20594,0.06037987133223483,0.009983361351288488
39-2011.00,20593,0.11072325159588264,0.01892356469931361
37-2011.00,20592,0.03260025123559722,0.01207408978975001
37-2011.00,20590,0.07054613693407237,0.01632828428873446
33-3031.00,20589,0.0006066748514656611,0.0002857182769447064
33-3031.00,20588,0.015251012102450773,0.006489334895607541
33-3031.00,20587,0.012000676552405344,0.00457830370293281
33-3031.00,20586,0.0026949876483776825,0.0005884789002870117
33-3031.00,20585,0.010500831579777624,0.005490069673693858
33-3031.00,20584,0.10483701928814146,0.026241386667901365
33-3031.00,20583,0.08796148214185526,0.024793904979355356
33-3031.00,20582,0.024385839454726634,0.004856504928899297
31-1133.00,20578,0.09914852881169833,0.0139626073568282
31-1121.00,20577,0.09207423235260785,0.011235771317185065
29-2053.00,20576,0.0247479229289781,0.005306100172182466
29-2053.00,20575,0.04658713056278278,0.018291588867861676
29-2011.01,20573,0.006848738773391808,0.0
29-2011.01,20572,0.006076233390099586,0.0
29-2011.01,20571,0.033161015635308995,0.0
29-2011.01,20570,0.01710332009918273,0.0
29-2011.01,20569,0.02487599596364359,0.0
29-2011.01,20568,0.057442708608928465,0.0
29-2011.01,20567,0.01540721797297868,0.0
29-2011.01,20566,0.043345820272718764,0.0
29-2011.01,20565,0.030623546716306727,0.0
29-1021.00,20564,0.038990382660601904,0.006783435979518683
29-1021.00,20563,0.09897051372287069,0.007982969255829905
29-1021.00,20562,0.12258819601678679,0.00554734571096088
27-4021.00,20561,0.008263473190880543,0.0
27-4021.00,20560,0.01272573733349757,0.0
27-4021.00,20559,0.0006690548827953151,0.0
27-4021.00,20558,0.07297994736865422,0.0
27-3031.00,20557,0.04105673710148121,0.0
27-3031.00,20555,0.1305141815791756,0.0
27-3031.00,20554,0.11609013152786457,0.0
19-4051.02,20541,0.04426337116114086,0.006802718324996247
19-4051.02,20540,0.08148010003792786,0.01013717743653806
19-4051.02,20539,0.15714769618708055,0.016603805352233287
19-4031.00,20538,0.014607299444175574,0.009722714787222857
19-4012.00,20537,0.010348688423504072,0.004951155276027586
19-4012.00,20536,0.006811896925916706,0.0035290785556366913
19-4012.00,20535,0.03954145504274929,0.03313062770616379
19-4012.00,20534,0.011384521824942916,0.006069344720979323
19-4012.00,20533,0.06721649870457712,0.02213002934732316
19-4012.00,20532,0.007264039562363079,0.00412980340461552
19-4012.00,20531,0.02121713831658481,0.0071169073523269875
19-4012.00,20530,0.02840568731780601,0.013188186676717364
19-4012.00,20529,0.030556159709906945,0.007113560860424602
19-4012.00,20528,0.02095478471069106,0.007996982352054588
19-4012.00,20527,0.03080011583561515,0.01908492061813603
19-4012.00,20526,0.02564369762183744,0.008274052588612319
19-3051.00,20525,0.020285565971029595,0.0
19-3051.00,20524,0.06040334389028621,0.0
19-3051.00,20523,0.11704816377132174,0.0
17-3026.00,20518,0.2382153907117924,0.04953974087892278
17-3026.00,20516,0.09737871028574346,0.021945362787958594
17-3025.00,20514,0.07395653992632838,0.034564978101998496
17-3025.00,20513,0.07657212087973232,0.019533197342464996
17-2072.00,20500,0.005327283900975737,0.004247871840649715
17-2072.00,20499,0.040486066930582355,0.013619084236785237
17-2072.00,20498,0.047062141925747224,0.011585040460259892
17-2072.00,20497,0.167705329808788,0.051235652241580845
17-2072.00,20496,0.10892539517046645,0.026825586847208677
17-2072.00,20495,0.027738443474927103,0.011187612535328205
17-2072.00,20494,0.07028166822005556,0.017759848956407087
17-2072.00,20493,0.05633860900591463,0.015185864047614165
17-2051.00,20492,0.12734854308219942,0.0
17-2051.00,20491,0.17847584012294126,0.0
17-2051.00,20490,0.0851949737415315,0.0
17-2051.00,20489,0.07912645144610456,0.0
17-1011.00,20488,0.0454369434381934,0.0
17-1011.00,20487,0.0008262624542521211,0.0
17-1011.00,20486,0.05563605467289298,0.0
17-1011.00,20485,0.04460508704503699,0.0
17-1011.00,20484,0.015733536950284316,0.0
17-1011.00,20483,0.09798406250155203,0.0
17-1011.00,20482,0.002923954389439701,0.0
17-1011.00,20481,0.00991749504597683,0.0
17-1011.00,20480,0.08155033423348822,0.0
17-1011.00,20479,0.22348887223392114,0.0
13-1151.00,20477,0.011683995078546793,0.0
13-1151.00,20476,0.0180515266233136,0.0
13-1151.00,20475,0.09099442838600821,0.0
13-1151.00,20474,0.04743691999824082,0.0
13-1041.01,20473,0.0016433957244974702,0.0
11-9071.00,20472,0.04577595004531916,0.010000407259381703
11-1011.00,20461,0.012411465527013658,0.006511358471716079
47-5022.00,20459,0.03959433240671703,0.012992715295569302
47-5022.00,20458,0.037328681288827784,0.00838228325894059
53-2022.00,20457,0.0766743176408705,0.0108924034641717
53-2022.00,20456,0.030287938202280297,0.00525635486675153
53-1043.00,20455,0.052169413788993126,0.01294649657938093
49-3031.00,20454,0.018763287183563272,0.0052095647358678925
49-3031.00,20453,0.030859383836931972,0.005208548165478525
47-5013.00,20452,0.1655552716863336,0.04246392161722743
47-5013.00,20451,0.16941717987014204,0.02268287961338145
47-4011.00,20450,0.0060812621893158855,0.0
47-4011.00,20449,0.01076930529410825,0.0
47-4011.00,20448,0.0016939476880591684,0.0
47-4011.00,20447,0.07235373050322022,0.0
47-4011.00,20446,0.07307955174484217,0.0
47-4011.00,20445,0.06568268764129231,0.0
47-3012.00,20444,0.12019776587914281,0.023976159499663766
47-3012.00,20443,0.09559759150415778,0.017500641433818718
47-2111.00,20439,0.027247806490678646,0.008649773062148734
43-6013.00,20438,0.04834474137784493,0.010864656622734847
43-4181.00,20437,0.020970078703207835,0.004868208978299392
43-4181.00,20436,0.02629422540793836,0.0077412894698001295
43-4111.00,20435,0.09617334325301574,0.018672599789419465
43-4111.00,20434,0.025938585995080622,0.009506805689094082
43-2011.00,20433,0.006676731004874319,0.002224141910149757
43-2011.00,20432,0.05091945757723789,0.011727061449564258
43-2011.00,20431,0.10917945294703069,0.016895517390652082
43-2011.00,20430,0.036282027630367086,0.011495654119047561
43-2011.00,20429,0.05006201875957183,0.015953681648059777
43-2011.00,20428,0.01619087504037284,0.0024440157892371365
43-2011.00,20427,0.06432040528957024,0.015876611292015258
29-2056.00,20424,0.03535607220754979,0.006169261520596453
29-2056.00,20423,0.03821284511440827,0.0043456493789594255
29-2056.00,20422,0.08594813193931464,0.006245464190446827
29-2051.00,20421,0.1399373899971267,0.030166055811163845
29-1141.04,20420,0.013703179151148296,0.0
29-1141.04,20419,0.01131149850688122,0.0
29-1141.04,20418,0.02753740325892398,0.0
29-1141.04,20417,0.02335528855235213,0.0
29-1141.04,20416,0.019581741181854153,0.0
29-1141.04,20415,0.044316361614902065,0.0
29-1141.04,20414,0.03501938674635698,0.0
29-1141.00,20413,0.08438521353232518,0.015834953839870124
29-1131.00,20412,0.02011329951493415,0.004638677717819481
29-1126.00,20411,0.017585114810232155,0.006932741663644569
29-1126.00,20410,0.004896582525866307,0.0011031970822969002
29-1126.00,20409,0.018250814103761108,0.0034801377947432316
29-1124.00,20408,0.044286923095351406,0.005195427525001617
29-1123.00,20407,0.005289906514101417,0.0010026809027929879
29-1051.00,20406,0.018006638105186785,0.006609517630619277
29-1051.00,20405,0.04601942289819117,0.011366263445790104
29-1051.00,20404,0.006854818669265725,0.0036787855134209116
29-1011.00,20403,0.019716472187556358,0.004846712867685815
21-1014.00,20402,0.00354630032683308,0.0
19-4092.00,20400,0.023036543754905266,0.008091181016157595
19-4092.00,20399,0.13513280978135456,0.023449061883260548
19-4013.00,20398,0.029564390820495563,0.00852948001656985
19-4013.00,20397,0.0028630596972699894,0.0012609719969786629
19-4013.00,20396,0.02989867895839846,0.004127587808079452
19-4013.00,20395,0.10142265058274297,0.014832976577626607
19-4013.00,20394,0.11454699959784616,0.023651165300081052
19-2042.00,20393,0.004156554679484582,0.0
19-2042.00,20392,0.003993372196945393,0.0
19-2042.00,20391,0.03573943846477915,0.0
19-2042.00,20390,0.07407585422572024,0.0
19-2031.00,20389,0.024951817700161357,0.01687041776738039
19-2031.00,20388,0.06319391217624015,0.022403137532141473
17-3029.08,20387,0.017927255532380386,0.0
17-3029.08,20386,0.043876282966886,0.0
17-3029.08,20385,0.047436085066232876,0.0
17-3029.08,20384,0.15492160696437676,0.0
17-2111.02,20383,0.07795868151046412,0.0
17-1012.00,20382,0.01499433153342627,0.0
17-1012.00,20381,0.043809152382674015,0.0
17-1012.00,20380,0.08121324750154013,0.0
17-1012.00,20379,0.03096366714325154,0.0
17-1012.00,20378,0.025692412404429467,0.0
17-1012.00,20377,0.02639542238370092,0.0
17-1012.00,20376,0.03257694855207902,0.0
17-1012.00,20375,0.07722566301224659,0.0
17-1012.00,20374,0.007047474742216704,0.0
17-1012.00,20373,0.019133185456671795,0.0
17-1012.00,20372,0.02510694259197088,0.0
17-1012.00,20371,0.057709071768204855,0.0
17-1012.00,20370,0.14727710043998601,0.0
17-1012.00,20369,0.1957707812863831,0.0
15-1299.03,20368,0.055672014987425966,0.0
15-1299.03,20367,0.049998100180439535,0.0
15-1241.01,20366,0.03983311614146491,0.0
15-1241.01,20365,0.04133457475621466,0.0
13-2082.00,20364,0.08520462843145882,0.0
13-2082.00,20363,0.07163875528819943,0.0
11-9021.00,20340,0.16161413833643246,0.0
11-9021.00,20339,0.06302059221101036,0.0
11-9021.00,20338,0.024670198602370328,0.0
11-9021.00,20337,0.0020758066038365102,0.0
11-9021.00,20336,0.040857721632698345,0.0
11-9021.00,20335,0.02362165232951675,0.0
11-9021.00,20334,0.005219469481473095,0.0
11-9021.00,20333,0.03400724725564489,0.0
11-9021.00,20332,0.1111000382876418,0.0
13-1161.01,20331,0.032884261303863446,0.0
13-1161.01,20330,0.015575280897665873,0.0
13-1161.01,20329,0.08679703171554543,0.0
13-1161.01,20328,0.043044225998058204,0.0
13-1161.01,20327,0.041868595537024364,0.0
13-1161.01,20326,0.0196556702784969,0.0
13-1161.01,20325,0.04952018212109103,0.0
13-1161.01,20324,0.016680125403544667,0.0
13-1161.01,20323,0.006512024776913907,0.0
13-1161.01,20322,0.01795114412545448,0.0
13-1161.01,20321,0.029820523702706894,0.0
13-1161.01,20320,0.08033959458902863,0.0
13-1161.01,20319,0.017572692592272503,0.0
13-1161.01,20318,0.014221217642541887,0.0
11-9179.01,20317,0.06212533088962986,0.0
11-9179.01,20316,0.014053198011143778,0.0
11-9179.01,20315,0.0015917659510225437,0.0
11-9179.01,20314,0.0002758071189875744,0.0
53-7081.00,20313,0.1082688874840654,0.034101746890355784
51-9061.00,20311,0.009058728106863298,0.004281989273033137
51-9061.00,20310,0.013918769302825882,0.0044557140527009724
51-9061.00,20309,0.016853576748265247,0.004955236038118088
51-9061.00,20308,0.016581287077267012,0.005354652498778218
51-9061.00,20307,0.022793013408373898,0.006753147324608723
51-9061.00,20306,0.05117050900371027,0.00833226306567793
51-9061.00,20305,0.0293446003590762,0.00677308456393686
51-9061.00,20304,0.03534752969345983,0.006941681054443854
51-9061.00,20303,0.010462611183319386,0.0035985323338499015
51-9061.00,20302,0.027152165598877887,0.006495897638466776
51-9061.00,20301,0.024789559228396475,0.005486536586980262
51-9061.00,20300,0.03270662278679833,0.008343039395754483
51-9061.00,20299,0.043426672697903596,0.006481408939418086
51-9061.00,20298,0.04686712697585696,0.009142713496200912
51-4041.00,20297,0.025818130030922787,0.007236298608346143
51-4041.00,20296,0.03961442270891823,0.0067597572779931675
51-4041.00,20295,0.03750709394744648,0.006651084080266638
51-4041.00,20294,0.05223490822938782,0.007636556144516324
51-4041.00,20293,0.05669345728571869,0.0066891921160860505
51-4041.00,20292,0.08920931700978689,0.006753574552335748
47-1011.00,20291,0.12823150982267054,0.017057671093271463
43-6014.00,20290,0.004491993689297698,0.0016979785080853574
43-6014.00,20289,0.009581880488949394,0.002548140368744766
43-6014.00,20288,0.004770892202525036,0.0021737251140972347
43-6014.00,20287,0.016985177168182077,0.009568245564945071
43-6014.00,20286,0.01419889107431893,0.005641921215626259
43-6014.00,20285,0.0037828591608449432,0.000980282246007655
43-6014.00,20284,0.028281479530786535,0.009737395697915055
43-6014.00,20283,0.08029420644757379,0.007705688089026083
43-6014.00,20282,0.060599924200371864,0.007921742382467841
43-6014.00,20281,0.06569341360594443,0.011531252650382432
43-6014.00,20280,0.10429458283008321,0.010622942822163556
43-5071.00,20279,0.07446477288069134,0.02029202285370343
43-5071.00,20278,0.08301195828139435,0.019633349515928825
43-5071.00,20277,0.1421420742651831,0.034842947835942426
43-5071.00,20276,0.15953181806186573,0.029969886192396426
43-5011.00,20275,0.04108915161393295,0.02164714332142883
43-5011.00,20273,0.09379860310505002,0.04145468118886449
43-5011.00,20272,0.1270197837095974,0.049070995752943956
43-5011.00,20271,0.16271655916789107,0.051707670958769734
41-4012.00,20267,0.06445103231719417,0.028912482354930824
41-1012.00,20266,0.1561128264819348,0.038123192861140714
39-6012.00,20265,0.027078291554873856,0.0
39-6012.00,20264,0.02766111540889812,0.0
39-6012.00,20263,0.009974740724647461,0.0
39-6012.00,20262,0.013674804414997287,0.0
39-6012.00,20261,0.032133816006333964,0.0
39-6012.00,20260,0.18392537856771837,0.0
39-6012.00,20259,0.1383284839858971,0.0
39-5094.00,20258,0.07718113606955046,0.01520588952534032
39-4011.00,20257,0.05335325904057691,0.00533169121464329
33-1011.00,20255,0.04014576815409906,0.007600108880961452
31-9094.00,20254,0.05299555707955799,0.016202913379510776
19-5012.00,20253,0.10264265295119984,0.0
19-5012.00,20252,0.023607442658898126,0.0
19-5012.00,20251,0.03301776452882507,0.0
19-5012.00,20250,0.019178725234815206,0.0
19-5012.00,20249,0.017628597988046123,0.0
19-5012.00,20248,0.12879957354519347,0.0
29-1221.00,20247,0.0009568534838080966,0.0006957043280657475
29-1024.00,20246,0.104418474783537,0.023085257138128958
29-1022.00,20245,0.0034518289216214923,0.001635900496038162
29-1022.00,20244,0.00272116044381053,0.0015118782264067208
27-3042.00,20243,0.07531391916550192,0.020563863413902497
27-1011.00,20242,0.050677591960238216,0.015882945869007556
25-2023.00,20241,0.025507409404586633,0.006667254235189526
23-1022.00,20240,0.06316100013633447,0.0
23-1022.00,20239,0.052174133175465716,0.0
23-1022.00,20238,0.06369827535814657,0.0
21-1091.00,20237,0.020401708846273913,0.008688843677039905
21-1091.00,20236,0.07292901009287671,0.026007931208465868
21-1091.00,20235,0.044169857437419593,0.018931911142591323
21-1015.00,20234,0.028905226997134704,0.009200869627135368
21-1013.00,20233,0.018630535659332616,0.005631371165568235
21-1013.00,20232,0.10453344007129442,0.02155707743154269
19-3032.00,20230,0.05932526246369671,0.0
19-3032.00,20229,0.06361003143210665,0.0
19-3032.00,20228,0.01941442547986836,0.0
19-3032.00,20227,0.05189864277029547,0.0
19-3032.00,20226,0.034103314007730305,0.0
19-3032.00,20225,0.08511355783099088,0.0
19-3032.00,20224,0.07817183269327868,0.0
19-3032.00,20223,0.0003869302373495371,0.0
19-3032.00,20222,0.012206469343985362,0.0
19-2032.00,20215,0.0711702605534231,0.0
19-2032.00,20214,0.06671636903371989,0.0
19-2032.00,20213,0.06927271767693675,0.0
19-2021.00,20212,0.010125758221212757,0.0
19-2021.00,20211,0.027010038926351725,0.0
19-2021.00,20210,0.060821937113674035,0.0
19-2021.00,20209,0.12034286841278528,0.0
19-2021.00,20208,0.1189701354720719,0.0
19-2021.00,20207,0.010290989497129295,0.0
19-2021.00,20206,0.05869987696872919,0.0
19-2021.00,20205,0.02416011650630927,0.0
19-2021.00,20204,0.01316903367734558,0.0
19-2021.00,20203,0.012248140159026942,0.0
19-2021.00,20202,0.03519215534861183,0.0
19-1042.00,20201,0.023403767562842213,0.015115713930694642
19-1042.00,20200,0.13613573136183676,0.043610623266930756
19-1013.00,20199,0.0068067042668854836,0.0
19-1013.00,20198,0.007096326587734957,0.0
17-2081.00,20197,0.020727418449099536,0.0
17-2081.00,20196,0.006055717609484407,0.0
17-2081.00,20195,0.1020112252519097,0.0
15-2041.00,20194,0.03763044347830563,0.0
15-2041.00,20193,0.04546516732526127,0.0
15-2041.00,20192,0.02643480403395007,0.0
15-2021.00,20191,0.017849652539324787,0.0
13-2061.00,20190,0.008634271277695445,0.0
13-2052.00,20189,0.0849183223478165,0.0
13-2052.00,20188,0.09336119680891458,0.0
13-2052.00,20187,0.03991586810142081,0.0
13-2052.00,20186,0.02533871135250136,0.0
13-2052.00,20185,0.027482878338001254,0.0
13-2052.00,20184,0.10065570691570347,0.0
13-2052.00,20183,0.08099765243218164,0.0
13-2052.00,20182,0.06467570054954304,0.0
13-1041.06,20181,0.05369468929459464,0.0
11-9041.00,20180,0.012458772444641358,0.005973425497064088
11-9041.00,20179,0.003734805887656867,0.0011513406138585348
11-9041.00,20178,0.005592889472050482,0.0025297652740012243
11-9041.00,20177,0.04450721919330933,0.013098998847627281
11-9041.00,20176,0.07305822760411883,0.02609535728301486
11-9041.00,20175,0.02753230562727741,0.010358261991876342
11-9041.00,20174,0.0032102732222753444,0.0007999618719517449
11-9041.00,20173,0.06088296063169787,0.013117806904657511
11-9041.00,20172,0.010103398451945918,0.0023518645441402983
11-9041.00,20171,0.1844896720309122,0.05742216773340559
11-9041.00,20170,0.29296554729351076,0.045794091375172465
11-3031.01,20169,0.0057667637483944465,0.0
11-3031.01,20168,0.11968259065886086,0.0
29-1129.02,20167,0.000778317549322003,0.0
29-1129.02,20166,0.008277431505705066,0.0
29-1129.02,20165,0.022569176042630677,0.0
51-2092.00,20164,0.023086309721973144,0.00857834248458935
51-2092.00,20163,0.07889175509374223,0.02896267948331462
51-2092.00,20162,0.04098981060747622,0.009745919712547063
51-2092.00,20161,0.061000567657238276,0.02050778085948106
51-2092.00,20160,0.14732940227457206,0.03178438103452793
51-2092.00,20159,0.07101215076305398,0.014130186533691802
51-2092.00,20158,0.06112958450212098,0.017437917572399625
51-2092.00,20157,0.21337674919027347,0.03859070418479277
51-1011.00,20156,0.007735871451731402,0.0016322424107258649
51-1011.00,20155,0.03285068607832447,0.007269127160183123
51-1011.00,20154,0.01883659663063468,0.0025309634804650755
49-9098.00,20153,0.016022603251832176,0.006597764561609731
49-9098.00,20152,0.06462347847354269,0.01594902083345271
49-9098.00,20151,0.04283270278968321,0.018359981648495984
49-9098.00,20150,0.06945393798987055,0.022856729905979263
47-5071.00,20145,0.052010418361618876,0.020778398657754608
47-3015.00,20144,0.11604901030994537,0.027305082298535992
47-2071.00,20143,0.056600211232005364,0.017298051836404472
47-2041.00,20142,0.06594790234624813,0.009911683185448132
43-4141.00,20141,0.01212636076946796,0.007915959327355386
39-9041.00,20139,0.01634726949913852,0.003964147336607106
39-9041.00,20138,0.06569769554704193,0.015765753037196854
39-9041.00,20137,0.021090351018766086,0.005989206277373774
39-7011.00,20136,0.009330766001792565,0.008046789402965824
39-7011.00,20135,0.05519656938626368,0.015448887120542033
39-3093.00,20134,0.07163618771943578,0.010731586488616707
39-3011.00,20133,0.025188439160410962,0.006733304635946367
39-2021.00,20132,0.11230122599715255,0.01341120494939966
37-1011.00,20131,0.007577564510431969,0.003849490446244411
37-1011.00,20130,0.05130895643688054,0.01043322559064273
33-9092.00,20129,0.06647243553484347,0.025542194251725242
33-3011.00,20128,0.06444827834919949,0.022313086995810322
33-3011.00,20127,0.1283982266909468,0.03269913401695924
33-3011.00,20126,0.014993328460451405,0.006004817412018013
33-3011.00,20125,0.04269872877814674,0.01016531615874821
33-3011.00,20124,0.0974090745428867,0.029919832634722254
33-3011.00,20123,0.1735490397690848,0.031578380711278074
29-1081.00,20122,0.14771464335419143,0.014311091964822704
29-1215.00,20120,0.001478290823371474,0.000842449400262604
27-2022.00,20119,0.006575233341406457,0.003057273507587269
27-2022.00,20118,0.030365289614903798,0.009176955488641454
27-2022.00,20117,0.012492366862747814,0.004546399474190064
27-2022.00,20116,0.003578855711804122,0.0016339802296615616
27-2022.00,20115,0.03809969914811883,0.01005596262254457
27-2022.00,20114,0.024323469961567326,0.007225322354871991
27-2022.00,20113,0.031999650300862874,0.012462023726757624
27-2022.00,20112,0.013078556116084383,0.0024538762758768155
27-2022.00,20111,0.031661269696374256,0.01662374781374494
27-2022.00,20110,0.03637142818342696,0.009189985609087348
27-2022.00,20109,0.09171704593369222,0.017157442344067075
25-1194.00,20106,0.03470906416184813,0.009787969792342574
25-1126.00,20105,0.032965178939769295,0.008833622247579801
25-1126.00,20104,0.09366809707933255,0.023479569771154674
25-1125.00,20103,0.002891870134696844,0.0016607844886237593
25-1125.00,20102,0.011791988146719525,0.00682798463012691
25-1125.00,20101,0.00830260796065346,0.003878152969626162
25-1124.00,20100,0.0047293834475312276,0.0046054564140273245
25-1124.00,20099,0.01841938740680344,0.008238130165503536
25-1123.00,20098,0.06353254181561435,0.013866809134111145
25-1123.00,20097,0.002888912705986693,0.0020913817010552315
25-1123.00,20096,0.010312097071382403,0.006388013933885768
25-1123.00,20095,0.023546199250993605,0.015188271365271832
25-1123.00,20094,0.0072001826395860745,0.003718077861133008
25-1123.00,20093,0.034989845138676236,0.00701318010152251
25-1122.00,20091,0.04293100385665757,0.016413739076316086
25-1082.00,20090,0.04681438284201391,0.024874475656360123
25-1082.00,20089,0.06847075911310388,0.024744202928320153
25-1082.00,20088,0.06520399201820162,0.02021411453160383
25-1082.00,20087,0.07294521389741214,0.018879682417340872
25-1081.00,20086,0.015494009218041631,0.008641598765768203
25-1072.00,20085,0.03913625883771304,0.016322282774881514
25-1072.00,20084,0.031285178207973066,0.007620785680824966
25-1066.00,20083,0.022921532897362165,0.016985464909390364
25-1066.00,20082,0.018072231414283654,0.006538285474712965
25-1066.00,20081,0.059826777088921874,0.033822089488990785
25-1066.00,20080,0.08670798121433204,0.02101694363734586
25-1062.00,20079,0.02810807079996362,0.01419060457002184
25-1061.00,20078,0.00403004063941444,0.0
25-1061.00,20077,0.008007492392921959,0.0
25-1061.00,20076,0.06428550697357728,0.0
25-1054.00,20075,0.01620275177969775,0.003079947138399153
25-1053.00,20074,0.007865432457072163,0.0030764483154838507
25-1052.00,20073,0.00976797675664894,0.0025551538354334
25-1052.00,20072,0.00948015834371928,0.0018555566433446362
25-1052.00,20071,0.04774527184305805,0.012961555237334168
25-1051.00,20070,0.003534824464277395,0.0011288999655862714
25-1051.00,20069,0.004118188717437842,0.0014408464317170692
25-1051.00,20068,0.008561404074834621,0.005694707910292817
25-1043.00,20067,0.0210041685736663,0.009919018334049918
25-1043.00,20066,0.004784797710415077,0.0020140457800964955
25-1042.00,20065,0.003768272806369982,0.0023135272206819837
25-1042.00,20064,0.004798559169072163,0.0017899900782405041
25-1042.00,20063,0.006926712911139882,0.0031002743478965203
25-1042.00,20062,0.035934755044262245,0.006076204621865206
25-1042.00,20061,0.05042283804474874,0.006349366344521577
25-1022.00,20060,0.03177491740997519,0.00776435064335528
25-1021.00,20059,0.01728539266272985,0.005466433886055929
25-1011.00,20058,0.053629623136539885,0.015206071289644586
23-1023.00,20057,0.0030991954065442483,0.00217362380673544
21-1092.00,20056,0.06907409106421664,0.011014236684924628
21-1092.00,20055,0.057163813242251796,0.010635613688052378
19-3011.00,20053,0.09603008569565114,0.0
19-3011.00,20052,0.034764579238011045,0.0
19-3011.00,20051,0.04480880860738088,0.0
19-2011.00,20050,0.0046272688571926835,0.0
19-2011.00,20049,0.011983000870096527,0.0
17-3025.00,20033,0.01675369876124228,0.009686958939902176
13-2081.00,20016,0.04172906776041251,0.013689831548723908
13-1081.02,20014,0.0025689325632039356,0.0
13-1081.02,20013,0.0010005189887658513,0.0
13-1081.02,20012,0.0013407214864619068,0.0
13-1081.02,20011,0.030210713314051008,0.0
13-1081.02,20010,0.03907645340089554,0.0
13-1081.02,20009,0.05752710225489328,0.0
13-1081.01,20008,0.0021064293351857233,0.0
13-1081.01,20007,0.01509610642373391,0.0
13-1081.01,20006,0.04192461635753947,0.0
13-1081.01,20005,0.011268889314935221,0.0
13-1081.01,20004,0.008768650505869186,0.0
13-1081.01,20003,0.011904528962018868,0.0
13-1081.01,20002,0.02900138832834017,0.0
13-1081.01,20001,0.004674630550077433,0.0
13-1081.01,20000,0.012096495713018098,0.0
13-1081.01,19999,0.01869662859317043,0.0
13-1081.01,19998,0.0034529851630999446,0.0
13-1081.01,19997,0.0734091128537838,0.0
13-1081.01,19996,0.03222355023442054,0.0
13-1081.01,19995,0.0115835569292163,0.0
19-3011.01,19986,0.05596305565765967,0.0
19-3011.01,19985,0.0702540137183372,0.0
19-3011.01,19984,0.024910082532913914,0.0
19-2041.03,19983,0.028326812374225175,0.0
19-2041.03,19982,0.0694416436246894,0.0
19-2041.03,19981,0.004720824202491302,0.0
19-2041.03,19980,0.030572564760261125,0.0
19-2041.03,19979,0.009751740163172205,0.0
19-2041.03,19978,0.01949984239982036,0.0
19-2041.03,19977,0.023612510834924487,0.0
19-2041.03,19976,0.007810927148696567,0.0
19-2041.03,19975,0.03983132728764127,0.0
19-2041.03,19974,0.06061370879064829,0.0
19-2041.03,19973,0.033291628274176914,0.0
19-2041.03,19972,0.1228741893481495,0.0
19-2041.03,19971,0.021195870719371887,0.0
19-2041.03,19970,0.03427465012877203,0.0
19-2041.03,19969,0.011072138413488987,0.0
19-2041.03,19968,0.03234537868944937,0.0
19-2041.03,19967,0.003748414628908267,0.0
19-2041.03,19966,0.041767229412542725,0.0
19-2041.03,19965,0.04162364746925525,0.0
19-2041.03,19964,0.02105265573074768,0.0
19-2041.03,19963,0.027857886926436346,0.0
17-2141.01,19953,0.008766745555819138,0.0
17-2141.01,19952,0.01280131748162699,0.0
17-2141.01,19951,0.008982333538916233,0.0
17-2141.01,19950,0.07060880787717855,0.0
17-2141.01,19949,0.023342168209026085,0.0
17-2141.01,19948,0.0041574349227556096,0.0
17-2141.01,19947,0.03466598620561724,0.0
17-2141.01,19946,0.035513400970605326,0.0
17-2141.01,19945,0.05051173511492325,0.0
53-7081.00,19932,0.052780045685118446,0.017573721214833648
53-6051.07,19929,0.0730184003702198,0.027491303787174196
53-6051.07,19927,0.08663878130568596,0.022741509114306887
53-6051.07,19924,0.07196163340758296,0.02140290430466155
53-3032.00,19923,0.03831947552421672,0.006611043176862775
53-3032.00,19922,0.012267975281042506,0.00230696157547088
51-9061.00,19920,0.02378090252757686,0.006975198867051964
51-9012.00,19918,0.06809218855305885,0.008679128136236265
51-8013.00,19917,0.013523163449679628,0.006059175740834683
51-8013.00,19915,0.03220836487031158,0.008470031176164565
51-8013.00,19914,0.06429287587545997,0.01542640590723452
51-8011.00,19912,0.01991762509751606,0.00427591427869431
51-8011.00,19911,0.16724284242710458,0.0073104842417735785
51-8011.00,19909,0.003028181241619256,0.00085854333762673
51-8011.00,19908,0.017068018425044684,0.004784414087437405
51-8011.00,19907,0.0107515565404679,0.00309810373773371
51-4041.00,19906,0.02917489855952772,0.0063912903088182834
51-4041.00,19905,0.026707581368526315,0.00527227510785813
51-2011.00,19903,0.02617429393629969,0.013189659958864265
51-2011.00,19902,0.024155985777355858,0.006894602438456231
51-2011.00,19901,0.008275010117995588,0.0038866333644018147
49-9071.00,19900,0.006325822074851978,0.006939803656644901
49-9071.00,19899,0.011293737434337342,0.00891064183987579
49-9071.00,19898,0.008500406454161882,0.002908581730336632
49-9071.00,19897,0.00909481452861594,0.007182227242299129
49-3031.00,19889,0.013664935706354306,0.0047550554961462745
49-3031.00,19888,0.012553711172046903,0.0055246167940721045
49-3031.00,19887,0.01571655447189053,0.003747089198443624
49-3031.00,19886,0.04046298418976374,0.015557724228605971
47-5041.00,19876,0.03204416945242955,0.005764735542337889
47-5041.00,19875,0.019012089035040185,0.007899441145041871
47-5013.00,19874,0.01695749354385826,0.011363964913239254
47-4041.00,19873,0.04244381344618876,0.016604967421894188
47-4041.00,19872,0.04217434248428727,0.01648751002862673
47-4041.00,19871,0.021016100799768116,0.008366656454322462
47-4041.00,19870,0.0672971272789342,0.021461302386540308
47-4041.00,19869,0.025432553790570432,0.01045875406672138
47-4041.00,19868,0.014187407476290591,0.006232870596140645
47-4011.00,19867,0.00015940669007485954,0.0
47-4011.00,19866,0.015523069439521671,0.0
47-4011.00,19865,0.005737197389239177,0.0
47-4011.00,19864,0.012493493667815,0.0
47-4011.00,19863,0.0033786884089293634,0.0
47-2211.00,19860,0.8776595478968867,0.13483190532530293
47-2181.00,19855,0.005227445252481014,0.0029309811015325806
47-2181.00,19854,0.0007807628613170259,0.0005127763981707497
47-2181.00,19853,0.016091819070604495,0.007815921347783372
47-2181.00,19851,0.03023923980334461,0.007896269412943514
47-2181.00,19850,0.0022465895349014935,0.0023634124761298804
47-2061.00,19838,0.004973287675099739,0.003358358610105607
43-5011.01,19833,0.028550138470205592,0.009445761334127311
43-5011.01,19832,0.023528798031184947,0.00908278246945715
43-5011.01,19831,0.022963408010351318,0.00926958646460223
43-5011.01,19830,0.024702317652763216,0.009928675020129354
43-5011.01,19829,0.026734747313697016,0.008841263916929045
41-4011.00,19828,0.004826692182863319,0.0019427854234427642
41-4011.00,19826,0.0029838415161389763,0.0014554310774563706
41-4011.00,19825,0.0026868878179810763,0.0017099096602868945
19-5012.00,19818,0.034113396638591156,0.0
19-5012.00,19817,0.021253704364702895,0.0
19-5012.00,19816,0.0005645605186162399,0.0
19-5012.00,19815,0.0005913634958725087,0.0
19-5012.00,19814,0.0017168025830537616,0.0
19-5012.00,19813,0.013299479708114818,0.0
27-3031.00,19811,0.03214847068166682,0.0
27-3031.00,19810,0.002693279729002075,0.0
27-3031.00,19809,0.005691851409810716,0.0
23-1022.00,19807,0.03636854767305114,0.0
19-4012.01,19803,0.02931501594697811,0.0
19-4012.01,19802,0.0306446940888476,0.0
19-4012.01,19801,0.027404307356019498,0.0
19-4012.01,19800,0.042945508931724705,0.0
19-4042.00,19799,0.024942203481357984,0.0
19-4042.00,19798,0.04027458779167297,0.0
19-4042.00,19797,0.0204013469141495,0.0
19-4012.00,19782,0.017619265105960496,0.0036120171804684418
19-4012.00,19781,0.00988093547283757,0.0031169132061818583
19-3099.01,19779,0.14441247718705671,0.0
19-3051.00,19778,0.01772270643006758,0.0
19-3051.00,19777,0.02927702560699582,0.0
19-3051.00,19776,0.018172254139252723,0.0
19-3051.00,19775,0.017297399811098572,0.0
19-2099.01,19774,0.020955289627731025,0.0
19-2099.01,19773,0.03228937126688295,0.0
19-2042.00,19772,0.0030929968102904335,0.0
19-2042.00,19771,0.01593953736456905,0.0
19-2042.00,19770,0.0006743235702038133,0.0
19-2042.00,19769,0.0016611901975872778,0.0
19-2042.00,19768,0.0016206596604737868,0.0
19-2042.00,19767,0.0030245480796389605,0.0
19-2042.00,19766,0.004669915736321714,0.0
19-2042.00,19765,0.003194502464870973,0.0
19-2042.00,19764,0.0036292276848306896,0.0
19-2042.00,19763,0.0021912963559906047,0.0
19-2042.00,19762,0.0008372966549709992,0.0
19-2042.00,19761,0.00045758086836535593,0.0
19-2042.00,19760,0.00048395631630049926,0.0
19-2021.00,19759,0.09246114890984483,0.0
19-2021.00,19758,0.002585078276331353,0.0
19-2021.00,19757,0.018893881777895385,0.0
19-2021.00,19756,0.007267943042973013,0.0
19-2021.00,19755,0.022269086325006827,0.0
19-1013.00,19754,0.06693365160408202,0.0
19-1013.00,19753,0.01089401682725326,0.0
19-1013.00,19751,0.02683601939513092,0.0
19-1013.00,19750,0.006724674358435335,0.0
17-3029.08,19731,0.006262883568575736,0.0
17-3027.01,19699,0.0519460348466967,0.0
17-3027.01,19698,0.028151060192949242,0.0
17-3027.01,19697,0.03177784018859558,0.0
17-3027.01,19696,0.04074178421231811,0.0
17-3026.00,19692,0.05346404298762345,0.024644000218418848
17-3025.00,19691,0.03384408106137788,0.009391686910449941
17-3025.00,19690,0.0101661688476222,0.007148574036880435
17-3025.00,19689,0.017784642745815493,0.005757303061440055
17-3025.00,19688,0.08069278839353881,0.034546495499749995
17-3025.00,19687,0.002395819551367204,0.0016619956502699831
17-3025.00,19686,0.03743973566704269,0.024669722678079337
17-3024.01,19684,0.04456663834273427,0.0
17-2199.09,19677,0.006537968628052104,0.0
17-2199.09,19676,0.005590643155445134,0.0
17-2199.09,19675,0.008046276642987278,0.0
17-2199.09,19674,0.03649051779140893,0.0
17-2199.09,19673,0.0333671193953298,0.0
17-2199.09,19672,0.014419863398300954,0.0
17-2199.09,19671,0.020545142324231002,0.0
17-2199.09,19670,0.011135776068492751,0.0
17-2199.09,19669,0.01692896777717093,0.0
17-2199.08,19668,0.005170171236783335,0.0
17-2199.08,19667,0.010398020459948438,0.0
17-2199.07,19666,0.004283360983045453,0.0
17-2199.07,19665,0.0017901523091610949,0.0
17-2199.07,19664,0.009471985320244375,0.0
17-2199.07,19663,0.004941065521413048,0.0
17-2199.07,19662,0.001202430513401619,0.0
17-2199.05,19655,0.018070131688827082,0.007702624800627568
17-2199.05,19654,0.05792370818571644,0.03498410081740051
17-2199.05,19653,0.015140663629824663,0.009791801471939029
17-2112.03,19652,0.002510659690907992,0.0
17-2112.03,19651,0.0031066002756378296,0.0
17-2112.03,19650,0.010677706812180958,0.0
17-2112.03,19649,0.008074276111258952,0.0
17-2199.03,19648,0.007651522186688893,0.0
17-2112.02,19647,0.053303972722126454,0.0
17-2161.00,19643,0.010550236532126899,0.0
17-2161.00,19642,0.037672110493604354,0.0
17-2161.00,19641,0.03629032250644421,0.0
17-2161.00,19640,0.020993345744098817,0.0
17-2161.00,19639,0.009715664889337257,0.0
17-2141.02,19638,0.01727421966211533,0.0
17-2141.02,19637,0.017395860520245335,0.0
17-2141.02,19636,0.014117017771325662,0.0
17-2141.02,19635,0.021370744830046088,0.0
17-2141.02,19634,0.012225140125604732,0.0
17-2141.02,19633,0.025700063848031286,0.0
17-2141.00,19629,0.013010877352264206,0.010511525065325883
17-2141.00,19628,0.07940531063006788,0.031432285748307365
17-2081.00,19626,0.0030196706537940583,0.0
17-2081.00,19625,0.008340010924636754,0.0
17-2081.00,19624,0.028889767650200696,0.0
17-2072.00,19623,0.022676556916939757,0.022405653408025437
17-2071.00,19619,0.006651066331026946,0.005523322553706334
17-2071.00,19617,0.0011485596497249517,0.0006758124503061682
17-2051.01,19616,0.01135545699641314,0.0
17-2051.01,19615,0.009815661157844128,0.0
17-2051.01,19614,0.0046442367329694555,0.0
17-2051.01,19613,0.007322975149354979,0.0
17-2051.01,19612,0.060516026853724765,0.0
17-2051.00,19611,0.009955200766307301,0.0
17-2051.00,19610,0.2234435649295754,0.0
17-2051.00,19609,0.0004561054140003629,0.0
17-2051.00,19608,0.0033272991128771795,0.0
17-2051.00,19607,0.025096313293513476,0.0
17-1012.00,19600,0.01580229628204663,0.0
17-1012.00,19599,0.006736451432679427,0.0
17-1012.00,19598,0.04781151143576891,0.0
17-1012.00,19597,0.0857619698459198,0.0
17-1011.00,19596,0.07030375095729727,0.0
17-1011.00,19595,0.0017445915682466877,0.0
17-1011.00,19594,0.009672656050676558,0.0
17-1011.00,19593,0.014215148658333114,0.0
17-1011.00,19592,0.014637912747717377,0.0
17-1011.00,19591,0.0039436880997658,0.0
17-1011.00,19590,0.0020129487908429845,0.0
13-2099.01,19576,0.0017112366644659628,0.0
13-2099.01,19575,0.0039584619258283245,0.0
13-2099.01,19574,0.011335142682481675,0.0
13-2099.01,19573,0.005940743435054506,0.0
13-2099.01,19572,0.0013629658725069556,0.0
13-2052.00,19571,0.008873741018966609,0.0
13-2052.00,19570,0.01386962673217063,0.0
47-4011.01,19563,0.005188591922069061,0.0
47-4011.01,19562,0.031904040132254896,0.0
47-4011.01,19561,0.04563186988441291,0.0
47-4011.01,19560,0.015499105544901135,0.0
13-1151.00,19559,0.08770217733647369,0.0
13-1151.00,19558,0.0035413708595599083,0.0
13-1041.07,19557,0.0010537782414462465,0.0
13-1041.07,19554,0.0006045858658482267,0.0
13-1041.07,19553,0.0005188346296045177,0.0
13-1041.07,19552,0.03504374218071559,0.0
13-1022.00,19551,0.0015445248679646442,0.0008991058864874561
13-1022.00,19550,0.001121958323325588,0.0006363166007780945
13-1022.00,19549,0.001059605701598017,0.0003298545575284003
13-1022.00,19548,0.021668095375610756,0.00880725638200742
13-1022.00,19547,0.011020187137037207,0.005533314713357324
11-3071.04,19546,0.0042385484043079655,0.0
11-3071.04,19545,0.0015493546854346515,0.0
11-3071.04,19544,0.0005968591552847573,0.0
11-3071.04,19543,0.012374306386130948,0.0
11-3071.04,19542,0.010579705418718697,0.0
11-3071.04,19541,0.035385172810406935,0.0
11-3071.04,19540,0.007807794397567334,0.0
11-3071.04,19539,0.0018824407962987886,0.0
11-9199.02,19538,0.0018321349949976073,0.0009955509742351142
11-9199.02,19537,0.006948156636046891,0.003331212837143123
11-9199.02,19536,0.013927689258960938,0.011050920524929463
11-9199.02,19534,0.0017727103807915385,0.0011293975702535283
11-9199.02,19533,0.009225706768727917,0.003247771652708196
11-9199.01,19532,0.01716172249656318,0.0
11-9199.01,19531,0.039322436162695346,0.0
11-9199.01,19530,0.002517061612914262,0.0
11-9199.01,19529,0.05597841286810044,0.0
11-9041.00,19528,0.016481981085987567,0.010483647865424916
11-9041.00,19527,0.02013463569807754,0.017844679169417507
11-9041.00,19526,0.016584617542450466,0.010046173431823452
11-9041.00,19525,0.007396918912439633,0.00558203323460467
11-9021.00,19524,0.002411748401609002,0.0
11-9021.00,19523,0.01168506871465756,0.0
11-9021.00,19522,0.022715536342233705,0.0
11-9021.00,19521,0.005121062104401681,0.0
11-9021.00,19520,0.003099629658825718,0.0
11-9021.00,19519,0.006722811370306796,0.0
11-9021.00,19518,0.0020328899311402343,0.0
11-2021.00,19505,0.00864008033904257,0.003151811133966539
11-2021.00,19504,0.005704731322441086,0.0036207327644862176
11-2021.00,19503,0.004336311308455649,0.002494128756474773
11-2021.00,19502,0.02488386807719364,0.011134336400681632
11-1021.00,19501,0.01820625969145294,0.011291451369139588
51-9151.00,19500,0.010943287973280542,0.004732822380987532
51-9151.00,19499,0.006591648274439582,0.00267292008744411
51-9151.00,19496,0.016119674725997672,0.008434812093995181
51-9151.00,19492,0.023424964636577745,0.00957286081720431
51-9151.00,19491,0.016675299258133644,0.005061877930394125
51-9151.00,19488,0.015647820187193528,0.00590335589878887
51-9151.00,19486,0.057774855488642515,0.00885179729902405
51-9151.00,19484,0.09109426713889181,0.0084549043059808
51-9151.00,19483,0.07708558027070574,0.009871531329296891
51-9151.00,19482,0.0039920032286253045,0.0018087674617258886
51-9151.00,19481,0.03221852507310826,0.0071539304718310475
51-9151.00,19480,0.04897357152727282,0.011765183695854643
51-9151.00,19479,0.05995923209529483,0.0106871395948685
51-9151.00,19478,0.017119118848897316,0.004790277996669257
51-9151.00,19477,0.040658596856660185,0.008379536700716896
51-9151.00,19476,0.06606472347272827,0.007430283850357358
51-9151.00,19474,0.02851587493789084,0.006234180434971865
51-9151.00,19473,0.01023672854716422,0.004447849036893533
51-9151.00,19472,0.03356492626117675,0.008915973868070338
51-9151.00,19471,0.06677272383806757,0.009479782564906052
51-9151.00,19470,0.02982756628008798,0.005499549097939681
51-9151.00,19469,0.0642253750010322,0.011424832968279579
51-9151.00,19468,0.02270466632528658,0.008779506077737913
51-9151.00,19467,0.014547495649802802,0.006394118800148412
51-9151.00,19466,0.05675057993429807,0.012621673667585447
51-9151.00,19465,0.08851089416874314,0.008182089765920117
51-5113.00,19464,0.013755818131462432,0.010017292707010616
51-5113.00,19463,0.06308578744006711,0.019927958602077012
51-5113.00,19462,0.05118503658321627,0.011856606405978274
51-5113.00,19461,0.04846479644252803,0.01066870785806699
51-5113.00,19460,0.08832457847525842,0.019128462643585108
51-5113.00,19459,0.06883400039786117,0.012065752804582273
51-5113.00,19458,0.08684965490599855,0.017678554727096864
51-5113.00,19457,0.05735841791973147,0.011638404090889126
51-5113.00,19456,0.051377156013685074,0.013264211913028937
51-5113.00,19455,0.05028592944361422,0.012424977186359735
51-5113.00,19454,0.013676798070192262,0.007434740981554165
51-5113.00,19453,0.08058708832002577,0.015585144008345196
51-5113.00,19452,0.0148798451233811,0.00816245706386671
51-5113.00,19451,0.007119697164513134,0.002503334731300481
51-5113.00,19450,0.06696323149466663,0.01153843644220175
51-5113.00,19449,0.01429864959063362,0.010567374350639076
51-5113.00,19448,0.06355887725063081,0.01687507669656718
51-5113.00,19447,0.03324165028132898,0.013137899877821215
51-5113.00,19446,0.008283131252623603,0.004444481709793484
51-5113.00,19445,0.022708574798527007,0.008342643271301976
51-5113.00,19444,0.0037721048288198618,0.0012902427181882914
51-5113.00,19443,0.02775469383666926,0.010009969454631356
51-5113.00,19442,0.029512941731198138,0.010401495976468866
51-5113.00,19441,0.02215764137262685,0.010792266118969253
51-5113.00,19440,0.011963899130740273,0.0037790473223399067
51-5112.00,19438,0.018308964803370974,0.005649754567217513
51-5112.00,19437,0.018357792400856398,0.006429951967137814
51-5112.00,19436,0.026903114381698415,0.006364697025442573
51-5112.00,19435,0.05371653534988759,0.005337573887380042
51-5112.00,19434,0.02113924007566869,0.005030223646006676
51-5112.00,19433,0.027335760925920598,0.006569674894977609
51-5112.00,19432,0.01626515202786395,0.005331630053107543
51-5112.00,19431,0.05588807985402631,0.006254464116792919
51-5112.00,19430,0.08226126760726835,0.009082681893959789
51-5112.00,19429,0.050882815887608505,0.007178407050678842
51-5112.00,19428,0.05285979469567491,0.006411335315529711
51-5112.00,19427,0.06528265950226221,0.009465223716379168
51-5112.00,19426,0.058787900307400644,0.007938780217811319
51-5112.00,19425,0.045667501347033804,0.007656324107270809
51-5112.00,19424,0.056718917369848916,0.009619685878197956
51-5112.00,19423,0.06979462316241337,0.006538348198630735
51-5112.00,19422,0.016766943160354906,0.00371468033030334
51-5112.00,19421,0.08694432875000702,0.006276411632174196
51-5112.00,19420,0.020588082785320507,0.004625077701039273
51-5112.00,19419,0.041689788932590864,0.00667823037532495
51-5112.00,19418,0.04089276984663478,0.005226929230345246
51-5112.00,19417,0.059996937732917345,0.009221312657320669
51-5112.00,19416,0.012951029093370906,0.003949709149231945
49-2021.00,19415,0.05787353850014527,0.021497848738645662
49-2021.00,19414,0.024918197794397995,0.005948039320190124
49-2021.00,19413,0.01493108830275186,0.005819032068728662
49-2021.00,19412,0.08234162818687504,0.02087528142930948
49-2021.00,19411,0.026909186436843736,0.008438178918586899
49-2021.00,19410,0.07201988254741172,0.028792244373234226
49-2021.00,19409,0.12219251635299337,0.037529300977560826
49-2021.00,19408,0.03527718792272033,0.016555520727391478
49-2021.00,19407,0.1782346070720841,0.031893303415482986
49-2021.00,19406,0.016895505222172428,0.007881108241704305
49-2021.00,19405,0.006706546458181383,0.002439693387922483
49-2021.00,19404,0.027369035038209182,0.0227307134514695
49-2021.00,19403,0.001337740476585954,0.00047018374096602665
49-2021.00,19402,0.034134230548909725,0.02262921284035583
49-2021.00,19401,0.15115981051191055,0.03677594850672675
49-2021.00,19400,0.017827440690330477,0.007163462334455328
49-2021.00,19399,0.012942756082985993,0.005970864714510826
49-2021.00,19398,0.11692910185449097,0.045263620716709266
31-9097.00,19396,0.05329795883531829,0.0
31-9097.00,19395,0.015815086037634537,0.0
31-9097.00,19394,0.019113458906799323,0.0
31-9097.00,19393,0.016898395782734353,0.0
31-9097.00,19392,0.047190563292460894,0.0
31-9097.00,19390,0.028000498459103847,0.0
31-9097.00,19389,0.05927382306023484,0.0
31-9097.00,19388,0.02080874865611758,0.0
31-9097.00,19387,0.03788134989958184,0.0
31-9097.00,19386,0.04229203687941689,0.0
31-9097.00,19385,0.05271459201853043,0.0
31-9097.00,19384,0.014357163002280226,0.0
31-9097.00,19383,0.009163171881880372,0.0
31-9097.00,19382,0.06921890851504917,0.0
31-9097.00,19381,0.07107067009691477,0.0
31-9097.00,19380,0.040945475858754535,0.0
31-9097.00,19379,0.09408852797363254,0.0
31-9097.00,19378,0.05061400609168843,0.0
31-9097.00,19377,0.0047205976214509315,0.0
31-9097.00,19376,0.033128102295558765,0.0
31-9097.00,19375,0.10262285530197625,0.0
31-9097.00,19374,0.08107499170330998,0.0
31-9097.00,19373,0.03570901782957126,0.0
31-1132.00,19371,0.016125117063563236,0.005965700801411229
31-1132.00,19370,0.02956602637890198,0.00817281416800336
31-1132.00,19369,0.0169150970466193,0.00704994211345375
31-1132.00,19368,0.03823062346231855,0.010546595440071959
31-1132.00,19367,0.04788801808869414,0.00903714561714042
31-1132.00,19366,0.138458634315809,0.012190880436610227
31-1132.00,19365,0.00417159044894128,0.0014156812214846004
31-1132.00,19363,0.018646839045280226,0.004920875534152632
31-1132.00,19362,0.02270256683749112,0.006074399416520497
31-1132.00,19361,0.0013226002979718648,0.0011325155939133798
31-1132.00,19360,0.0057080474025524635,0.0022656249231942805
31-1132.00,19359,0.008806486082677327,0.003714957674924817
31-1132.00,19358,0.02121846261502267,0.00782993849296611
31-1132.00,19357,0.12082884608101624,0.013529372236161297
31-1132.00,19356,0.11270881827136213,0.012343870347367775
31-1132.00,19355,0.050797099771387556,0.011948398837076895
31-1132.00,19354,0.034248885446423745,0.009505218744459734
31-1132.00,19353,0.11413374376258682,0.010894584412798647
31-1132.00,19352,0.035495590846492946,0.008518932810737212
31-1132.00,19351,0.06292524018259887,0.013202715049733986
31-1132.00,19350,0.07436084230304221,0.01480685190358938
31-1132.00,19349,0.02474082424924627,0.010483090878345987
31-1131.00,19348,0.006307062646726468,0.0029547904133805773
31-1131.00,19347,0.012090205500032264,0.0035264105083178446
31-1131.00,19346,0.04134883528253185,0.006263841400400215
31-1131.00,19345,0.01637431804577724,0.0052498797464338425
31-1131.00,19344,0.018117563904231374,0.003549396953519337
31-1131.00,19343,0.03009076983941056,0.005034936160048161
31-1131.00,19342,0.04036158886003821,0.006210567722933227
31-1131.00,19341,0.06454648524564732,0.006998121194369946
31-1131.00,19340,0.024861618806827843,0.00508097088384423
31-1131.00,19339,0.03754139325252991,0.006694280339540378
31-1131.00,19338,0.016246056566035953,0.005109699887092068
31-1131.00,19337,0.016939242188399387,0.005501821267528758
31-1131.00,19336,0.02239873284399988,0.0026418740129521877
31-1131.00,19335,0.025335623507853865,0.003692174745224666
31-1131.00,19334,0.02691917892196012,0.0037985296919883253
31-1131.00,19333,0.025309220237793976,0.004471933033694718
31-1131.00,19332,0.014271435431439746,0.003977979114562313
31-1131.00,19331,0.059012144271897396,0.004325053518667585
31-1131.00,19330,0.035825120620221966,0.0027023790533589175
31-1131.00,19329,0.014402099102521777,0.006793384672453028
31-1131.00,19328,0.0321903380389024,0.004212310991510444
31-1131.00,19327,0.038991258475847834,0.005763364121418993
31-1131.00,19326,0.028164355188250816,0.004085292739164582
31-1131.00,19325,0.04705223575979382,0.006487974742331619
31-1131.00,19324,0.038162630150987434,0.0037265598391558316
31-1131.00,19323,0.05048208346583786,0.005351894174543196
31-1131.00,19322,0.00879386759907828,0.003769065275635251
31-1131.00,19321,0.028490770955891347,0.0060548619990784406
31-1131.00,19320,0.03412705722305601,0.003702672391473465
31-1131.00,19319,0.027838122071304962,0.006012847139936928
31-1131.00,19318,0.011811489929565856,0.0033406041923965445
31-1131.00,19317,0.09457309101756853,0.009210023356105677
31-1131.00,19316,0.011024005048037779,0.003602753007053818
29-9093.00,19315,0.060969779120666964,0.010447566635986404
29-9093.00,19314,0.0178802307063615,0.005523108200146814
29-9093.00,19313,0.016887293086365048,0.004226414782507207
29-9093.00,19312,0.05332836941465468,0.013726014360613572
29-9093.00,19311,0.024607297084869088,0.007039816037406052
29-9093.00,19310,0.05008193282842218,0.009192207601990096
29-9093.00,19309,0.0054804209531989,0.0019025392099718704
29-9093.00,19308,0.04266052939274012,0.009139920844667736
29-9093.00,19307,0.04800908323029282,0.008364879020685844
29-9093.00,19306,0.050482367583351485,0.007944243039927768
29-9093.00,19305,0.0018674999287617803,0.0011676473537906998
29-9093.00,19304,0.0018503846855396028,0.0014327465808419446
29-9093.00,19303,0.010767861265669438,0.004384265549961051
29-9093.00,19302,0.04599914172830398,0.008472616347151095
29-9093.00,19301,0.011825105615160245,0.00348509869834706
29-9093.00,19300,0.03408255386332697,0.008328811643095861
29-9093.00,19299,0.09289961024973391,0.008833538405785036
29-9093.00,19298,0.07665694818885656,0.007715705430739563
29-9093.00,19297,0.003492737885115031,0.001849093226436874
29-9093.00,19296,0.03930263199513355,0.006024455650629983
29-9093.00,19295,0.028614247848534,0.004697733976164159
29-9093.00,19294,0.05369694412896445,0.006254075154647859
29-9093.00,19293,0.05744607731145331,0.0064693253596492094
29-9093.00,19292,0.03651118293104243,0.00873207769476792
29-9093.00,19291,0.016692618462901244,0.004296763741441271
29-9093.00,19290,0.03907283201337296,0.0053280896779889
29-9093.00,19289,0.04042371673843984,0.006576072986068532
29-9093.00,19288,0.03841060175876794,0.004966582155141069
29-2099.05,19287,0.07841620591683539,0.0
29-2099.05,19286,0.01690067392252011,0.0
29-2099.05,19285,0.010792479943971716,0.0
29-2099.05,19284,0.0021677611237241666,0.0
29-2099.05,19283,0.007799896618762902,0.0
29-2099.05,19282,0.002361761110820736,0.0
29-2099.05,19281,0.02806668048018911,0.0
29-2099.05,19280,0.02672153381296712,0.0
29-2099.05,19279,0.023997257138835302,0.0
29-2099.05,19278,0.040533805942957746,0.0
29-2099.05,19277,0.009647600809173859,0.0
29-2099.05,19276,0.0008957865998653483,0.0
29-2099.05,19275,0.07841620591683539,0.0
29-2099.05,19274,0.02396339152583027,0.0
29-2099.05,19273,0.02790768221265646,0.0
29-2099.05,19272,0.019698336102796383,0.0
29-2099.05,19271,0.07788770402582644,0.0
29-2099.05,19270,0.021619597779526722,0.0
29-2099.05,19269,0.02128251251254037,0.0
29-2099.05,19268,0.07375659599885824,0.0
29-2099.05,19267,0.020484672289498462,0.0
29-2099.05,19266,0.0495261448215984,0.0
29-2099.05,19265,0.025102783933847808,0.0
29-2099.05,19264,0.017978868848666937,0.0
29-2099.05,19263,0.05837052412787073,0.0
29-2099.05,19262,0.006523005020754185,0.0
29-2099.05,19261,0.051060533428302385,0.0
29-2099.05,19260,0.015897539925575,0.0
29-2099.05,19259,0.07841620591683539,0.0
29-2057.00,19258,0.053378634395548546,0.0
29-2057.00,19257,0.10970620884519988,0.0
29-2057.00,19256,0.01357072370873679,0.0
29-2057.00,19255,0.016671301189278852,0.0
29-2057.00,19254,0.0015214528032505609,0.0
29-2057.00,19253,0.0027196499703804043,0.0
29-2057.00,19252,0.10908551816592446,0.0
29-2057.00,19251,0.05047241690978038,0.0
29-2057.00,19250,0.10418651343511222,0.0
29-2057.00,19249,0.10970620884519988,0.0
29-2057.00,19248,0.10025952394793375,0.0
29-2057.00,19247,0.01756001532630504,0.0
29-2057.00,19246,0.007479120344678229,0.0
29-2057.00,19245,0.043159415240710375,0.0
29-2057.00,19244,0.07862756479162156,0.0
29-2057.00,19243,0.01697375382298322,0.0
29-2057.00,19242,0.0054570961771495865,0.0
29-2057.00,19241,0.015548427874681478,0.0
29-2057.00,19240,0.041478286650022365,0.0
29-2057.00,19239,0.10243816755550239,0.0
29-2035.00,19238,0.04099614135611244,0.0
29-2035.00,19237,0.012877823474834415,0.0
29-2035.00,19236,0.07762156642190321,0.0
29-2035.00,19235,0.008261533018371178,0.0
29-2035.00,19233,0.048822893895430056,0.0
29-2035.00,19232,0.01272718612993981,0.0
29-2035.00,19231,0.012009817037642803,0.0
29-2035.00,19230,0.005787679156440463,0.0
29-2035.00,19229,0.011657658119216461,0.0
29-2035.00,19228,0.08341604439095818,0.0
29-2035.00,19227,0.08225129574943163,0.0
29-2035.00,19226,0.07004357290886555,0.0
29-2035.00,19225,0.08225129574943163,0.0
29-2035.00,19224,0.05413746942311191,0.0
29-2035.00,19223,0.02495291072296482,0.0
29-2035.00,19222,0.054915451841653924,0.0
29-2035.00,19221,0.019365833876079777,0.0
29-2035.00,19220,0.05995070004803816,0.0
29-2035.00,19219,0.021955666437771526,0.0
29-2035.00,19218,0.07819815383683973,0.0
29-2035.00,19217,0.018363696321239693,0.0
29-2035.00,19216,0.010645539132990359,0.0
29-1128.00,19215,0.03417765175693208,0.0
29-1128.00,19214,0.017701164036357936,0.0
29-1128.00,19213,0.01808423701630899,0.0
29-1128.00,19212,0.012803643684439907,0.0
29-1128.00,19211,0.00328683893435906,0.0
29-1128.00,19210,0.0057882421685177465,0.0
29-1128.00,19209,0.005888804591449972,0.0
29-1128.00,19208,0.015874599300694396,0.0
29-1128.00,19207,0.05966731801228058,0.0
29-1128.00,19206,0.005806200922287954,0.0
29-1128.00,19205,0.021050006530688007,0.0
29-1128.00,19204,0.009213954306435802,0.0
29-1128.00,19203,0.05603146591645993,0.0
29-1128.00,19202,0.014772251789362218,0.0
29-1128.00,19201,0.1116139732348808,0.0
29-1128.00,19200,0.10528559168878572,0.0
29-1128.00,19199,0.07449063068674788,0.0
29-1128.00,19198,0.022759604703615145,0.0
29-1128.00,19197,0.016081267067156103,0.0
29-1128.00,19196,0.016317477620537105,0.0
29-1128.00,19195,0.11170069754215536,0.0
29-1128.00,19194,0.05186535421658289,0.0
29-1128.00,19193,0.0895619308901465,0.0
29-1128.00,19192,0.09242340647367712,0.0
29-1128.00,19191,0.02775368690914084,0.0
29-1129.02,19190,0.02514665375741164,0.0
29-1129.02,19189,0.010330443768052174,0.0
29-1129.02,19188,0.04365515573201544,0.0
29-1129.02,19187,0.011068521583799123,0.0
29-1129.02,19186,0.0012832058047977921,0.0
29-1129.02,19185,0.0006522286365137836,0.0
29-1129.02,19184,0.02348571454955567,0.0
29-1129.02,19183,0.003887419164506685,0.0
29-1129.02,19182,0.048353795205225085,0.0
29-1129.02,19181,0.07542491819315658,0.0
29-1129.02,19180,0.03710249909299566,0.0
29-1129.02,19179,0.08006370239717779,0.0
29-1129.02,19178,0.09744315332891472,0.0
29-1129.02,19177,0.05362050934565423,0.0
29-1129.02,19176,0.05604822318435447,0.0
29-1129.02,19175,0.06098033889866077,0.0
29-1129.02,19174,0.030803730016250964,0.0
29-1129.02,19173,0.026846167408301296,0.0
29-1129.02,19172,0.04546708469927252,0.0
29-1129.02,19171,0.07649877229428652,0.0
29-1129.02,19170,0.04493116822269957,0.0
29-1129.02,19169,0.013149195337510333,0.0
29-1129.02,19168,0.02965131795454249,0.0
29-1129.02,19167,0.043425045726269096,0.0
29-1129.02,19166,0.015436546218817506,0.0
29-1129.02,19165,0.008914171470780009,0.0
29-1129.02,19164,0.004705392910820402,0.0
29-1129.01,19163,0.007476016649377387,0.0
29-1129.01,19162,0.022411060741471225,0.0
29-1129.01,19161,0.07819272961687461,0.0
29-1129.01,19160,0.006016253263278049,0.0
29-1129.01,19159,0.00600806103658283,0.0
29-1129.01,19158,0.03649191521932811,0.0
29-1129.01,19157,0.00031237169461765125,0.0
29-1129.01,19156,0.0007689456512868257,0.0
29-1129.01,19155,0.0010734863781902877,0.0
29-1129.01,19154,0.05629557337995613,0.0
29-1129.01,19153,0.10039671790135307,0.0
29-1129.01,19152,0.019376324936371942,0.0
29-1129.01,19151,0.09519109946757298,0.0
29-1129.01,19150,0.05896101849851542,0.0
29-1129.01,19149,0.05070738845140934,0.0
29-1129.01,19148,0.02919504005994165,0.0
29-1129.01,19147,0.04712090864120227,0.0
29-1129.01,19146,0.08042302143842593,0.0
29-1129.01,19145,0.036243123602991964,0.0
29-1129.01,19144,0.02593033892229389,0.0
29-1129.01,19143,0.09150208942471673,0.0
29-1129.01,19142,0.025016097974090587,0.0
29-1129.01,19141,0.0749963092883908,0.0
29-1129.01,19140,0.04019041574269715,0.0
29-1129.01,19139,0.009703692019063273,0.0
25-2051.00,19098,0.022908719008699993,0.0051804622894560505
25-2051.00,19097,0.004229589296275123,0.0009158820909527959
25-2051.00,19096,0.007980342836542156,0.001997116849300516
25-2051.00,19095,0.015170644502876054,0.003867006868619602
25-2051.00,19094,0.005893888390600154,0.003198849370207354
25-2051.00,19093,0.02387158485597051,0.004052781155380773
25-2051.00,19092,0.006656549722369625,0.0033903075356800836
25-2051.00,19091,0.014114230331122884,0.005258662582510669
25-2051.00,19090,0.009220581238180777,0.003808189719980134
25-2051.00,19089,0.011680332908125595,0.003949275053412527
25-2051.00,19088,0.004856984944058503,0.003431924569981679
25-2051.00,19087,0.006366262305536215,0.001949602342813246
25-2051.00,19086,0.03701588151731268,0.006101568076177595
25-2051.00,19085,0.07255588171444559,0.004529706875308959
25-2051.00,19084,0.0700629900439663,0.00842144576415104
25-2051.00,19083,0.02023171702594517,0.0038709505969889715
25-2051.00,19082,0.025210637344283457,0.00400220932852777
25-2051.00,19081,0.01774657733857096,0.004716339525930655
25-2051.00,19080,0.012016442554077618,0.004084459014961233
25-2051.00,19079,0.020000298790516426,0.003534662274310073
25-2051.00,19078,0.009502739085239223,0.003752298857263747
25-2051.00,19077,0.02784753723383032,0.004033301979051672
25-2051.00,19076,0.04186024517841303,0.0068195591851067635
25-2051.00,19075,0.019529876426893963,0.004416949945624199
25-2051.00,19074,0.020923041120859315,0.005451943249035741
25-2051.00,19073,0.04971366721259204,0.005663199489353308
25-2051.00,19072,0.056729473338003225,0.007517372003675291
25-2051.00,19071,0.03402323790799705,0.0059087302434854515
25-2051.00,19070,0.051083967264860045,0.005272701332821124
25-2051.00,19069,0.07233936337746204,0.007309983944926154
25-2051.00,19068,0.03819847300636697,0.004439908259594267
25-2051.00,19067,0.004552101083529785,0.003718314532678847
25-2051.00,19066,0.011715498209321199,0.004434635602599774
25-2051.00,19065,0.07418732256689105,0.008046414053847664
25-2051.00,19064,0.053737307451949226,0.008188580340028291
25-2051.00,19063,0.026266012866315688,0.0058828198442220404
23-1012.00,19062,0.004902078723440796,0.0043719711260647555
23-1012.00,19061,0.04044469726147455,0.010275928930120425
23-1012.00,19060,0.009844191409020951,0.006098105428710414
23-1012.00,19059,0.0026114111978419972,0.0017988434901478575
23-1012.00,19058,0.002358999597745215,0.0015637789681881504
23-1012.00,19056,0.020305146554817136,0.010050503728971164
23-1012.00,19052,0.14859870923296126,0.030900228649964646
23-1012.00,19051,0.22511573747888508,0.027026177152553486
23-1012.00,19050,0.2178538928621682,0.028124562775046304
23-1012.00,19049,0.014477522675573654,0.010919362886678977
23-1012.00,19048,0.021488334748106817,0.010076211751928908
23-1012.00,19047,0.13733606610752855,0.02829633575272281
23-1012.00,19046,0.10847952158053614,0.02351765370783457
23-1012.00,19045,0.027556680596852456,0.012996168638596048
23-1012.00,19044,0.01862700997304721,0.004322769801773365
21-1094.00,19042,0.0012530088397064295,0.0007826876813513305
21-1094.00,19041,0.025360363807090235,0.007899172066805401
21-1094.00,19040,0.04216283581916199,0.011929839332692494
21-1094.00,19038,0.03606867741368479,0.01708152864345564
21-1094.00,19036,0.0487592418669099,0.008413601429075226
21-1094.00,19032,0.04867833560499625,0.02480801963962911
21-1094.00,19031,0.24125064228954532,0.052762563790394366
21-1094.00,19030,0.03903680254462041,0.01349199385901766
21-1094.00,19029,0.029736442421854914,0.015205219404000339
21-1094.00,19028,0.07536523285310612,0.02440735105943257
21-1094.00,19027,0.04048989829246745,0.012293947320884104
21-1094.00,19025,0.007464385528344505,0.004339466361829672
21-1094.00,19024,0.020299013056942282,0.008812061580544834
21-1094.00,19023,0.06102878188921307,0.021026184267937648
21-1094.00,19021,0.05008215524363856,0.022879909174748535
21-1094.00,19019,0.06097815914749861,0.012771637056615649
21-1094.00,19017,0.17198602338121913,0.02679925634641772
15-1231.00,19014,0.03572635662423494,0.013645191582561314
15-1231.00,19013,0.030287581188098805,0.009588813109021897
15-1231.00,19012,0.0025070570798432154,0.0005894700279067014
15-1231.00,19011,0.015049594558570654,0.0037496745581200638
15-1231.00,19010,0.07681275120605528,0.017801927268166377
15-1231.00,19009,0.02136734537818761,0.006212385968918818
15-1231.00,19008,0.03225295591107738,0.012977276629012437
15-1231.00,19007,0.07883273184598567,0.016458016862984606
15-1231.00,19006,0.010193676364835811,0.0022344686321662988
15-1231.00,19005,0.0057891057827676165,0.0011485160483752205
15-1231.00,19004,0.040930792409611394,0.0058295688096359315
15-1231.00,19003,0.017219869955418368,0.005013736296270115
15-1231.00,19002,0.058049034898488616,0.01884375944266874
15-1231.00,19001,0.015612464336560586,0.005118825657778626
15-1231.00,19000,0.016760375219849098,0.0038752649481493184
15-1231.00,18999,0.007918638757271347,0.0028007606258581767
15-1231.00,18998,0.025718266993320124,0.014460218761568017
15-1231.00,18997,0.03106268564228806,0.015892380086930558
15-1231.00,18996,0.02574640972403438,0.01559859689051822
15-1231.00,18995,0.06926646844150501,0.01953843660245517
15-1231.00,18994,0.061816773976800424,0.018330343751991062
15-1231.00,18993,0.07112791982566562,0.016432765246306883
15-1231.00,18992,0.043934597141103836,0.019624916511112603
15-1231.00,18991,0.07305322935825141,0.01823325366346922
15-1231.00,18990,0.0554181171946123,0.019288932422731022
15-1231.00,18989,0.07754520018556242,0.01905710272578009
15-1241.00,18988,0.06552626313819333,0.0
15-1241.00,18987,0.005661957018168586,0.0
15-1241.00,18986,0.02011186269060981,0.0
15-1241.00,18985,0.05977444305804635,0.0
15-1241.00,18984,0.00333271131708192,0.0
15-1241.00,18983,0.00829971164846352,0.0
15-1241.00,18982,0.01578084579016202,0.0
15-1241.00,18981,0.01617529432070383,0.0
15-1241.00,18980,0.005122000603643367,0.0
15-1241.00,18979,0.05312497772615984,0.0
15-1241.00,18978,0.022598777220830427,0.0
15-1241.00,18977,0.08501339815480365,0.0
15-1241.00,18976,0.018954829802000056,0.0
15-1241.00,18975,0.013757284050043323,0.0
15-1241.00,18974,0.010877561083607264,0.0
15-1241.00,18973,0.01522323309275716,0.0
15-1241.00,18972,0.002825858862721993,0.0
15-1241.00,18971,0.0881086526432954,0.0
15-1241.00,18970,0.009359148779460345,0.0
15-1241.00,18969,0.02214786854385606,0.0
15-1241.00,18968,0.0033784180192070914,0.0
15-1241.00,18967,0.02173287639530345,0.0
15-1241.00,18966,0.018318227204139077,0.0
15-1241.00,18965,0.05952093627445153,0.0
15-1241.00,18964,0.04123183829672038,0.0
15-1241.00,18963,0.01824212674922543,0.0
15-1241.00,18962,0.025892954885181684,0.0
15-1241.00,18961,0.013360912037433243,0.0
15-1241.00,18960,0.03609557309970637,0.0
15-1241.00,18959,0.04246585303530289,0.0
15-1241.00,18958,0.10019625914836755,0.0
15-1241.00,18957,0.045601460715398404,0.0
15-1241.00,18956,0.032185884594954674,0.0
13-2071.00,18955,0.003979354987331905,0.0
13-2071.00,18954,0.0047111438306448004,0.0
13-2071.00,18953,0.017623606866188916,0.0
13-2071.00,18952,0.055732956432623604,0.0
13-2071.00,18951,0.011777752094740156,0.0
13-2071.00,18950,0.02841071582602708,0.0
13-2071.00,18949,0.006702295767557671,0.0
13-2071.00,18948,0.033008201279882174,0.0
13-2071.00,18947,0.022492427278358686,0.0
13-2071.00,18946,0.03731696411037947,0.0
13-2071.00,18945,0.06028913426188209,0.0
13-2071.00,18944,0.05443227402434917,0.0
13-2071.00,18943,0.05333265473249135,0.0
13-2071.00,18942,0.05514784855189801,0.0
13-2071.00,18941,0.033424994431370265,0.0
13-2071.00,18940,0.06172784954581861,0.0
13-2071.00,18939,0.07434353006384367,0.0
13-2071.00,18938,0.06763439196907867,0.0
13-2071.00,18937,0.045994123224560486,0.0
13-2071.00,18936,0.06783809326484648,0.0
13-2071.00,18935,0.06851206387098589,0.0
13-2071.00,18934,0.07067320555977315,0.0
13-2071.00,18933,0.0648944180253676,0.0
13-1131.00,18932,0.010198468886359202,0.0
13-1131.00,18931,0.05429366203269393,0.0
13-1131.00,18930,0.0018252324188004468,0.0
13-1131.00,18929,0.0009517414106613163,0.0
13-1131.00,18928,0.0044118819569994375,0.0
13-1131.00,18927,0.003462811466320871,0.0
13-1131.00,18926,0.06133798763578849,0.0
13-1131.00,18925,0.004367003580545475,0.0
13-1131.00,18924,0.0054967221385814145,0.0
13-1131.00,18923,0.07469541268834708,0.0
13-1131.00,18922,0.08308862620731702,0.0
13-1131.00,18921,0.007087306687985296,0.0
13-1131.00,18920,0.0058724913647352,0.0
13-1131.00,18919,0.0803511632511,0.0
13-1131.00,18918,0.018987796053571784,0.0
13-1131.00,18917,0.14188682159542348,0.0
13-1131.00,18916,0.04604628806054439,0.0
13-1131.00,18915,0.030877883348931354,0.0
13-1131.00,18914,0.06503274128141566,0.0
13-1131.00,18913,0.0024777532351689187,0.0
13-1131.00,18912,0.06757364374097026,0.0
13-1131.00,18911,0.05353245198064928,0.0
13-1131.00,18910,0.007999696558582322,0.0
13-1131.00,18909,0.0013496706388651232,0.0
13-1131.00,18908,0.01726952299890548,0.0
13-1131.00,18907,0.10869876263606924,0.0
13-1131.00,18906,0.008050514850319995,0.0
13-1131.00,18905,0.03277594129434764,0.0
13-1075.00,18904,0.014572137429980191,0.0
13-1075.00,18903,0.0061036130686153945,0.0
13-1075.00,18902,0.08442147800596612,0.0
13-1075.00,18901,0.0030706950630110877,0.0
13-1075.00,18900,0.022065651225619747,0.0
13-1075.00,18899,0.012235361577235877,0.0
13-1075.00,18898,0.002997925368693795,0.0
13-1075.00,18897,0.008622014543425583,0.0
13-1075.00,18896,0.02036882616380806,0.0
13-1075.00,18895,0.015105608882397498,0.0
13-1075.00,18894,0.02332322364502364,0.0
13-1075.00,18893,0.16496735926156292,0.0
13-1075.00,18892,0.019027360095863904,0.0
13-1075.00,18891,0.02940026242390313,0.0
13-1075.00,18890,0.01991778721707307,0.0
13-1075.00,18889,0.003618078712605286,0.0
13-1075.00,18888,0.002596069791800598,0.0
13-1075.00,18887,0.0008427589685842241,0.0
13-1075.00,18886,0.016960413755226278,0.0
13-1075.00,18885,0.049602545442588096,0.0
13-1075.00,18884,0.12264559789843656,0.0
13-1075.00,18883,0.18028146462026912,0.0
13-1075.00,18882,0.061877895467486094,0.0
13-1075.00,18881,0.010411429588035358,0.0
13-1075.00,18880,0.010448983512921122,0.0
13-1075.00,18879,0.012897855736972145,0.0
13-1075.00,18878,0.04325731458517927,0.0
13-1075.00,18877,0.03836028794771587,0.0
13-1071.00,18876,0.08612753107116389,0.022573340456167726
13-1071.00,18875,0.005494621582013477,0.0021967676463284097
13-1071.00,18874,0.022166360782311538,0.013944195127700565
13-1071.00,18873,0.01414006282523143,0.012209637847515489
13-1071.00,18872,0.06017576716646194,0.027263595613214998
13-1071.00,18871,0.07837055319937826,0.02767918959740881
13-1071.00,18870,0.015489353385838133,0.008959172478162962
13-1071.00,18869,0.02314290284666768,0.013264404116243488
13-1071.00,18868,0.12363317543924043,0.030871115335293742
13-1071.00,18867,0.01227267034105951,0.0036196008391080965
13-1071.00,18866,0.05871036812439363,0.013032047635235567
13-1071.00,18865,0.05471067595474058,0.018918752758902438
13-1071.00,18864,0.029391568376575687,0.010937652055869555
13-1071.00,18863,0.011780808848407601,0.0035747341524107095
13-1071.00,18862,0.03862493546751195,0.017183269281059975
13-1071.00,18861,0.08183764188812524,0.014847684872793806
13-1071.00,18860,0.04049478046776514,0.012829545729502944
13-1071.00,18859,0.0754314370308936,0.02629325795808676
13-1071.00,18858,0.02723824847737285,0.01356121270793599
13-1071.00,18857,0.043835043187195555,0.01585621325483742
13-1071.00,18856,0.007924517811166494,0.002512854117457131
13-1071.00,18855,0.013079088981415882,0.006277640454976452
13-1071.00,18854,0.004849614566393454,0.0018861695443775576
13-1071.00,18853,0.030033155215330683,0.014658293535770493
13-1071.00,18852,0.011976831865182721,0.0039060339163050264
11-9171.00,18851,0.04442518038824019,0.006273705047796386
11-9171.00,18850,0.001108834722557721,0.0002963050846847504
11-9171.00,18849,0.032973622090756424,0.009238817501184547
11-9171.00,18848,0.017150665698404698,0.0046679975714771236
11-9171.00,18847,0.02389884701114238,0.008296377542157129
11-9171.00,18846,0.08345998941145305,0.019190561099546873
11-9171.00,18845,0.01015184705781775,0.0036575817414321757
11-9171.00,18844,0.011369858799484737,0.003934170785304145
11-9171.00,18843,0.07147918144403753,0.013095915126925435
11-9171.00,18842,0.09129042125973413,0.0159109908022047
11-9171.00,18841,0.018506726731706377,0.0047750228309714
11-9171.00,18840,0.02970988956674987,0.00679801387902434
11-9171.00,18839,0.0051583387432634735,0.002386385683775092
11-9171.00,18838,0.005380189685128765,0.0018253389994283154
11-9171.00,18837,0.06198657044604198,0.012667104713941687
11-9171.00,18836,0.02822878744686365,0.010654295238511788
11-9171.00,18835,0.0991827046920562,0.023573104553658363
11-9171.00,18834,0.052908497253656456,0.003968189158027561
11-9171.00,18833,0.09573573826221314,0.017679517473709206
11-9171.00,18832,0.13359852751792184,0.032090901092405075
11-9171.00,18831,0.0020867727792399015,0.0004767790819951392
11-9171.00,18830,0.0077701238775394425,0.0037052492918215442
53-3052.00,18799,0.03525560733106589,0.0050052898873380325
53-3052.00,18798,0.09942286673926645,0.01538234541078752
53-3052.00,18797,0.05436341052689706,0.00790865846567458
53-3052.00,18796,0.04091388461015423,0.0076290675256112574
53-3052.00,18795,0.08352129079318436,0.00968627214015114
53-3052.00,18794,0.15116268457325388,0.010296860525403
49-9094.00,18793,0.03661070304646116,0.0
49-9094.00,18792,0.00747928054161437,0.0
49-9094.00,18791,0.08495474389300883,0.0
49-9094.00,18790,0.03233251324228273,0.0
49-9094.00,18789,0.17879846700118582,0.0
49-9044.00,18788,0.03213760564878342,0.0
49-9044.00,18787,0.03655935526008132,0.0
49-9044.00,18786,0.038394959384343105,0.0
49-9044.00,18785,0.05247413730918564,0.0
47-4051.00,18784,0.10586080568122877,0.026346316366813772
47-4051.00,18783,0.05934635482766324,0.011211670765606412
43-6012.00,18780,0.020711206249987762,0.011344282455002234
43-4121.00,18779,0.00048246996847636504,0.00020827080875879315
43-4121.00,18778,0.003012730357144287,0.0012622851136698775
43-4121.00,18777,0.0007817279959530259,0.00041943338074425165
43-4121.00,18776,0.008366777879305362,0.0015602430586180948
43-4121.00,18775,0.01355345503899733,0.004968944806157015
43-4121.00,18774,0.04345222667594074,0.007696330871663076
43-4121.00,18773,0.06062736834315184,0.01122653715723498
43-4121.00,18772,0.029681926790188714,0.0059115916939036575
43-4121.00,18771,0.01643972640725337,0.0060188251743301955
43-4121.00,18770,0.08151691735340708,0.01223110817945742
43-4121.00,18769,0.01819251040288035,0.0009420483430612512
41-2011.00,18768,0.017763332947760786,0.00633488346063208
41-2011.00,18767,0.022041124879418783,0.007358961958051368
41-2011.00,18766,0.03990855422328353,0.016275055006345154
41-2011.00,18765,0.04494351727056774,0.010822538439570047
39-9011.00,18764,0.02124140660101883,0.004588172743012169
39-9011.00,18763,0.00891946346667616,0.0032594301155000737
39-9011.00,18762,0.022485918631656315,0.008274879008543545
39-9011.00,18761,0.044291538694716345,0.008723390737974976
39-9011.00,18760,0.021108969100348148,0.0038515449989513593
39-9011.00,18759,0.022710739383129206,0.007841817424838728
39-9011.00,18758,0.03263722340729063,0.0031404711149194756
39-9011.00,18757,0.04547823918936077,0.009108206079639506
39-9011.00,18756,0.09119532598890563,0.008646608436405608
35-9031.00,18754,0.04677746203189581,0.008717648470082728
35-9031.00,18753,0.03879353781781758,0.010175165851614777
35-9031.00,18752,0.06616717502139535,0.010134831613452942
35-9031.00,18751,0.062177997891705875,0.009014778320758345
35-9031.00,18750,0.07020660673340408,0.009229938032188016
35-9031.00,18749,0.09019363093639028,0.009137056611430562
35-3031.00,18748,0.020145813929691465,0.007592136922451316
35-3031.00,18747,0.04079183798594885,0.006088170970118416
35-3031.00,18746,0.04120875324593133,0.0075878284996551935
35-3031.00,18745,0.061955411459483925,0.003695747955177996
35-3031.00,18744,0.0442133181331795,0.005571917638905296
35-3011.00,18735,0.05694431643396715,0.013696588261919348
35-2021.00,18734,0.028735319555888976,0.00497682544567714
35-2021.00,18732,0.025457025582058406,0.006518826985559951
35-2021.00,18731,0.03973161669820213,0.014069825075285586
35-2021.00,18730,0.03768352728953494,0.012674087459058184
35-2021.00,18729,0.03479665994139229,0.01234706661020074
35-2021.00,18728,0.09302303542259377,0.011728842116945309
35-2015.00,18727,0.10129942423093155,0.01737009283758298
35-2015.00,18726,0.12953683199895502,0.021969054840367347
35-2015.00,18725,0.11267592065797478,0.021760615241992267
35-2014.00,18724,0.06580868927333465,0.014067095022635489
35-2014.00,18723,0.08115583731609033,0.01209071959506589
35-2014.00,18722,0.09546946140804587,0.010198942837497773
35-1012.00,18721,0.037006565959763406,0.014738327964848523
35-1012.00,18720,0.03886626176843143,0.017693907034451287
35-1012.00,18719,0.040080724396049254,0.014899822624117216
35-1012.00,18718,0.08347423330332068,0.02038197541642613
35-1012.00,18717,0.031220696046929557,0.012737323878305576
35-1012.00,18715,0.09178938184622702,0.017196147018895748
33-3021.02,18713,0.055876125207267986,0.02495139003988562
33-3021.02,18712,0.00906086929405234,0.005166747683970423
33-3021.02,18711,0.022021082892156568,0.005745529853550497
33-3021.02,18710,0.12370436780544063,0.04311848210508569
33-3021.02,18709,0.10858700228594087,0.039157747943948135
33-3021.02,18708,0.21026984452518388,0.044623016186768845
31-9095.00,18704,0.02700487394143012,0.005908927002639593
31-9093.00,18703,0.07272886851384178,0.013616037156675552
31-9093.00,18702,0.04487143834657048,0.010266300164474074
31-2011.00,18701,0.008265253231688143,0.0030125273053136985
31-2011.00,18700,0.008589909700214959,0.004236579095351691
31-2011.00,18699,0.06920305240343226,0.009638830710249189
31-1133.00,18698,0.0550391203927547,0.008212432137434486
31-1133.00,18697,0.07004559496721957,0.012015172985380537
31-1133.00,18696,0.11926743639943034,0.02370603591403995
31-1121.00,18695,0.05192239757399649,0.007654322334143399
31-1121.00,18694,0.08981706922794712,0.011173176204329642
29-9091.00,18693,0.02133922608119945,0.012870668417950776
29-9091.00,18692,0.00541955753505344,0.001736944252447216
29-9091.00,18691,0.10065031442412946,0.01662498070617726
29-1181.00,18690,0.1448977223919589,0.0
29-1181.00,18689,0.03901712959315521,0.0
29-1181.00,18688,0.033193752188829174,0.0
29-1181.00,18687,0.004981946137158907,0.0
29-1181.00,18686,0.07098980283408127,0.0
29-1181.00,18685,0.021392665609234234,0.0
29-1181.00,18684,0.07244031042672446,0.0
29-1181.00,18683,0.007240500490729757,0.0
29-1181.00,18682,0.03488480705478987,0.0
29-1181.00,18681,0.09462363584150774,0.0
29-1181.00,18680,0.04256503449134047,0.0
29-1181.00,18679,0.0046786650105838075,0.0
29-1181.00,18678,0.09462363584150774,0.0
29-1181.00,18677,0.026013137364171914,0.0
29-1181.00,18676,0.01670345634551979,0.0
29-1181.00,18675,0.001016654982808891,0.0
29-1181.00,18674,0.026746661835929074,0.0
29-1181.00,18673,0.08970096938464175,0.0
29-1181.00,18672,0.062103677168749025,0.0
27-4031.00,18671,0.008014146628198788,0.004501015029288189
27-4031.00,18670,0.0038058285824406823,0.0019309007516118554
27-4031.00,18669,0.025085139236350418,0.016783685848484067
27-4031.00,18668,0.02513495871636952,0.018203222237181155
27-4031.00,18667,0.0082465583354557,0.005174285630571483
27-4031.00,18666,0.04916671155900632,0.0149561658858826
27-4031.00,18665,0.04759794938646158,0.01932263707371781
27-4031.00,18664,0.058800242936829734,0.019132747848706985
27-4031.00,18663,0.0850765169261979,0.027858104763421935
27-4014.00,18662,0.05545093625678126,0.0
27-4014.00,18661,0.03762649947908111,0.0
27-4014.00,18660,0.030471195078477946,0.0
27-4012.00,18658,0.018123552086800453,0.011182098829327362
27-4012.00,18657,0.02596947899249775,0.010521218572537754
27-4012.00,18656,0.017905008808464868,0.005344266225830435
27-4012.00,18655,0.06600866965104848,0.020434020898786338
27-4012.00,18654,0.1294450417071191,0.023241653534567173
27-4012.00,18653,0.0837087859466093,0.025801431583404033
27-4011.00,18652,0.027265393094258565,0.017387887791163077
27-4011.00,18651,0.032822001521629375,0.0183424367883558
27-4011.00,18650,0.08821496168175222,0.03053654731607377
27-4011.00,18649,0.04635961684629217,0.016936142524887936
25-4013.00,18646,0.0009352531927075303,0.00033233655266536115
25-4013.00,18645,0.009182646527854933,0.0069500122266092515
25-4013.00,18644,0.07807509161696394,0.02407691843813169
25-4013.00,18643,0.02422615044392507,0.01226698393342169
25-4012.00,18642,0.04755818774836714,0.010573296311924081
25-4012.00,18641,0.12044999062687527,0.0215926022670631
25-2022.00,18640,0.006356190760462192,0.0023011184493272863
25-2022.00,18639,0.004355193778257468,0.0008358978369788854
25-2022.00,18638,0.03013701813203302,0.008931837353598284
21-1012.00,18635,0.008467417179511914,0.002432014558817189
21-1012.00,18634,0.03937381497973116,0.015038427280992566
21-1012.00,18633,0.00409870496580584,0.0021280589670720487
21-1012.00,18632,0.04222826661021941,0.014195666169545127
21-1012.00,18631,0.007019509352579466,0.003371970037516079
21-1012.00,18630,0.0126397826028454,0.002136290646947291
21-1012.00,18629,0.00867960041660607,0.0037410495945860603
21-1012.00,18628,0.008342921439102207,0.002485143588380275
21-1012.00,18627,0.09273550395796565,0.014640276200712758
21-1012.00,18626,0.00577108961073765,0.0018425598508229656
21-1012.00,18625,0.036428646323857054,0.007888751474106729
21-1012.00,18624,0.03974623106404723,0.01327553175779545
21-1011.00,18623,0.034257699911851,0.018490396472211873
21-1011.00,18622,0.03552339500882302,0.017449325899725386
19-3034.00,18619,0.049809653257131284,0.017195943183245754
19-2043.00,18618,0.07102586107748432,0.0
19-2043.00,18617,0.059760584598869446,0.0
19-1023.00,18616,0.07464811540975629,0.032496187818133765
19-1023.00,18615,0.1489548412919038,0.05162037368513411
19-1029.04,18614,0.03572665727379002,0.017626051187866417
19-1029.04,18613,0.017144996275254797,0.008629268558432025
19-1012.00,18612,0.07857865270082415,0.0
19-1012.00,18611,0.03338641705636473,0.0
17-2151.00,18610,0.054843605011222644,0.021404958768133347
17-2112.00,18609,0.0697983531464347,0.015380685305096295
17-2112.00,18608,0.02759784067516002,0.01402570764485442
17-2112.00,18607,0.05790292994150953,0.013439461967878201
17-2031.00,18604,0.05028268726599996,0.0
17-2031.00,18603,0.0064966591207387715,0.0
11-9081.00,18600,0.03409706440402525,0.011972031788117642
11-9081.00,18599,0.031055598691843725,0.004706513521704993
11-9033.00,18597,0.010825179610842485,0.010184760959102626
11-9033.00,18596,0.0636329979216107,0.024177413231258247
11-9033.00,18595,0.024131587099851092,0.019450980000367053
11-9033.00,18594,0.1360753904771604,0.029024043147609476
11-9033.00,18593,0.07207980859694245,0.025946027271326763
11-9032.00,18592,0.020774581397579456,0.007974635939292696
11-9032.00,18591,0.017191256829181552,0.007679682149899948
11-9032.00,18590,0.013838646378548992,0.004998378714400273
11-9032.00,18589,0.009329767395835931,0.006872824464567391
11-9032.00,18588,0.042774580336242866,0.014599395025642479
11-9032.00,18587,0.015850223422230504,0.0058562346266002
11-2011.00,18586,0.045782976841081555,0.01674743296570155
51-8031.00,18585,0.02434888112285674,0.0
49-3042.00,18584,0.04322310866432529,0.007755223750600921
49-3042.00,18583,0.034054585866504325,0.0049837738003173605
49-3031.00,18582,0.028732679978671943,0.006719794595411795
49-3021.00,18580,0.06921620036154151,0.009980306903550158
43-6011.00,18579,0.006706223675649992,0.003310715656288762
43-6011.00,18578,0.006139808374565074,0.0036675933624302046
43-6011.00,18577,0.047757407982202085,0.010558382205978852
43-6011.00,18576,0.05604455768357026,0.01571514189249561
43-6011.00,18575,0.015987562796519722,0.0034676509368572824
43-6011.00,18574,0.09053728964208019,0.0162705663966981
43-6011.00,18573,0.15287593580878037,0.014426868570051382
43-4161.00,18572,0.12132389449237203,0.029493273590742736
43-4081.00,18570,0.020378937085063158,0.004720807132946842
43-4081.00,18569,0.014905297536340104,0.003366881104645874
43-4081.00,18568,0.026316208000502266,0.00396585210595172
43-4081.00,18567,0.06492821410945886,0.005621170256461374
43-4081.00,18566,0.02135713821701284,0.004338425066607191
43-4051.00,18565,0.23580772851841192,0.04664165752877164
43-3051.00,18564,0.023867308762225634,0.013707395908553431
43-3051.00,18563,0.11005929608999977,0.023529944482980517
43-3051.00,18562,0.05271046097430708,0.021245210823846082
43-3031.00,18561,0.006606291701874789,0.0021559123929687364
43-3011.00,18560,0.017096722635941898,0.006718895652702977
43-3011.00,18559,0.1023566901071527,0.01870531738676883
39-9032.00,18558,0.0069671626411761285,0.0033804932697902605
39-9032.00,18557,0.024835322845587808,0.009709625083390891
31-9091.00,18553,0.014643529159611694,0.006769286014998942
31-9091.00,18552,0.028056010387655133,0.011599185031837805
29-2081.00,18551,0.029880911362435255,0.0
29-2056.00,18550,0.01536732099561223,0.002667825831340009
29-2056.00,18549,0.011665324583017243,0.0031562172602921253
29-2056.00,18548,0.03118475676511487,0.005342603230214392
29-2052.00,18546,0.01853801539045233,0.004158980949989452
29-2052.00,18545,0.04532305844985496,0.004467732085943796
29-2052.00,18544,0.05418741560822492,0.00633565882231403
29-1292.00,18539,0.06310209772926088,0.009028474939492308
29-1292.00,18538,0.07011634484440639,0.007615744488978384
29-1292.00,18537,0.09102686145680408,0.010439532579298094
29-1292.00,18536,0.1121179139702815,0.007708263532434562
29-2012.00,18535,0.08157224005469202,0.0158688440064819
29-1131.00,18534,0.027188970527443825,0.006558750077273272
29-1131.00,18533,0.002041392025283718,0.0013245374022766443
29-1131.00,18532,0.0891755379276285,0.013473526876992579
29-1127.00,18531,0.025886156915248225,0.009377357581704264
29-1127.00,18530,0.043181056210519486,0.008765431033194309
29-1127.00,18529,0.002006521468788823,0.0006701176458319379
29-1127.00,18528,0.057775708389222205,0.011719980163030228
29-1127.00,18527,0.05850278228771335,0.00999048360122219
29-1127.00,18526,0.049481036397786095,0.015340595812337394
29-1127.00,18525,0.05130074564779082,0.013587020382039138
29-1127.00,18524,0.09371881184617324,0.016821163068355436
29-1127.00,18523,0.04664693110362424,0.011090914765075607
29-1126.00,18522,0.09613667383296792,0.008153402336614678
27-1025.00,18521,0.16158951498969112,0.0
27-1025.00,18520,0.0388264499561653,0.0
27-1025.00,18519,0.1312430025345605,0.0
25-4031.00,18518,0.01387466977301365,0.006658130638807193
25-4031.00,18517,0.01108395371181386,0.00819714842621789
25-4031.00,18516,0.01416005619610998,0.0077349746841778345
25-4031.00,18515,0.03588466930327748,0.008508953928540099
25-4031.00,18514,0.006013402029000729,0.004890063978619148
25-4031.00,18513,0.03009187160443643,0.008515323664155429
25-4031.00,18512,0.0894929940520951,0.014691601571347244
25-4031.00,18511,0.07636560455235739,0.01150201417616237
25-4031.00,18510,0.08602036371722371,0.012581937858070477
23-2011.00,18494,0.0712570380961208,0.02981949646201951
23-2011.00,18493,0.09377212930491706,0.042413969268613474
23-2011.00,18492,0.0793456160337754,0.031337543053302656
23-2011.00,18491,0.2533033211142683,0.03780633678879139
21-1023.00,18490,0.024220170907164888,0.009919115943208982
21-1023.00,18489,0.09984832593406508,0.015350188476692755
21-1023.00,18488,0.08948052826466187,0.015675829119303153
21-1023.00,18487,0.10154334247296543,0.023849823046587587
21-1014.00,18486,0.0010771399870937027,0.0
21-1014.00,18485,0.018749100889282336,0.0
21-1014.00,18484,0.08189957809466142,0.0
21-1014.00,18483,0.033073136939426886,0.0
19-4092.00,18482,0.006822554439919954,0.0025282160153903346
19-4092.00,18481,0.020737804150650904,0.015592830190583154
19-4092.00,18479,0.08602148794850331,0.03603400169602284
19-4092.00,18478,0.18730089518204268,0.06525640547717922
19-4031.00,18477,0.060794003993416466,0.021563487984887494
19-3051.00,18476,0.03374631061659812,0.0
19-2031.00,18475,0.08162965924749181,0.020300497823233777
19-2031.00,18474,0.05653290786331996,0.015833215250455408
17-2041.00,18473,0.14520684827976732,0.0
17-2041.00,18472,0.11298267910412073,0.0
17-2041.00,18471,0.11400433213135493,0.0
17-1012.00,18470,0.058972369804803935,0.0
11-9151.00,18464,0.03932536890322112,0.01413884244147414
11-9151.00,18463,0.1357575482898334,0.027179152497024257
29-1161.00,18460,0.0012437866744820602,0.0
29-1161.00,18459,0.010621209093482412,0.0
29-1161.00,18458,0.003456227177902022,0.0
29-1161.00,18457,0.0028385956479718756,0.0
29-1161.00,18456,0.07224716801763982,0.0
29-1161.00,18455,0.03938889530420238,0.0
29-1161.00,18454,0.049571039936936775,0.0
29-1161.00,18453,0.07854127040906554,0.0
29-1161.00,18452,0.062453476557612284,0.0
29-1161.00,18451,0.003994881880739099,0.0
29-1161.00,18450,0.0021893336523469914,0.0
29-1161.00,18449,0.07296815983204082,0.0
29-1161.00,18448,0.08149670488054558,0.0
29-1161.00,18447,0.07600804086208265,0.0
29-1161.00,18446,0.016655976303984316,0.0
29-1161.00,18445,0.0772746556355741,0.0
29-1161.00,18444,0.0790024468095942,0.0
29-1161.00,18443,0.08571875412551709,0.0
29-1161.00,18442,0.09154517650991535,0.0
29-1161.00,18441,0.07621588873425064,0.0
29-1299.02,18440,0.03476774701635637,0.0
29-1299.02,18439,0.00017209264177137692,0.0
29-1299.02,18438,0.00079701070446919,0.0
29-1299.02,18437,0.008951728968220746,0.0
29-1299.02,18436,0.029462813041331696,0.0
29-1299.02,18435,0.03736272123633874,0.0
29-1299.02,18434,0.08042698304981584,0.0
29-1299.02,18433,0.019315972981409933,0.0
29-1299.02,18432,0.10427075662789463,0.0
29-1299.02,18431,0.09764831200568277,0.0
29-1299.02,18430,0.12253311431739924,0.0
29-1299.02,18429,0.13090667378437176,0.0
29-1299.02,18428,0.13095820288159596,0.0
29-1299.02,18427,0.07622582422162384,0.0
29-1299.02,18426,0.10219243328589135,0.0
29-1299.02,18425,0.02400761323582651,0.0
29-1299.01,18424,0.02938658563568334,0.0
29-1299.01,18423,0.022801893571149083,0.0
29-1299.01,18422,0.004680559879543872,0.0
29-1299.01,18421,0.0003704638238054724,0.0
29-1299.01,18420,0.026664057595081954,0.0
29-1299.01,18419,0.002449848348920842,0.0
29-1299.01,18418,0.12837675200861257,0.0
29-1299.01,18417,0.01279353751407729,0.0
29-1299.01,18416,0.0029077285216213226,0.0
29-1299.01,18415,0.008108629745126456,0.0
29-1299.01,18414,0.08031957377992943,0.0
29-1299.01,18413,0.11254312925384881,0.0
29-1299.01,18412,0.12108086225789232,0.0
29-1299.01,18411,0.13582790854846588,0.0
29-1299.01,18410,0.07132065984310115,0.0
29-1299.01,18409,0.10866233270474597,0.0
29-1299.01,18408,0.07877718501719591,0.0
29-1299.01,18407,0.016387159951478027,0.0
29-1299.01,18406,0.026282026012332045,0.0
29-1299.01,18405,0.01025910598738824,0.0
29-1171.00,18404,0.024848117536285044,0.0
29-1171.00,18403,0.03889811845932105,0.0
29-1171.00,18402,0.00891803165639415,0.0
29-1171.00,18401,0.006702024693035859,0.0
29-1171.00,18400,0.012951623254211774,0.0
29-1171.00,18399,0.06776596574172808,0.0
29-1171.00,18398,0.019737915472064937,0.0
29-1171.00,18397,0.011833237490412717,0.0
29-1171.00,18396,0.053902641876465596,0.0
29-1171.00,18395,0.032014425103641386,0.0
29-1171.00,18394,0.04261095047077158,0.0
29-1171.00,18393,0.058431515904954615,0.0
29-1171.00,18392,0.05450686821193732,0.0
29-1171.00,18391,0.03902922145962007,0.0
29-1171.00,18390,0.02346745561414773,0.0
29-1171.00,18389,0.05941634593978896,0.0
29-1171.00,18388,0.020271282819455075,0.0
29-1171.00,18387,0.01940390999572351,0.0
29-1171.00,18386,0.054508620505232724,0.0
29-1171.00,18385,0.03352647669130023,0.0
29-1171.00,18384,0.03716839135386769,0.0
29-1171.00,18383,0.04989554990933885,0.0
29-1171.00,18382,0.06383341228357378,0.0
29-1171.00,18381,0.04752903582378591,0.0
29-1171.00,18380,0.04507483412789264,0.0
29-1171.00,18379,0.03653280157101229,0.0
29-1171.00,18378,0.03722122603403635,0.0
29-1151.00,18377,0.008028051446539425,0.0
29-1151.00,18376,0.0125500628530373,0.0
29-1151.00,18375,0.02058362418061765,0.0
29-1151.00,18374,0.03367559973788476,0.0
29-1151.00,18373,0.011780906454026067,0.0
29-1151.00,18372,0.02894349983157963,0.0
29-1151.00,18371,0.03244421720885272,0.0
29-1151.00,18370,0.06811632488414071,0.0
29-1151.00,18369,0.05297380325829104,0.0
29-1151.00,18368,0.04858666147945019,0.0
29-1151.00,18367,0.05229104081839031,0.0
29-1151.00,18366,0.08291443932098153,0.0
29-1151.00,18365,0.018861673059298412,0.0
29-1151.00,18364,0.04473816510136908,0.0
29-1151.00,18363,0.0328461774228652,0.0
29-1151.00,18362,0.09557953779427024,0.0
29-1151.00,18361,0.0693549549121141,0.0
29-1151.00,18360,0.033011008756999874,0.0
29-1151.00,18359,0.03609320574275592,0.0
29-1151.00,18358,0.04875686414373228,0.0
29-1151.00,18357,0.051439125639205795,0.0
29-1151.00,18356,0.041532057206229704,0.0
29-1151.00,18355,0.04780770257485476,0.0
29-1151.00,18354,0.027091296172513275,0.0
29-1141.03,18353,0.04368450961886398,0.0
29-1141.03,18352,0.001642085134388886,0.0
29-1141.03,18351,0.0012881743723686576,0.0
29-1141.03,18350,0.0010168734210887157,0.0
29-1141.03,18349,0.004394597443669383,0.0
29-1141.03,18348,0.031320808471146114,0.0
29-1141.03,18347,0.012643842518330395,0.0
29-1141.03,18346,0.013402897994540247,0.0
29-1141.03,18345,0.012206852423574985,0.0
29-1141.03,18344,0.06697996269564449,0.0
29-1141.03,18343,0.02091113762287459,0.0
29-1141.03,18342,0.02987223342365666,0.0
29-1141.03,18341,0.04079847213144387,0.0
29-1141.03,18340,0.053534570522357314,0.0
29-1141.03,18339,0.06023315999752309,0.0
29-1141.03,18338,0.033827319216006506,0.0
29-1141.03,18337,0.031320101523490976,0.0
29-1141.03,18336,0.024067471919499758,0.0
29-1141.03,18335,0.06461218317885772,0.0
29-1141.03,18334,0.07902563657014991,0.0
29-1141.03,18333,0.0868878069732128,0.0
29-1141.03,18332,0.037544486482022826,0.0
29-1141.03,18331,0.03170621067237682,0.0
29-1141.03,18330,0.06509514312104668,0.0
29-1141.03,18329,0.006920503536143758,0.0
29-1141.03,18328,0.02468090896646008,0.0
29-1141.03,18327,0.09618336791821977,0.0
29-1141.03,18326,0.0022662589092669098,0.0
29-1141.03,18325,0.02193242322177404,0.0
29-1141.01,18324,0.030951981572315962,0.0
29-1141.01,18323,0.04024925829964981,0.0
29-1141.01,18322,0.009009506471177505,0.0
29-1141.01,18321,0.01694956436075722,0.0
29-1141.01,18319,0.027430382023625903,0.0
29-1141.01,18318,0.06668207892958325,0.0
29-1141.01,18317,0.015412191331890982,0.0
29-1141.01,18316,0.019790159372139786,0.0
29-1141.01,18315,0.015579353367561147,0.0
29-1141.01,18314,0.029338768279908712,0.0
29-1141.01,18313,0.028027853641847768,0.0
29-1141.01,18312,0.019497155067761188,0.0
29-1141.01,18311,0.05030368056595935,0.0
29-1141.01,18310,0.042056859250485634,0.0
29-1141.01,18309,0.023526781237244894,0.0
29-1141.01,18308,0.09338765436549516,0.0
29-1141.01,18307,0.06913741198200882,0.0
29-1141.01,18306,0.05275648784386651,0.0
29-1141.01,18305,0.029818952738272054,0.0
29-1141.01,18304,0.014862703107345734,0.0
29-1141.01,18303,0.054534784642477074,0.0
29-1141.01,18302,0.010110147808406994,0.0
29-1141.01,18301,0.03146856571897771,0.0
29-1141.01,18300,0.07979116596991476,0.0
29-1141.01,18299,0.05476977846455009,0.0
29-1141.01,18298,0.0467922740966858,0.0
29-1141.01,18297,0.027764499490090185,0.0
19-4012.01,18296,0.029050902568150194,0.0
19-4012.01,18295,0.10528418584864169,0.0
19-4012.01,18293,0.021214891725240485,0.0
19-4012.01,18290,0.0437159186624897,0.0
19-4012.01,18289,0.06365290523725332,0.0
19-4012.01,18288,0.023115821260714726,0.0
19-4012.01,18287,0.005278759112204909,0.0
19-4012.01,18284,0.022995067147439145,0.0
19-4012.01,18282,0.07012751337896045,0.0
19-4012.01,18281,0.07590894447089233,0.0
19-4012.01,18280,0.049266236363679175,0.0
19-4012.01,18279,0.04812897303420943,0.0
19-4012.01,18278,0.029081414151798015,0.0
19-2099.01,18277,0.02379913003349921,0.0
19-2099.01,18276,0.008168841569109624,0.0
19-2099.01,18275,0.0076349148285480145,0.0
19-2099.01,18274,0.017516858486901474,0.0
19-2099.01,18273,0.016273297630931643,0.0
19-2099.01,18272,0.0026055663004180894,0.0
19-2099.01,18271,0.027190433774221087,0.0
19-2099.01,18270,0.1135979302213535,0.0
19-2099.01,18269,0.030953927026076297,0.0
19-2099.01,18268,0.013763498476916235,0.0
19-2099.01,18267,0.04045840028437744,0.0
19-2099.01,18266,0.012456154873309744,0.0
19-2099.01,18265,0.06963243126636187,0.0
19-2099.01,18264,0.0336200521911497,0.0
19-2099.01,18263,0.04906152368229545,0.0
19-2099.01,18262,0.03773177424634312,0.0
19-2099.01,18261,0.043956581420266747,0.0
19-2099.01,18260,0.09883400525994361,0.0
19-2099.01,18259,0.01577029117248525,0.0
19-2099.01,18258,0.11057989045106711,0.0
19-2099.01,18257,0.07159687590186135,0.0
19-2099.01,18256,0.10155296000794936,0.0
17-2199.07,18206,0.03267303118907091,0.0
17-2199.07,18205,0.10741293180669494,0.0
17-2199.07,18204,0.01854684396068816,0.0
17-2199.07,18203,0.05322536148735544,0.0
17-2199.07,18202,0.020249241028588293,0.0
17-2199.07,18200,0.09208408587636152,0.0
17-2199.07,18199,0.10918970281749098,0.0
17-2199.07,18198,0.06760879025090746,0.0
17-2199.07,18197,0.06914925709636553,0.0
17-2199.07,18196,0.036583594416334686,0.0
17-2199.07,18195,0.06519080194111956,0.0
17-2199.07,18194,0.09241713848381806,0.0
17-2199.07,18193,0.07230500240014578,0.0
17-2199.07,18192,0.021616212142647705,0.0
17-2199.07,18191,0.008769427558147493,0.0
17-2199.07,18190,0.0020678372918950636,0.0
17-2199.07,18189,0.01766162171700791,0.0
17-2199.07,18188,0.02073081562119823,0.0
17-2199.07,18187,0.0036280403912116923,0.0
17-2112.03,18186,0.008766693341536555,0.0
17-2112.03,18185,0.04381426178981402,0.0
17-2112.03,18184,0.03653278884857855,0.0
17-2112.03,18183,0.1707883195839694,0.0
17-2112.03,18182,0.04077612144911614,0.0
17-2112.03,18181,0.11219370303268345,0.0
17-2112.03,18180,0.02603303718948758,0.0
17-2112.03,18179,0.005623052665882371,0.0
17-2112.03,18178,0.02774850173141639,0.0
17-2112.03,18177,0.11400461586579473,0.0
17-2112.03,18175,0.032401035342860846,0.0
17-2112.03,18174,0.00970959917006994,0.0
17-2112.03,18172,0.00533878600150634,0.0
17-2112.03,18170,0.06648309675773247,0.0
17-2112.03,18168,0.007442917293687236,0.0
17-2112.03,18167,0.15739408442469163,0.0
17-2199.03,18166,0.01355563195393344,0.0
17-2199.03,18165,0.010224914076489375,0.0
17-2199.03,18159,0.14435544537320855,0.0
17-2199.03,18157,0.02842812057521821,0.0
17-2199.03,18156,0.02804970617242291,0.0
17-2199.03,18151,0.01741145268643542,0.0
17-2199.03,18150,0.033909566108766505,0.0
17-2199.03,18149,0.0054515485776873195,0.0
17-2199.03,18148,0.034529841990364844,0.0
17-2112.02,18146,0.06355737652420054,0.0
17-2112.02,18145,0.07386922890339774,0.0
17-2112.02,18144,0.05585593906917766,0.0
17-2112.02,18143,0.04380339573644767,0.0
17-2112.02,18142,0.040351965797736075,0.0
17-2112.02,18141,0.006989052574802124,0.0
17-2112.02,18139,0.011901758786629097,0.0
17-2112.02,18137,0.04974343034440984,0.0
17-2112.02,18134,0.04139353512568801,0.0
17-2112.02,18133,0.029014167452806536,0.0
17-2112.02,18132,0.04095571863934244,0.0
17-2112.02,18131,0.07944640440992176,0.0
17-2112.02,18130,0.005869848069137202,0.0
17-2112.02,18129,0.06686468817105136,0.0
17-2112.02,18128,0.045917032106815234,0.0
17-2112.02,18127,0.04500915751344887,0.0
15-1211.01,18104,0.002727297941969925,0.0
15-1211.01,18103,0.01733222841680924,0.0
15-1211.01,18102,0.03301209793646053,0.0
15-1211.01,18101,0.09131385823250077,0.0
15-1211.01,18100,0.013812474542452305,0.0
15-1211.01,18099,0.03906069666366081,0.0
15-1211.01,18098,0.038711630686549404,0.0
15-1211.01,18097,0.08529158129899553,0.0
15-1211.01,18096,0.10409904562194008,0.0
15-1211.01,18095,0.041757490710239105,0.0
15-1211.01,18094,0.10207355317524094,0.0
15-1211.01,18093,0.06270123448916784,0.0
15-1211.01,18092,0.15194890473831585,0.0
15-1211.01,18091,0.007762031037608807,0.0
15-1211.01,18090,0.11928291483439027,0.0
15-1211.01,18089,0.06246450003189899,0.0
15-1211.01,18088,0.02664845964179959,0.0
47-4011.01,18087,0.05537984499039237,0.0
47-4011.01,18086,0.04272028695805711,0.0
47-4011.01,18085,0.022670744619120015,0.0
47-4011.01,18084,0.037899093085331986,0.0
47-4011.01,18083,0.06735365436479643,0.0
47-4011.01,18082,0.07079586865837749,0.0
47-4011.01,18081,0.06133638334462284,0.0
47-4011.01,18080,0.03450010734933843,0.0
47-4011.01,18079,0.03391995653739566,0.0
47-4011.01,18078,0.08016726502990269,0.0
47-4011.01,18077,0.0663240514687493,0.0
47-4011.01,18076,0.05110184554700728,0.0
47-4011.01,18075,0.029579041106514912,0.0
47-4011.01,18074,0.06983271429349207,0.0
47-4011.01,18073,0.06083934315933857,0.0
47-4011.01,18072,0.0688666503161595,0.0
47-4011.01,18071,0.048489541687765356,0.0
13-1041.07,18070,0.01742225185603003,0.0
13-1041.07,18069,0.014069980333363588,0.0
13-1041.07,18068,0.01220907909833842,0.0
13-1041.07,18067,0.006440304756197506,0.0
13-1041.07,18066,0.011378123816791819,0.0
13-1041.07,18065,0.04351242136038118,0.0
13-1041.07,18064,0.010623536587225509,0.0
13-1041.07,18063,0.019253731287657685,0.0
13-1041.07,18062,0.09427309852655945,0.0
13-1041.07,18061,0.014041205687714461,0.0
13-1041.07,18060,0.002336802263689141,0.0
13-1041.07,18059,0.025862099710223574,0.0
13-1041.07,18058,0.04249156650420717,0.0
13-1041.07,18056,0.00566507612178048,0.0
13-1041.07,18055,0.040414034685068954,0.0
13-1041.07,18054,0.13072796116006263,0.0
13-1041.07,18053,0.06503775882085401,0.0
13-1041.07,18052,0.07267254557352025,0.0
13-1041.07,18051,0.06914227081372107,0.0
13-1041.07,18050,0.06122875015779148,0.0
13-1041.07,18049,0.04007279595579634,0.0
13-1041.07,18048,0.06119193453041591,0.0
13-1041.07,18045,0.017858135835751035,0.0
11-9199.01,18044,0.0015372617203820928,0.0
11-9199.01,18043,0.012313912581929518,0.0
11-9199.01,18042,0.03856226370545726,0.0
11-9199.01,18041,0.0031180900546825025,0.0
11-9199.01,18040,0.03181094308101867,0.0
11-9199.01,18039,0.026361159302046196,0.0
11-9199.01,18038,0.02252570291708671,0.0
11-9199.01,18037,0.06429472116116053,0.0
11-9199.01,18036,0.003496173613051387,0.0
11-9199.01,18035,0.016073362356180843,0.0
11-9199.01,18034,0.016138481687848493,0.0
11-9199.01,18032,0.030189936989837296,0.0
11-9199.01,18031,0.010415384993401992,0.0
11-9199.01,18030,0.09717460833306575,0.0
11-9199.01,18029,0.03198678698897863,0.0
11-9199.01,18028,0.025310943703180135,0.0
11-9199.01,18027,0.032727156120460184,0.0
11-9199.01,18026,0.13602676721424298,0.0
11-9199.01,18025,0.08920324931823383,0.0
11-9199.01,18024,0.06696333149501352,0.0
11-9199.01,18023,0.018432977387366475,0.0
11-9199.01,18022,0.04710782061608121,0.0
29-1141.04,18021,0.021759034160883293,0.0
29-1141.04,18020,0.02071679757829953,0.0
29-1141.04,18019,0.009182481804186227,0.0
29-1141.04,18018,0.01383055998603303,0.0
29-1141.04,18017,0.055385660479576236,0.0
29-1141.04,18016,0.051797714757777724,0.0
29-1141.04,18015,0.01979859325547589,0.0
29-1141.04,18014,0.018678102137398515,0.0
29-1141.04,18013,0.06046209797444512,0.0
29-1141.04,18012,0.03373711664354007,0.0
29-1141.04,18011,0.030259347526662293,0.0
29-1141.04,18010,0.02561714297616227,0.0
29-1141.04,18009,0.029627938616471765,0.0
29-1141.04,18008,0.051817013095245446,0.0
29-1141.04,18007,0.014119115305529655,0.0
29-1141.04,18006,0.07071467651594539,0.0
29-1141.04,18005,0.05347186731056063,0.0
29-1141.04,18004,0.06847277529438102,0.0
29-1141.04,18003,0.047305967621642554,0.0
29-1141.04,18002,0.04133056389482548,0.0
29-1141.04,18001,0.04213163157582164,0.0
29-1141.04,18000,0.010255387480121933,0.0
49-9099.01,17956,0.038411233281550036,0.012314625250218137
49-9099.01,17955,0.14647174571795954,0.014655440774919407
49-9099.01,17954,0.00952965894110261,0.005786586910034642
49-9099.01,17953,0.03432383506807169,0.012323361343080074
49-9099.01,17952,0.024829240338198052,0.007976735598993064
49-9099.01,17951,0.03893428104377057,0.01135322011864276
49-9099.01,17950,0.11683608236744161,0.017805141657557852
49-9099.01,17949,0.019581705423471762,0.010873613867678883
49-9099.01,17946,0.015979212494840578,0.006964083204260524
49-9099.01,17945,0.03472942405926247,0.0159752216640087
49-9099.01,17944,0.05334057392756792,0.014644405705278446
49-9099.01,17943,0.0389952675364102,0.01349218691312278
49-9099.01,17942,0.04299014817244191,0.01176782905760423
49-9099.01,17941,0.02635004144643594,0.014533399563242018
49-9099.01,17940,0.004573384379846527,0.004404499246731788
49-9099.01,17939,0.010214012669775108,0.00841572812754278
49-9099.01,17938,0.017642426133481076,0.013118534974956018
49-9099.01,17937,0.02409089099701933,0.014428081295250412
49-9099.01,17936,0.004933163708541857,0.004648790829179227
49-9099.01,17935,0.08611939411214731,0.016749870964467076
49-9099.01,17934,0.12935561689008082,0.03161743788246491
49-9099.01,17933,0.02322743595143097,0.012018148800820687
49-9099.01,17932,0.058541225339152035,0.011375924476304141
51-8013.04,17931,0.010849995704808399,0.0021180081670884184
51-8013.04,17930,0.03666037256069527,0.013189922508822302
51-8013.04,17929,0.027199767108034865,0.003922984156915322
51-8013.04,17928,0.02256076562092084,0.005306395112648877
51-8013.04,17927,0.006838398471300697,0.0028379613864713336
51-8013.04,17926,0.022310115468147318,0.010633564262796831
51-8013.04,17925,0.028902508633246497,0.007280983058868368
51-8013.04,17924,0.018465935106651378,0.003122989500136032
51-8013.04,17923,0.023687807945500305,0.008957277861637289
51-8013.04,17922,0.10580155599208681,0.015102829589475068
51-8013.04,17921,0.08897852852501155,0.013029650541168366
51-8013.04,17920,0.0224069205062943,0.00958369568693833
51-8013.04,17919,0.03761628432204358,0.007082655434768106
51-8013.04,17918,0.09243746871048679,0.013795088753506875
51-8013.04,17917,0.023121611030796935,0.004933597224897776
51-8013.04,17916,0.0670361619954808,0.010878023288244602
51-8013.04,17915,0.051758302376298276,0.017303429364891102
51-8013.04,17914,0.09543173839586243,0.017722346825246437
51-8013.04,17913,0.06825819047269759,0.014638649625037465
51-8013.04,17912,0.10044031129003882,0.01686066334644837
51-8013.04,17911,0.049237259763596504,0.013143657804948965
53-1042.01,17910,0.09273298071516588,0.028271457011022627
53-1042.01,17909,0.024495523770271792,0.0119776822503457
53-1042.01,17908,0.06177332626012861,0.023411515173588443
53-1042.01,17907,0.08571433789610561,0.02878139254029112
53-1042.01,17906,0.03163571652996292,0.0113758131918321
53-1042.01,17905,0.034140689650253304,0.018661572536734016
53-1042.01,17904,0.06541387418183724,0.0205604757349666
53-1042.01,17903,0.005241889423587037,0.004150799180812622
53-1042.01,17902,0.02992022842723409,0.014106425949879115
53-1042.01,17900,0.045207042211579763,0.016934562653739906
53-1042.01,17899,0.0045561879019599145,0.0027280417285772767
53-1042.01,17898,0.020487226960080533,0.012196330569484836
53-1042.01,17897,0.009577141182859236,0.0033473220783616898
53-1042.01,17896,0.007376485409103108,0.00500767884853536
53-1042.01,17895,0.02801250013974051,0.018065578519105837
53-1042.01,17894,0.0025911625510214465,0.0013614424739050682
53-1042.01,17893,0.03467318345927568,0.014842635245799403
53-1042.01,17892,0.031500070900432976,0.016801709791862338
53-1042.01,17891,0.07024744767371371,0.025357318509031546
53-1042.01,17890,0.10882293185697138,0.030389972515409553
53-1042.01,17889,0.1444806160972461,0.026799954640701864
53-1042.01,17888,0.061399436801469254,0.01695534936088967
53-7062.04,17886,0.04770320252677635,0.013755293755633191
53-7062.04,17884,0.09594193836330468,0.02427990418017074
53-7062.04,17883,0.056002288260515155,0.02169784832353225
53-7062.04,17882,0.1111353351691821,0.02878629503843143
53-7062.04,17881,0.04902675762564187,0.0213354726117499
53-7062.04,17879,0.08708204412664206,0.025266521870190514
53-7062.04,17878,0.16843830208265168,0.028023739375878823
53-7062.04,17877,0.11685928901141808,0.03976181544418878
53-7062.04,17876,0.047550681882698335,0.01621815531892327
53-7062.04,17874,0.11798906300208002,0.03455168744639573
53-7062.04,17872,0.10227109794908965,0.032585791687082324
51-8013.03,17869,0.030826528683559302,0.013786203294180819
51-8013.03,17868,0.011342680761808941,0.004873370964232476
51-8013.03,17867,0.04426512754628819,0.008163959442553565
51-8013.03,17866,0.09980678474546105,0.01055340622988022
51-8013.03,17865,0.020521795739449997,0.007203247038726208
51-8013.03,17864,0.09542629233661552,0.014787314880661572
51-8013.03,17863,0.08118741163442837,0.011762778712569356
51-8013.03,17862,0.09670057695230257,0.010309033179648193
51-8013.03,17861,0.09578178814831721,0.008099934349722827
51-8013.03,17860,0.07984066029892355,0.010486132057008584
51-8013.03,17859,0.02256907366967651,0.0051463614295402605
51-8013.03,17858,0.049552231062927325,0.01108575884418924
51-8013.03,17857,0.04014259822771683,0.008538448207835779
51-8013.03,17856,0.01959296866551905,0.004724871230428605
51-8013.03,17855,0.08677027727455736,0.010636491000248022
51-8013.03,17854,0.05282333419510529,0.009963285948714611
51-8099.01,17836,0.005028000210308309,0.0014691679612094145
51-8099.01,17835,0.012409878086279991,0.004390055550766373
51-8099.01,17834,0.02878681494830333,0.005259268433818644
51-8099.01,17833,0.03424772756140665,0.004919043721665512
51-8099.01,17832,0.05082036494327363,0.005329224690827787
51-8099.01,17831,0.04246424916525866,0.005987270040480084
51-8099.01,17830,0.08600672245797643,0.01105393604820349
51-8099.01,17829,0.07563385139260621,0.007524473776000733
51-8099.01,17828,0.07991047414514167,0.008026637525975325
51-8099.01,17827,0.055109174722024805,0.010990908206894745
51-8099.01,17826,0.045755407793210245,0.0058693016129315045
51-8099.01,17825,0.08686317916346052,0.006667249714763586
51-8099.01,17824,0.017271708436476053,0.004886312271310619
51-8099.01,17823,0.04516996095164684,0.008957337860160982
51-8099.01,17822,0.0617523481331136,0.007143360601009185
51-8099.01,17821,0.09697142508923709,0.007811069660769995
51-8099.01,17820,0.06904606886263007,0.009346277818255925
51-8099.01,17819,0.06271166917288053,0.01010756732336295
51-8099.01,17818,0.044040974764765414,0.007593689304394677
49-9081.00,17817,0.03546247750222169,0.010804897395161116
49-9081.00,17815,0.07686817765208181,0.01387563345854103
49-9081.00,17814,0.04650291130786433,0.014668203770462934
49-9081.00,17813,0.0010036821522072413,0.0007155869949229827
49-9081.00,17812,0.07970867895265889,0.011704433338560324
49-9081.00,17811,0.11532482883105534,0.015701920810669217
49-9081.00,17810,0.12784251741054942,0.014824252943976678
49-9081.00,17809,0.12308968859778635,0.025214242074635067
49-9081.00,17808,0.10627706630999971,0.013267535561116999
49-9081.00,17807,0.13088640978141486,0.015995069105082468
49-9081.00,17806,0.1510361015038274,0.025463924978760773
49-9081.00,17805,0.005997459998333058,0.004210047184003001
47-4099.03,17804,0.042465442618116384,0.0
47-4099.03,17803,0.061194739047296456,0.0
47-4099.03,17802,0.062095577960597614,0.0
47-4099.03,17801,0.05605123486223248,0.0
47-4099.03,17800,0.06406062932539333,0.0
47-4099.03,17799,0.04887589980137348,0.0
47-4099.03,17798,0.04182462772092893,0.0
47-4099.03,17797,0.027730965111979308,0.0
47-4099.03,17796,0.027262782739959406,0.0
47-4099.03,17795,0.06777761226616429,0.0
47-4099.03,17794,0.07336271309788203,0.0
47-4099.03,17793,0.01251107715141993,0.0
47-4099.03,17792,0.05664362055636401,0.0
47-4099.03,17791,0.03911963402716504,0.0
47-4099.03,17790,0.03633545055546076,0.0
47-4099.03,17789,0.04432646827110016,0.0
47-4099.03,17788,0.07686916963196616,0.0
47-4099.03,17787,0.03304645786262601,0.0
47-2152.04,17786,0.03387115235960158,0.006374394608704988
47-2152.04,17785,0.05271064197140337,0.022120733832837542
47-2152.04,17784,0.05540037939519832,0.023492843988484703
47-2152.04,17783,0.013565998815414745,0.006359267818193008
47-2152.04,17782,0.06996501948551903,0.024959443173132118
47-2152.04,17781,0.024833068648011956,0.008101140205135977
47-2152.04,17780,0.04722157518327848,0.014017768256434582
47-2152.04,17779,0.04644845955983655,0.02391493543898075
47-2152.04,17778,0.04495958960978221,0.02377120328086434
47-2152.04,17777,0.023385366850912796,0.009061800670121549
47-2152.04,17776,0.04051597102433628,0.011631428827816656
47-2152.04,17775,0.0762635704341292,0.021259471730141533
47-2152.04,17774,0.03785437108402021,0.011929848922221677
47-2152.04,17773,0.06274757298641362,0.025461734478780997
47-2152.04,17772,0.05102473884988433,0.0256811002123222
47-2152.04,17771,0.06260201786654315,0.024110342069880997
47-2152.04,17770,0.03842462621331495,0.01318929528341455
47-2152.04,17769,0.05596556424729219,0.023625098773952594
47-2152.04,17768,0.05517951325860946,0.022733883178619706
47-2152.04,17767,0.06536913472944367,0.02697429968964059
47-2152.04,17766,0.04169166742705389,0.01843299404156007
47-2231.00,17765,0.07443551122645017,0.015678501273403374
47-2231.00,17764,0.017004361730779464,0.0015140965522525535
47-2231.00,17763,0.021754953363320166,0.004308862370888047
47-2231.00,17762,0.03242237841810045,0.008776207401977565
47-2231.00,17761,0.030498222963682733,0.005828343880606537
47-2231.00,17760,0.013252978507029676,0.002102086731634581
47-2231.00,17759,0.02193351535300522,0.006323878987980025
47-2231.00,17758,0.02045582983216193,0.006735298813178739
47-2231.00,17757,0.030778012063578764,0.007128809532826668
47-2231.00,17756,0.058994340810441,0.009886309421937361
47-2231.00,17755,0.03613734112110227,0.007976386658100673
47-2231.00,17754,0.05389297627350196,0.01112250198570763
47-2231.00,17753,0.06510087668818336,0.013088370960984325
47-2231.00,17752,0.021162016667273936,0.006505974878669524
47-2231.00,17751,0.06258530034319085,0.011100205352609253
47-2231.00,17750,0.05661111148339421,0.009964319321381662
47-2231.00,17749,0.028727025876307356,0.008090730588972512
47-2231.00,17748,0.020900069230896205,0.005849260941638975
47-2231.00,17747,0.029995552466473036,0.00712910041037991
47-2231.00,17746,0.05043088001965494,0.009327217506077781
47-2231.00,17745,0.05814318508291877,0.010232955042446168
47-2231.00,17744,0.01867907873482398,0.002440318493667604
47-2231.00,17743,0.018032792353934537,0.007400338900752187
47-2231.00,17742,0.07141010045705364,0.011886458489581388
47-2231.00,17741,0.025608455347565538,0.00991856873920723
47-2231.00,17740,0.06105313358517585,0.010271782022241585
47-1011.03,17739,0.01861628793080634,0.007950196756040162
47-1011.03,17738,0.05613766368819066,0.015779206773212356
47-1011.03,17737,0.08377786859385264,0.011045099188470889
47-1011.03,17735,0.11174093148581049,0.028848350958409846
47-1011.03,17734,0.04218206371431552,0.014385128936775796
47-1011.03,17733,0.015372069309847388,0.0062900916084942604
47-1011.03,17732,0.13680029808363317,0.02002471857054492
47-1011.03,17731,0.052872906228417546,0.017763488441923804
47-1011.03,17730,0.06642566165732912,0.024558941295231132
47-1011.03,17729,0.04153644072501911,0.012699945532197757
47-1011.03,17728,0.03823591966710139,0.006460245776217716
47-1011.03,17727,0.02714227219718195,0.007616538023334134
47-1011.03,17726,0.2174310482811846,0.035494823483879924
47-1011.03,17725,0.09172856843731013,0.019168433859673345
15-2099.01,17724,0.026003388217218155,0.00733575944262986
15-2099.01,17723,0.005967977645295308,0.005210646555422706
15-2099.01,17722,0.02161604279709454,0.008986265612316843
15-2099.01,17721,0.1063206524162421,0.0393189912151617
15-2099.01,17720,0.09688031650396277,0.026360383069497173
15-2099.01,17719,0.0036024395016038047,0.0015800098839648326
15-2099.01,17718,0.016150261555785524,0.009531006048386755
15-2099.01,17717,0.028294151628775317,0.007158709332086733
15-2099.01,17716,0.04398590977675668,0.00824602537356741
15-2099.01,17715,0.04174713248676649,0.014655301491391479
15-2099.01,17714,0.03712661191368055,0.012174416510912505
15-2099.01,17713,0.04658410706058608,0.01945810537959757
15-2099.01,17712,0.04486642863991,0.014257937069543366
15-2099.01,17711,0.08241147445891236,0.042590005930708275
15-2099.01,17710,0.04594005259527833,0.014980696963928888
15-2099.01,17709,0.12924633888213777,0.03178290406941691
15-2099.01,17708,0.018663507785408193,0.005938726163280068
15-2099.01,17707,0.0899823716507699,0.0329842046073057
15-2099.01,17706,0.11461083448381619,0.03331354583047419
43-5011.01,17705,0.026763103676803405,0.009522005493123844
43-5011.01,17704,0.03417040243644598,0.00866164235610249
43-5011.01,17703,0.02826799395999083,0.009189561438222547
43-5011.01,17702,0.02804746088336049,0.008608973024113922
43-5011.01,17701,0.037710970785612606,0.009572514275305708
43-5011.01,17700,0.03434640748373137,0.009806329605098271
43-5011.01,17699,0.03256279329533144,0.007656984330686927
43-5011.01,17698,0.03260840384337346,0.00717702012101653
43-5011.01,17697,0.02357608625029638,0.00987550531074953
43-5011.01,17696,0.0375678005820065,0.012326518838050584
43-5011.01,17695,0.037242348051410086,0.008824604456270427
43-5011.01,17693,0.04249160408574253,0.01193967819502828
43-5011.01,17692,0.040034900205612754,0.01089236910028224
43-5011.01,17691,0.02507263163443981,0.008521555734837885
43-5011.01,17690,0.03910670542430977,0.008903387601321167
43-5011.01,17689,0.042752515510222695,0.014303864250624104
43-5011.01,17688,0.036263700561502854,0.009257251476279314
43-5011.01,17687,0.044455424245430746,0.009113456060459206
43-5011.01,17686,0.04515613743770816,0.007878405778661389
43-5011.01,17684,0.029253768902198513,0.008796424081044625
43-5011.01,17683,0.04090482790974057,0.010435722533627168
43-5011.01,17682,0.043724877964241,0.009570030760417382
43-5011.01,17681,0.05082984360388654,0.009508226391560941
43-5011.01,17680,0.040609881788399374,0.009298267031046565
29-2099.08,17679,0.031245916828192777,0.00968548315347989
29-2099.08,17678,0.1265613915893037,0.024075196735003922
29-2099.08,17677,0.0350078490820385,0.01609511879029571
29-2099.08,17676,0.01835845146387454,0.00887334140610501
29-2099.08,17675,0.027533311216884286,0.01517783734139919
29-2099.08,17674,0.037612893352147105,0.017594503213264858
29-2099.08,17673,0.051518024408855854,0.01881111237513076
29-2099.08,17672,0.038948461049904785,0.013345646661225594
29-2099.08,17671,0.13731652245159212,0.019453467354048275
29-2099.08,17670,0.14045555148568134,0.01943723379127446
29-2099.08,17669,0.03395035255872325,0.008405187063142694
29-2099.08,17668,0.20418009943162604,0.018712989316469694
29-2099.08,17667,0.11731117508117574,0.024786680580165914
41-4011.07,17666,0.04551308790484778,0.01251155437753418
41-4011.07,17665,0.05585709705666183,0.009963773442199167
41-4011.07,17664,0.11873762616436201,0.01694200052163958
41-4011.07,17663,0.10782606573794414,0.011197873999217834
41-4011.07,17662,0.04694628873975794,0.010815888552218272
41-4011.07,17661,0.09536785061106923,0.014284863831138708
41-4011.07,17660,0.046456851487874366,0.015441391488775639
41-4011.07,17659,0.056593881136038186,0.009817307754572567
41-4011.07,17658,0.08711398857865994,0.012005748658112998
41-4011.07,17657,0.05252564565768959,0.009414482994197872
41-4011.07,17656,0.1011215483901107,0.01001965729882973
41-4011.07,17655,0.10886325969012373,0.012008084536359057
41-4011.07,17654,0.07707680884486057,0.024880833912887295
11-9179.02,17620,0.0768850573326643,0.02073634321352602
11-9179.02,17619,0.15393857032224267,0.027919194103546197
11-9179.02,17618,0.0005740927021355999,9.22662315852646e-05
11-9179.02,17617,0.10666119216996316,0.025270143643511756
11-9179.02,17616,0.03806932192696434,0.01775007186773313
11-9179.02,17615,0.015031867928024809,0.004142780780645793
11-9179.02,17614,0.006929740924694784,0.005877472643030007
11-9179.02,17613,0.04045657802145313,0.011621833935389653
11-9179.02,17612,0.10599293608581747,0.020131176476878385
11-9179.02,17611,0.0067884718393745585,0.00566747656211136
11-9179.02,17610,0.060376417781697354,0.01663690480090044
11-9179.02,17609,0.04104076273399141,0.015856141597489354
11-9179.02,17608,0.015936170949521072,0.004362831361355208
11-9179.02,17607,0.0095833524894005,0.006254446053919167
11-9179.02,17606,0.0271096375369858,0.012186621860362765
11-9179.02,17605,0.10083980620612423,0.018770898954096244
11-9179.02,17604,0.01934605422681718,0.0058487385483538745
11-9179.02,17603,0.0341837478503193,0.016827463380971804
11-9179.02,17602,0.021864317358585305,0.01359830084418421
11-9179.02,17601,0.08478851741941087,0.0238699183298243
11-9179.02,17600,0.033603386193812125,0.010916934519922794
35-3023.01,17599,0.026066880400454996,0.004968441574413511
35-3023.01,17598,0.033083132748419994,0.004376203370638222
35-3023.01,17597,0.0604753337881428,0.006956017606519738
35-3023.01,17596,0.04211054001058212,0.008912445353661995
35-3023.01,17595,0.007624261828169731,0.0023050179725941453
35-3023.01,17594,0.035228465938769986,0.005085196855311331
35-3023.01,17593,0.04087257608316911,0.008237190049914307
35-3023.01,17592,0.028379350560444157,0.0025771136755164334
35-3023.01,17591,0.08465262091915186,0.0059381022522699825
35-3023.01,17590,0.04612097780883933,0.00684535356444752
35-3023.01,17589,0.07975462002759014,0.008345880296714448
35-3023.01,17588,0.09506200259992936,0.006724167370886336
35-3023.01,17587,0.05839098782316276,0.006275561074345231
35-3023.01,17586,0.031319544204652376,0.004966491865056151
35-3023.01,17585,0.08401386955563052,0.00455497535403992
35-3023.01,17584,0.016960690086317065,0.003752567840790482
35-3023.01,17583,0.06031253025769541,0.004743779830742276
35-3023.01,17582,0.06923870344402504,0.005735257352550305
35-3023.01,17581,0.10033291191485329,0.004694261303886811
33-9099.02,17580,0.024499731198439404,0.015447261153550707
33-9099.02,17579,0.04438333503945602,0.014337860499718675
33-9099.02,17578,0.08284342587045357,0.018305394192104175
33-9099.02,17577,0.01611971729913606,0.0052335346304951515
33-9099.02,17576,0.008080669272661052,0.0032453287475897913
33-9099.02,17575,0.014200884407053386,0.0022489850234958617
33-9099.02,17574,0.0054977408895288855,0.004178625061000731
33-9099.02,17573,0.0751901133075703,0.016449641674392175
33-9099.02,17572,0.03152047491956054,0.006256859421738497
33-9099.02,17571,0.03082534246022629,0.015050260435598784
33-9099.02,17570,0.044472810873135774,0.01510238375583324
33-9099.02,17569,0.10091610052199439,0.02679220651382706
33-9099.02,17568,0.07449136501895676,0.017293763399119737
33-9099.02,17567,0.05440892958676071,0.01385327518886967
33-9099.02,17566,0.06252568629115907,0.016521546453823886
33-9099.02,17565,0.05903648481056719,0.015202421181793975
33-9099.02,17564,0.055565288732900384,0.017624475555432204
33-9099.02,17563,0.03999322169542762,0.012631545443812725
33-9099.02,17562,0.011403517529535319,0.002420704687451946
33-9099.02,17561,0.07489041383479939,0.01424249491121699
33-9099.02,17560,0.08913474644067788,0.017177698035575322
33-3021.06,17559,0.00258985397829514,0.0
33-3021.06,17558,0.0009147776100558043,0.0
33-3021.06,17557,0.024841550988849992,0.0
33-3021.06,17556,0.05454144252811757,0.0
33-3021.06,17555,0.10967658922806285,0.0
33-3021.06,17554,0.013920552861724122,0.0
33-3021.06,17553,0.007300041685442114,0.0
33-3021.06,17552,0.03628105073316787,0.0
33-3021.06,17551,0.034101953378525,0.0
33-3021.06,17550,0.051992736426772664,0.0
33-3021.06,17549,0.13446711743487255,0.0
33-3021.06,17548,0.07912060558737243,0.0
33-3021.06,17547,0.016607143533813037,0.0
33-3021.06,17546,0.051940234988837444,0.0
33-3021.06,17545,0.05884858621593218,0.0
33-3021.06,17544,0.07097423572157917,0.0
33-3021.06,17543,0.060609420931715154,0.0
33-3021.06,17542,0.03783621321319185,0.0
31-9099.01,17541,0.11249706280226168,0.016300296703346852
31-9099.01,17540,0.04312453750776819,0.011217572830822267
31-9099.01,17539,0.14177349097530312,0.02267239079315419
31-9099.01,17537,0.009663479035656496,0.007278789006080374
31-9099.01,17536,0.007350926984220846,0.0039023981839323542
31-9099.01,17535,0.16751823830503398,0.01891342980056593
31-9099.01,17534,0.15374575996894674,0.021122033741922983
31-9099.01,17533,0.17368257935036094,0.017596385307873618
31-9099.01,17532,0.17243505648842267,0.014243163743847088
31-9099.01,17531,0.018208868582025348,0.007726663975374649
31-9099.02,17530,0.09736713335976006,0.0
31-9099.02,17529,0.01484967978247332,0.0
31-9099.02,17528,0.002542872604745402,0.0
31-9099.02,17527,0.11723689761351193,0.0
31-9099.02,17526,0.010821821227524925,0.0
31-9099.02,17525,0.15208804795023234,0.0
31-9099.02,17524,0.11488910079137449,0.0
31-9099.02,17523,0.05221534238786847,0.0
31-9099.02,17522,0.13087524570862016,0.0
31-9099.02,17521,0.13298952774378694,0.0
31-9099.02,17520,0.034210753557337416,0.0
31-9099.02,17519,0.13991357727276457,0.0
29-9092.00,17518,0.047499324410175466,0.0
29-9092.00,17517,0.02306705926322374,0.0
29-9092.00,17516,0.0005793043150108075,0.0
29-9092.00,17515,0.02991383115459683,0.0
29-9092.00,17514,0.006065224393542076,0.0
29-9092.00,17513,0.002484316227091922,0.0
29-9092.00,17512,0.005060210308385297,0.0
29-9092.00,17511,0.08299367260782092,0.0
29-9092.00,17510,0.025960661882710245,0.0
29-9092.00,17509,0.06519515168821567,0.0
29-9092.00,17508,0.08884066361178743,0.0
29-9092.00,17507,0.0806686414159722,0.0
29-9092.00,17506,0.08240773082840132,0.0
29-9092.00,17505,0.08446112678864705,0.0
29-9092.00,17504,0.09176362051892015,0.0
29-9092.00,17503,0.059592222773446585,0.0
29-9092.00,17502,0.08313040332060777,0.0
29-9092.00,17501,0.058786243526697854,0.0
29-9092.00,17500,0.08153059096474669,0.0
29-9099.01,17499,0.02515749879175377,0.005576277813825672
29-9099.01,17498,0.03838487226440945,0.006857510419394909
29-9099.01,17496,0.01792677846487472,0.0036420458725813826
29-9099.01,17495,0.044665698947479945,0.01102613710523655
29-9099.01,17494,0.002312569300253026,0.0015563114815228829
29-9099.01,17493,0.05017345194905501,0.00959971533752531
29-9099.01,17492,0.004975224347503311,0.0011106096495578034
29-9099.01,17491,0.00243688244967975,0.0014111842493024385
29-9099.01,17490,0.025443731992720278,0.005597597678723914
29-9099.01,17489,0.005264779741838992,0.001754289704235773
29-9099.01,17488,0.020692970193054282,0.005451411254259941
29-9099.01,17487,0.02713903757142847,0.005874253910968436
29-9099.01,17486,0.0057971972201615474,0.0014248689611444077
29-9099.01,17485,0.054612472118107235,0.008051838116172858
29-9099.01,17484,0.019121619320224846,0.004371771972436569
29-9099.01,17483,0.028789834686217593,0.004802489127183136
29-9099.01,17482,0.07867025357293284,0.010459400601237068
29-9099.01,17481,0.08436971405154892,0.013460742891221641
29-9099.01,17480,0.019835849536636502,0.00413061279479084
29-9099.01,17479,0.0009648236088109816,0.0006487301915388234
29-9099.01,17478,0.016910750696761685,0.004594263160490633
29-9099.01,17477,0.0021110437478400893,0.0008006683230492692
29-9099.01,17476,0.05250975124784588,0.00753921942811374
29-9099.01,17475,0.025740927525604754,0.005705920436242622
29-9099.01,17474,0.023260827482814463,0.007542179853502125
29-9099.01,17473,0.04005611474099433,0.012423042761144594
29-9099.01,17472,0.09029081166985445,0.01429042354175517
29-9099.01,17471,0.043524750693276965,0.007428777101191556
29-9099.01,17470,0.012630196218706409,0.004468802186717688
29-9099.01,17469,0.01051786311790033,0.0015531826597951633
29-9099.01,17468,0.012749733743066548,0.006758173683070426
29-9099.01,17467,0.009774930663711235,0.0019090083481349345
29-9099.01,17466,0.038358548282541455,0.008169387322864846
29-9099.01,17465,0.010213870243217182,0.0019244444291127195
29-2092.00,17448,0.014548321819472595,0.005019508340916915
29-2092.00,17447,0.021765396433778516,0.011828104918429514
29-2092.00,17446,0.17855948332668556,0.023341362550359523
29-2092.00,17445,0.04150814803848395,0.015085115858831525
29-2092.00,17444,0.019920969533825765,0.0060650107661852975
29-2092.00,17443,0.1508834814528359,0.022421409016831234
29-2092.00,17442,0.05213616660441928,0.008299393654829469
29-2092.00,17441,0.11046659128391342,0.011935416368112442
29-2092.00,17440,0.13910167739854964,0.029338125771113166
29-2092.00,17439,0.14562281110523997,0.027111118973887842
29-2099.01,17438,0.004432810899067953,0.0
29-2099.01,17437,0.08881341279817447,0.0
29-2099.01,17436,0.021694587254654594,0.0
29-2099.01,17435,0.055886808070309345,0.0
29-2099.01,17434,0.08703062582987167,0.0
29-2099.01,17433,0.07488348854624749,0.0
29-2099.01,17432,0.038293899095762786,0.0
29-2099.01,17431,0.10519866638973599,0.0
29-2099.01,17430,0.06737214305153447,0.0
29-2099.01,17429,0.144246088007811,0.0
29-2099.01,17428,0.03728608511093014,0.0
29-2099.01,17427,0.015734374336961406,0.0
29-2099.01,17426,0.0407516269361436,0.0
29-2099.01,17425,0.07228175827083677,0.0
29-2099.01,17424,0.06126039256716882,0.0
29-2099.01,17423,0.08483323283478954,0.0
29-2011.02,17408,0.0016668661759968828,0.0
29-2011.02,17407,0.045102360714391686,0.0
29-2011.02,17406,0.023320239998757084,0.0
29-2011.02,17405,0.09676801555386103,0.0
29-2011.02,17404,0.025326890516708958,0.0
29-2011.02,17402,0.11015055185963797,0.0
29-2011.02,17401,0.13691589203897414,0.0
29-2011.02,17400,0.02896305896639905,0.0
29-2011.02,17399,0.037256112160984116,0.0
29-2011.02,17398,0.09162453369523033,0.0
29-2011.02,17397,0.10849724289092277,0.0
29-2011.02,17396,0.12559005707183044,0.0
29-2011.02,17395,0.16881817835630555,0.0
29-2011.01,17394,0.028059455874232905,0.0
29-2011.01,17393,0.016510785428298976,0.0
29-2011.01,17392,0.04667103140693739,0.0
29-2011.01,17391,0.07506771909567847,0.0
29-2011.01,17390,0.07050004895942188,0.0
29-2011.01,17389,0.07963538923193507,0.0
29-2011.01,17388,0.03662276977139607,0.0
29-2011.01,17387,0.017503506531383835,0.0
29-2011.01,17386,0.038514106039286344,0.0
29-2011.01,17385,0.08551770392421511,0.0
29-2011.01,17384,0.012992109328540056,0.0
29-2011.01,17383,0.07311014618013993,0.0
29-2011.01,17382,0.019273358739368394,0.0
29-2011.01,17381,0.014324014668690536,0.0
29-2011.01,17380,0.020571024615018772,0.0
29-2011.01,17379,0.013986590638643891,0.0
29-2011.01,17378,0.013907134095325575,0.0
29-2011.01,17377,0.031223365388740865,0.0
29-2011.01,17376,0.045958275354371504,0.0
29-2011.01,17375,0.02409238163188425,0.0
29-2011.01,17374,0.0010744856639309016,0.0
29-1291.00,17373,0.08059622380731943,0.0
29-1291.00,17372,0.08264907014786826,0.0
29-1291.00,17371,0.033262460646740204,0.0
29-1291.00,17370,0.07072486307720549,0.0
29-1291.00,17369,0.05929356652015314,0.0
29-1291.00,17368,0.040089066571178056,0.0
29-1291.00,17367,0.014861512958471658,0.0
29-1291.00,17366,0.05895924319089972,0.0
29-1291.00,17365,0.06829452512616883,0.0
29-1291.00,17364,0.058798059472419346,0.0
29-1291.00,17363,0.05008377004496195,0.0
29-1291.00,17362,0.08059622380731943,0.0
29-1291.00,17361,0.07195901850901909,0.0
29-1291.00,17360,0.043160817362243455,0.0
29-1291.00,17359,0.016192286653744243,0.0
29-1291.00,17358,0.0694907076453919,0.0
29-1291.00,17357,0.0797693741403032,0.0
29-1291.00,17356,0.021219210318592554,0.0
29-1122.01,17355,0.021091877490619613,0.0
29-1122.01,17354,0.05682973678995815,0.0
29-1122.01,17353,0.014840215440398237,0.0
29-1122.01,17352,0.11517205178787474,0.0
29-1122.01,17351,0.05994426678579951,0.0
29-1122.01,17350,0.02777536432211063,0.0
29-1122.01,17349,0.08695204504571508,0.0
29-1122.01,17348,0.04578187959721061,0.0
29-1122.01,17347,0.030298421200818826,0.0
29-1122.01,17346,0.12265200727982457,0.0
29-1122.01,17345,0.11742114100441872,0.0
29-1122.01,17344,0.01105292864665607,0.0
29-1122.01,17343,0.003969632522528514,0.0
29-1122.01,17342,0.01849238509721799,0.0
29-1122.01,17341,0.017297773231750066,0.0
29-1122.01,17340,0.012847907141492993,0.0
29-1122.01,17339,0.0066742998556650205,0.0
29-1122.01,17338,0.03556910907508618,0.0
29-1122.01,17337,0.005030911280532375,0.0
29-1122.01,17336,0.13786415268662974,0.0
29-1141.02,17335,0.04940886918683639,0.0
29-1141.02,17334,0.08143854873324526,0.0
29-1141.02,17333,0.012149846328539724,0.0
29-1141.02,17332,0.030911224466143063,0.0
29-1141.02,17331,0.09914265009407086,0.0
29-1141.02,17330,0.021875755817595443,0.0
29-1141.02,17329,0.0874472342455478,0.0
29-1141.02,17328,0.05423587395933317,0.0
29-1141.02,17327,0.07663228770722633,0.0
29-1141.02,17326,0.0894282023583497,0.0
29-1141.02,17325,0.06331763572867455,0.0
29-1141.02,17324,0.08783694867150169,0.0
29-1141.02,17323,0.021812783561549757,0.0
29-1141.02,17322,0.014449646907522066,0.0
29-1141.02,17321,0.017390453373121034,0.0
29-1141.02,17320,0.016703321129966052,0.0
29-1141.02,17319,0.09610416049236785,0.0
29-1141.02,17318,0.01885051528781186,0.0
29-1141.02,17317,0.0059339557518572564,0.0
29-1141.02,17316,0.010579668574172646,0.0
29-1141.02,17315,0.023404812084088806,0.0
29-1141.02,17314,0.012230686147025598,0.0
29-1141.02,17313,0.007642507030835981,0.0
29-1141.02,17312,0.00107241236261714,0.0
29-1071.01,17311,0.07939905576776611,0.022840654632197626
29-1071.01,17310,0.12520481040289227,0.030161780521999665
29-1071.01,17309,0.04949262536145272,0.017587506816511556
29-1071.01,17308,0.02675539423351792,0.011496478857805364
29-1071.01,17307,0.03184054688885865,0.009902558799666696
29-1071.01,17306,0.01166840246360424,0.005566485987199958
29-1071.01,17305,0.11933412400245444,0.026386979479068932
29-1071.01,17304,0.07905666587258008,0.01687871173279495
29-1071.01,17303,0.07143745079902293,0.020935881584374986
29-1071.01,17302,0.021115406342265775,0.014303631113198424
29-1071.01,17301,0.11556703440433796,0.022636103172036334
29-1071.01,17300,0.09142205433492649,0.02057782400987838
29-1071.01,17299,0.00742112666696003,0.004885123539237905
29-1071.01,17298,0.018045622596605842,0.01065826910300039
29-1071.01,17297,0.021948403047696928,0.009369446559323882
29-1071.01,17296,0.13029127681505764,0.024797451665887517
29-1229.03,17295,0.12754424006200085,0.02204606440799733
29-1229.03,17294,0.0800120745364733,0.018490335758653116
29-1229.03,17293,0.1350601586434615,0.020860268993860287
29-1229.03,17291,0.017443221589673232,0.00726437282177349
29-1229.03,17290,0.07154459761766488,0.01743671623140247
29-1229.03,17289,0.08775655080440008,0.019566198585727116
29-1229.03,17288,0.08164941613740466,0.018043785237840004
29-1229.03,17287,0.03889981101816851,0.009294908351262083
29-1229.03,17286,0.08495841652551885,0.018080669281737308
29-1229.03,17285,0.038258429262312946,0.011481112661226896
29-1229.03,17284,0.0578119913922957,0.01807575897339203
29-1229.03,17283,0.14582366947054942,0.024097887549056434
29-1229.03,17282,0.033237422940076096,0.007163728543789305
29-1229.06,17281,0.1300441690549306,0.016117404131594
29-1229.06,17280,0.05856595771972362,0.01630657448407114
29-1229.06,17279,0.006673801626286245,0.0013890307355123282
29-1229.06,17278,0.049521689103275465,0.012213531119602062
29-1229.06,17277,0.0007009125182636161,0.00020843040803081701
29-1229.06,17276,0.020951913892583923,0.010923872512236045
29-1229.06,17275,0.03472502100183703,0.013193486556621708
29-1229.06,17274,0.008926319977879967,0.0024765924573378517
29-1229.06,17273,0.08394174332370394,0.01345806795282767
29-1229.06,17272,0.057665053120290216,0.013299453019066362
29-1229.06,17271,0.02855504957199355,0.010839098902610401
29-1229.06,17270,0.039302747745668325,0.005770295991610973
29-1229.06,17269,0.025559040289444137,0.010601766083627276
29-1229.06,17268,0.09628369832345503,0.017876762983708522
29-1229.06,17267,0.052955846984247726,0.012379955278766694
29-1229.06,17266,0.052930477264426914,0.012513825420376094
29-1229.06,17265,0.08957106099408427,0.01631023890057304
29-1229.06,17264,0.01747334286662938,0.011200503605416025
29-1229.06,17263,0.022097083790368923,0.012098626592658727
29-1229.06,17262,0.0043220856230334476,0.0019062218445213977
29-1229.06,17261,0.01689982540296596,0.011601304336778716
29-1229.06,17260,0.009695311319304772,0.004352902257146515
29-1229.06,17259,0.00395159351795933,0.0012265881841195272
29-1229.06,17258,0.02302645550511202,0.011343646235249227
29-1229.06,17257,0.04482364033512317,0.008885886114370573
29-1229.06,17256,0.0023776983418666965,0.0010073765192364146
29-1229.06,17255,0.018458460785541808,0.011572406674377386
29-1224.00,17254,0.12754029391045252,0.010911644890389713
29-1224.00,17253,0.021344718006213778,0.004973613476306377
29-1224.00,17252,0.0755848888683784,0.013915759936611432
29-1224.00,17251,0.03432488977803757,0.008732600759696252
29-1224.00,17250,0.04383316280674379,0.008294227717111267
29-1224.00,17249,0.06941579692854245,0.012815842846809162
29-1224.00,17248,0.0826877516618877,0.010324682133762508
29-1224.00,17246,0.04558505563291226,0.008567476497739888
29-1224.00,17245,0.05942297969582963,0.008081146510506789
29-1224.00,17243,0.12364584544728688,0.010425322035328843
29-1224.00,17242,0.11941071732009155,0.012159472913569195
29-1224.00,17241,0.011059090745861163,0.004617050107094889
29-1224.00,17239,0.12346229531409754,0.010725252987543682
29-1224.00,17236,0.02119211892956917,0.005552139495913578
29-1224.00,17235,0.024009816041327518,0.008601330537607609
29-1224.00,17234,0.005954650873498578,0.002117182365223564
29-1224.00,17231,0.011525928039269478,0.004919780495930772
29-1229.05,17225,0.02381854179990883,0.0
29-1229.05,17224,0.018792133998153934,0.0
29-1229.05,17223,0.0216813493186799,0.0
29-1229.05,17222,0.2212692179840352,0.0
29-1229.05,17221,0.006052788343554718,0.0
29-1229.05,17220,0.023263823463436115,0.0
29-1229.05,17219,0.04550695795767627,0.0
29-1229.05,17218,0.1531530234016628,0.0
29-1229.05,17217,0.027550500198894986,0.0
29-1229.05,17216,0.02341694687700354,0.0
29-1229.05,17215,0.0035621722932745034,0.0
29-1229.05,17214,0.2772484016247245,0.0
29-1229.05,17213,0.017296740402027926,0.0
29-1229.05,17212,0.0908322583500791,0.0
29-1229.05,17211,0.04655514398688765,0.0
29-1229.04,17210,0.09430063989890286,0.011505633369891587
29-1229.04,17209,0.01852190395695273,0.0035619025823575767
29-1229.04,17208,0.06997630584787361,0.009152274782128288
29-1229.04,17207,0.027666029483834162,0.008820751356101586
29-1229.04,17206,0.04862576198829906,0.006624581282177792
29-1229.04,17205,0.07521223871928857,0.014484295678820059
29-1229.04,17204,0.07982326990848673,0.011820392052992361
29-1229.04,17203,0.08165758655645415,0.01112751484758495
29-1229.04,17202,0.03214023034899296,0.006314638794580285
29-1229.04,17201,0.12099587806542463,0.012982567273821122
29-1229.04,17200,0.11139976762768815,0.01427613434791555
29-1229.04,17199,0.06655769971721111,0.010529591573121767
29-1229.04,17198,0.10585612712924623,0.013524713203268602
29-1229.04,17197,0.018193637575502526,0.007088767493794716
29-1229.04,17196,0.04907292317584244,0.009199651107059881
29-1222.00,17195,0.14846428600885977,0.008843611354004613
29-1222.00,17194,0.15425183156918612,0.009401533265537353
29-1222.00,17193,0.04996719459883007,0.01109550196096309
29-1222.00,17192,0.07013974719380071,0.009712277342352658
29-1222.00,17191,0.05255496764726423,0.011761139811870365
29-1222.00,17190,0.14780913765766146,0.010205914525781245
29-1222.00,17189,0.013513177208183833,0.0041114771807384915
29-1222.00,17188,0.03074151318157018,0.009709624748810512
29-1222.00,17187,0.11347858671466618,0.009163806526336644
29-1222.00,17186,0.01942512853170633,0.009430162182624343
29-1222.00,17185,0.027723278636677118,0.007020178309658689
29-1222.00,17184,0.00195354310082876,0.0009890340121734148
29-1222.00,17183,0.00935740452241538,0.005269628770007363
29-1222.00,17182,0.02523046191647505,0.006562598926767329
29-1222.00,17181,0.013802894045059716,0.007681297597687327
29-1222.00,17180,0.041065181165409144,0.0071835536388126335
29-1222.00,17179,0.041304732101978714,0.010521842221351071
29-1222.00,17178,0.03755902225911189,0.007946551024904542
29-1222.00,17177,0.0016579119403153297,0.001419197859855555
29-1241.00,17176,0.08922314721298233,0.004677661732593299
29-1241.00,17175,0.10360735571381192,0.00796477733355272
29-1241.00,17174,0.03953990199374404,0.00677270674768184
29-1241.00,17173,0.015917979555733132,0.006010677744867947
29-1241.00,17172,0.01570084482658283,0.006265064267302405
29-1241.00,17171,0.09008483552186347,0.010182406518833561
29-1241.00,17170,0.07531388714220236,0.010371683846994455
29-1241.00,17169,0.06645850087355205,0.009695389450814893
29-1241.00,17168,0.0572858540462879,0.013458646917499968
29-1241.00,17167,0.10671240838210568,0.007067254530010071
29-1241.00,17166,0.05872214882627471,0.011857093948798558
29-1241.00,17165,0.0258927647332885,0.007851084554785774
29-1241.00,17164,0.0005868075244651395,0.00037207017638494117
29-1241.00,17163,0.09972251881262549,0.0077945983118183956
29-1241.00,17162,0.10024162804424676,0.008207303320973962
29-1241.00,17161,0.0018179157645877681,0.0010002287252378267
29-1241.00,17160,0.014753826039915059,0.006167293067576899
29-1241.00,17159,0.038417674985730836,0.00562054290660386
29-1217.00,17132,0.08343045073173108,0.00929081857623359
29-1217.00,17131,0.0554699221556334,0.009226540815226612
29-1217.00,17130,0.05408774003131074,0.007491625670879898
29-1217.00,17129,0.030336370924461526,0.005772915180731013
29-1217.00,17128,0.04345052979714893,0.007846146597090108
29-1217.00,17127,0.004388985944594257,0.0023114716816686346
29-1217.00,17126,0.06963856585162091,0.008148654891721605
29-1217.00,17125,0.06416453327429368,0.00901426667423922
29-1217.00,17124,0.06811117124946613,0.007573146655643475
29-1217.00,17123,0.07595499812844851,0.009723818642506576
29-1217.00,17122,0.02512670125619494,0.004127208927846487
29-1217.00,17121,0.06173418218198489,0.00942275921608258
29-1217.00,17120,0.016983084422213753,0.00581140674792683
29-1217.00,17119,0.06011805737194913,0.009992130644815926
29-1217.00,17118,0.006610340773808348,0.0026772132076983103
29-1217.00,17117,0.0729108668266217,0.00920993238615563
29-1217.00,17116,0.024154565386176087,0.0035416639678601844
29-1217.00,17115,0.02979123426183275,0.004691523512212571
29-1217.00,17114,0.03625173016663196,0.005514643352823968
29-1217.00,17113,0.052117615149252845,0.005420175993948424
29-1217.00,17112,0.018370249138915738,0.00528298533005683
29-1217.00,17111,0.008926240654569848,0.003005380040654609
29-1217.00,17110,0.029688204874267463,0.005038757623885793
29-1217.00,17109,0.008183659446871359,0.002715480981307776
29-1229.02,17108,0.03805935967391034,0.0
29-1229.02,17107,0.05638600957653452,0.0
29-1229.02,17106,0.15398003567134994,0.0
29-1229.02,17105,0.07652828045992147,0.0
29-1229.02,17104,0.07153777977845015,0.0
29-1229.02,17103,0.11881977022815618,0.0
29-1229.02,17102,0.16358540257838142,0.0
29-1229.02,17101,0.04201602254040714,0.0
29-1229.02,17100,0.0255728859419656,0.0
29-1229.02,17099,0.06908200047271877,0.0
29-1229.02,17098,0.09464760394470272,0.0
29-1229.02,17097,0.005116131156903944,0.0
29-1229.02,17096,0.07299026242106381,0.0
29-1213.00,17095,0.10227551445082486,0.007872495409372312
29-1213.00,17094,0.11154847312626355,0.006872739638038713
29-1213.00,17093,0.09993249918574555,0.007041886605459228
29-1213.00,17092,0.08904976087405106,0.008493932646874822
29-1213.00,17091,0.04055132826488821,0.013214056718145616
29-1213.00,17090,0.08119017868341542,0.012302947336864321
29-1213.00,17089,0.06513945669047766,0.0109452721641931
29-1213.00,17088,0.01215752053789292,0.006798553736744588
29-1213.00,17087,0.061436957908136164,0.011123523111095027
29-1213.00,17085,0.08416173477126943,0.00801054204701577
29-1213.00,17084,0.029894235551987083,0.007243040403638428
29-1213.00,17083,0.012238453228810781,0.004454426549915969
29-1213.00,17082,0.020795542626664436,0.009276259932193961
29-1213.00,17081,0.02649101801107841,0.006606047165070121
29-1213.00,17079,0.030623723638151114,0.011792210574326922
29-1213.00,17078,0.11151475122097357,0.006928755459654382
29-1213.00,17077,0.02099885122936976,0.009550451200141752
29-1229.01,17076,0.09546803958725904,0.008811963089561465
29-1229.01,17075,0.029621905622961867,0.006461088044668977
29-1229.01,17074,0.07678952738980516,0.010412201513274448
29-1229.01,17073,0.06540117161714899,0.010453019151451096
29-1229.01,17072,0.05428013065907892,0.0077659407360823425
29-1229.01,17071,0.09359020369528745,0.010500161304862666
29-1229.01,17070,0.08189521758347118,0.010818008494915996
29-1229.01,17069,0.09710762825815407,0.009337057642351343
29-1229.01,17068,0.069748632197645,0.008589831297586068
29-1229.01,17067,0.08707133226463017,0.009974997899793876
29-1229.01,17066,0.09091756661442574,0.010218186186352847
29-1229.01,17065,0.02258545000076496,0.005681649538250534
29-1229.01,17064,0.016014618834143166,0.006893433164154921
29-1229.01,17063,0.09384758662694044,0.009840154272239741
29-1229.01,17062,0.022006627185180754,0.005938112668709224
29-1229.01,17061,0.0036543618631030466,0.0028973885313445195
25-3041.00,17037,0.1137574881918738,0.0
25-3041.00,17036,0.0770456493720951,0.0
25-3041.00,17035,0.001219513027459154,0.0
25-3041.00,17034,0.11385721203784968,0.0
25-3041.00,17033,0.0623753800261842,0.0
25-3041.00,17032,0.03229507669592739,0.0
25-3041.00,17031,0.00994042282023868,0.0
25-3041.00,17030,0.03133387691292179,0.0
25-3041.00,17029,0.051451389497680196,0.0
25-3041.00,17028,0.03296255409990911,0.0
25-3041.00,17027,0.13171851833418424,0.0
25-3041.00,17026,0.12578979902042098,0.0
25-3041.00,17025,0.04767139235882106,0.0
25-3041.00,17024,0.05566448561840406,0.0
25-3041.00,17023,0.0062610082399183024,0.0
25-3041.00,17022,0.02082196715099338,0.0
25-3041.00,17021,0.004779967148199475,0.0
25-3041.00,17020,0.062163145528262506,0.0
25-3041.00,17019,0.01889115391865685,0.0
25-2059.01,17018,0.1470930868941606,0.0
25-2059.01,17017,0.11429333019983788,0.0
25-2059.01,17016,0.14401317283734338,0.0
25-2059.01,17015,0.00791488219217826,0.0
25-2059.01,17014,0.05038757615873899,0.0
25-2059.01,17013,0.003691348657605368,0.0
25-2059.01,17012,0.01537599928822992,0.0
25-2059.01,17011,0.11787564277850006,0.0
25-2059.01,17010,0.018855074762468574,0.0
25-2059.01,17009,0.015484283638558872,0.0
25-2059.01,17008,0.042007430710674545,0.0
25-2059.01,17007,0.022533305158575444,0.0
25-2059.01,17006,0.09467934693606743,0.0
25-2059.01,17005,0.15118553583989874,0.0
25-2059.01,17004,0.005815496309691603,0.0
25-2059.01,17003,0.0006311350397591552,0.0
25-2059.01,17002,0.011630616023699736,0.0
25-2059.01,17001,0.0010300627255620802,0.0
25-2059.01,17000,0.006027493183771824,0.0
19-4099.03,16999,0.11063438393687218,0.02509317658982992
19-4099.03,16998,0.11314307256218087,0.022064216777859212
19-4099.03,16997,0.10024815800502918,0.021731236492136742
19-4099.03,16996,0.030799068600139437,0.007479944873714053
19-4099.03,16995,0.01684688113811439,0.013783172399968102
19-4099.03,16994,0.06309614588464259,0.01234679348738621
19-4099.03,16993,0.09076215132038924,0.02400727831293295
19-4099.03,16992,0.018934783063913895,0.014491420796434187
19-4099.03,16991,0.12628787957702198,0.014555348323737017
19-4099.03,16990,0.07167219898084912,0.01991544242851466
19-4099.03,16989,0.020444576292923632,0.01572589871234321
19-4099.03,16987,0.02321550782239722,0.01495792765561525
19-4099.03,16986,0.10368271009411353,0.020573184933623895
19-4099.03,16985,0.013423492024730374,0.008720185259264277
19-4099.03,16984,0.011671599423849202,0.007669443002714392
19-4099.03,16983,0.017974638231071587,0.010992997597441198
19-4099.03,16982,0.03438507447276171,0.010956298898721174
19-4099.03,16981,0.032777678568999845,0.01554459557915075
19-4099.01,16980,0.09893817391054911,0.01390409587912625
19-4099.01,16979,0.08279304365770827,0.014700584922891724
19-4099.01,16978,0.04008746620341072,0.00862210046794317
19-4099.01,16977,0.0665069809470194,0.014569950286364415
19-4099.01,16976,0.008045895007971057,0.0026031614333225203
19-4099.01,16975,0.04715559156566164,0.012072058684663026
19-4099.01,16974,0.0926445292137644,0.013319916224824811
19-4099.01,16973,0.033062412259362045,0.010466561981612289
19-4099.01,16972,0.06898454968099771,0.016067383695586298
19-4099.01,16971,0.0250341574903115,0.009133066730714982
19-4099.01,16970,0.02662207192239637,0.010632699604443296
19-4099.01,16969,0.012379387049082865,0.003528861642561009
19-4099.01,16968,0.019534501020196552,0.01037484896265222
19-4099.01,16967,0.03969248813638087,0.008081265005135105
19-4099.01,16966,0.03149418316035673,0.010634637167265674
19-4099.01,16965,0.011728634539556155,0.007800621446949736
19-4099.01,16964,0.022578631605595558,0.01067791313572514
19-4099.01,16963,0.00413883824344757,0.001332929406420844
19-4099.01,16962,0.0031470820612689706,0.002060210511782426
19-4099.01,16961,0.08024391390748722,0.010951771197536094
19-4099.01,16960,0.0043924697204446375,0.002227414339647122
19-4099.01,16959,0.04974250931551478,0.012089767998374409
19-4099.01,16958,0.0069162170592938395,0.0025843314114234878
19-4099.01,16957,0.02939121211338047,0.008929986498438675
19-4099.01,16956,0.08782536224464471,0.018553057817989913
19-4099.01,16955,0.0069196979641968585,0.0013895787733392995
19-3099.01,16954,0.09784395840938834,0.0
19-3099.01,16953,0.07079334895682092,0.0
19-3099.01,16952,0.03770001783148618,0.0
19-3099.01,16951,0.09400699262029993,0.0
19-3099.01,16949,0.008010126520616695,0.0
19-3099.01,16948,0.06181711601764114,0.0
19-3099.01,16945,0.011259653486889945,0.0
19-3099.01,16944,0.00825004559646541,0.0
19-3099.01,16943,0.09720446411120692,0.0
19-3099.01,16942,0.023850435458756307,0.0
19-3099.01,16941,0.026636766472948006,0.0
19-3099.01,16939,0.005727918454095868,0.0
19-3099.01,16938,0.020370873440507038,0.0
19-3099.01,16937,0.010911693767846379,0.0
19-3099.01,16935,0.0031038840583453324,0.0
19-3099.01,16934,0.10762652616096743,0.0
19-3011.01,16915,0.17173862831053938,0.0
19-3011.01,16914,0.05817431830461182,0.0
19-3011.01,16913,0.07546262251069111,0.0
19-3011.01,16910,0.06608239400223245,0.0
19-3011.01,16909,0.07210923485547001,0.0
19-3011.01,16908,0.008732321863086394,0.0
19-3011.01,16906,0.00992382639324989,0.0
19-3011.01,16905,0.0371844594252045,0.0
19-3011.01,16904,0.0075406972287689,0.0
19-3011.01,16903,0.03208082440421839,0.0
19-3011.01,16902,0.12902045842747115,0.0
19-3011.01,16901,0.05729427131867463,0.0
19-3011.01,16900,0.004907981441598622,0.0
19-3011.01,16899,0.0031817498908518686,0.0
19-3011.01,16898,0.03573279718476726,0.0
19-3011.01,16897,0.03201950786521996,0.0
19-2041.03,16896,0.009127444453703115,0.0
19-2041.03,16895,0.01878831826188828,0.0
19-2041.03,16894,0.014871502066126889,0.0
19-2041.03,16893,0.019010772360509597,0.0
19-2041.03,16892,0.0027219275402487,0.0
19-2041.03,16891,0.024084467426681664,0.0
19-2041.03,16890,0.003278112094796568,0.0
19-2041.03,16889,0.004723805491607282,0.0
19-2041.03,16888,0.08492788128352,0.0
19-2041.03,16886,0.03299698686900776,0.0
19-2041.03,16885,0.024624273673593277,0.0
19-2041.03,16884,0.009862779237395067,0.0
19-2041.03,16883,0.012949031002563671,0.0
19-2041.03,16882,0.019906023039721495,0.0
19-2041.03,16881,0.028534039957114062,0.0
19-2041.03,16880,0.002965221558166276,0.0
19-2041.03,16879,0.001341822355487103,0.0
19-2041.02,16876,0.02098039641377455,0.0
19-2041.02,16875,0.056412626604131565,0.0
19-2041.02,16874,0.00554207048196495,0.0
19-2041.02,16873,0.04127881661081028,0.0
19-2041.02,16872,0.04664888659534903,0.0
19-2041.02,16871,0.03664774563476705,0.0
19-2041.02,16870,0.008803320888492049,0.0
19-2041.02,16869,0.008696137870110381,0.0
19-2041.02,16868,0.022647518734260092,0.0
19-2041.02,16867,0.05609769130643196,0.0
19-2041.02,16866,0.023389197455068927,0.0
19-2041.02,16865,0.07341378549824033,0.0
19-2041.02,16864,0.010065128758543417,0.0
19-2041.02,16863,0.030583211969259855,0.0
19-2041.02,16862,0.1686248938230221,0.0
19-2041.02,16861,0.224711700813134,0.0
19-2041.02,16860,0.03328538196301829,0.0
19-2041.02,16859,0.028333165058431954,0.0
19-2041.02,16858,0.01572164574896968,0.0
19-2041.02,16857,0.01813500987450936,0.0
19-2041.02,16856,0.054214052489807055,0.0
19-2041.02,16855,0.012694131279505288,0.0
19-2041.01,16854,0.04804730803737524,0.0
19-2041.01,16853,0.10822600720935073,0.0
19-2041.01,16852,0.15467795051334307,0.0
19-2041.01,16851,0.019426814104835405,0.0
19-2041.01,16850,0.07331156711202351,0.0
19-2041.01,16849,0.18432234227569613,0.0
19-2041.01,16848,0.059486089553661234,0.0
19-2041.01,16847,0.05021619830316599,0.0
19-2041.01,16846,0.10643247443667468,0.0
19-2041.01,16845,0.01232182538919726,0.0
19-2041.01,16844,0.00999494375254211,0.0
19-2041.01,16843,0.038181597204835035,0.0
19-2041.01,16842,0.10671483801799692,0.0
19-2041.01,16841,0.02864004408930266,0.0
19-1029.03,16840,0.042231619638281946,0.0
19-1029.03,16839,0.08737636946659125,0.0
19-1029.03,16838,0.01691710820967532,0.0
19-1029.03,16837,0.03122567969689649,0.0
19-1029.03,16836,0.012162781846125641,0.0
19-1029.03,16835,0.021307014336215735,0.0
19-1029.03,16834,0.04268477067293868,0.0
19-1029.03,16833,0.05031482323936578,0.0
19-1029.03,16832,0.17583892109444912,0.0
19-1029.03,16831,0.014665280741589957,0.0
19-1029.03,16830,0.0702366383878158,0.0
19-1029.03,16829,0.07527897824308741,0.0
19-1029.03,16828,0.11939500804687074,0.0
19-1029.03,16827,0.04288414502129565,0.0
19-1029.03,16826,0.026228001251959173,0.0
19-1029.03,16825,0.008084470854492681,0.0
19-1029.03,16824,0.021978783210012898,0.0
19-1029.03,16823,0.04427058675561811,0.0
19-1029.03,16822,0.02262984057179385,0.0
19-1029.03,16821,0.014134988211502929,0.0
19-1029.03,16820,0.017275628619673526,0.0
19-1029.03,16819,0.005658172235720634,0.0
19-1029.03,16818,0.024774041433782205,0.0
19-1029.03,16817,0.012446348214244434,0.0
19-1029.02,16816,0.028812404503502437,0.0
19-1029.02,16815,0.11584427713054311,0.0
19-1029.02,16814,0.04377272688665034,0.0
19-1029.02,16813,0.05989101279722099,0.0
19-1029.02,16812,0.0032296700371189585,0.0
19-1029.02,16811,0.016758344629469447,0.0
19-1029.02,16810,0.0849149997966363,0.0
19-1029.02,16809,0.015838568869187015,0.0
19-1029.02,16808,0.10544348150922996,0.0
19-1029.02,16807,0.12944174876777328,0.0
19-1029.02,16806,0.043929288947459996,0.0
19-1029.02,16805,0.10795957226591939,0.0
19-1029.02,16804,0.06468246491764174,0.0
19-1029.02,16802,0.060125252970171794,0.0
19-1029.02,16801,0.006438464825539852,0.0
19-1029.02,16800,0.014620408966860053,0.0
19-1029.02,16799,0.017986917285651098,0.0
19-1029.02,16798,0.011726750946444212,0.0
19-1029.02,16797,0.014561274428289833,0.0
19-1029.02,16796,0.020410090746464122,0.0
19-1029.01,16795,0.08395626857880782,0.02905823674206249
19-1029.01,16794,0.10794759649078882,0.028861911133092687
19-1029.01,16793,0.09848478391233065,0.02317475891896949
19-1029.01,16792,0.03529314696458172,0.012928159153093022
19-1029.01,16791,0.043803726615869,0.014784922337932025
19-1029.01,16790,0.053658972251463,0.013993360025209707
19-1029.01,16789,0.04182220642870844,0.019250224268797893
19-1029.01,16788,0.027896911604910257,0.01136188737119808
19-1029.01,16787,0.04198977608134106,0.012481255427507661
19-1029.01,16786,0.07668450150498919,0.020454809428620966
19-1029.01,16785,0.10696031952800907,0.02610578581587214
19-1029.01,16784,0.02997488620854898,0.014338586856206377
19-1029.01,16783,0.020320039319106527,0.010655090361776231
19-1029.01,16782,0.00919925881920223,0.006494959096953383
19-1029.01,16781,0.044062007795830055,0.018867484526930964
19-1029.01,16780,0.01738330736708088,0.010237138597581422
19-1029.01,16779,0.0161387904437213,0.009887234934134785
19-1029.01,16777,0.13000221631752398,0.05372385641598084
19-1029.01,16776,0.014421283767187,0.009500988783015175
17-3029.08,16732,0.08656472733510218,0.0
17-3029.08,16731,0.08140710234327249,0.0
17-3029.08,16730,0.03170562228560649,0.0
17-3029.08,16729,0.05320235577917176,0.0
17-3029.08,16727,0.005620319202529849,0.0
17-3029.08,16726,0.09976603534178949,0.0
17-3029.08,16725,0.010504829576437889,0.0
17-3029.08,16724,0.0358017372729472,0.0
17-3029.08,16723,0.015818022860585874,0.0
17-3029.08,16722,0.014148103634997135,0.0
17-3029.08,16721,0.06427415771981919,0.0
17-3029.08,16720,0.0068673690086050645,0.0
17-3029.08,16719,0.011147041879026329,0.0
17-3029.08,16718,0.016446005716396633,0.0
17-3029.08,16716,0.03164427574397622,0.0
17-3029.08,16715,0.042241091120110374,0.0
17-3029.08,16714,0.04257937096612719,0.0
17-3029.08,16710,0.06156705259721645,0.0
17-3029.08,16709,0.018270665517830364,0.0
17-3029.01,16627,0.06914820001230836,0.0
17-3029.01,16626,0.10302904660261272,0.0
17-3029.01,16625,0.06196005923177297,0.0
17-3029.01,16624,0.062071521535951586,0.0
17-3029.01,16623,0.05030305017901924,0.0
17-3029.01,16622,0.08026428271246853,0.0
17-3029.01,16621,0.025368828389314344,0.0
17-3029.01,16620,0.11056246406333108,0.0
17-3029.01,16619,0.06914475128179143,0.0
17-3029.01,16618,0.07162369033451205,0.0
17-3029.01,16617,0.04640008641796253,0.0
17-3029.01,16616,0.06442911410667297,0.0
17-3029.01,16615,0.021854824920157154,0.0
17-3029.01,16614,0.025699494718336935,0.0
17-3029.01,16613,0.06973370567546143,0.0
17-3029.01,16612,0.06840687981832659,0.0
17-3027.01,16611,0.06496818809201199,0.0
17-3027.01,16610,0.033702511725438894,0.0
17-3027.01,16608,0.08866347565692481,0.0
17-3027.01,16607,0.02150364915271772,0.0
17-3027.01,16606,0.1127015637256087,0.0
17-3027.01,16605,0.0755217641413544,0.0
17-3027.01,16604,0.057072897008694085,0.0
17-3027.01,16603,0.032502472433568366,0.0
17-3027.01,16602,0.08926785143176304,0.0
17-3027.01,16601,0.15036132170403782,0.0
17-3027.01,16600,0.02253111129846852,0.0
17-3027.01,16599,0.0560794485844691,0.0
17-3027.01,16598,0.021865568711121112,0.0
17-3027.01,16597,0.02064145689326191,0.0
17-3024.01,16596,0.013114347761813857,0.0
17-3024.01,16594,0.002290672170434307,0.0
17-3024.01,16593,0.09985011871564493,0.0
17-3024.01,16592,0.04915330289950211,0.0
17-3024.01,16591,0.07593249154003119,0.0
17-3024.01,16590,0.019094453214796102,0.0
17-3024.01,16589,0.06708301140653755,0.0
17-3024.01,16588,0.15819729344696726,0.0
17-3024.01,16587,0.05918385082950739,0.0
17-3024.01,16586,0.04734076043260237,0.0
17-3024.01,16585,0.03276831880962444,0.0
17-3024.01,16584,0.08248493391165017,0.0
17-3024.01,16583,0.02118620740845851,0.0
17-3024.01,16582,0.006124562081584511,0.0
17-3024.01,16581,0.028633047995630503,0.0
17-3024.01,16580,0.02158151776371666,0.0
17-3024.01,16579,0.09047803167449836,0.0
17-3024.01,16577,0.005863915490382144,0.0
17-3024.01,16576,0.011406135045322494,0.0
17-2199.11,16575,0.08854112516034116,0.0
17-2199.11,16574,0.12611756552208717,0.0
17-2199.11,16573,0.01734082223936161,0.0
17-2199.11,16572,0.11071491807571533,0.0
17-2199.11,16571,0.1424167650045175,0.0
17-2199.11,16570,0.06303900428127711,0.0
17-2199.11,16569,0.12555710224996194,0.0
17-2199.11,16568,0.15780356785990654,0.0
17-2199.11,16567,0.00022708283934964386,0.0
17-2199.11,16566,0.04262485637100144,0.0
17-2199.11,16565,0.02452898120988832,0.0
17-2199.11,16564,0.07336596036109108,0.0
17-2199.11,16563,0.02772224882550121,0.0
17-2199.10,16562,0.03428600350826063,0.0250384754906453
17-2199.10,16561,0.021475545314454274,0.010664904904888384
17-2199.10,16560,0.09281696260467631,0.04331085800202665
17-2199.10,16559,0.15063384706408592,0.06660565444438846
17-2199.10,16558,0.09551438859237824,0.057394332343592966
17-2199.10,16557,0.06135291896264908,0.04775442018438399
17-2199.10,16556,0.011583462594381625,0.005005755061170402
17-2199.10,16555,0.04492743603867169,0.035967691377064466
17-2199.10,16554,0.006902346285725619,0.005380785879737591
17-2199.10,16553,0.08852500651530358,0.0484510027288807
17-2199.10,16552,0.03745103776444238,0.03211885301231767
17-2199.10,16551,0.03883056235162196,0.03535411186067659
17-2199.10,16550,0.15086916779982326,0.06794983409181558
17-2199.10,16549,0.07796612144310415,0.0376101324530299
17-2199.10,16548,0.07084936238721157,0.04538920659824984
17-2199.10,16547,0.016015830773209772,0.012248472334880156
17-2199.09,16546,0.06378205479556529,0.0
17-2199.09,16545,0.061661379081865246,0.0
17-2199.09,16544,0.022952845753752355,0.0
17-2199.09,16543,0.01807054015456678,0.0
17-2199.09,16542,0.0527877205876409,0.0
17-2199.09,16541,0.05459112981019736,0.0
17-2199.09,16540,0.12373261965557547,0.0
17-2199.09,16539,0.02472781568734256,0.0
17-2199.09,16538,0.002854180271650027,0.0
17-2199.09,16537,0.014925472380907301,0.0
17-2199.09,16536,0.030941478430932545,0.0
17-2199.09,16535,0.06281149691051527,0.0
17-2199.09,16534,0.016252638028876828,0.0
17-2199.09,16533,0.11614264094051586,0.0
17-2199.09,16532,0.17029397710251284,0.0
17-2199.09,16531,0.010409735226164505,0.0
17-2199.08,16530,0.02316719997051912,0.0
17-2199.08,16528,0.04791540836312936,0.0
17-2199.08,16527,0.01663109157242569,0.0
17-2199.08,16525,0.016068243548918764,0.0
17-2199.08,16524,0.0037037280687866507,0.0
17-2199.08,16523,0.03339599918761381,0.0
17-2199.08,16522,0.011465852702448482,0.0
17-2199.08,16521,0.08132700332892648,0.0
17-2199.08,16520,0.044252874495475165,0.0
17-2199.08,16519,0.021968003438612813,0.0
17-2199.08,16518,0.017183049481006643,0.0
17-2199.08,16517,0.14540852404025276,0.0
17-2199.08,16516,0.04655641274324641,0.0
17-2199.08,16515,0.05140147745652327,0.0
17-2199.08,16514,0.03180588019903046,0.0
17-2199.08,16513,0.013225012795689538,0.0
17-2199.08,16512,0.04546354796247821,0.0
17-2199.08,16511,0.10906760153700831,0.0
17-2199.08,16510,0.0206524491904027,0.0
17-2199.08,16509,0.12377263032194061,0.0
17-2199.06,16508,0.031235475660963564,0.010316786488720014
17-2199.06,16507,0.02253448449687553,0.014741335442054663
17-2199.06,16506,0.028183210933737192,0.01224109490366494
17-2199.06,16505,0.039558151939307874,0.017804048399983854
17-2199.06,16504,0.03362677496310758,0.013470706275707567
17-2199.06,16503,0.06164905369055496,0.03696977827738159
17-2199.06,16502,0.04505311734240689,0.01407087905695188
17-2199.06,16501,0.04115116308255086,0.03335753210713914
17-2199.06,16500,0.027967681388729706,0.010191671569129309
17-2199.06,16499,0.026193459940634385,0.013937823733745238
17-2199.06,16498,0.03692801474175086,0.012625607075846272
17-2199.06,16497,0.07639106514784712,0.029075574974062435
17-2199.06,16496,0.029826044877554404,0.01968344896014125
17-2199.06,16495,0.025757987394715715,0.015893555423667237
17-2199.06,16494,0.10032275538143744,0.05301176026544677
17-2199.06,16493,0.010962796872089455,0.005303914751608067
17-2199.06,16492,0.0525887964318499,0.021474790196224048
17-2199.06,16491,0.05201786869367766,0.034038697339560824
17-2199.06,16490,0.05117273600561754,0.01478293409306024
17-2199.06,16489,0.024408868168652603,0.022519406937522357
17-2199.06,16488,0.02704658262920292,0.016521989814391916
17-2199.06,16487,0.027397755411841206,0.020915645768640082
17-2199.06,16486,0.021901921830618176,0.013666217771181838
17-2199.06,16485,0.09303281843449969,0.04073309298141201
17-2199.06,16484,0.013091414539776825,0.008064627717448635
17-2199.05,16483,0.07739416654129302,0.02113051791733499
17-2199.05,16481,0.008670540414243843,0.004683685046039357
17-2199.05,16479,0.01816015329324917,0.006062899505288157
17-2199.05,16476,0.010125996062305537,0.0073913226441952645
17-2199.05,16475,0.025691848004267038,0.013198061004725743
17-2199.05,16474,0.1993326156277149,0.10146688780791396
17-2199.05,16473,0.022009602337716004,0.010287430450489984
17-2199.05,16471,0.047846202201835934,0.012762944019172133
17-2199.05,16470,0.039578301703977546,0.010101823640171242
17-2199.05,16469,0.03343519281165802,0.009250256567569453
17-2199.05,16468,0.1254592470299045,0.032801446467099406
17-2199.05,16466,0.017823832049151698,0.005973688133426755
17-2199.05,16465,0.04709944789554945,0.01502394205473137
17-2199.05,16464,0.026217471183529097,0.009319910288363726
17-2141.02,16439,0.023338797953793986,0.0
17-2141.02,16438,0.09269295097680187,0.0
17-2141.02,16437,0.04079378031603944,0.0
17-2141.02,16436,0.034225937111990144,0.0
17-2141.02,16435,0.033956964292180015,0.0
17-2141.02,16434,0.08810461844747185,0.0
17-2141.02,16433,0.01595782047357601,0.0
17-2141.02,16432,0.01967013854445693,0.0
17-2141.02,16431,0.01782741164715493,0.0
17-2141.02,16430,0.02712719390118795,0.0
17-2141.02,16429,0.05019828345224551,0.0
17-2141.02,16428,0.1639769328729014,0.0
17-2141.02,16427,0.053958340679810125,0.0
17-2141.02,16426,0.026946992900745197,0.0
17-2141.02,16425,0.05775866625345997,0.0
17-2141.02,16424,0.033881120151837196,0.0
17-2141.02,16423,0.04105821801193594,0.0
17-2141.02,16422,0.04152454820718481,0.0
17-2141.02,16421,0.028918237047858352,0.0
17-2141.01,16420,0.016566531549648857,0.0
17-2141.01,16419,0.05387694689733913,0.0
17-2141.01,16418,0.02257506110923942,0.0
17-2141.01,16417,0.10605610109965281,0.0
17-2141.01,16415,0.02048305715474169,0.0
17-2141.01,16414,0.023314710401576174,0.0
17-2141.01,16413,0.05007876699362386,0.0
17-2141.01,16412,0.04246775184356127,0.0
17-2141.01,16411,0.01855502870945799,0.0
17-2141.01,16410,0.004523568741391633,0.0
17-2141.01,16408,0.0910243752928676,0.0
17-2141.01,16407,0.1225897232676946,0.0
17-2141.01,16406,0.02060630408784417,0.0
17-2141.01,16405,0.0442752735188117,0.0
17-2141.01,16403,0.022074521713421953,0.0
17-2141.01,16399,0.06714131803672121,0.0
17-2141.01,16398,0.024441029705937416,0.0
17-2112.01,16397,0.03525118406596,0.0
17-2112.01,16396,0.07854455446384495,0.0
17-2112.01,16395,0.011188645337855364,0.0
17-2112.01,16394,0.008212640605442523,0.0
17-2112.01,16393,0.10017882624577501,0.0
17-2112.01,16392,0.028623957873548902,0.0
17-2112.01,16391,0.021348123994165493,0.0
17-2112.01,16390,0.0112150707761724,0.0
17-2112.01,16389,0.010114380118924793,0.0
17-2112.01,16388,0.025045986285929727,0.0
17-2112.01,16387,0.10590581096279271,0.0
17-2112.01,16386,0.022622241656467108,0.0
17-2112.01,16385,0.015653159135455588,0.0
17-2112.01,16384,0.01978733796192735,0.0
17-2112.01,16383,0.0722773982420887,0.0
17-2112.01,16382,0.013474066515941662,0.0
17-2112.01,16381,0.03899701268510026,0.0
17-2112.01,16380,0.06459098326307908,0.0
17-2112.01,16379,0.09534460710059231,0.0
17-2112.01,16378,0.059863146262594515,0.0
17-2112.01,16377,0.014264681479967251,0.0
17-2112.01,16376,0.009743876743635856,0.0
17-2112.01,16375,0.03601913810855635,0.0
17-2112.01,16374,0.026988872428775866,0.0
17-2112.01,16373,0.04554421886420084,0.0
17-2112.01,16372,0.02920007882120542,0.0
17-2072.01,16371,0.04614639762765583,0.01682954062450398
17-2072.01,16370,0.09312138386113548,0.020234864413146033
17-2072.01,16369,0.05151322410438503,0.018615031332396288
17-2072.01,16368,0.034165566241625034,0.015686293455341525
17-2072.01,16367,0.02596716923428798,0.009741543375205327
17-2072.01,16366,0.043251785550773206,0.015279235179327099
17-2072.01,16365,0.0511487039151589,0.018642551987872166
17-2072.01,16364,0.0403792316862292,0.01585792297147582
17-2072.01,16363,0.04160743121179403,0.015108658309513847
17-2072.01,16362,0.03672541916473036,0.016379578980292353
17-2072.01,16361,0.02586453106886985,0.015668327163430983
17-2072.01,16360,0.04621533856705554,0.016905416579407397
17-2072.01,16359,0.06673982603014503,0.019137251285220126
17-2072.01,16358,0.06994625021647281,0.020186604830540144
17-2072.01,16357,0.026095623309793696,0.013728060727152895
17-2072.01,16356,0.013302597961096379,0.0050465942005653835
17-2072.01,16355,0.031618231143475596,0.009722774721563453
17-2072.01,16354,0.08381411265295145,0.027310857503171908
17-2072.01,16353,0.08600260752433887,0.02198584600205426
17-2072.01,16352,0.04297896829967726,0.012454739444135951
17-2072.01,16351,0.043395600628348505,0.018276771089000467
17-2051.02,16350,0.032989021930777684,0.0
17-2051.02,16349,0.04459636734111644,0.0
17-2051.02,16348,0.041152175597256556,0.0
17-2051.02,16347,0.048096686735316564,0.0
17-2051.02,16346,0.02853953489203637,0.0
17-2051.02,16345,0.024235495963882997,0.0
17-2051.02,16344,0.021181353256190184,0.0
17-2051.02,16343,0.03259587470712349,0.0
17-2051.02,16342,0.01514456760105974,0.0
17-2051.02,16341,0.02440193534709486,0.0
17-2051.02,16340,0.009491678218944007,0.0
17-2051.02,16339,0.01066244122799075,0.0
17-2051.02,16338,0.0065152137183411025,0.0
17-2051.02,16337,0.01686702751109938,0.0
17-2051.02,16336,0.00367473665296719,0.0
17-2051.02,16335,0.02122082042296675,0.0
17-2051.02,16334,0.01665621309073204,0.0
17-2051.02,16333,0.01310973623160636,0.0
17-2051.02,16332,0.0040678360187437704,0.0
17-2051.02,16331,0.018763848806672114,0.0
17-2051.02,16330,0.0272071449753337,0.0
17-2051.02,16329,0.01065847871391822,0.0
17-2051.02,16328,0.01065847871391822,0.0
17-2051.02,16327,0.35894892332479245,0.0
17-2051.02,16326,0.03879745242972066,0.0
17-2051.02,16325,0.05306266220219503,0.0
17-2051.02,16324,0.03414415090168304,0.0
17-2051.01,16323,0.19941507507676376,0.0
17-2051.01,16322,0.05556549931409178,0.0
17-2051.01,16321,0.005464469578261823,0.0
17-2051.01,16320,0.08336232369965087,0.0
17-2051.01,16319,0.13215849239680816,0.0
17-2051.01,16318,0.03612026399783484,0.0
17-2051.01,16317,0.002047733981380821,0.0
17-2051.01,16316,0.011922555488518009,0.0
17-2051.01,16315,0.016825811453096914,0.0
17-2051.01,16314,0.0287053593469577,0.0
17-2051.01,16313,0.03249218149231043,0.0
17-2051.01,16312,0.010511942074173709,0.0
17-2051.01,16311,0.045898002743133756,0.0
17-2051.01,16310,0.060551499807651864,0.0
17-2051.01,16309,0.06554061195235017,0.0
17-2051.01,16308,0.007159500769250607,0.0
17-2051.01,16307,0.014457020880615852,0.0
17-2051.01,16306,0.01558344994377045,0.0
17-2051.01,16305,0.04220054329565815,0.0
17-2051.01,16304,0.022625571132131563,0.0
17-2051.01,16303,0.0177377346852823,0.0
17-1022.01,16302,0.05239496726603521,0.0
17-1022.01,16301,0.040541201633868686,0.0
17-1022.01,16300,0.08001767174500657,0.0
17-1022.01,16299,0.08512098801800527,0.0
17-1022.01,16298,0.10852246722223026,0.0
17-1022.01,16297,0.04674596636682077,0.0
17-1022.01,16296,0.040674384930594,0.0
17-1022.01,16295,0.11320691064784418,0.0
17-1022.01,16294,0.03324403322854621,0.0
17-1022.01,16293,0.019921567193006137,0.0
17-1022.01,16292,0.0748136535153121,0.0
17-1022.01,16291,0.04608700525050141,0.0
17-1022.01,16290,0.07075882109028586,0.0
17-1022.01,16289,0.09902711795067826,0.0
17-1022.01,16288,0.030094687424212105,0.0
17-1022.01,16287,0.05882855651705309,0.0
15-2051.02,16286,0.02499826918036155,0.0
15-2051.02,16285,0.01770881578973288,0.0
15-2051.02,16284,0.17987075887354065,0.0
15-2051.02,16283,0.02394672702933924,0.0
15-2051.02,16282,0.018123787073104972,0.0
15-2051.02,16281,0.045137982786482116,0.0
15-2051.02,16280,0.14667515685381843,0.0
15-2051.02,16279,0.0980898842154603,0.0
15-2051.02,16278,0.015172239665778317,0.0
15-2051.02,16277,0.04385237140182767,0.0
15-2051.02,16276,0.09029837070989621,0.0
15-2051.02,16275,0.012043031035644384,0.0
15-2051.02,16274,0.06164574016030955,0.0
15-2051.02,16273,0.006660170346519913,0.0
15-2051.02,16272,0.03643770610456584,0.0
15-2051.02,16271,0.0043270061855418315,0.0
15-2051.02,16270,0.029240021374260163,0.0
15-2051.02,16269,0.0330565289487049,0.0
15-2051.02,16268,0.051623027946950936,0.0
15-2051.02,16267,0.04581959466589735,0.0
15-2051.02,16266,0.015272809652262792,0.0
15-2041.01,16265,0.05964600112642041,0.0
15-2041.01,16264,0.012875543873464814,0.0
15-2041.01,16263,0.06950523023356399,0.0
15-2041.01,16262,0.02338622576309373,0.0
15-2041.01,16261,0.004165154467264154,0.0
15-2041.01,16260,0.007470745481410378,0.0
15-2041.01,16259,0.006588704253153062,0.0
15-2041.01,16258,0.020081500430591415,0.0
15-2041.01,16257,0.0913091372714832,0.0
15-2041.01,16256,0.0016592174514097758,0.0
15-2041.01,16255,0.010504531837400154,0.0
15-2041.01,16254,0.057283754104971545,0.0
15-2041.01,16253,0.03860739288862767,0.0
15-2041.01,16252,0.059517589363391556,0.0
15-2041.01,16251,0.042516138485507976,0.0
15-2041.01,16250,0.02566544985800293,0.0
15-2041.01,16249,0.09202417897598106,0.0
15-2041.01,16248,0.07434279339643853,0.0
15-2041.01,16247,0.05070075871070669,0.0
15-2041.01,16246,0.011990052601018887,0.0
15-2041.01,16245,0.025754062306988724,0.0
15-2041.01,16244,0.15171734592994224,0.0
15-2041.01,16243,0.04263885559631688,0.0
15-2041.01,16242,0.01420255430880611,0.0
15-2041.01,16241,0.005847081284044133,0.0
15-1299.03,16240,0.008416757475504605,0.0
15-1299.03,16239,0.12071704708237162,0.0
15-1299.03,16238,0.01782721897066719,0.0
15-1299.03,16237,0.01714971727718464,0.0
15-1299.03,16236,0.0689100682856287,0.0
15-1299.03,16235,0.009154339654724163,0.0
15-1299.03,16234,0.039812176053919575,0.0
15-1299.03,16233,0.010027533327908199,0.0
15-1299.03,16232,0.03505579872400455,0.0
15-1299.03,16231,0.04189847610849104,0.0
15-1299.03,16230,0.03679306355311854,0.0
15-1299.03,16229,0.05588745126163459,0.0
15-1299.03,16228,0.035387622599644425,0.0
15-1299.03,16227,0.025166197124241924,0.0
15-1299.03,16226,0.06615194827535628,0.0
15-1299.03,16224,0.0024549170490433523,0.0
15-1299.03,16223,0.04110102746993672,0.0
15-1299.03,16222,0.10025755232466395,0.0
15-1299.03,16221,0.09265975451569546,0.0
15-1299.03,16220,0.006700364331810399,0.0
15-1299.03,16219,0.06280085336658461,0.0
15-1255.01,16217,0.09498090403308646,0.0
15-1255.01,16216,0.06547475134765479,0.0
15-1255.01,16215,0.045415531499617974,0.0
15-1255.01,16214,0.03364532777024789,0.0
15-1255.01,16213,0.013832818921301164,0.0
15-1255.01,16212,0.0996780631032289,0.0
15-1255.01,16211,0.00823162325259932,0.0
15-1255.01,16210,0.023814279897174516,0.0
15-1255.01,16209,0.09678330186176952,0.0
15-1255.01,16208,0.07839086402936098,0.0
15-1255.01,16207,0.039270993720379906,0.0
15-1255.01,16206,0.016671394415221707,0.0
15-1255.01,16205,0.009558951615772032,0.0
15-1255.01,16204,0.011581908320569892,0.0
15-1255.01,16203,0.01805300308845591,0.0
15-1255.01,16202,0.04430513810056208,0.0
15-1255.01,16201,0.05860580679170741,0.0
15-1255.01,16200,0.05211955022340466,0.0
15-1255.01,16199,0.09412066843266985,0.0
15-1255.01,16198,0.051887778521161415,0.0
15-1255.01,16197,0.006584878588767257,0.0
15-1255.01,16196,0.013232019645073471,0.0
15-1255.01,16195,0.011252112939323126,0.0
15-1255.01,16194,0.012508329880889787,0.0
13-1161.01,16193,0.044464071154337974,0.0
13-1161.01,16192,0.04605857535748047,0.0
13-1161.01,16191,0.07782497752886777,0.0
13-1161.01,16190,0.06918501478149539,0.0
13-1161.01,16189,0.06856833470931274,0.0
13-1161.01,16188,0.013821770433259401,0.0
13-1161.01,16187,0.004581556384852545,0.0
13-1161.01,16186,0.033637836149310776,0.0
13-1161.01,16185,0.006512024776913907,0.0
13-1161.01,16184,0.026466920937795825,0.0
13-1161.01,16183,0.0042478556850489005,0.0
13-1161.01,16182,0.06584751165505731,0.0
13-1161.01,16181,0.004270245227435974,0.0
13-1161.01,16180,0.0034049764151370533,0.0
13-1161.01,16179,0.01680452588001463,0.0
13-1161.01,16178,0.004326829600555178,0.0
13-1161.01,16177,0.005093913563586557,0.0
13-1161.01,16176,0.000976834580616294,0.0
13-1161.01,16175,0.003706449873084828,0.0
13-1161.01,16174,0.007109168207591354,0.0
13-1161.01,16173,0.002984134574497634,0.0
13-1161.01,16172,0.017663901839539267,0.0
15-1299.09,16171,0.045523384447712534,0.0
15-1299.09,16170,0.0421867949626901,0.0
15-1299.09,16169,0.08234279627290428,0.0
15-1299.09,16168,0.045945081755745514,0.0
15-1299.09,16167,0.04477090155677948,0.0
15-1299.09,16166,0.02903017126226803,0.0
15-1299.09,16165,0.03354294491205192,0.0
15-1299.09,16164,0.030748129661913513,0.0
15-1299.09,16163,0.07725547096607314,0.0
15-1299.09,16162,0.04071416288666148,0.0
15-1299.09,16161,0.035133907388701126,0.0
15-1299.09,16160,0.0326022825471211,0.0
15-1299.09,16159,0.04342753774144283,0.0
15-1299.09,16158,0.03303183939669866,0.0
15-1299.09,16157,0.051929819993682784,0.0
15-1299.09,16156,0.0813500489692637,0.0
15-1299.09,16155,0.05609461053279298,0.0
15-1299.09,16154,0.07669565762532225,0.0
15-1299.09,16153,0.05225492963795662,0.0
15-1299.09,16152,0.032605019844469695,0.0
15-1299.09,16151,0.03281450763774835,0.0
15-2051.01,16150,0.16064730080323644,0.0
15-2051.01,16149,0.07037592552166985,0.0
15-2051.01,16148,0.0385938314419473,0.0
15-2051.01,16147,0.012272089910723366,0.0
15-2051.01,16146,0.060046355317547415,0.0
15-2051.01,16145,0.04955650555685171,0.0
15-2051.01,16144,0.05235187511478771,0.0
15-2051.01,16143,0.03747705609103548,0.0
15-2051.01,16142,0.026317146588979944,0.0
15-2051.01,16141,0.05734970017026369,0.0
15-2051.01,16140,0.12989745716550197,0.0
15-2051.01,16139,0.10887869715869228,0.0
15-2051.01,16138,0.03119514915242013,0.0
15-2051.01,16137,0.012133007194050045,0.0
15-2051.01,16136,0.05235521969826653,0.0
15-2051.01,16135,0.01336335764091977,0.0
15-2051.01,16134,0.08718932547310632,0.0
15-1243.01,16133,0.04347163460394839,0.0
15-1243.01,16132,0.08019496408472043,0.0
15-1243.01,16131,0.023911936281835532,0.0
15-1243.01,16130,0.042344378341313146,0.0
15-1243.01,16129,0.028821243589157837,0.0
15-1243.01,16128,0.05476034699237838,0.0
15-1243.01,16127,0.015050008997958862,0.0
15-1243.01,16126,0.08215389635113436,0.0
15-1243.01,16125,0.09365781625083264,0.0
15-1243.01,16124,0.0533260238267909,0.0
15-1243.01,16123,0.11779055241549814,0.0
15-1243.01,16122,0.015579064066852178,0.0
15-1243.01,16121,0.08486426582153285,0.0
15-1243.01,16120,0.10750397533541042,0.0
15-1243.01,16119,0.02346289055149059,0.0
15-1243.01,16118,0.06732356216631269,0.0
15-1243.01,16117,0.03395454826710172,0.0
15-1243.01,16116,0.03182889205573095,0.0
15-1243.00,16115,0.07442860379243488,0.0
15-1243.00,16114,0.09399753392591718,0.0
15-1243.00,16113,0.06617880388948078,0.0
15-1243.00,16112,0.026153525022068507,0.0
15-1243.00,16111,0.01858366136778613,0.0
15-1243.00,16110,0.07065852603264346,0.0
15-1243.00,16109,0.07521247885371309,0.0
15-1243.00,16108,0.04021960124265738,0.0
15-1243.00,16107,0.008918159557405221,0.0
15-1243.00,16106,0.03724186387868461,0.0
15-1243.00,16105,0.02565726871757776,0.0
15-1243.00,16104,0.022418569006581613,0.0
15-1243.00,16102,0.007449223746575887,0.0
15-1243.00,16101,0.038503903388566345,0.0
15-1243.00,16100,0.009187564569195129,0.0
15-1243.00,16099,0.06268877594925651,0.0
15-1241.01,16083,0.021030629814967894,0.0
15-1241.01,16082,0.029393382973753344,0.0
15-1241.01,16081,0.06535506255270736,0.0
15-1241.01,16080,0.044961250228781065,0.0
15-1241.01,16079,0.0357969496586939,0.0
15-1241.01,16078,0.024695824852008084,0.0
15-1241.01,16077,0.012696060386087962,0.0
15-1241.01,16076,0.06184704415321006,0.0
15-1241.01,16075,0.018154664860261075,0.0
15-1241.01,16074,0.02574180276129503,0.0
15-1241.01,16073,0.02697266553362567,0.0
15-1241.01,16072,0.03775605814487975,0.0
15-1241.01,16070,0.082969056516115,0.0
15-1241.01,16069,0.06778758811404088,0.0
15-1241.01,16067,0.03713776223544065,0.0
15-1241.01,16066,0.04919858305102976,0.0
15-1241.01,16065,0.022422756565392273,0.0
15-1241.01,16064,0.05603255378034849,0.0
15-1241.01,16063,0.03509842986723763,0.0
15-1241.01,16062,0.03065399221184698,0.0
15-1241.01,16061,0.008633940854423348,0.0
15-1241.01,16060,0.02595112468458944,0.0
15-1241.01,16059,0.044233514957705125,0.0
15-1241.01,16058,0.05431161034387966,0.0
13-2099.04,16057,0.029862739773107574,0.0
13-2099.04,16056,0.016132564868680345,0.0
13-2099.04,16055,0.05129706822584609,0.0
13-2099.04,16054,0.1326275070745954,0.0
13-2099.04,16053,0.18397350894489647,0.0
13-2099.04,16052,0.02917519904287127,0.0
13-2099.04,16051,0.13705731635045715,0.0
13-2099.04,16050,0.028385660170934017,0.0
13-2099.04,16049,0.014980703169731541,0.0
13-2099.04,16048,0.11266425167394302,0.0
13-2099.04,16047,0.08065020304166166,0.0
13-2099.04,16046,0.030373689865370344,0.0
13-2099.04,16045,0.06240521293374167,0.0
13-2099.04,16044,0.011427257628003784,0.0
13-2099.04,16043,0.0012874988747009924,0.0
13-2099.04,16042,0.0010973108218719815,0.0
13-2099.04,16041,0.004336828021132181,0.0
13-2099.04,16040,0.008097739036589982,0.0
13-2099.04,16039,0.007268941443711189,0.0
13-2099.04,16038,0.008019667068645524,0.0
13-2099.04,16037,0.006822255061852958,0.0
13-2099.04,16036,0.0156435727404832,0.0
13-2099.04,16035,0.026413304167171664,0.0
13-2099.01,15997,0.22384134140063902,0.0
13-2099.01,15996,0.08273905211627426,0.0
13-2099.01,15995,0.04586522999108448,0.0
13-2099.01,15994,0.009496785399798566,0.0
13-2099.01,15993,0.06016590889880943,0.0
13-2099.01,15992,0.020423062369223054,0.0
13-2099.01,15991,0.04988467665459812,0.0
13-2099.01,15990,0.0600563068520082,0.0
13-2099.01,15989,0.16360801871253536,0.0
13-2099.01,15988,0.028361799990001622,0.0
13-2099.01,15987,0.02867831708995202,0.0
13-2099.01,15986,0.01731533047575948,0.0
13-2099.01,15985,0.07281071166139384,0.0
13-2099.01,15984,0.05244830506952701,0.0
13-2099.01,15983,0.04700945852477046,0.0
13-2099.01,15982,0.012987144213287605,0.0
13-1199.05,15981,0.09428462794270803,0.0
13-1199.05,15980,0.14615784371309912,0.0
13-1199.05,15979,0.06102450740371453,0.0
13-1199.05,15978,0.08471307561740497,0.0
13-1199.05,15977,0.041065718763560854,0.0
13-1199.05,15976,0.04148580980644215,0.0
13-1199.05,15975,0.10794344885307469,0.0
13-1199.05,15974,0.013160287587328366,0.0
13-1199.05,15973,0.23528289958391768,0.0
13-1199.05,15972,0.01402715785276134,0.0
13-1199.05,15971,0.02129256043742282,0.0
13-1199.05,15970,0.038440527495171385,0.0
13-1199.05,15969,0.06025013848713263,0.0
13-1199.05,15968,0.04087139645626141,0.0
13-1199.04,15967,0.17699308223890162,0.0
13-1199.04,15966,0.05209521414126249,0.0
13-1199.04,15965,0.1122139208157418,0.0
13-1199.04,15964,0.02718242281499646,0.0
13-1199.04,15963,0.03160010179765604,0.0
13-1199.04,15962,0.03200876767640222,0.0
13-1199.04,15961,0.12538731363814137,0.0
13-1199.04,15960,0.05861272494253115,0.0
13-1199.04,15959,0.02242390952067621,0.0
13-1199.04,15958,0.10439156140382908,0.0
13-1199.04,15957,0.027414932672452482,0.0
13-1199.04,15956,0.009966771998823721,0.0
13-1199.04,15955,0.05450575249871661,0.0
13-1199.04,15954,0.014673534975163462,0.0
13-1199.04,15953,0.006877120028260796,0.0
13-1199.04,15952,0.045392665601476215,0.0
13-1199.04,15951,0.02275450570510074,0.0
13-1199.04,15950,0.012003967622940872,0.0
13-1199.04,15949,0.013070110029641506,0.0
13-1199.04,15948,0.023917376926114748,0.0
13-1199.04,15947,0.0265142429511705,0.0
13-1041.08,15946,0.11746997712337036,0.0
13-1041.08,15945,0.11787853963936018,0.0
13-1041.08,15944,0.03149294620186552,0.0
13-1041.08,15943,0.010293414437747022,0.0
13-1041.08,15942,0.08825568363017744,0.0
13-1041.08,15941,0.08324258303512595,0.0
13-1041.08,15940,0.026342340788006676,0.0
13-1041.08,15939,0.013431496445488113,0.0
13-1041.08,15938,0.008551228272666486,0.0
13-1041.08,15937,0.0489366439048856,0.0
13-1041.08,15936,0.05218966628697742,0.0
13-1041.08,15935,0.0009272822186998608,0.0
13-1041.08,15934,0.027375768378680707,0.0
13-1041.08,15933,0.0272655996414039,0.0
13-1041.08,15932,0.0995076540864733,0.0
13-1041.08,15931,0.003026072174604467,0.0
13-1041.08,15930,0.05454485306217159,0.0
13-1041.08,15929,0.011271778010763303,0.0
13-1041.08,15928,0.03082242251433026,0.0
13-1041.08,15927,0.006597534915680387,0.0
13-1041.08,15926,0.036682839066013176,0.0
13-1041.08,15925,0.02104396134725317,0.0
13-1041.08,15924,0.08284971481825512,0.0
13-1081.02,15905,0.043981484419444904,0.0
13-1081.02,15904,0.04018068889678957,0.0
13-1081.02,15903,0.03623182770536046,0.0
13-1081.02,15902,0.01050364312720207,0.0
13-1081.02,15901,0.017454535766751596,0.0
13-1081.02,15900,0.02225432940143196,0.0
13-1081.02,15899,0.04619241754831754,0.0
13-1081.02,15898,0.09074418761004625,0.0
13-1081.02,15897,0.056387850979595394,0.0
13-1081.02,15896,0.013561972999467318,0.0
13-1081.02,15895,0.012109028635209657,0.0
13-1081.02,15894,0.03340699881663152,0.0
13-1081.02,15893,0.040798973662895685,0.0
13-1081.02,15892,0.027138990119946464,0.0
13-1081.02,15891,0.001935178584956955,0.0
13-1081.02,15890,0.06090974264203367,0.0
13-1081.02,15889,0.06087915936673017,0.0
13-1081.02,15888,0.041046837540169,0.0
13-1081.02,15887,0.03471642429436633,0.0
13-1081.02,15886,0.008154381545731513,0.0
13-1081.02,15885,0.024915504522765596,0.0
13-1081.02,15884,0.04115869638075827,0.0
13-1081.02,15883,0.07632854328808243,0.0
13-1081.02,15882,0.008450738469100768,0.0
13-1081.02,15881,0.018833421667943422,0.0
13-1081.01,15880,0.0370130795873957,0.0
13-1081.01,15879,0.028933251188155075,0.0
13-1081.01,15877,0.046121977125185544,0.0
13-1081.01,15876,0.13190984523279584,0.0
13-1081.01,15875,0.053989713020062974,0.0
13-1081.01,15874,0.02912430310134276,0.0
13-1081.01,15873,0.002240280404477526,0.0
13-1081.01,15872,0.04255965872844508,0.0
13-1081.01,15870,0.029142857088292135,0.0
13-1081.01,15868,0.04905650466439197,0.0
13-1081.01,15867,0.08390144736710925,0.0
13-1081.01,15866,0.007226323975376947,0.0
13-1081.01,15865,0.0011575034087343223,0.0
13-1081.01,15864,0.09561864682329553,0.0
13-1081.01,15863,0.034131738733026655,0.0
13-1081.01,15861,0.05166530028750359,0.0
11-9199.11,15860,0.024465417919337516,0.0
11-9199.11,15859,0.012536915423259836,0.0
11-9199.11,15858,0.012426400435211989,0.0
11-9199.11,15857,0.09520983087637366,0.0
11-9199.11,15856,0.018731951857831077,0.0
11-9199.11,15855,0.016157068113384358,0.0
11-9199.11,15854,0.03864519532618457,0.0
11-9199.11,15853,0.019924184925933935,0.0
11-9199.11,15852,0.025774713479299993,0.0
11-9199.11,15851,0.005025117529422522,0.0
11-9199.11,15850,0.13035469356686105,0.0
11-9199.11,15849,0.034932501473296254,0.0
11-9199.11,15848,0.05745599909060628,0.0
11-9199.11,15847,0.046756099049928314,0.0
11-9199.11,15846,0.19712929057184733,0.0
11-9199.11,15845,0.02229828739747792,0.0
11-9199.11,15844,0.028165356646970462,0.0
11-9199.11,15843,0.03610157308068536,0.0
11-9199.11,15842,0.0008123823390260165,0.0
11-9199.11,15841,0.002513236548683055,0.0
11-9199.11,15840,0.011791987693058961,0.0
11-9199.11,15839,0.046952836822327544,0.0
11-9199.10,15838,0.11066857083028478,0.026282331770314644
11-9199.10,15837,0.026747914009848793,0.005837063126537478
11-9199.10,15836,0.1240945293509099,0.04066865191587414
11-9199.10,15835,0.039594892906037786,0.00799428796798955
11-9199.10,15834,0.09280996170112017,0.023090730980630827
11-9199.10,15833,0.0479310448432335,0.010834602895121797
11-9199.10,15832,0.04015147295844745,0.016466523758778117
11-9199.10,15831,0.027855216972451483,0.005655075532779771
11-9199.10,15830,0.10294330118823487,0.02808225886800325
11-9199.10,15829,0.05373233567001907,0.029196655642912735
11-9199.10,15828,0.09157367202112644,0.029134018406418688
11-9199.10,15827,0.053259927687964705,0.02155934551541697
11-9199.10,15826,0.05915271461732796,0.024270576642089994
11-9199.10,15825,0.015154783658630041,0.009977727991935631
11-9199.10,15824,0.1143296615843631,0.01758335570731688
11-9199.09,15823,0.13851488002684414,0.020728845948517677
11-9199.09,15822,0.09835002708657939,0.020120174705939915
11-9199.09,15821,0.0018490491366795693,0.001008762349136937
11-9199.09,15820,0.041453896147777204,0.021696374625129577
11-9199.09,15819,0.07013463991516079,0.02205240154398138
11-9199.09,15818,0.04923379760984908,0.022833925033172428
11-9199.09,15817,0.04660764465537857,0.0222890543067228
11-9199.09,15816,0.13204156692578278,0.029188402307143067
11-9199.09,15815,0.006227272588763228,0.00385096390276723
11-9199.09,15814,0.005320739384281969,0.002449085451788683
11-9199.09,15813,0.10267197272109321,0.02084308850568064
11-9199.09,15812,0.032154722983555796,0.006389319809283885
11-9199.09,15811,0.04078466381707151,0.020152209925041256
11-9199.09,15810,0.07000041644062299,0.013287077846009373
11-9199.09,15809,0.12269022693555728,0.032574556842460925
11-9199.09,15808,0.04196448362500246,0.006499959440710171
11-9199.08,15807,0.15703913897518731,0.0
11-9199.08,15806,0.04506333548013197,0.0
11-9199.08,15805,0.04024259393402732,0.0
11-9199.08,15804,0.03863297293894359,0.0
11-9199.08,15803,0.017798490897920242,0.0
11-9199.08,15802,0.028176076953841906,0.0
11-9199.08,15801,0.012263475155551148,0.0
11-9199.08,15800,0.028208488374530476,0.0
11-9199.08,15799,0.022318670029232972,0.0
11-9199.08,15798,0.034301412935282535,0.0
11-9199.08,15797,0.031400793374395414,0.0
11-9199.08,15796,0.12186807307554715,0.0
11-9199.08,15795,0.049722109067566175,0.0
11-9199.08,15794,0.010519150901560166,0.0
11-9199.08,15793,0.013714389440122614,0.0
11-9199.08,15792,0.03318879760140047,0.0
11-9199.08,15791,0.0376263959737951,0.0
11-9199.08,15790,0.04021144223123393,0.0
11-9199.08,15789,0.035202334575781445,0.0
11-9199.08,15788,0.006336630988188311,0.0
11-9199.08,15787,0.0025354952140801065,0.0
11-9199.08,15786,0.03166246896651054,0.0
11-9199.08,15785,0.037230850056256905,0.0
11-9199.08,15784,0.03193561774928261,0.0
11-9199.08,15783,0.007518174961921253,0.0
11-9199.08,15782,0.02303839133698493,0.0
11-9199.08,15781,0.06224422881072345,0.0
13-1199.06,15735,0.01716060187106737,0.004642788767688564
13-1199.06,15734,0.028466873167533616,0.008986896813042655
13-1199.06,15733,0.019772666365146997,0.0048717330002790915
13-1199.06,15732,0.02905343172820691,0.009232501355544905
13-1199.06,15731,0.07594663870970791,0.010274700407180483
13-1199.06,15730,0.05077981657307315,0.009819240704850298
13-1199.06,15729,0.03364087146877575,0.010631658449877601
13-1199.06,15728,0.07537538109323481,0.011633777160274854
13-1199.06,15727,0.006426091502051049,0.0026994256712686245
13-1199.06,15726,0.01757764079089459,0.008533542530483636
13-1199.06,15725,0.008361866453617969,0.0041001154647708005
13-1199.06,15724,0.0014378308391094438,0.0007638461908377279
13-1199.06,15723,0.009696567185794893,0.0051406774149160474
13-1199.06,15722,0.013262207946480172,0.008442820304895961
13-1199.06,15721,0.027404058197712453,0.010492893512019024
13-1199.06,15720,0.012323015313194054,0.008372164619380338
13-1199.06,15719,0.00832946058271176,0.0031391936030127285
13-1199.06,15718,0.08009860749096513,0.013394564740611285
13-1199.06,15717,0.02824476402883511,0.008828147929442096
13-1199.06,15716,0.0008413037623620066,0.0006343617114311766
13-1199.06,15715,0.004637526906433571,0.002254046440756798
13-1199.06,15714,0.03764969112116104,0.009087151742198705
13-1199.06,15713,0.01488413314554204,0.0051382482584110215
13-1199.06,15712,0.017925082250405237,0.0093964203828763
13-1199.06,15711,0.04676669270800087,0.01086400712855953
13-1199.06,15710,0.0690142962210298,0.010921722608646533
13-1199.06,15709,0.09453173493376563,0.010822393275599515
13-1199.06,15708,0.02530270692563915,0.006913517653546458
13-1199.06,15707,0.05293277936591126,0.012336822140500017
13-1199.06,15706,0.013568169308715202,0.00896222388271142
13-1199.06,15705,0.02229790486162788,0.009078390650124429
13-1199.06,15704,0.019522888995099023,0.007987241309433684
13-1199.06,15703,0.028803321120610955,0.008419943717591553
13-1199.06,15702,0.007963377065583227,0.0032011526573753595
11-3071.04,15701,0.03185191674520999,0.0
11-3071.04,15700,0.050190073700264966,0.0
11-3071.04,15698,0.0559274045269794,0.0
11-3071.04,15697,0.022190938032545335,0.0
11-3071.04,15696,0.04000267489343037,0.0
11-3071.04,15695,0.04206480639918303,0.0
11-3071.04,15694,0.03933690301065452,0.0
11-3071.04,15693,0.020690576160827933,0.0
11-3071.04,15692,0.002430389353469778,0.0
11-3071.04,15691,0.03556284472245009,0.0
11-3071.04,15688,0.021812695378199323,0.0
11-3071.04,15685,0.03431369271236692,0.0
11-3071.04,15681,0.058194547486915785,0.0
11-3071.04,15680,0.05362314083007196,0.0
11-3031.03,15679,0.0991569259538535,0.02068556011631439
11-3031.03,15678,0.18084362784477584,0.021222256012657818
11-3031.03,15677,0.023164702074808526,0.010379725194389199
11-3031.03,15676,0.09295763913360112,0.022227448672071333
11-3031.03,15675,0.07976998248205104,0.017011297101837047
11-3031.03,15674,0.04067398799413535,0.010885909148083484
11-3031.03,15673,0.013841082218924784,0.00985239866521767
11-3031.03,15672,0.029445840629802423,0.012333180494637467
11-3031.03,15671,0.026760450934897536,0.01106169004496591
11-3031.03,15670,0.00942607090964006,0.0037730271699598986
11-3031.03,15669,0.09459361935838469,0.016540547672362977
11-3031.03,15668,0.043813633235666116,0.011219495173576321
11-3031.03,15667,0.09883449129594912,0.020502684775656706
11-3031.03,15666,0.013285643547252502,0.008310766931875732
11-3031.03,15665,0.062319676018783285,0.01220308640625419
11-3031.03,15664,0.05961974581880442,0.011452910191035115
11-3031.03,15663,0.012458203540622338,0.003463933207251007
11-3031.03,15662,0.0016949275351628953,0.0006019402017514929
11-3031.03,15661,0.014047202532814825,0.007945438112344126
11-3031.03,15660,0.003292546940069627,0.0013764258725430397
11-9199.02,15656,0.00972662740540239,0.002792718255611175
11-9199.02,15655,0.011488746253762193,0.005026187349627337
11-9199.02,15654,0.04019774751379433,0.02005499940647817
11-9199.02,15653,0.03038114883712996,0.01872442420614989
11-9199.02,15652,0.0355684751958565,0.021049187475432326
11-9199.02,15650,0.07845569817432985,0.021384677816631156
11-9199.02,15649,0.0686631512334394,0.02599413806587466
11-9199.02,15647,0.03432912368794731,0.021425483586052924
11-9199.02,15646,0.01021168313832766,0.00702831080363186
11-9199.02,15645,0.04443558062206429,0.01956050138600589
11-9199.02,15644,0.0591247603113496,0.021938983449357432
11-9199.02,15643,0.03086636652481727,0.0216564968055522
11-9199.02,15642,0.04022584335850283,0.021920632591707175
11-9199.02,15641,0.017693525751231735,0.009808294777658667
11-9199.02,15639,0.013507573753873429,0.006727943739877071
11-9199.02,15638,0.05321047361997379,0.018846930451407912
11-9199.02,15637,0.09936335123345413,0.028019374916813812
11-9199.02,15636,0.025958295484696085,0.014362570804494561
11-9121.02,15635,0.015311636025707764,0.0
11-9121.02,15634,0.08257943443715529,0.0
11-9121.02,15633,0.06445835601460795,0.0
11-9121.02,15632,0.06292296576554492,0.0
11-9121.02,15631,0.07961564592381608,0.0
11-9121.02,15630,0.029048762229796556,0.0
11-9121.02,15629,0.021394754671147268,0.0
11-9121.02,15628,0.08426767747312688,0.0
11-9121.02,15627,0.013719928661874057,0.0
11-9121.02,15626,0.014752827571916413,0.0
11-9121.02,15625,0.009939944529002676,0.0
11-9121.02,15624,0.05699012799504082,0.0
11-9121.02,15623,0.0697388581516892,0.0
11-9121.02,15622,0.06361098115052893,0.0
11-9121.02,15621,0.07532818209348909,0.0
11-9121.02,15620,0.05549269569574222,0.0
11-9121.02,15619,0.07161847690421484,0.0
11-9121.02,15618,0.07172337228470206,0.0
11-9121.02,15617,0.006989792229146394,0.0
11-9121.02,15616,0.045440379042151216,0.0
11-9121.02,15615,0.005055201149599327,0.0
11-9121.01,15614,0.04305876364358282,0.007897950936326038
11-9121.01,15613,0.06828579427401589,0.017354614049752953
11-9121.01,15612,0.051699415146914084,0.014598623399940213
11-9121.01,15611,0.009501334921624416,0.0035300079674386374
11-9121.01,15610,0.0883590202511269,0.017060420741018923
11-9121.01,15609,0.03234315263596967,0.011373376466392927
11-9121.01,15608,0.027878873443902944,0.016539424382927926
11-9121.01,15607,0.028089009586076897,0.005069670300327397
11-9121.01,15606,0.0463276331448368,0.017565016539793775
11-9121.01,15605,0.02142281022456134,0.008187485462096813
11-9121.01,15604,0.034191423096233305,0.013836973090463105
11-9121.01,15603,0.045170507246606206,0.018034202579157256
11-9121.01,15602,0.0801907652227586,0.021648858691393883
11-9121.01,15601,0.017029755095375233,0.005546957517553651
11-9121.01,15600,0.01126893326061929,0.003523676289205055
11-9121.01,15599,0.025045560234030446,0.010562000417804763
11-9121.01,15598,0.02532180870279751,0.01677241685803725
11-9121.01,15597,0.044916921224669185,0.012437474182227692
11-9121.01,15596,0.008233812061739954,0.0031702381643124535
11-9121.01,15595,0.02772547076523323,0.011929542647027263
11-9121.01,15594,0.028416309641097214,0.011472770030816152
11-9121.01,15593,0.018471569413522185,0.0074746793579571775
11-9121.01,15592,0.05455184506360882,0.016695849261711467
11-9121.01,15591,0.0077414565307548575,0.002833614637038013
11-9121.01,15590,0.007186138781366331,0.0026455880040099373
11-9121.01,15589,0.004152571359020801,0.0021515341560048003
11-9121.01,15588,0.02158283726230732,0.015589627316789827
11-9121.01,15587,0.06996252996968706,0.02273653808339681
11-9121.01,15586,0.006961859858441059,0.002942775215733445
11-9121.01,15585,0.007680784923421203,0.0038754754181470805
11-9121.01,15584,0.02377838255706617,0.01677484977618983
11-9121.01,15583,0.003975043341231832,0.001446946285328135
11-9121.01,15582,0.009477907115800356,0.006461955147597575
11-9041.01,15581,0.048888275454451464,0.026428241339665367
11-9041.01,15580,0.051119105429078784,0.025401601161564345
11-9041.01,15579,0.06697236521984447,0.027486179150453295
11-9041.01,15578,0.11250456448954774,0.024005658684147006
11-9041.01,15577,0.05138315663397615,0.02118896448540847
11-9041.01,15576,0.07720703732738136,0.027727660945149852
11-9041.01,15575,0.0029339602166894396,0.0016333950893953598
11-9041.01,15574,0.16431107315676088,0.040467318984389725
11-9041.01,15573,0.011183265454057355,0.0034949965487726734
11-9041.01,15572,0.01705572356440074,0.006960850406485219
11-9041.01,15571,0.006649366431241001,0.0023968689762444003
11-9041.01,15570,0.006987539915543198,0.0031392200682068324
11-9041.01,15569,0.050316224165455566,0.027698123796314398
11-9041.01,15568,0.035215053183910834,0.023826341421002876
11-9041.01,15567,0.05822509068141781,0.013736312669019583
11-9041.01,15566,0.1553954196111249,0.052011096036074185
11-9041.01,15564,0.03305023289177367,0.02480539722222417
11-9041.01,15563,0.05060254617334465,0.025188576149202318
11-9179.01,15562,0.05338904839219796,0.0
11-9179.01,15561,0.13198505812839234,0.0
11-9179.01,15560,0.03482581966586053,0.0
11-9179.01,15559,0.0044888264345550035,0.0
11-9179.01,15558,0.09648210055863986,0.0
11-9179.01,15557,0.08805409657769135,0.0
11-9179.01,15556,0.05706480362439213,0.0
11-9179.01,15555,0.0027996773809640554,0.0
11-9179.01,15554,0.0015997470674375205,0.0
11-9179.01,15553,0.011197901047753402,0.0
11-9179.01,15552,0.05493355265893001,0.0
11-9179.01,15551,0.06707067467679194,0.0
11-9179.01,15550,0.03385198531785114,0.0
11-9179.01,15549,0.06383432063705752,0.0
11-9179.01,15548,0.0030953278253485635,0.0
11-9179.01,15547,0.01681592348923902,0.0
11-9179.01,15546,0.03323502263252928,0.0
11-9179.01,15545,0.038742600428659235,0.0
11-9179.01,15544,0.10998405487191074,0.0
11-3051.06,15520,0.13430686804173875,0.01742715940866599
11-3051.06,15519,0.07647259021625226,0.017553497034301715
11-3051.06,15518,0.08684028596882051,0.01976530602364784
11-3051.06,15517,0.04071030755885042,0.018674567990974177
11-3051.06,15516,0.01657476924534749,0.0033574993595091433
11-3051.06,15515,0.032652019244654294,0.011569099266648212
11-3051.06,15514,0.08462349039397903,0.01858671779918197
11-3051.06,15513,0.08197357411231582,0.017923347182306648
11-3051.06,15512,0.11617295401771983,0.020609354471122356
11-3051.06,15510,0.030751116502155,0.009341871217251815
11-3051.06,15509,0.03053241099825219,0.01269992350929361
11-3051.06,15508,0.0618947455979709,0.012902063275851302
11-3051.06,15507,0.020753097618418447,0.011324088736015503
11-3051.06,15506,0.016193976920627386,0.004548670176755935
11-3051.06,15505,0.04808057246038946,0.013490755227786849
11-3051.06,15504,0.03295769188787821,0.004927798793210979
11-3051.06,15503,0.045634601656240115,0.014735949203754614
11-3051.06,15502,0.04287492755838987,0.01551721299498398
11-3051.04,15480,0.03959563765817074,0.005484633961903311
11-3051.04,15479,0.09106172284653158,0.023084710599791863
11-3051.04,15478,0.14123942232574258,0.02160930165468983
11-3051.04,15477,0.029603420745156275,0.006924032791182624
11-3051.04,15476,0.022888469886336665,0.0052507340751009116
11-3051.04,15475,0.05851511866791862,0.03193034093505496
11-3051.04,15474,0.06009785248899684,0.014452294482359984
11-3051.04,15473,0.014302434257825786,0.004883813583049923
11-3051.04,15472,0.021954514990497154,0.0034074659537571385
11-3051.04,15471,0.07615953242324676,0.014982647164435762
11-3051.04,15470,0.054916596324554375,0.010350761031112292
11-3051.04,15469,0.0027014874583749966,0.001192191843032117
11-3051.04,15468,0.10267118768729833,0.014550036383954046
11-3051.04,15467,0.06098668431723289,0.016985365132440783
11-3051.04,15466,0.04686835966093864,0.01352016450651392
11-3051.04,15465,0.05801565776222403,0.018848406731605573
11-3051.04,15464,0.030319126854549586,0.007018534516785396
11-3051.04,15463,0.008178553557129447,0.0021775947280722927
11-3051.03,15462,0.16404593783000043,0.018636795905016105
11-3051.03,15461,0.10484603155407232,0.020300208693484364
11-3051.03,15460,0.019809854831534565,0.007778793280850456
11-3051.03,15459,0.0183076328776019,0.008123932208507167
11-3051.03,15458,0.16777602671634329,0.022481479025690008
11-3051.03,15457,0.020541273071456263,0.00807329797692706
11-3051.03,15456,0.07994083430493709,0.006951176353795799
11-3051.03,15455,0.009583255860323192,0.0027512059778915946
11-3051.03,15454,0.13139839367431125,0.016969777914504373
11-3051.03,15453,0.054250618206331994,0.008568888896532947
11-3051.03,15452,0.09004828985013505,0.015759645167813724
11-3051.03,15451,0.033505841695199254,0.005280222425858172
11-3051.03,15450,0.06966133427434018,0.011418914153484517
11-3051.03,15449,0.03628467525341318,0.009703058576815372
11-3051.02,15448,0.06453143188809456,0.014825466175898114
11-3051.02,15447,0.12481281956258197,0.02670859367211857
11-3051.02,15446,0.18051936181912376,0.022912557502680512
11-3051.02,15445,0.05148939842348434,0.016477430492305704
11-3051.02,15444,0.05578124529751819,0.014858818677671602
11-3051.02,15443,0.06800780423535613,0.0155946005189465
11-3051.02,15442,0.04492983239566558,0.015105533108370605
11-3051.02,15441,0.10620264894852507,0.02737799110585794
11-3051.02,15440,0.0015322477861267863,0.0008650993274296379
11-3051.02,15439,0.053437145202378245,0.007795034153878794
11-3051.02,15438,0.0019118225157387777,0.0009375170890275411
11-3051.02,15437,0.004476070921132725,0.0017739463848653427
11-3051.02,15436,0.08432407094327049,0.015585031479480085
11-3051.02,15435,0.03592716897407712,0.016304379587976307
11-3051.02,15434,0.07870595113622204,0.0095970790566161
11-3051.02,15433,0.013538264649502113,0.005245828670288874
11-3051.02,15432,0.029872715301202085,0.010261742355187124
11-3051.01,15431,0.06141227025711582,0.01260714156893692
11-3051.01,15430,0.08732811305262136,0.015227175839425755
11-3051.01,15429,0.11429378793340447,0.018036933413938545
11-3051.01,15428,0.08227800585509261,0.015738157110264002
11-3051.01,15427,0.03093656231810704,0.0088746978441896
11-3051.01,15426,0.006765548046172976,0.002446559636378993
11-3051.01,15425,0.024451527184990666,0.009823833183534721
11-3051.01,15424,0.06355401072951161,0.0186151230924169
11-3051.01,15423,0.05211940634810325,0.02525701979558621
11-3051.01,15422,0.022876200805895464,0.011733211366400077
11-3051.01,15421,0.05409274706251712,0.012482116844947794
11-3051.01,15420,0.04923934313136176,0.014278634624834046
11-3051.01,15419,0.008585622385697293,0.007576535077747236
11-3051.01,15418,0.01675471759556601,0.00894348348423771
11-3051.01,15417,0.007325531651053463,0.0013645030851400172
11-3051.01,15416,0.02546402042421301,0.0047704380646332485
11-3051.01,15415,0.015910882932020132,0.003741088767563673
11-3051.01,15414,0.05274393617711353,0.01019497098334506
11-3051.01,15413,0.06686998675486329,0.01788598055712531
11-3051.01,15412,0.006621114297514144,0.006226914369159289
11-3051.01,15411,0.04326666501736494,0.013185116976324102
11-3051.01,15410,0.017306219159145514,0.009987166046040006
11-3051.01,15409,0.013009196881882647,0.008388173982380974
11-3051.01,15408,0.012120254564622188,0.009469869976320617
11-3051.01,15407,0.01762412277979704,0.008387762711090728
11-3051.01,15406,0.0021301946115373396,0.0007135935194013852
11-3051.01,15405,0.044920012042715285,0.01743552057150294
11-1011.03,15384,0.12003643361768744,0.0
11-1011.03,15383,0.028509830670385372,0.0
11-1011.03,15382,0.04338358422226679,0.0
11-1011.03,15381,0.013751564270900995,0.0
11-1011.03,15380,0.05229390648048256,0.0
11-1011.03,15379,0.06036600470987855,0.0
11-1011.03,15378,0.020722179455103597,0.0
11-1011.03,15377,0.02063822445917167,0.0
11-1011.03,15376,0.06956737959979634,0.0
11-1011.03,15375,0.04854742229711023,0.0
11-1011.03,15374,0.023643793327133972,0.0
11-1011.03,15373,0.003411984749639546,0.0
11-1011.03,15372,0.389583661447883,0.0
11-1011.03,15371,0.01106006230926858,0.0
11-1011.03,15370,0.048882805476068325,0.0
11-1011.03,15369,0.005947771633775354,0.0
11-1011.03,15368,0.024069052272322852,0.0
11-1011.03,15367,0.015584339001124842,0.0
33-9093.00,15356,0.053289513613428825,0.0
33-9093.00,15355,0.03109153441677848,0.0
33-9093.00,15354,0.0006638255014377146,0.0
33-9093.00,15353,0.009563086416690507,0.0
33-9093.00,15352,0.010777435902326275,0.0
33-9093.00,15351,0.05749913924012407,0.0
33-9093.00,15350,0.0790562624775514,0.0
33-9093.00,15349,0.06306013584554628,0.0
33-9093.00,15348,0.04693216249209476,0.0
33-9093.00,15347,0.04731673458012818,0.0
33-9093.00,15346,0.060817333063114466,0.0
33-9093.00,15345,0.004884583523819459,0.0
33-9093.00,15344,0.050202971016771764,0.0
33-9093.00,15343,0.026221096130890468,0.0
33-9093.00,15342,0.06417482129355147,0.0
33-9093.00,15341,0.06193986819156007,0.0
33-9093.00,15340,0.04043447104191484,0.0
33-9093.00,15339,0.0045088002580029665,0.0
33-9093.00,15338,0.04740031536238767,0.0
33-9093.00,15337,0.055625270734519436,0.0
33-9093.00,15336,0.004206224591128175,0.0
33-9093.00,15335,0.023971833236991893,0.0
33-9093.00,15334,0.026500849161551446,0.0
33-9093.00,15333,0.0015138824231241913,0.0
33-9093.00,15332,0.05791645974864628,0.0
33-9093.00,15331,0.07043138973591885,0.0
53-7051.00,15266,0.17559062014707416,0.029590970875557218
53-7051.00,15265,0.15951984498453375,0.028945367549377272
49-1011.00,15264,0.020213866165719605,0.007424866341187654
49-1011.00,15263,0.07127442746191393,0.011034226143310628
49-1011.00,15262,0.052762627974245906,0.00847110550144275
33-3012.00,15261,0.0710154186401574,0.010187663370160619
33-3012.00,15260,0.06518564449871515,0.007419276960293287
33-3012.00,15259,0.03969150811480042,0.005500563414051784
33-3012.00,15258,0.011802970605160615,0.005265647339455914
33-3012.00,15257,0.024659749722721558,0.00531366927059144
33-3012.00,15256,0.029683699087513858,0.004559375654527405
33-3012.00,15255,0.06458203368379585,0.006181288385204913
33-3012.00,15254,0.05483010000710666,0.006640948577421207
33-3012.00,15253,0.11463212222785081,0.007739976723847142
33-3012.00,15252,0.07146148996635818,0.008143120414153231
31-2022.00,15251,0.04906991815894365,0.009891393103038501
31-2021.00,15250,0.0009763884099272114,0.0004167521768016113
31-2021.00,15249,0.037836581652753026,0.0069358698155673176
31-2021.00,15248,0.08166430861376828,0.01107532802866237
31-2021.00,15247,0.11713546111839003,0.0068257973445709046
29-2055.00,15245,0.01560203050207112,0.004320603747732196
29-2055.00,15244,0.05910113288552595,0.007299868157025145
29-2055.00,15243,0.07914583498744644,0.007568693274013972
29-2055.00,15242,0.09128908285723171,0.008813667804189356
29-2033.00,15240,0.03315640945163211,0.003956910522442933
29-2033.00,15239,0.10935118409239594,0.005670117700303492
29-2031.00,15238,0.013379403220524593,0.0035479050295716317
29-2031.00,15237,0.05421731007923379,0.006894137004774995
29-2031.00,15236,0.020095164463849933,0.006193543805205185
29-2031.00,15235,0.023401109374274885,0.00795249943945494
29-2031.00,15234,0.01684034236713981,0.004111952679358142
29-2011.00,15233,0.09584749162852399,0.009880196220684347
29-2011.00,15232,0.03771505714723528,0.004918159253143298
29-1122.00,15231,0.05369948709822495,0.0
29-1223.00,15230,0.015499480984135632,0.003956603685222556
27-1024.00,15229,0.014157967520478893,0.0
27-1024.00,15228,0.06504892514305897,0.0
21-1022.00,15227,0.05092740440338805,0.0
19-2042.00,15226,0.0069128012537082026,0.0
19-2042.00,15224,0.19992497151204167,0.0
19-2041.00,15223,0.044981042688780365,0.022449656077629464
19-2041.00,15222,0.040589649789517214,0.022982594925368218
19-2041.00,15221,0.08784255974703674,0.03212573988111801
19-2041.00,15220,0.09789450048637098,0.04386468362681717
19-2041.00,15219,0.16054652324730107,0.05141561674847422
19-2041.00,15218,0.06233947491005395,0.015643181706793765
19-1041.00,15217,0.07469425666072711,0.0
19-1041.00,15216,0.06080948277303135,0.0
19-1041.00,15215,0.13613235183883357,0.0
19-1022.00,15214,0.016369730633048078,0.0
19-1022.00,15213,0.10043334823753791,0.0
19-1022.00,15212,0.15881094297680054,0.0
17-2081.00,15210,0.16086717041857945,0.0
15-1244.00,15208,0.026251468131381867,0.007053596411365119
15-1244.00,15207,0.006650568074391168,0.001953104789736909
15-1244.00,15206,0.07318178914074362,0.015615769796395484
15-1244.00,15205,0.07735239053575442,0.017365636551967142
39-4031.00,15203,0.012137301047443044,0.004219394931243969
39-4031.00,15202,0.05440159576082711,0.006404524785039307
39-4031.00,15201,0.032690863126519115,0.005447958895059842
39-4031.00,15200,0.05231407421749825,0.005396310103130471
11-9051.00,15199,0.052267912528394585,0.01011519929590513
11-3021.00,15198,0.16951397638989404,0.04593754648878983
47-5044.00,15194,0.014661716442876296,0.005320241656084804
47-5044.00,15193,0.03916788418411197,0.009258411485312144
47-5044.00,15191,0.05079063841133956,0.009584334506268298
47-5044.00,15190,0.04527013885821621,0.009347597629747614
47-5044.00,15189,0.009857855128011357,0.003208348560763203
47-5044.00,15188,0.01186142067465347,0.0027596674189748352
47-5044.00,15187,0.02366075618259561,0.00541818262694972
47-5044.00,15186,0.0525994306260608,0.010371722421725219
47-5044.00,15185,0.04155707644026985,0.0067791507027460925
47-5044.00,15184,0.04242508164943418,0.011130770113867604
47-5044.00,15183,0.035418671311625904,0.005993287699369342
53-7031.00,15182,0.07255382593715451,0.013560422892640091
53-7031.00,15181,0.14367151505953393,0.03631308429760066
53-7031.00,15180,0.08611994557820328,0.011337170305019755
53-7031.00,15179,0.26482399575602567,0.026395351707804715
53-7031.00,15178,0.11976127599694522,0.014130979662264528
53-7031.00,15177,0.3130694416721374,0.02513473607407166
51-9195.05,15133,0.00047299075669878394,0.0002785816270383378
51-9195.05,15131,0.010399458493612053,0.0034178719975636817
51-9195.05,15130,0.023110320743765397,0.009177578585034736
51-9195.05,15129,0.0034405329067051806,0.0011725098418811399
51-9195.05,15128,0.014630042753671557,0.008296024764739136
51-9195.05,15127,0.054125516116136946,0.012564772300037682
51-9195.05,15126,0.013993267924015328,0.006519206251571892
51-9195.05,15125,0.0017596434285652217,0.0006833777017758899
51-9195.05,15124,0.016591719575178087,0.005397023586420781
51-9195.05,15123,0.10160495946400015,0.015310041824651125
51-9195.05,15122,0.11159087259062306,0.014624884998405073
51-9195.05,15121,0.010123731408453263,0.006420315159943545
51-9195.05,15120,0.07598314074093483,0.01506667253241791
51-9195.05,15119,0.01641894355064844,0.007454867073945039
51-9195.05,15118,0.11558641522804669,0.014041283392426203
51-9195.05,15117,0.11966225945099809,0.013797873849707406
51-9195.05,15115,0.13487270912133126,0.014384384932945918
51-9195.05,15114,0.11361982247736943,0.014167940781122582
51-9071.06,15112,0.009841095727862462,0.005486971414853808
51-9071.06,15107,0.07165467117722236,0.030386071414639573
51-9071.06,15106,0.11894842171377638,0.04310469130625489
51-9071.06,15102,0.24271783046870715,0.06731415673581335
51-9071.06,15101,0.052400481804196986,0.031322145899154115
51-9071.06,15100,0.2473665532850992,0.06891157726393178
51-9071.06,15098,0.25707094582313544,0.06811222656312751
51-2061.00,15012,0.3195514947010755,0.08581312236147819
51-2061.00,15007,0.34117223090343546,0.0861840133957464
51-2061.00,15003,0.33927627439548913,0.08407951749154426
49-9064.00,14988,0.03208300260929201,0.011010595213302509
49-9064.00,14987,0.098814773176662,0.0182352653337103
49-9064.00,14986,0.05233464798272947,0.009488972504008751
49-9064.00,14985,0.04875635688839094,0.010166170740884783
49-9064.00,14984,0.07728628028574294,0.016934387642337356
49-9064.00,14983,0.08372319909324824,0.0175368218112301
49-9064.00,14982,0.077352443785107,0.016917969942073972
49-9064.00,14981,0.007212967644752209,0.0025309795979209988
49-9064.00,14980,0.06968223371640078,0.01530598533782738
49-9064.00,14979,0.11807353717333346,0.016309928149924234
49-9064.00,14978,0.07119458074342051,0.010873071368436472
49-9064.00,14977,0.06045890338185423,0.016822260399965365
49-9064.00,14976,0.07981064171239251,0.019006666155451282
49-9064.00,14975,0.09688637856821855,0.017982045178666636
47-5051.00,14974,0.08717433888705406,0.03291525045971657
47-5051.00,14973,0.0736106649805299,0.027337641447925755
47-5051.00,14972,0.16332318698831141,0.04542904541000991
47-5051.00,14971,0.03435967202576547,0.011314247535620525
47-5051.00,14970,0.05859256641757181,0.019532816495482424
47-5051.00,14969,0.05736510491910767,0.0158873358094269
47-5051.00,14968,0.15735607740193247,0.0308606083060776
47-5051.00,14967,0.24078483902678977,0.052466654154756945
47-5051.00,14966,0.1274335493529375,0.03506021790064263
47-5041.00,14965,0.008886029109077008,0.003174218175361833
47-5041.00,14964,0.016091305551098264,0.006510699815443172
47-5041.00,14963,0.016771278057539262,0.006769264412135019
47-5041.00,14962,0.06415016411589176,0.009652659197884023
47-5041.00,14961,0.09126995501031995,0.007646479214449248
47-5041.00,14960,0.07965561748770078,0.008802227219957067
47-5041.00,14959,0.10530278370738258,0.006688214839782553
47-5041.00,14958,0.09491736689388086,0.007471701270335259
47-5041.00,14957,0.07400268042145146,0.007332315680917061
47-5041.00,14956,0.10737388661498208,0.007658855106739823
47-3016.00,14943,0.03677963815966867,0.01251710501112319
47-3016.00,14942,0.03404672516913195,0.014438272503950316
47-3016.00,14941,0.03144043214292643,0.0071400149031740825
47-3016.00,14940,0.05765530013888387,0.014675213684656033
47-3016.00,14939,0.044709083324381636,0.01524784157991453
47-3016.00,14938,0.03315239756439122,0.011715672689017053
47-3016.00,14937,0.036971580930783,0.011641993897888578
47-3016.00,14936,0.09063366713792959,0.017065491463024555
47-3016.00,14935,0.0533770223274844,0.0181535268196868
47-3016.00,14934,0.05190179657820441,0.010522425104078852
47-3016.00,14933,0.08794805221314664,0.017371622786234348
47-3016.00,14932,0.05398820135007903,0.014575025385073503
47-3016.00,14931,0.04867229404637111,0.010164198075044449
47-3016.00,14930,0.07236953411455518,0.012428336553539674
47-3016.00,14929,0.07341828856053226,0.012079762136266109
47-3016.00,14928,0.05515160385295692,0.014619105408095115
47-3016.00,14927,0.06810942315666742,0.012676044357905595
47-3016.00,14926,0.0696749592319063,0.01408944586539893
47-2142.00,14925,0.004439927073745199,0.002780738309782512
47-2142.00,14924,0.005033195042371507,0.002221206867153594
47-2142.00,14923,0.01254484692725512,0.004960446954865079
47-2142.00,14922,0.014194874476463617,0.0023825248328487123
47-2142.00,14921,0.03885009319002014,0.009604984901841408
47-2142.00,14920,0.023220425481174103,0.005888078408299851
47-2142.00,14919,0.02933811123958062,0.006490406046175458
47-2142.00,14918,0.029177603012713757,0.009748307423681837
47-2142.00,14917,0.027091563860164872,0.005805384139708131
47-2142.00,14916,0.025554385424269913,0.007346078499490477
47-2142.00,14915,0.02787929714307741,0.006184336876580465
47-2142.00,14914,0.11248107585768052,0.01630810850022929
47-2142.00,14913,0.0740108653877725,0.01496896822389297
47-2142.00,14912,0.07451165646098976,0.013078492375785152
47-2142.00,14911,0.06231311511537101,0.015334457044044932
47-2142.00,14910,0.03797730664104125,0.009513928994354173
47-2142.00,14909,0.09505080140220425,0.018171080140049634
47-2142.00,14908,0.10756574675077585,0.019293026670278022
47-2142.00,14907,0.0677634333529428,0.01214370056175103
47-2142.00,14906,0.1310016761603858,0.019666534850824736
47-2072.00,14905,0.08966793801959555,0.01518112587976565
47-2072.00,14904,0.2683178543823285,0.0329389264520415
47-2072.00,14903,0.22950452007670052,0.030200187466531647
47-2072.00,14902,0.10584813055350867,0.017354104791080474
47-2072.00,14901,0.30666155696786673,0.032777280358540696
47-2043.00,14874,0.04907952725246534,0.010157369032669804
47-2043.00,14873,0.08255172225143045,0.012677728295624198
47-2043.00,14872,0.17343726649789956,0.03782557750974644
47-2043.00,14871,0.1850747237790012,0.05396282606702026
47-2043.00,14870,0.1398627206869032,0.02774765675705413
47-2043.00,14869,0.23814210728708696,0.04965840243828023
45-2011.00,14868,0.010059690653761185,0.012370551692970772
45-2011.00,14866,0.032242162302067605,0.01153792783084626
45-2011.00,14864,0.01756599213416314,0.008518992562164826
45-2011.00,14863,0.07836108570326054,0.020324188313026303
45-2011.00,14857,0.05179816808195013,0.015443981990295761
45-2011.00,14856,0.07581502584087409,0.027015813941630207
45-2011.00,14855,0.02119607475858416,0.01098030959719494
45-2011.00,14854,0.13603795912435718,0.025317985421666304
45-2011.00,14853,0.05823725621387062,0.021228157440160222
45-2011.00,14852,0.07934035046872652,0.02044540504136131
45-2011.00,14851,0.054103389893780475,0.016811194489064693
45-2011.00,14850,0.08724962335476007,0.01578102706916236
45-2011.00,14849,0.03835729808689256,0.019565897819021
45-2011.00,14848,0.07688364331518718,0.020228966533693948
45-2011.00,14847,0.06493913072937202,0.016375946986480785
45-2011.00,14846,0.11781314933839256,0.01784553691397749
13-1074.00,14844,0.05910728954100681,0.01464724504290551
13-1074.00,14843,0.07269855294615479,0.01737252829074084
13-1074.00,14842,0.24048609062326617,0.05422744128226078
13-1074.00,14841,0.18081686026206906,0.06315563343023826
13-1074.00,14840,0.12572307557211523,0.043545112910611146
13-1074.00,14839,0.1463416310255767,0.02998387710223047
13-1074.00,14838,0.17482650002981123,0.07319044863346982
39-5093.00,14821,0.13403578518309386,0.03873658367108262
39-5093.00,14820,0.2717816969363143,0.0575811229668552
39-5093.00,14819,0.014626027007335934,0.007961120101789705
39-5093.00,14818,0.5795564908732558,0.058171770523698006
39-5091.00,14817,0.031152204212197082,0.0
39-5091.00,14816,0.0033037256414578885,0.0
39-5091.00,14815,0.04052128232510578,0.0
39-5091.00,14814,0.02185739621252546,0.0
39-5091.00,14813,0.007760901019775534,0.0
39-5091.00,14812,0.01581674423962944,0.0
39-5091.00,14811,0.017576916253891406,0.0
39-5091.00,14810,0.042802549253188986,0.0
39-5091.00,14809,0.0434071889500973,0.0
39-5091.00,14808,0.029870876485320094,0.0
39-5091.00,14807,0.06198274486696345,0.0
39-5091.00,14806,0.009617498857549374,0.0
39-5091.00,14805,0.042123472580000834,0.0
39-5091.00,14804,0.0530467596443656,0.0
39-5091.00,14803,0.05479474282964455,0.0
39-5091.00,14802,0.1002319078817016,0.0
39-5091.00,14801,0.09278128028404513,0.0
39-5091.00,14800,0.09597873114227422,0.0
39-5091.00,14799,0.015602165329501759,0.0
39-5091.00,14798,0.046584932546428724,0.0
39-5091.00,14797,0.04107841285224844,0.0
15-1299.01,14765,0.007323835252478476,0.0
15-1299.01,14764,0.007069672774386119,0.0
15-1299.01,14763,0.0059247060206024235,0.0
15-1299.01,14762,0.013271908679955122,0.0
15-1299.01,14761,0.01877406040050167,0.0
15-1299.01,14760,0.012633482177708912,0.0
15-1299.01,14759,0.014991925851561609,0.0
15-1299.01,14758,0.058167110487019044,0.0
15-1299.01,14757,0.0052510333129341304,0.0
15-1299.01,14756,0.017536711271071384,0.0
15-1299.01,14755,0.021890156474814005,0.0
15-1299.01,14754,0.026267093281315892,0.0
15-1299.01,14753,0.05559160369956812,0.0
15-1299.01,14752,0.03199984404362512,0.0
15-1299.01,14751,0.008479128845207217,0.0
15-1299.01,14750,0.010697811042369741,0.0
15-1299.01,14749,0.0400557704773818,0.0
15-1299.01,14748,0.015441769214697894,0.0
15-1299.01,14747,0.006154693300270232,0.0
15-1299.01,14746,0.03455518753666817,0.0
15-1299.01,14745,0.008265345676478469,0.0
15-1299.01,14744,0.05285659516851369,0.0
15-1299.01,14743,0.003130592961233651,0.0
15-1299.01,14742,0.06395387986022585,0.0
15-1299.01,14741,0.0129869260639658,0.0
15-1299.01,14740,0.007628338332250919,0.0
15-1299.01,14739,0.02688343736403389,0.0
15-1299.01,14738,0.0016826332322891528,0.0
15-1299.01,14737,0.04730200755413519,0.0
15-1299.01,14736,0.01848114567693176,0.0
15-1299.01,14735,0.009553156082960607,0.0
15-1299.01,14734,0.11929288723932444,0.0
15-1299.01,14733,0.10065235490529274,0.0
15-1299.01,14732,0.09865859435633287,0.0
15-1299.01,14731,0.016594601381893996,0.0
15-1254.00,14730,0.009231395421424935,0.0
15-1254.00,14729,0.0008074287247667128,0.0
15-1254.00,14728,0.021716523319975332,0.0
15-1254.00,14727,0.0026773738704750014,0.0
15-1254.00,14726,0.020477647502844816,0.0
15-1254.00,14725,0.0033456229856715933,0.0
15-1254.00,14724,0.014874981963071842,0.0
15-1254.00,14723,0.009799988988849075,0.0
15-1254.00,14722,0.008059003179566171,0.0
15-1254.00,14719,0.017647700047271057,0.0
15-1254.00,14717,0.01675025150733576,0.0
15-1254.00,14714,0.009250638285544408,0.0
15-1254.00,14713,0.08582373955851787,0.0
15-1254.00,14711,0.07336364529574549,0.0
15-1254.00,14710,0.05134132508214943,0.0
15-1254.00,14708,0.005461489793729198,0.0
15-1254.00,14707,0.19292924900908726,0.0
15-1254.00,14706,0.009816580640171161,0.0
15-1254.00,14705,0.005909483932572653,0.0
15-1254.00,14704,0.01894404898141899,0.0
15-1254.00,14702,0.01279905250316875,0.0
15-1254.00,14701,0.01673470467470781,0.0
15-1254.00,14700,0.05321838515413639,0.0
15-1254.00,14698,0.08978832407272214,0.0
15-1254.00,14697,0.03031375532858728,0.0
15-1254.00,14695,0.04240781593627203,0.0
15-1254.00,14694,0.1765098442402169,0.0
15-1299.08,14693,0.0027976538995598704,0.0
15-1299.08,14692,0.0062234947274272265,0.0
15-1299.08,14691,0.01010858735674146,0.0
15-1299.08,14690,0.017340585693800738,0.0
15-1299.08,14689,0.07550720215408074,0.0
15-1299.08,14688,0.009505569151150582,0.0
15-1299.08,14687,0.009109698667999525,0.0
15-1299.08,14686,0.013389800593653741,0.0
15-1299.08,14685,0.024922103908681704,0.0
15-1299.08,14684,0.006464869791916819,0.0
15-1299.08,14683,0.02214647206159655,0.0
15-1299.08,14682,0.006487863737878857,0.0
15-1299.08,14681,0.03345386925162018,0.0
15-1299.08,14680,0.003799245602457914,0.0
15-1299.08,14679,0.03504869508036093,0.0
15-1299.08,14678,0.024058128634961345,0.0
15-1299.08,14677,0.05824091579844798,0.0
15-1299.08,14676,0.12500925048929531,0.0
15-1299.08,14675,0.12077980821789457,0.0
15-1299.08,14674,0.04818848183616577,0.0
15-1299.08,14673,0.025823739945959972,0.0
15-1299.08,14672,0.06288452155285562,0.0
15-1299.08,14671,0.03080950890839412,0.0
15-1299.08,14670,0.037185279016656296,0.0
15-1299.08,14669,0.04991414979131477,0.0
15-1299.08,14668,0.015683102901610305,0.0
15-1299.08,14667,0.024660356008455033,0.0
15-1299.08,14666,0.10045704521906201,0.0
15-1253.00,14664,0.008443268084764036,0.0
15-1253.00,14663,0.0026570769846682987,0.0
15-1253.00,14662,0.020170936753063244,0.0
15-1253.00,14661,0.02244637621827978,0.0
15-1253.00,14660,0.01323578151166202,0.0
15-1253.00,14659,0.011034191225663684,0.0
15-1253.00,14658,0.024899160716091554,0.0
15-1253.00,14657,0.006764539474048424,0.0
15-1253.00,14656,0.0065333811839831816,0.0
15-1253.00,14655,0.023081449201280534,0.0
15-1253.00,14654,0.06495695132737236,0.0
15-1253.00,14653,0.058487689823020966,0.0
15-1253.00,14652,0.08646525869729885,0.0
15-1253.00,14651,0.011695561347023051,0.0
15-1253.00,14650,0.03247392995665592,0.0
15-1253.00,14649,0.010225615239575759,0.0
15-1253.00,14648,0.05738073117315212,0.0
15-1253.00,14647,0.009095116324945005,0.0
15-1253.00,14646,0.010999074825085066,0.0
15-1253.00,14645,0.027791142240038022,0.0
15-1253.00,14644,0.05686354481350336,0.0
15-1253.00,14643,0.04059089862478087,0.0
15-1253.00,14642,0.133242454192468,0.0
15-1253.00,14641,0.11874127710786127,0.0
15-1253.00,14640,0.06272142286614779,0.0
15-1253.00,14639,0.03322225484096181,0.0
15-1253.00,14638,0.045780915246605006,0.0
15-1221.00,14637,0.02686184032828859,0.016804823627174257
15-1221.00,14636,0.006397933096910312,0.003182844997044662
15-1221.00,14635,0.04630509079705885,0.020887350786624136
15-1221.00,14634,0.0403167943728482,0.020636405298003074
15-1221.00,14633,0.1471102081620797,0.041224221920820904
15-1221.00,14632,0.06072969850992783,0.03521484615310453
15-1221.00,14631,0.021364985240807488,0.011884558854203227
15-1221.00,14630,0.03763671917333182,0.022318380951133376
15-1221.00,14629,0.13403031272980379,0.0406120651442469
15-1221.00,14628,0.036824382982928734,0.01286407366795394
15-1221.00,14627,0.0244481844582381,0.009500574439524463
15-1221.00,14626,0.12162332978417258,0.037110446473252935
15-1221.00,14625,0.029838649097996613,0.011652732554787246
15-1221.00,14624,0.06259027030883463,0.02109003716871163
15-1221.00,14623,0.2039216009567728,0.053722176312296394
53-7072.00,14622,0.0538795300945911,0.024327864256287236
53-7072.00,14618,0.07553768929317348,0.021852354342378942
53-7072.00,14617,0.04330482663290041,0.01959143024846764
53-7072.00,14616,0.06750111098999319,0.021467065431159376
53-7072.00,14615,0.07799418612245994,0.014682452163527723
53-7072.00,14614,0.09984916803489424,0.022797994926301458
53-7072.00,14613,0.10286534427574474,0.02341798380856099
53-7072.00,14612,0.0742685816574731,0.027008190490299646
53-7072.00,14611,0.14665673708159868,0.031705157625883065
53-7072.00,14610,0.12822250311016292,0.02389575266474291
53-7072.00,14609,0.12992032270700823,0.02797832705315053
53-7071.00,14608,0.03178511388841735,0.009201459098697476
53-7071.00,14607,0.012378709788113283,0.003497160796725291
53-7071.00,14606,0.060114473535721205,0.012569452248562879
53-7071.00,14605,0.012372195718734538,0.0030862869385603836
53-7071.00,14604,0.04150515853677965,0.012312348686085415
53-7071.00,14603,0.12187047907529733,0.024811216932252828
53-7071.00,14602,0.08362894253064017,0.022015643254556783
53-7071.00,14601,0.0796471642117085,0.01395679862159285
53-7071.00,14600,0.11975394347410584,0.019655792733934245
53-7071.00,14599,0.08928188878231398,0.020160446832512703
53-7071.00,14598,0.07459269657541194,0.022041279745597317
53-7071.00,14597,0.10416003751125757,0.019433022077038356
53-7071.00,14596,0.16890919637149862,0.030836149897120742
53-7063.00,14595,0.03788282142097568,0.008817774921647441
53-7063.00,14594,0.05071455073017636,0.008274556617450413
53-7063.00,14593,0.06255039490474097,0.00842013388475274
53-7063.00,14592,0.03467484760036173,0.006951609634776414
53-7063.00,14591,0.1067484667737015,0.010684516512183238
53-7063.00,14590,0.09459558632734406,0.013331916474177993
53-7063.00,14589,0.09499202774872242,0.013039768521772905
53-7063.00,14588,0.07755218750042661,0.00648209300791801
53-7063.00,14587,0.07791221670241487,0.01236703244472252
53-7063.00,14586,0.0768245220671929,0.010670490242211617
53-7063.00,14585,0.08637988581074574,0.008689377126365385
53-7063.00,14584,0.07622438024346449,0.008458371065603569
53-7063.00,14583,0.12294811216973253,0.011972571595044676
53-6051.07,14579,0.0433542819744132,0.02062451502539261
53-6051.07,14577,0.025170542736405378,0.012437445699898922
53-6051.07,14576,0.01639710581382811,0.009957578311843301
53-6051.07,14575,0.07461591914191805,0.021032271453829132
53-6051.07,14574,0.0931577297245717,0.025606659325185382
53-6051.07,14573,0.10490298903283307,0.019220156143605976
53-6051.07,14572,0.0632214917449531,0.024190531896858054
53-6051.07,14570,0.1593008091103339,0.022511747299354817
53-6051.07,14569,0.18826031563725473,0.02034747881471413
53-5031.00,14568,0.002548359324912442,0.001389121292787396
53-5031.00,14567,0.001145460665636754,0.0007151615921929152
53-5031.00,14566,0.04772361673314907,0.0196080297249827
53-5031.00,14565,0.0309377151294085,0.007904968936397532
53-5031.00,14564,0.03346330322294675,0.012477707711403272
53-5031.00,14563,0.09155594041686971,0.02211372590072947
53-5031.00,14562,0.023832537210851244,0.009661691435946659
53-5031.00,14561,0.08043782062780791,0.01164736363071865
53-5031.00,14560,0.08613382452219077,0.020664408625004266
53-5031.00,14559,0.09148548074353002,0.018596215939411867
53-5031.00,14558,0.12541815611483217,0.01440308123616589
53-5031.00,14557,0.08953248078858342,0.012534442019107209
53-5031.00,14556,0.00815312129080722,0.001739674840033388
53-5031.00,14554,0.05985958942150405,0.014430219703976071
53-5031.00,14553,0.15241746155684358,0.01838703844293603
53-5031.00,14552,0.07535513223012645,0.018754775054131718
53-5022.00,14550,0.03430616375627692,0.016068175385433998
53-5022.00,14549,0.0021472925484897795,0.0018825746357866691
53-5022.00,14548,0.09813128327760244,0.01673476428189689
53-5022.00,14547,0.01955440337902377,0.007852397570544603
53-5022.00,14546,0.04671127007121117,0.01740764684200723
53-5022.00,14545,0.08107236269676843,0.013220972181670813
53-5022.00,14544,0.04952704527735296,0.011591634260250115
53-5022.00,14543,0.027916042431863863,0.017067594649691625
53-5022.00,14542,0.047233515431147774,0.016052158619322965
53-5022.00,14541,0.05199708797539777,0.01210963926520501
53-5022.00,14540,0.11326577119305922,0.024848817511262437
53-5022.00,14539,0.070192850163118,0.009987938334413898
53-5022.00,14538,0.035134792927047714,0.009578585138857659
53-5022.00,14537,0.11587624102634803,0.013071535183597317
53-5022.00,14536,0.12254273040274867,0.014400108688678684
53-5022.00,14535,0.08439114744254346,0.01510295214626309
53-5011.00,14484,0.014966545562609809,0.003478527483785314
53-5011.00,14483,0.023820958733361503,0.01397484675379463
53-5011.00,14482,0.10637359111308431,0.018353163281625295
53-5011.00,14481,0.013383412585661478,0.0030365926891071622
53-5011.00,14480,0.09131783579450818,0.027366146363334107
53-5011.00,14479,0.04759868325150802,0.01855523756498349
53-5011.00,14477,0.018342589481929007,0.00897124715051245
53-5011.00,14474,0.0516631189898457,0.014621485268120848
53-5011.00,14473,0.013885035521354247,0.0030574449672664326
53-5011.00,14472,0.06698391882195177,0.01596042382919486
53-5011.00,14471,0.00824287726070626,0.0026042363577346993
53-5011.00,14470,0.036544423968894624,0.01345983948744012
53-5011.00,14469,0.024063510345830645,0.010717897909154644
53-5011.00,14468,0.11368590052032898,0.016353356890417954
53-5011.00,14467,0.039876362389181845,0.019086577513557548
53-5011.00,14465,0.022817043453795125,0.005057554239938726
53-5011.00,14464,0.04040685849936537,0.0173424839784569
53-5011.00,14462,0.03636416351789333,0.008659390108778258
53-5011.00,14461,0.13637438124728082,0.037424425108356155
53-5011.00,14460,0.011891994494170648,0.00345551771269343
53-5011.00,14459,0.00666560242724523,0.0026086409775888325
53-5011.00,14458,0.024964866396112846,0.016885842656576493
53-5011.00,14457,0.02892908248969502,0.016021635606126027
53-1041.00,14436,0.0950203643361308,0.03896461093960067
53-1041.00,14435,0.16648682470022147,0.05269058007631797
53-1041.00,14434,0.2547608868654102,0.05775363548456318
53-1041.00,14433,0.22558646257577084,0.0545068489907116
53-1041.00,14432,0.21482887864041306,0.04772000648994384
51-9197.00,14431,0.04732868424897728,0.012110758372021885
51-9197.00,14430,0.08026295592344215,0.014995515397458532
51-9197.00,14429,0.044458194503460835,0.015247465692238978
51-9197.00,14428,0.05037024609530294,0.013318675102947484
51-9197.00,14427,0.04131474655243956,0.012707483224331254
51-9197.00,14426,0.05328896225480291,0.014475731180298415
51-9197.00,14425,0.070610636096141,0.011404284014306938
51-9197.00,14424,0.03396442370989025,0.011475081050355568
51-9197.00,14423,0.06267482810425297,0.01529547764260083
51-9197.00,14422,0.049830446002032736,0.01056979379122772
51-9197.00,14418,0.07983323244017872,0.011152554988030276
51-9197.00,14417,0.030279090784042006,0.0111317950459055
51-9197.00,14415,0.05862144304887858,0.01481502761818512
51-9197.00,14414,0.06430478732768787,0.017613276831296758
51-9197.00,14413,0.0653309253068921,0.012664841285232424
51-9197.00,14411,0.057342888260123605,0.01076648690473467
51-9197.00,14410,0.04754133387085261,0.015091305197730956
51-9194.00,14408,0.016915580186355295,0.008028343641165402
51-9194.00,14407,0.006664664585253866,0.0033765680785968043
51-9194.00,14404,0.01829163949417087,0.00908285589766312
51-9194.00,14402,0.07365544142690318,0.015239878242659361
51-9194.00,14400,0.03303364475338619,0.013897853297326016
51-9194.00,14399,0.03285471687404212,0.012821793349608193
51-9194.00,14398,0.062391845137693,0.013894162017816262
51-9194.00,14397,0.024658618275818674,0.010186306861593268
51-9194.00,14396,0.05620538516283239,0.013085233243973473
51-9194.00,14395,0.09078289994411044,0.01902334108324237
51-9194.00,14394,0.026179275167992413,0.009862880513949634
51-9194.00,14391,0.026845037134104792,0.009395587124307075
51-9194.00,14388,0.012186323977120299,0.008374032849708356
51-9194.00,14386,0.08465504836062084,0.01805457732466795
51-9194.00,14385,0.03389956836144671,0.008826590584853888
51-9194.00,14384,0.03872591743266317,0.011389993150887569
51-9194.00,14383,0.06182632265572272,0.012775359159831707
51-9194.00,14382,0.054330961421673325,0.015062740581069167
51-9194.00,14381,0.06441478764604402,0.01655484178471738
51-9194.00,14380,0.0338723526339926,0.011768030423220504
51-9194.00,14379,0.04727592449038683,0.012340405854242105
51-9194.00,14378,0.044938315104002396,0.012782336580730587
51-9192.00,14377,0.09176116007759857,0.032601650983822214
51-9192.00,14376,0.044313869546726024,0.010767051168571466
51-9192.00,14374,0.10725286211333002,0.02643654102346848
51-9192.00,14373,0.1522782222309383,0.05228484175022587
51-9192.00,14372,0.1657810162600172,0.031280590108711176
51-9192.00,14371,0.09589795510553453,0.03365386980719288
51-9192.00,14370,0.04912391729521518,0.01669991243784863
51-9192.00,14369,0.0685920381205563,0.021832208301699525
51-9192.00,14368,0.05721116778534904,0.02113138016848998
51-9192.00,14367,0.1677877914647348,0.05256606427170886
51-9031.00,14366,0.018630616117351163,0.0052710217535294635
51-9031.00,14365,0.05247419194193844,0.01379659433014705
51-9031.00,14364,0.022795162682621304,0.00986464167864831
51-9031.00,14363,0.019319891417462844,0.012155833123362879
51-9031.00,14362,0.009158181514602355,0.00291888130387772
51-9031.00,14361,0.05858129466676688,0.012394309172976702
51-9031.00,14360,0.03417361443245013,0.0160956625212709
51-9031.00,14359,0.07122739075031251,0.014362159559952537
51-9031.00,14358,0.06065325785048812,0.016315177378967233
51-9031.00,14357,0.08795793886927039,0.01702578565392197
51-9031.00,14356,0.08443097803023879,0.015372323734686392
51-9031.00,14355,0.0390681837314818,0.011227922429580092
51-9031.00,14354,0.05616398073047865,0.012950147140203342
51-9031.00,14353,0.08778547644306225,0.021827491996569623
51-9031.00,14352,0.04977836082260956,0.014356918132477088
51-9031.00,14351,0.08332973799607576,0.016456196939331733
51-9031.00,14350,0.10862771259517437,0.021240834832687273
51-9031.00,14349,0.05584402940761465,0.01127598475551912
51-9022.00,14348,0.00040880934173563273,0.0005383076790367766
51-9022.00,14344,0.04772365265166436,0.01648260114265968
51-9022.00,14340,0.04854355748561553,0.014566918052779241
51-9022.00,14339,0.051263781439453475,0.01701533674832789
51-9022.00,14338,0.10593763834000215,0.023984887740852286
51-9022.00,14337,0.06997574736230522,0.017841860220857608
51-9022.00,14336,0.11593304304696819,0.02408897783946649
51-9022.00,14335,0.04636697755892152,0.012747166097724623
51-9022.00,14334,0.10595668340731491,0.015158333947090145
51-9022.00,14333,0.093782086473912,0.014617851661100153
51-9022.00,14332,0.09623246768167606,0.02905837615880603
51-9022.00,14331,0.08804697755882289,0.017350933882610865
51-9022.00,14329,0.12982857765160805,0.023321003383946586
51-8093.00,14328,0.02270819183790071,0.006412943296616436
51-8093.00,14327,0.009304093453407393,0.004286837916620711
51-8093.00,14326,0.00647152938933739,0.0017506141681185822
51-8093.00,14325,0.007516570424384716,0.003633242118372957
51-8093.00,14324,0.016968717521392427,0.006572413352696781
51-8093.00,14323,0.021121946359333052,0.003208101600499783
51-8093.00,14322,0.00519252766448152,0.003814483775346382
51-8093.00,14321,0.034092429102053075,0.004960970618250706
51-8093.00,14320,0.032615529851116605,0.007682469081894497
51-8093.00,14319,0.04098411312929215,0.004418044094194742
51-8093.00,14318,0.046560611945491756,0.008257710122184217
51-8093.00,14317,0.06263813792092578,0.009651126005809139
51-8093.00,14316,0.032636878790904905,0.010612776051352558
51-8093.00,14315,0.04901392203188971,0.006250251429171328
51-8093.00,14314,0.031196853502885986,0.006338010769475887
51-8093.00,14313,0.06264121837812985,0.01026863519223382
51-8093.00,14312,0.05017676825322277,0.008639311427992081
51-8093.00,14311,0.05028285267341854,0.007456678599092377
51-8093.00,14310,0.06437594269870546,0.011181453001179809
51-8093.00,14309,0.0655852397194668,0.006400486265387478
51-8093.00,14308,0.0781676979304934,0.01116299956627078
51-8093.00,14307,0.05307276492318489,0.008355922789730828
51-8093.00,14306,0.05342047659298817,0.00603692264293154
51-8093.00,14305,0.10325498590559298,0.013302282604679107
51-8092.00,14304,0.00708070390147991,0.004937651615575187
51-8092.00,14303,0.037269241626228286,0.009691648531386992
51-8092.00,14302,0.031604929973203945,0.011631524370630336
51-8092.00,14301,0.045615961785591255,0.009790342563715651
51-8092.00,14300,0.08238478071357776,0.018168389646178555
51-8092.00,14299,0.10074210200421839,0.018898605367496865
51-8092.00,14298,0.01280198829887776,0.006184663533161362
51-8092.00,14297,0.038214945616000646,0.005666958273321532
51-8092.00,14296,0.026245392319275352,0.00602812053773514
51-8092.00,14295,0.05552899279838458,0.011866713165088685
51-8092.00,14294,0.04045926274381324,0.009368479602394926
51-8092.00,14293,0.04522281128498793,0.008068582992664403
51-8092.00,14292,0.02120109752885227,0.005854843977785167
51-8092.00,14291,0.0709540336923887,0.010954167822062698
51-8092.00,14290,0.09218272162060688,0.01755135313993566
51-8092.00,14289,0.025184953245046757,0.00557807815202029
51-8092.00,14288,0.09876013478368495,0.011816414032851734
51-8092.00,14287,0.12104854793669104,0.014223299212278937
51-8092.00,14286,0.04749739812709028,0.015510980449229987
51-7031.00,14285,0.04777519440391586,0.033355830231441126
51-7031.00,14284,0.0576093419765311,0.020884038022917266
51-7031.00,14283,0.052844835336923524,0.033469130766267
51-7031.00,14282,0.04603800191632141,0.0197602399540688
51-7031.00,14281,0.05458930655861956,0.03432929662316331
51-7031.00,14280,0.07006764608072195,0.03296215248115608
51-7031.00,14279,0.07903207128651482,0.03260917215730652
51-7031.00,14278,0.08240075960124328,0.03228331979129529
51-7031.00,14277,0.06700528136316389,0.032884394053791594
51-7031.00,14276,0.11385690039223913,0.035161767899684844
51-7031.00,14275,0.0904699407596259,0.03323497367030893
51-7031.00,14274,0.11936396845787181,0.0378313505410333
51-7031.00,14273,0.11894675186630779,0.04675635200548783
51-7021.00,14271,0.01029920568360656,0.006664051232657297
51-7021.00,14270,0.012272853013235127,0.006701679797072731
51-7021.00,14269,0.017825715458414323,0.008370331945907947
51-7021.00,14268,0.025011960265970166,0.008027303632827847
51-7021.00,14267,0.036404230788976574,0.011285904984463024
51-7021.00,14266,0.03814452250041992,0.0094910001337493
51-7021.00,14265,0.03406617763791069,0.012427453641403366
51-7021.00,14264,0.04424922504701549,0.009624221457392971
51-7021.00,14263,0.042166497475083935,0.010232980595447477
51-7021.00,14262,0.03752488316156946,0.009982939397224389
51-7021.00,14261,0.03745463931572334,0.00897709685575206
51-7021.00,14260,0.04253893718928901,0.013352849013355381
51-7021.00,14259,0.07039485814784935,0.013333181358124117
51-7021.00,14258,0.022625143918044405,0.006637034700317983
51-7021.00,14257,0.03986614184330769,0.011267808506661281
51-7021.00,14256,0.06479133445680776,0.01899068383754085
51-7021.00,14255,0.04169040324190174,0.010874336047708988
51-7021.00,14254,0.05860008760219366,0.01207666639829457
51-7021.00,14253,0.08087229148199479,0.01550149966501384
51-7021.00,14252,0.07727351747376168,0.01492006112175536
51-7021.00,14251,0.10234714187190168,0.01419224864509523
51-7021.00,14250,0.06358023242502259,0.014340494510911739
51-6093.00,14249,0.014378654855548284,0.007663993724179826
51-6093.00,14248,0.019829664073939567,0.010479459278042308
51-6093.00,14247,0.03392732927855346,0.008045098690813286
51-6093.00,14246,0.03603906363415191,0.008804917404501185
51-6093.00,14245,0.05465077022467336,0.01274050684033118
51-6093.00,14244,0.027921934621353818,0.010603082232022075
51-6093.00,14243,0.029010624405663044,0.010578845059229122
51-6093.00,14242,0.03084805291846085,0.010030808143480759
51-6093.00,14241,0.03700480394139262,0.011058710636444246
51-6093.00,14240,0.04115338104001827,0.012268477096607945
51-6093.00,14239,0.02058585263393634,0.007424678166838157
51-6093.00,14238,0.021092272186627875,0.012871720821398725
51-6093.00,14237,0.038041134800307484,0.011951667842839474
51-6093.00,14236,0.05996200454012243,0.013008507884960208
51-6093.00,14235,0.061906992441106715,0.013306784033514122
51-6093.00,14234,0.03504904075466586,0.008389448276294639
51-6093.00,14233,0.07458509405531655,0.01794173068878415
51-6093.00,14232,0.03618087328792323,0.009039702449930293
51-6093.00,14231,0.05794958081650731,0.014811320484868336
51-6093.00,14230,0.05603886895415483,0.018839856087077788
51-6093.00,14229,0.10608407150549821,0.017945972127630144
51-6093.00,14228,0.10775993503007798,0.019977419737939133
51-6091.00,14227,0.026994659826197333,0.011386723093268564
51-6091.00,14225,0.01314669178730227,0.004430868363200673
51-6091.00,14224,0.057448320105073586,0.015979036906931757
51-6091.00,14220,0.053745781382721666,0.010453371026657688
51-6091.00,14219,0.060074969009905006,0.018485526986469995
51-6091.00,14218,0.058611104149981844,0.013072057192062109
51-6091.00,14216,0.11821764780586076,0.01753777681785175
51-6091.00,14215,0.05873547881672822,0.010548954016189634
51-6091.00,14214,0.0549337316471424,0.012063355547384297
51-6091.00,14213,0.058538944183280296,0.01136295555098186
51-6091.00,14212,0.07678851810333205,0.012527059584222833
51-6091.00,14211,0.07539189226634786,0.012667182766185494
51-6091.00,14210,0.04449192046084638,0.011179125840723505
51-6091.00,14209,0.09342526709602476,0.01966867961016543
51-6091.00,14208,0.08975395453126174,0.017609655721972272
51-6091.00,14207,0.059701118827993865,0.022376250466443315
51-6064.00,14206,0.022351952648139828,0.006661972154940026
51-6064.00,14205,0.04852393320502239,0.011491083627432837
51-6064.00,14204,0.013598134530635912,0.0056494516648182514
51-6064.00,14203,0.04170863336188535,0.008404446136654193
51-6064.00,14202,0.043040732673959255,0.007159150953005512
51-6064.00,14201,0.038039560106856427,0.0074040595156337815
51-6064.00,14200,0.05594474972951818,0.012959533795669194
51-6064.00,14199,0.016340961735855114,0.0052241439354108596
51-6064.00,14198,0.016657431641357603,0.0028279459256029854
51-6064.00,14197,0.027533253647108177,0.006536876355589485
51-6064.00,14196,0.06320952239312395,0.009873821096714294
51-6064.00,14195,0.05197438363251934,0.00855760563069349
51-6064.00,14193,0.03979539316489904,0.009222317510396866
51-6064.00,14192,0.05503114214177105,0.007120598699364707
51-6064.00,14191,0.038016873867071234,0.008517034766908002
51-6064.00,14190,0.0555500991649779,0.008572162264386797
51-6064.00,14189,0.04538646121944264,0.010479394598391017
51-6064.00,14188,0.0524787516825282,0.007400000473528167
51-6064.00,14187,0.06958600073424981,0.014300594139901696
51-6064.00,14186,0.048879170075727695,0.008597765633463119
51-6064.00,14185,0.02087081081687794,0.005955192235558464
51-6064.00,14184,0.0744226860987661,0.010220208446924051
51-6064.00,14183,0.06105936172770681,0.0083030146452839
51-6063.00,14182,0.028550412921638846,0.010029549057286855
51-6063.00,14181,0.022184635970205573,0.005540060448264431
51-6063.00,14180,0.03282984563133206,0.007848019375307184
51-6063.00,14179,0.03044771152620245,0.008661234833651407
51-6063.00,14178,0.025050903548612287,0.006928090551437866
51-6063.00,14176,0.028450296304639168,0.0069541913968921235
51-6063.00,14175,0.020935686076496377,0.006099196612857511
51-6063.00,14174,0.041201156568814255,0.0073291911787757005
51-6063.00,14173,0.03689854795688213,0.006928586433150799
51-6063.00,14172,0.039602288959893324,0.00760072330112252
51-6063.00,14171,0.06801043831863036,0.011794782114229272
51-6063.00,14170,0.07741957147527954,0.012293986324094508
51-6063.00,14169,0.044205514071896344,0.007683872683422171
51-6063.00,14168,0.0482436302855554,0.007086298748886432
51-6063.00,14167,0.07994374866445182,0.01712941701909697
51-6063.00,14166,0.12729464013544303,0.013334586180448008
51-6063.00,14165,0.09168763506372268,0.011964693327905842
51-6063.00,14164,0.08553951628176115,0.012551458730876009
51-6063.00,14163,0.07150382023854321,0.015363405903871157
51-6062.00,14162,0.08540037480719899,0.027392841158780015
51-6062.00,14161,0.05153607973242618,0.013079698077319693
51-6062.00,14160,0.02721462623700658,0.009599478568033927
51-6062.00,14159,0.060990719734839216,0.017677432607219833
51-6062.00,14158,0.01997604177079767,0.007450048546692888
51-6062.00,14157,0.013450530968305391,0.0031763184411695146
51-6062.00,14156,0.04765614777760677,0.016047648560491155
51-6062.00,14155,0.07956720108871367,0.017369571663676125
51-6062.00,14154,0.025283222634725603,0.007946715158368433
51-6062.00,14153,0.1145009885492371,0.03149796967746675
51-6062.00,14152,0.06973366033279137,0.012173875837491858
51-6062.00,14150,0.060029350721520526,0.015195684963985231
51-6062.00,14149,0.04151702083915075,0.014076719918261264
51-6062.00,14148,0.06398572769701076,0.014407165404659326
51-6062.00,14147,0.017163585587208683,0.00443719910212187
51-6062.00,14146,0.02730692428668939,0.009292415578178502
51-6062.00,14145,0.0801994982597711,0.018451456025308524
51-6061.00,14143,0.009706908888795765,0.004035017935891583
51-6061.00,14142,0.023576554210622633,0.008115219447867382
51-6061.00,14141,0.005871540279371623,0.00189422041296976
51-6061.00,14140,0.029651980277996932,0.00912874261634523
51-6061.00,14139,0.04129826224563415,0.009056091326556942
51-6061.00,14138,0.05686149387013575,0.011679626690977347
51-6061.00,14137,0.04139183280882414,0.012469997045577321
51-6061.00,14134,0.03346094239166257,0.009169819991266136
51-6061.00,14133,0.049420600741588744,0.009849988788247289
51-6061.00,14132,0.030120793014572936,0.01274755991233876
51-6061.00,14131,0.06212384040153066,0.012583361044462595
51-6061.00,14130,0.029740595243737136,0.009962271496683352
51-6061.00,14129,0.0381066383939406,0.01025836449942644
51-6061.00,14128,0.06457272586217218,0.011480962693652251
51-6061.00,14127,0.0825332155338183,0.015035559793258336
51-6061.00,14126,0.05783572520563587,0.01122635896961971
51-6061.00,14125,0.044880571892386485,0.010627884630652226
51-6061.00,14124,0.06761583112478337,0.014196201536860301
51-6061.00,14123,0.06336437454920216,0.010092543086217909
51-6061.00,14122,0.041747591746145264,0.009443388081654585
51-6061.00,14121,0.07395953014272075,0.013832431765601
51-6051.00,14116,0.06459522356871422,0.018725941993889626
51-6051.00,14115,0.12858288065134296,0.033642376018616534
51-6051.00,14114,0.11679873761461135,0.021239984259800334
51-6051.00,14113,0.12653531537170057,0.022862782064971506
51-6051.00,14110,0.2187841681679101,0.021385918141057197
51-6051.00,14109,0.19394055312798456,0.022113251037360285
51-6051.00,14108,0.15076312149773624,0.026174651036005164
51-6042.00,14107,0.06409467700448271,0.01528111424652093
51-6042.00,14105,0.06749215429463981,0.013307782079641266
51-6042.00,14101,0.06470670759435206,0.014887944316963579
51-6042.00,14100,0.08008651127912052,0.01631309737547996
51-6042.00,14099,0.057349455898260925,0.01843865684363278
51-6042.00,14098,0.025372903897148035,0.012416515589509769
51-6042.00,14097,0.04887176474702327,0.016592865235617107
51-6042.00,14096,0.08825056570846729,0.02033056543816355
51-6042.00,14095,0.023963816543370306,0.011027891261876813
51-6042.00,14094,0.09095803682998607,0.018945332823009486
51-6042.00,14092,0.08889198303012355,0.019266278205040763
51-6042.00,14091,0.06500452186376184,0.02224506855171499
51-6042.00,14090,0.07520907729860565,0.015588034760957574
51-6042.00,14089,0.07366238942377415,0.019690122879015094
51-6041.00,14088,0.050559417178378904,0.01886891106028312
51-6041.00,14085,0.04856670718474985,0.014445731362971774
51-6041.00,14082,0.06037906474365801,0.016954171531331174
51-6041.00,14081,0.032403109105273255,0.01694445117344603
51-6041.00,14080,0.04391906989689544,0.014911663740282481
51-6041.00,14079,0.08338528678072131,0.026358924358451614
51-6041.00,14077,0.05113579920036656,0.016762519268169757
51-6041.00,14075,0.0819543091581664,0.023019405718565915
51-6041.00,14074,0.05811926663945808,0.01631167036894046
51-6041.00,14071,0.05927614193779532,0.01746641306977555
51-6041.00,14070,0.068025111467036,0.021000028940848403
51-6041.00,14066,0.03566624405567721,0.01650719790835367
51-6041.00,14065,0.0967559630835048,0.023025812229329277
51-6041.00,14064,0.05927092453334337,0.014625779522294534
51-6041.00,14063,0.0857038699603997,0.017844494515383225
51-6041.00,14062,0.0848797150745758,0.022596473838273887
51-6021.00,14057,0.042084849859290646,0.0092344519773055
51-6021.00,14056,0.01834627020355385,0.006850375996786658
51-6021.00,14055,0.01217134640872474,0.004132071319491925
51-6021.00,14054,0.024237197459748158,0.005950296390036655
51-6021.00,14053,0.022652485390724262,0.0050760176578308345
51-6021.00,14052,0.015065169704087973,0.004251182760001202
51-6021.00,14051,0.029542228150891067,0.006022451980749534
51-6021.00,14050,0.0310627267942068,0.007866061103774797
51-6021.00,14049,0.030450593000440816,0.006107735823188601
51-6021.00,14048,0.023177846456439645,0.006140312295420784
51-6021.00,14047,0.04876392314709385,0.008973379677799485
51-6021.00,14046,0.04175170653786261,0.007068700641513141
51-6021.00,14045,0.05290466871804352,0.008438443991064378
51-6021.00,14044,0.0543508329290165,0.0069801974802993945
51-6021.00,14043,0.058125178232667406,0.00512386795457919
51-6021.00,14042,0.04560041296723238,0.009177928592121931
51-6021.00,14041,0.06207757767740363,0.007281086679501773
51-6021.00,14040,0.05793377984111191,0.008410159594683055
51-6021.00,14039,0.04531152338117298,0.009860275538407544
51-6021.00,14038,0.05556094125149475,0.008518775084015296
51-6021.00,14037,0.06715777858523651,0.007992203977400374
51-6021.00,14036,0.05489770558988942,0.006825094168003143
51-6021.00,14035,0.06792945599915638,0.0050413049086334835
51-4035.00,14015,0.052844860552327816,0.013310690308844122
51-4035.00,14014,0.025442007373162726,0.011541978502734432
51-4035.00,14013,0.030217795074759964,0.008033153302164926
51-4035.00,14012,0.07887128696283834,0.022988759455009337
51-4035.00,14011,0.07211841198877718,0.018511485961366623
51-4035.00,14010,0.0611547391369805,0.009905843407700498
51-4035.00,14009,0.05784963381997875,0.01408058384830728
51-4035.00,14008,0.05733074818445348,0.012498277734991362
51-4035.00,14007,0.08685932252082884,0.01342011022392427
51-4035.00,14006,0.0607623114802222,0.010150726423627963
51-4035.00,14005,0.08226494489895389,0.01505264498960828
51-4035.00,14004,0.055165367744214724,0.012561143510447717
51-4035.00,14003,0.0903190217668974,0.018158962954866735
51-4035.00,14002,0.0888734315960165,0.014751267990624513
51-4035.00,14001,0.0999261168995876,0.01942795902871654
51-3023.00,14000,0.06524548597141697,0.028354783822778104
51-3023.00,13998,0.062143066798274214,0.023531965301128194
51-3023.00,13997,0.09508518860412572,0.03144245754756491
51-3023.00,13996,0.07179033636406423,0.02733728707077993
51-3023.00,13995,0.07925754288921244,0.028114687699031745
51-3023.00,13994,0.0450279009286949,0.018675991784897473
51-3023.00,13993,0.05632517485047552,0.028309184605624132
51-3023.00,13992,0.07630612162904472,0.03249192890227805
51-3023.00,13991,0.05664712491798351,0.025617947371454675
51-3023.00,13989,0.08944879284493314,0.02716432798688535
51-3023.00,13987,0.10343985888371265,0.030417027243007683
51-3023.00,13986,0.19928340531806196,0.04877941262225698
51-2051.00,13985,0.03052815051646686,0.01357062610431421
51-2051.00,13984,0.03768024570515273,0.012486412860489429
51-2051.00,13983,0.0353477564630826,0.011685555154025418
51-2051.00,13982,0.029355782214639206,0.01457032685222772
51-2051.00,13981,0.026473151354348978,0.012189540066900702
51-2051.00,13980,0.07098111911070701,0.019245650024210047
51-2051.00,13979,0.06789714778481763,0.023389073022126616
51-2051.00,13978,0.03491968903768344,0.011725275469749007
51-2051.00,13977,0.05721374164204597,0.01662074830953227
51-2051.00,13976,0.0801186378675287,0.02521179307430338
51-2051.00,13975,0.07112022882593647,0.031808113948871425
51-2051.00,13974,0.07460586992745682,0.01292416984722163
51-2051.00,13973,0.08524381889539726,0.022608734609664925
51-2051.00,13972,0.07480734600407339,0.02275606365549994
51-2051.00,13971,0.10497176405435113,0.025097079373558703
51-2051.00,13970,0.11873555059631176,0.029716454339943795
51-2031.00,13969,0.03363878305518077,0.009609234630612142
51-2031.00,13968,0.06479885070865639,0.016217103316776647
51-2031.00,13967,0.09216996931359821,0.010794304356324254
51-2031.00,13966,0.13331228481056723,0.01590976077726821
51-2031.00,13965,0.08446675752064474,0.011351144089963478
51-2031.00,13964,0.03196368614891684,0.011871850409506588
51-2031.00,13963,0.06508698615579606,0.0149085894145504
51-2031.00,13962,0.11468014414291045,0.016893515260501785
51-2031.00,13961,0.06416680175497332,0.008988180273811737
51-2031.00,13960,0.08903786450633829,0.014515190131082935
51-2031.00,13959,0.1476014942699471,0.016065575264756413
51-2031.00,13958,0.0790763776124706,0.013130461105250651
51-2023.00,13957,0.019485364740597352,0.0065524940942248205
51-2023.00,13956,0.04588014351681217,0.016091405556811364
51-2023.00,13954,0.027634253587222195,0.010233091724988652
51-2023.00,13953,0.043067457326747674,0.014530853517996855
51-2023.00,13952,0.06900765375403868,0.016376766989061507
51-2023.00,13951,0.06894123660293117,0.015595350564809492
51-2023.00,13950,0.040907642481486636,0.013327361948861714
51-2023.00,13949,0.1072968523540194,0.02646139656597324
51-2023.00,13948,0.08671894560553531,0.01849499659513922
51-2023.00,13947,0.10230690849645127,0.02555467322135482
51-2023.00,13946,0.1281711114897956,0.021466949325120114
51-2023.00,13945,0.13910096214510617,0.02356248509860803
51-2023.00,13944,0.12148146789925639,0.02282171202827529
51-2011.00,13939,0.016713063065363055,0.004569488817616757
51-2011.00,13938,0.009078110231832715,0.005059089397581374
51-2011.00,13935,0.029615886137507073,0.016485334297610937
51-2011.00,13934,0.061803064205984255,0.015207289188103695
51-2011.00,13932,0.029442485622007193,0.015074319252765945
51-2011.00,13931,0.044015338188497885,0.005897152377051222
51-2011.00,13930,0.012559230568659862,0.005736053748142706
51-2011.00,13929,0.06387330838995418,0.012901079451474094
51-2011.00,13928,0.04911613959062935,0.01375683326567177
51-2011.00,13926,0.035088109030947806,0.007944528908695072
51-2011.00,13925,0.03367712056105249,0.014903606857232913
51-2011.00,13924,0.05831125243818386,0.015502175512079
51-2011.00,13921,0.026479286456198257,0.005840488733035349
51-2011.00,13919,0.07267450729567178,0.016257475307338464
49-9097.00,13915,0.026414997945078362,0.008806304621416686
49-9097.00,13914,0.03552982936247225,0.011537604086030382
49-9097.00,13913,0.06268991364827753,0.016435301099786612
49-9097.00,13912,0.1064561582586187,0.017778308363571266
49-9097.00,13911,0.04458942294905628,0.014852376195720487
49-9097.00,13910,0.09483251449665994,0.038106919949993885
49-9097.00,13909,0.09942257015489953,0.030213324337764785
49-9097.00,13908,0.20934218713939445,0.021649365818007676
49-9097.00,13907,0.030788549081876206,0.010087595597838832
49-9097.00,13906,0.09760099326470027,0.017487078807748253
49-9097.00,13905,0.12902152794459187,0.035327310426834214
49-9096.00,13904,0.033114656330620953,0.011842120804650181
49-9096.00,13903,0.033760029796433284,0.009498942278771882
49-9096.00,13902,0.09620870492898145,0.018045259406180975
49-9096.00,13901,0.048428579901666526,0.01373818456387253
49-9096.00,13900,0.062164463391655905,0.02389039506178521
49-9096.00,13899,0.03453242160308497,0.01255074225922375
49-9096.00,13898,0.07536078306304485,0.014753360847962482
49-9096.00,13897,0.0811379468059055,0.01820552936915132
49-9096.00,13896,0.05373135653320074,0.013431950211772178
49-9096.00,13895,0.08324088033477478,0.0145372742865988
49-9096.00,13894,0.12534704422435844,0.015226573522540459
49-9096.00,13893,0.12549946931652844,0.03482839420465628
49-9096.00,13892,0.10181824783862624,0.025498345019720106
49-9095.00,13889,0.22194208738104437,0.07587554956750783
49-9095.00,13887,0.062118534127538906,0.026209387411995355
49-9095.00,13885,0.1054389083032634,0.0368608616988102
49-9095.00,13882,0.1712992015558019,0.05925401198625251
49-9095.00,13881,0.09733708527683296,0.02806946930584085
49-9095.00,13878,0.34186418335551844,0.1281679094100176
49-9092.00,13875,0.0023976336752144275,0.0014964930691985859
49-9092.00,13874,0.002627377374973776,0.001524192968874685
49-9092.00,13873,0.0018092741140635844,0.001176339572371265
49-9092.00,13872,0.0057491447289007135,0.0022902858078931642
49-9092.00,13871,0.041430086417857406,0.015956115034316033
49-9092.00,13870,0.013402571230340967,0.006864887342655473
49-9092.00,13869,0.015761940020258165,0.006293692714184922
49-9092.00,13868,0.001939686341282208,0.0009602965647452705
49-9092.00,13867,0.009535375561263368,0.004584699267348979
49-9092.00,13866,0.023187693748925174,0.007289795684755746
49-9092.00,13865,0.016702471687328347,0.0030470310525866702
49-9092.00,13864,0.011760977093929198,0.002417210866227703
49-9092.00,13863,0.010670452711878687,0.005841587869114411
49-9092.00,13862,0.016366581814050457,0.008907611170326008
49-9092.00,13861,0.008887721527810755,0.0025509652659860046
49-9092.00,13860,0.020477228475700507,0.004853952406875021
49-9092.00,13859,0.015959728158955463,0.005003454628985926
49-9092.00,13858,0.08135418088599983,0.013960323669290859
49-9092.00,13857,0.10464751972472723,0.030289032330080918
49-9092.00,13856,0.08879227281456775,0.012994862228449703
49-9092.00,13855,0.2545593132768958,0.030786289194620054
49-9092.00,13854,0.23375259065883414,0.03598719736300907
49-9091.00,13852,0.005805350493023877,0.003770990954988284
49-9091.00,13851,0.017821124630926197,0.004896353601111027
49-9091.00,13850,0.008245799368895992,0.002715601294492668
49-9091.00,13849,0.027073613798976544,0.009985302137283828
49-9091.00,13848,0.02641455851653962,0.014131569447726327
49-9091.00,13847,0.06703038140801446,0.027795438418876144
49-9091.00,13846,0.03181379346779321,0.009899007644394178
49-9091.00,13843,0.14018283594704475,0.02934860031066911
49-9091.00,13842,0.10175897988653948,0.050929083503407295
49-9091.00,13841,0.010060523132079278,0.004417931239546713
49-9091.00,13840,0.11569751589874366,0.04830181192145329
49-9091.00,13839,0.11613065034640718,0.032143305843698816
49-9091.00,13838,0.08129909034562742,0.03307207736552414
49-9091.00,13835,0.2506657827593883,0.037557927776728485
49-9045.00,13830,0.020207849814723546,0.00661552566795841
49-9045.00,13829,0.05605040148369144,0.02085620305998144
49-9045.00,13827,0.18690282207332484,0.060192200523000956
49-9045.00,13825,0.07972625387890159,0.04447363434097918
49-9045.00,13824,0.08249901605008586,0.022291777632608364
49-9045.00,13822,0.055403631559658835,0.028911219874731248
49-9045.00,13821,0.13577796672073988,0.03702647658842355
49-9045.00,13820,0.19351262556947826,0.06949852923038286
49-9045.00,13819,0.18991943284939578,0.04911100521994707
49-9031.00,13816,0.00781362650848162,0.0037327224132762357
49-9031.00,13815,0.002203662014702098,0.0009137081015743689
49-9031.00,13814,0.0059087173047580955,0.0016368603019319185
49-9031.00,13813,0.010961714729793659,0.0016295614549561867
49-9031.00,13812,0.03912027915919115,0.005745600812953989
49-9031.00,13811,0.023550706179141973,0.006778697380414316
49-9031.00,13810,0.0051604901007516815,0.0012799342725147162
49-9031.00,13809,0.004340354922627261,0.0010565925477238837
49-9031.00,13808,0.026558985698961146,0.005085059604028158
49-9031.00,13807,0.020000725515175496,0.004348847357928626
49-9031.00,13806,0.018009388950860444,0.003874468280980921
49-9031.00,13805,0.0052147760572909905,0.0024222773131881044
49-9031.00,13804,0.021416093285016053,0.005496798461211851
49-9031.00,13803,0.005129301411564005,0.002273595677360517
49-9031.00,13802,0.049714040448427484,0.006335432995224302
49-9031.00,13801,0.046311731784987084,0.005900287412243562
49-9031.00,13800,0.03769078754806215,0.007046522919036773
49-9031.00,13799,0.0718560014710379,0.011819187290616729
49-9031.00,13798,0.02087585541741916,0.0031558353043651417
49-9031.00,13797,0.02591426947373083,0.004254603221727891
49-9031.00,13796,0.062393049401487814,0.013017826282878531
49-9031.00,13795,0.05857758135978559,0.009876609652704059
49-9031.00,13794,0.056678069219115494,0.009256707873370518
49-9031.00,13793,0.0671618383235972,0.009165550439094634
49-9031.00,13792,0.06642936171672385,0.009629616745552993
49-9031.00,13791,0.062181477464753,0.009859712975832173
49-9031.00,13790,0.04385157671551862,0.008986362695023772
49-9031.00,13789,0.06618518556500347,0.010715146666178147
49-9031.00,13788,0.06879035225203463,0.011754227226252538
49-3053.00,13787,0.011389528775481718,0.0059881216490022164
49-3053.00,13786,0.021299483347818525,0.009196758589486967
49-3053.00,13785,0.00540043881711755,0.0015223875896615338
49-3053.00,13784,0.0699297513470805,0.019108987890181294
49-3053.00,13783,0.04999591531603835,0.008966601136306667
49-3053.00,13782,0.067272011424336,0.019237323383584148
49-3053.00,13781,0.11028082575302156,0.019980808912027973
49-3053.00,13780,0.11420447420841372,0.020171247309397938
49-3053.00,13779,0.06563468929337263,0.01821014251172038
49-3053.00,13778,0.08032442860205197,0.01393163658984131
49-3053.00,13777,0.13616132032982659,0.022968313831261963
49-3053.00,13776,0.05922786420415161,0.01141948339516151
49-3053.00,13775,0.08368161386896861,0.011274002950473287
49-3053.00,13774,0.12519765471232072,0.022416701885278
49-3051.00,13773,0.03972931235017597,0.01417283943235154
49-3051.00,13772,0.03417053736304684,0.014387838791601857
49-3051.00,13771,0.052169123790984255,0.014273773611965055
49-3051.00,13770,0.07714293580855808,0.014932862289345043
49-3051.00,13769,0.07448651261650316,0.014911975708357908
49-3051.00,13768,0.061175260925657754,0.014239024764487511
49-3051.00,13767,0.07098933221561417,0.015364932287883432
49-3051.00,13766,0.09805667223371314,0.021454196389549197
49-3051.00,13765,0.12497633301358607,0.018839347432186265
49-3051.00,13764,0.11673487282399299,0.017608846950544675
49-3051.00,13763,0.061935331442460106,0.014867523743879927
49-3051.00,13762,0.07241950871421707,0.01636172390252757
49-3041.00,13761,0.018338442948517907,0.0038657690516123743
49-3041.00,13760,0.0034451658305730305,0.0022280350274299083
49-3041.00,13759,0.029962880638791687,0.009183729025436661
49-3041.00,13758,0.01992742035575816,0.009787592207078527
49-3041.00,13757,0.05841433624890146,0.02463075860189295
49-3041.00,13756,0.03375073213287405,0.011772001318517845
49-3041.00,13754,0.12340855459060332,0.023282564893763118
49-3041.00,13753,0.06777577812755467,0.00841649803184733
49-3041.00,13752,0.1513881697075228,0.02164423708707912
49-3041.00,13751,0.07605167303789347,0.008897935277143684
49-3041.00,13750,0.13807364345840867,0.021889098524132428
49-3041.00,13749,0.15249139527983763,0.026591869805536576
49-3041.00,13748,0.12697180764276322,0.017047890388465825
49-2097.00,13747,0.07807326507679489,0.030780017993212547
49-2097.00,13746,0.1292994985977849,0.04132511048663772
49-2097.00,13745,0.05631673246533384,0.011490763456332403
49-2097.00,13743,0.07434642069218457,0.01763331879787429
49-2097.00,13742,0.08655580447915076,0.02141019285860988
49-2097.00,13741,0.10448572265429937,0.030651041599245407
49-2097.00,13740,0.14437549535902866,0.03141132752546202
49-2097.00,13739,0.08527000073425832,0.021596574953977037
49-2097.00,13738,0.13488347909484114,0.0207688069311677
49-2097.00,13737,0.1063935808463235,0.03401966077808637
49-2096.00,13736,0.02728861286778791,0.017762644489387518
49-2096.00,13735,0.07230944298097357,0.012764902257112493
49-2096.00,13734,0.05066852105911525,0.011502309670192343
49-2096.00,13733,0.051201140048405556,0.01050709873023494
49-2096.00,13732,0.09420578851058731,0.023291130354542503
49-2096.00,13731,0.09388570629165892,0.02183588316374696
49-2096.00,13730,0.08067292411828564,0.013907795132838605
49-2096.00,13729,0.07694707557767805,0.010513005909529699
49-2096.00,13728,0.12664664127217531,0.015586022297655325
49-2096.00,13727,0.08452193915675073,0.009393895885203308
49-2096.00,13726,0.10380968160842549,0.015370145955791099
49-2096.00,13725,0.13784252650815634,0.02032746847851393
47-5081.00,13711,0.0341680442834906,0.015167582811137038
47-5081.00,13710,0.050948991232908684,0.023195468645239227
47-5081.00,13709,0.0315201093728138,0.006020657653256897
47-5081.00,13708,0.04449185955692146,0.013420612122002136
47-5081.00,13707,0.036076869356293985,0.01225495598614703
47-5081.00,13706,0.08425724012054761,0.024176534530602558
47-5081.00,13705,0.14061181671312023,0.04020188900178491
47-5081.00,13704,0.027767448023392306,0.012729780866473875
47-5081.00,13703,0.06968161410571148,0.025784005772315103
47-5081.00,13702,0.09011698924384116,0.021363752417559553
47-5081.00,13701,0.11291773730367667,0.030384091029106747
47-5081.00,13700,0.06988414081482942,0.023295403926981352
47-5081.00,13699,0.15939253228385902,0.04540201559895152
47-5081.00,13698,0.04816460758859365,0.016493965793886782
47-5023.00,13696,0.00791418322231888,0.0023544587175712436
47-5023.00,13695,0.008496748223934597,0.003540509598787728
47-5023.00,13694,0.0062883726245795465,0.0030889133162517414
47-5023.00,13692,0.006753773825961841,0.0016948535905130329
47-5023.00,13691,0.005442370746877239,0.001903839668700971
47-5023.00,13690,0.002381002080061079,0.001040948851329802
47-5023.00,13689,0.010668745901181793,0.004696305712133313
47-5023.00,13688,0.007258556828958784,0.005055680618013893
47-5023.00,13687,0.02291610613995355,0.008034137703922656
47-5023.00,13686,0.049244933779629775,0.012319872240513194
47-5023.00,13685,0.008238304060332591,0.005420019810402065
47-5023.00,13684,0.02535028009781555,0.008561937690325646
47-5023.00,13683,0.05863123253009668,0.0167444642217872
47-5023.00,13682,0.036011227318555966,0.008120778052731537
47-5023.00,13681,0.0010832658507175504,0.0007524750686239829
47-5023.00,13680,0.061816405547919846,0.012175396136843302
47-5023.00,13679,0.02724882972398304,0.007413369115204418
47-5023.00,13678,0.030090278861072975,0.00757056192901263
47-5023.00,13677,0.03335853912431535,0.010685001437892777
47-5023.00,13676,0.09514999800828983,0.015055637315463164
47-5023.00,13675,0.02660201144647184,0.014723305614350533
47-5023.00,13674,0.07505958415534612,0.01323147536384798
47-5023.00,13673,0.08268278165357973,0.019201573159507167
47-5023.00,13672,0.031905639497298584,0.008370661258251378
47-5023.00,13671,0.09972747122975019,0.014809227550105037
47-5023.00,13669,0.07079899125053069,0.013411510688048009
47-5023.00,13668,0.08626813537018534,0.011701507022850706
47-4061.00,13667,0.01825162388617645,0.013734878179530325
47-4061.00,13666,0.011068498742277538,0.0083347716238452
47-4061.00,13665,0.03170017828734699,0.016331948444541118
47-4061.00,13664,0.0196575456649429,0.0113964584121355
47-4061.00,13663,0.022743751822683688,0.013903895937550379
47-4061.00,13662,0.024746846582979994,0.017030638807272895
47-4061.00,13661,0.011370929632305531,0.00822616815449445
47-4061.00,13660,0.04322830871682802,0.014417164428374166
47-4061.00,13659,0.0264881402324613,0.015039442301068141
47-4061.00,13658,0.04350504655769453,0.018124037794034015
47-4061.00,13657,0.048455908234379674,0.015751535329491383
47-4061.00,13656,0.03732570060359478,0.01436837330018171
47-4061.00,13655,0.04697187924189354,0.01192633706674387
47-4061.00,13654,0.07707406723323629,0.01763353674352389
47-4061.00,13653,0.07182952871776302,0.014945390929316595
47-4061.00,13652,0.025306682850589454,0.011368776646836342
47-4061.00,13651,0.03802056084863064,0.010157605893839343
47-4061.00,13650,0.06251727583417689,0.014636141226554199
47-4061.00,13649,0.045350400913221005,0.013504204416324026
47-4061.00,13648,0.043619052899891035,0.01644474071160976
47-4061.00,13647,0.03447302274331802,0.015291626013538904
47-4061.00,13646,0.06352023464764933,0.019379998514281772
47-4061.00,13645,0.049796563074951894,0.01575875311395347
47-4061.00,13644,0.034750709473047106,0.012333969408519985
47-4061.00,13643,0.049467663751792706,0.009408906132372812
47-4031.00,13641,0.033716499769443325,0.011694743186915331
47-4031.00,13640,0.037886492554891925,0.018011088924086278
47-4031.00,13639,0.02232714183524644,0.0047917114787102005
47-4031.00,13638,0.05588229785504713,0.01815538663533584
47-4031.00,13637,0.07388034895259482,0.03220872350177063
47-4031.00,13636,0.041331029876941275,0.010651170931053106
47-4031.00,13635,0.054400505046870044,0.020198029268447344
47-4031.00,13634,0.03736351093608943,0.009867933884389862
47-4031.00,13633,0.09770192572708225,0.02815706552998842
47-4031.00,13632,0.03463869970423269,0.004189762786852579
47-4031.00,13631,0.05666923336562412,0.0181979884251825
47-4031.00,13630,0.049233760703468445,0.01033521737629402
47-4031.00,13629,0.04984082005544263,0.009344267967871663
47-4031.00,13628,0.03870691420652944,0.01734631295390792
47-4031.00,13627,0.08272129563607848,0.02099095580741004
47-4031.00,13626,0.08477787734950673,0.01634877057128079
47-4031.00,13625,0.07867056430947837,0.03302962957746903
47-4031.00,13624,0.07025108211543245,0.018744051027679478
47-3014.00,13622,0.008120783760951492,0.003315206457741554
47-3014.00,13621,0.015026425009934166,0.008265765772260554
47-3014.00,13620,0.03562829583790806,0.020870109760654034
47-3014.00,13619,0.12389221756095757,0.026964132405553926
47-3014.00,13618,0.09992929264787716,0.02450813387519805
47-3014.00,13617,0.15459840305776035,0.02622470099010012
47-3014.00,13616,0.06541580791711131,0.011529077574779095
47-3014.00,13615,0.06120008374045782,0.022909982433845507
47-3014.00,13614,0.0914208070630699,0.012716318094048445
47-3014.00,13613,0.16205667684076458,0.03165008212616832
47-3014.00,13612,0.18271120656320747,0.02662745437677542
47-3011.00,13611,0.02325459111211945,0.010886986368620908
47-3011.00,13610,0.07066951298810482,0.011550817893762062
47-3011.00,13609,0.051620562426937175,0.009739057008362077
47-3011.00,13608,0.06795330602661002,0.013812153480188485
47-3011.00,13607,0.050276400416593786,0.013539949476253123
47-3011.00,13606,0.09624452025812652,0.018060429859712922
47-3011.00,13605,0.045725381574084796,0.011940419855028235
47-3011.00,13604,0.07124282501270818,0.013238870831617289
47-3011.00,13603,0.10699850585910096,0.01956659272138777
47-3011.00,13602,0.02147206984535191,0.006300218048719998
47-3011.00,13601,0.05085060404705511,0.015147109576907956
47-3011.00,13600,0.12574494965911115,0.01886193200570617
47-3011.00,13599,0.087630292027659,0.014440624854550638
47-3011.00,13598,0.044582720085723684,0.00927425483444286
47-3011.00,13597,0.08573375866071349,0.011524611047487185
47-2181.00,13596,0.01098370710763104,0.004314456689641059
47-2181.00,13595,0.03198421782400123,0.013929562014341666
47-2181.00,13594,0.008340654226674071,0.003497699075829608
47-2181.00,13593,0.07484830474646863,0.012910053759990062
47-2181.00,13592,0.027688515957047407,0.006562244530613937
47-2181.00,13591,0.04706983424505297,0.025541494210620033
47-2181.00,13590,0.04531251380849692,0.009775937023284583
47-2181.00,13589,0.013703285550553683,0.005836110873654128
47-2181.00,13587,0.04351076080982662,0.015127880997357974
47-2181.00,13586,0.044040472676566,0.014716551143517049
47-2181.00,13585,0.040926321113357075,0.007927544913215921
47-2181.00,13584,0.0814389364309405,0.015691934250680165
47-2181.00,13583,0.03532891192077465,0.00741599090565909
47-2181.00,13581,0.03333758891548487,0.006186243705710903
47-2181.00,13580,0.06096092138189495,0.014499852317447997
47-2181.00,13579,0.03885284021806748,0.007025332869546144
47-2181.00,13578,0.061148747080205304,0.014214542741110121
47-2181.00,13575,0.027865395058047655,0.018815447569103725
47-2181.00,13574,0.12640964500325233,0.028825631595742078
47-2171.00,13573,0.031129165042554433,0.004553527877998353
47-2171.00,13572,0.05480033233582013,0.013067439669664782
47-2171.00,13571,0.12155656067657887,0.016096915945984946
47-2171.00,13570,0.10485095110615347,0.017798187559572975
47-2171.00,13569,0.2169070917919447,0.02278332045926468
47-2171.00,13568,0.2536749995748881,0.027821877331524962
47-2171.00,13567,0.2170808994720602,0.02038600764521214
47-2132.00,13562,0.06065073745240087,0.01646200605641533
47-2132.00,13561,0.10830535081792445,0.01760483244474572
47-2132.00,13560,0.05050676146591311,0.011357774621072469
47-2132.00,13559,0.1259333790148023,0.01483036696042797
47-2132.00,13558,0.11809736321972496,0.015790755600391653
47-2132.00,13557,0.04194284299856708,0.013130503727588753
47-2132.00,13556,0.1113209628222165,0.011418975723229384
47-2132.00,13555,0.1408142670041203,0.015268203348706584
47-2132.00,13554,0.24242833520433038,0.0187568817568581
47-2131.00,13553,0.007245195470550606,0.002438215060432044
47-2131.00,13552,0.032942209536411096,0.012084467750191662
47-2131.00,13551,0.10062178986555362,0.023717465831584617
47-2131.00,13550,0.09815824430340034,0.017418310941304055
47-2131.00,13549,0.1192705819299567,0.01826265757640773
47-2131.00,13548,0.06046219472634116,0.016950110422981793
47-2131.00,13547,0.15525827482531643,0.029496572455542033
47-2131.00,13546,0.14967182170087362,0.03115022339962974
47-2131.00,13545,0.22104003087987956,0.03695409290157797
47-2131.00,13544,0.055329656761716875,0.019030981575071694
47-2082.00,13543,0.02931013780524453,0.010898572836829568
47-2082.00,13542,0.02752003423412039,0.010591406482357074
47-2082.00,13541,0.048629801285807926,0.010629221199837103
47-2082.00,13540,0.04503371426220664,0.010127077903066418
47-2082.00,13539,0.0407578606808506,0.011264804899827228
47-2082.00,13538,0.03272990671903604,0.010714286381980511
47-2082.00,13537,0.07030178706783638,0.010227385491452507
47-2082.00,13536,0.025292948641470442,0.006477005220825209
47-2082.00,13535,0.0576166423836336,0.009243936247398278
47-2082.00,13534,0.08434079769109581,0.013445220975411074
47-2082.00,13533,0.08368464769326284,0.013355353119894891
47-2082.00,13532,0.08168675842264925,0.011741822228272797
47-2082.00,13531,0.09176299220280834,0.015393393483631326
47-2082.00,13530,0.13947296536716602,0.016139097300978792
47-2082.00,13529,0.09362148947039121,0.016289387913955615
47-2081.00,13528,0.017005028141082873,0.007027728717987897
47-2081.00,13527,0.011337735567593814,0.004468129904577543
47-2081.00,13526,0.005046394461349741,0.0028546827604097698
47-2081.00,13525,0.008368094870659636,0.0041358478083467435
47-2081.00,13524,0.005364690507961301,0.003030299792191357
47-2081.00,13523,0.005770836600614247,0.002860834978753346
47-2081.00,13522,0.018700490864128123,0.006959401856477724
47-2081.00,13521,0.020112745174900807,0.008926687478280734
47-2081.00,13520,0.0241772110919531,0.00868317396928393
47-2081.00,13519,0.02219305884706931,0.0072666553053498265
47-2081.00,13518,0.0340457785241954,0.010466818682949163
47-2081.00,13517,0.025954017119284828,0.008928396035584606
47-2081.00,13516,0.05423397845578028,0.0118163728017609
47-2081.00,13515,0.05663454622999426,0.0118574776118919
47-2081.00,13514,0.03709100365691537,0.009907306133574934
47-2081.00,13513,0.03922955272409946,0.010642927622981725
47-2081.00,13512,0.041777505277080504,0.012252677667230372
47-2081.00,13511,0.07177615596764335,0.013552664789714676
47-2081.00,13510,0.033543072739657835,0.008331233938803495
47-2081.00,13509,0.05246968130075841,0.011110808574816926
47-2081.00,13508,0.05994167914624506,0.01257156121630344
47-2081.00,13507,0.06509071061205172,0.010001569135938606
47-2081.00,13506,0.04121376741767907,0.008278166911958356
47-2081.00,13505,0.09448831321825606,0.012475000760956244
47-2081.00,13504,0.06439776892364031,0.011187777300889018
47-2081.00,13503,0.09003618255940521,0.013910694435685001
45-4021.00,13501,0.005561716885557641,0.0023486320207141416
45-4021.00,13500,0.023456153808815085,0.006355506816589801
45-4021.00,13499,0.013455263997256321,0.005103471166055819
45-4021.00,13498,0.018315101880735683,0.00595224741673379
45-4021.00,13497,0.03380358615093979,0.00897263253027622
45-4021.00,13496,0.004664585528062037,0.001062133763155901
45-4021.00,13495,0.05607011098933546,0.00979460624870463
45-4021.00,13494,0.032280943388076154,0.005662056928799488
45-4021.00,13493,0.08254660135568899,0.009860236559682007
45-4021.00,13492,0.0943197260607017,0.007412396926826469
45-4021.00,13491,0.07697707624547484,0.009755685572465901
45-4021.00,13490,0.07708930402341094,0.009385060158899868
45-4021.00,13489,0.06603907744307883,0.008836090334439186
45-4021.00,13488,0.06970465585032808,0.008960336363700685
45-4021.00,13487,0.08069728318871142,0.008789823395248806
45-4021.00,13486,0.08741697570504897,0.009486056547549313
45-4021.00,13485,0.09209725317556351,0.009387598130320453
45-4021.00,13484,0.0855045843232146,0.009751700524752835
45-2093.00,13428,0.032086257200651384,0.026393116644940047
45-2093.00,13427,0.009211216931202602,0.003031642067582661
45-2093.00,13426,0.022380941533037785,0.01212883539324523
45-2093.00,13425,0.043803936036436904,0.01100236501891478
45-2093.00,13424,0.047597802843753055,0.015040028357950071
45-2093.00,13422,0.016309145408555447,0.007990044614051091
45-2093.00,13421,0.01695268875754192,0.007485622567413352
45-2093.00,13420,0.03283939412395556,0.015701650249997548
45-2093.00,13419,0.08264040957195343,0.040529608596168415
45-2093.00,13418,0.04364193362263065,0.017098016409908164
45-2093.00,13417,0.05794897149590499,0.008047719453954523
45-2093.00,13416,0.09659747339281903,0.03597927872117205
45-2093.00,13415,0.08344819668484753,0.011930016704374519
45-2093.00,13414,0.03422484782839717,0.009629813903427653
45-2093.00,13413,0.04806367925227522,0.017926948159167396
45-2093.00,13412,0.08980003465005347,0.017648079300901388
45-2093.00,13411,0.09670389660520656,0.028497758817401048
45-2093.00,13410,0.14574917406077725,0.025551445430559244
45-2091.00,13368,0.10071905816403179,0.05056039370674818
45-2091.00,13367,0.0927033625006447,0.04923410206922175
45-2091.00,13366,0.1499089988841937,0.05708505630294157
45-2091.00,13363,0.04842356304711023,0.011168142923823362
45-2091.00,13362,0.10110942887477423,0.050648804638865855
45-2091.00,13361,0.07913399951878715,0.03573010580056128
45-2091.00,13359,0.26114493002586636,0.07665881218107727
45-2091.00,13355,0.16685665898459193,0.041270012664276025
45-2041.00,13353,0.10434682072374138,0.030181810747492502
45-2041.00,13352,0.1908367536074249,0.03494791758898118
45-2041.00,13351,0.21493120943214164,0.04770355378149493
45-2041.00,13350,0.24531209558677597,0.04596024062794802
45-2041.00,13349,0.24457312064991601,0.04109472641296378
43-9071.00,13304,0.028099746224941373,0.009437374767993476
43-9071.00,13303,0.015438779538272225,0.0045200884855758185
43-9071.00,13302,0.06174087403295388,0.01137691292283945
43-9071.00,13301,0.05105010048961015,0.012379259403478797
43-9071.00,13300,0.04885192048955392,0.012879427778057397
43-9071.00,13299,0.0705349285607933,0.016239061448033217
43-9071.00,13298,0.024219209176245423,0.007560047894868363
43-9071.00,13297,0.04702636141860626,0.01174248375421279
43-9071.00,13296,0.03652642018068759,0.008881982352131302
43-9071.00,13295,0.1045048488843911,0.01647068916338165
43-9071.00,13294,0.0669133286860101,0.015062514255441363
43-9071.00,13293,0.07549417018395504,0.0167210826573056
43-9071.00,13292,0.08768555779971522,0.013747972725063526
43-9071.00,13290,0.0641486288918733,0.01198127929278808
43-9071.00,13289,0.09589130884042693,0.016799118303285624
43-9071.00,13288,0.12187381660196427,0.015256504360091733
43-9051.00,13282,0.068541788378386,0.012459120330613555
43-9051.00,13281,0.031102371120863975,0.01839169372052373
43-9051.00,13279,0.02516748167738782,0.008349004444671205
43-9051.00,13276,0.08744605239580401,0.016307489723225294
43-9051.00,13275,0.04440260870823758,0.01772203476331722
43-9051.00,13272,0.027013615750418853,0.015941043932917513
43-9051.00,13271,0.005378180040520142,0.003332845916893474
43-9051.00,13270,0.0746244176647947,0.02300490683760121
43-9051.00,13269,0.030611792975560145,0.01712027474287257
43-9051.00,13268,0.13461831342549133,0.019928883113181698
43-9051.00,13267,0.0529633843330086,0.02091899214087442
43-9051.00,13264,0.0883435013326133,0.019744631296676342
43-9051.00,13262,0.08678308300610942,0.02008367339772769
43-9051.00,13261,0.1268331912263046,0.028901121386865708
43-9051.00,13260,0.1161702179644996,0.02932157258437869
43-2021.00,13258,0.03211113048317832,0.015436632869132286
43-2021.00,13257,0.030441330308274443,0.012081560041518835
43-2021.00,13256,0.11825908816798732,0.029451628382592368
43-2021.00,13255,0.0329989604039946,0.014915396029751652
43-2021.00,13254,0.0019810888999379247,0.0014207992227996374
43-2021.00,13253,0.021878742373581925,0.01382794730012817
43-2021.00,13248,0.023428299761882033,0.0091952534010198
43-2021.00,13247,0.20049089139717866,0.01481672864686987
43-2021.00,13246,0.19291858351443497,0.023279160245009964
43-2021.00,13245,0.06586436542479326,0.014013506552222544
43-2021.00,13244,0.14184350542412977,0.026912227094616405
43-2021.00,13243,0.13778401384062675,0.01951955227135814
41-9091.00,13242,0.016207536008979145,0.0
41-9091.00,13241,0.018889326889569104,0.0
41-9091.00,13240,0.026796670035436926,0.0
41-9091.00,13239,0.1186465439680872,0.0
41-9091.00,13238,0.06079999714068009,0.0
41-9091.00,13237,0.10893629932645524,0.0
41-9091.00,13236,0.18578065577776945,0.0
41-9091.00,13235,0.030013213984523265,0.0
41-9091.00,13233,0.13558213029573013,0.0
41-9091.00,13232,0.07152724098256347,0.0
41-9091.00,13231,0.10457384617801162,0.0
41-9012.00,13226,0.011828094855297235,0.010219986581370877
41-9012.00,13220,0.1764642311661686,0.0760785433642301
41-9012.00,13217,0.1246032843293678,0.052202615158503995
41-9011.00,13211,0.0215853689913344,0.007523819843737434
41-9011.00,13210,0.023287135795463047,0.012241516193193911
41-9011.00,13208,0.025387768224750307,0.012182446018235291
41-9011.00,13207,0.022575619493052458,0.009424454597679923
41-9011.00,13206,0.024431290671366797,0.010246172206172166
41-9011.00,13205,0.04776043358955452,0.012201276294062533
41-9011.00,13204,0.0027802133298311152,0.001724664374999474
41-9011.00,13203,0.06421107108961617,0.01927294000830281
41-9011.00,13202,0.042514342508832716,0.01373367245093896
41-9011.00,13201,0.030268848068742332,0.013627794911385127
41-9011.00,13200,0.032202406912881884,0.008670860528120253
41-9011.00,13199,0.04279789576358913,0.0172037488893715
41-9011.00,13198,0.05270795659809999,0.012804347963464423
41-9011.00,13197,0.02576382473674503,0.011497868459383904
41-9011.00,13196,0.07861939021741564,0.016532781895342682
41-9011.00,13195,0.06252767776035084,0.014534892363926915
41-9011.00,13194,0.07446968562744398,0.014403745317116308
41-9011.00,13193,0.055760718148472777,0.015488088826209726
41-9011.00,13192,0.08143419099132616,0.017839008260862647
41-9011.00,13191,0.0970093980311507,0.014122730381368926
41-9011.00,13190,0.09190476344998003,0.008802965166812728
53-6061.00,13183,0.050521033190601965,0.013351791624190527
53-6061.00,13182,0.0837052944138503,0.02665452798851096
53-6061.00,13179,0.1276339249994366,0.03604868554778898
53-6061.00,13178,0.09249092175836725,0.023655100438520284
53-6061.00,13177,0.057959344645297076,0.022457916295915672
53-6061.00,13176,0.06724512658844124,0.01630602793275015
53-6061.00,13175,0.04981310704846303,0.012065494254398033
53-6061.00,13174,0.1641031102367463,0.02589472067706427
53-6061.00,13173,0.09566986151701402,0.030576471670520893
53-6061.00,13172,0.09055930751230734,0.019988428979345985
39-7012.00,13166,0.0024927446903629876,0.0009628933113330409
39-7012.00,13165,0.035150210303108324,0.02427225035370525
39-7012.00,13164,0.17148296025426724,0.03289318195602267
39-7012.00,13163,0.11044738298363194,0.03929702069028539
39-7012.00,13162,0.047320179713601654,0.01915547231326639
39-7012.00,13161,0.08171957199563754,0.02813800372417042
39-7012.00,13159,0.06318224472922307,0.023485294027215983
39-7012.00,13158,0.1133625001040499,0.03387496513948337
39-7012.00,13157,0.13447085226734434,0.056995515655012145
39-7012.00,13156,0.12147105250285502,0.043274745783751026
39-7012.00,13155,0.118900300455918,0.04512648887316069
39-1022.00,13154,0.0058369350677317765,0.0028681196192426313
39-1022.00,13152,0.027287007100966074,0.011818863848987695
39-1022.00,13151,0.01993909154359322,0.00962999626327966
39-1022.00,13150,0.03285001080598711,0.012221409543426582
39-1022.00,13146,0.033361425029930995,0.009401696855878048
39-1022.00,13145,0.037846115876490595,0.010759020058232224
39-1022.00,13143,0.0540213135564258,0.016432706226770934
39-1022.00,13142,0.09988654367222384,0.02223441276692041
39-1022.00,13141,0.07035750452677521,0.017620747035821782
39-1022.00,13140,0.03552973035104239,0.010533901474292126
39-1022.00,13139,0.09295636978007904,0.031638814677235984
39-1022.00,13138,0.15677654609742814,0.043538130250102024
37-3013.00,13136,0.010347025299661692,0.008460697936313854
37-3013.00,13135,0.006993581034438625,0.007974987628950526
37-3013.00,13133,0.009224602910537375,0.006972812055046069
37-3013.00,13132,0.008476342844654119,0.006657650300122764
37-3013.00,13131,0.02535652556108117,0.008921924078459759
37-3013.00,13130,0.026403245786914435,0.014769099750254798
37-3013.00,13129,0.00751666383984556,0.00709816663414071
37-3013.00,13128,0.044002359249135904,0.01245916664316305
37-3013.00,13127,0.0167453562749412,0.008050885869585604
37-3013.00,13126,0.034970812481623814,0.013649130639740315
37-3013.00,13125,0.022620067265176645,0.007982195277297304
37-3013.00,13124,0.06562481696624752,0.010364469361876993
37-3013.00,13123,0.009799437115903758,0.008108099097013934
37-3013.00,13122,0.03444690217744188,0.013796366644108769
37-3013.00,13121,0.04724576476100015,0.009714838871515401
37-3013.00,13120,0.08618021261905155,0.015568314472238585
37-3013.00,13119,0.0687963839416043,0.014162157362887208
37-3013.00,13118,0.051732869200476685,0.01500237940441187
37-3013.00,13117,0.07369946177902117,0.01738017231836969
37-3013.00,13116,0.05686220826070816,0.012002396665742564
37-3013.00,13115,0.05395270264847265,0.007830931500179673
37-3013.00,13114,0.05287117064698,0.011565899622228277
37-3013.00,13113,0.10835442073270013,0.017702386627055713
37-3013.00,13112,0.07777706660238144,0.015679720354736332
33-9021.00,13109,0.004203288656417736,0.0031770658976975753
33-9021.00,13107,0.028857502055830864,0.017773535732753868
33-9021.00,13106,0.057961226204837756,0.017570120764794535
33-9021.00,13105,0.03816656544291213,0.02359800526892806
33-9021.00,13104,0.009901976548019505,0.007283768614428375
33-9021.00,13103,0.029470599572829197,0.017633780715641464
33-9021.00,13102,0.04809151700483045,0.023826629077307458
33-9021.00,13101,0.058776903422398864,0.02011404954189284
33-9021.00,13100,0.01340590075553293,0.011250926123337019
33-9021.00,13099,0.18707612546164457,0.037453140242871795
33-9021.00,13097,0.07850788099355262,0.021518751472832023
33-9021.00,13096,0.15905265711264277,0.025814966066291096
33-9021.00,13095,0.18164528087376602,0.023480910485513665
27-2021.00,13041,0.07704205055525325,0.027097442148359806
27-2021.00,13040,0.051602871852743024,0.012003086577771833
27-2021.00,13038,0.10136872870058637,0.015606948609695977
27-2021.00,13037,0.14423706125400185,0.03293654920578556
27-2021.00,13036,0.1213681778596406,0.02271832243368483
27-2021.00,13035,0.15317628320588106,0.026725961224876568
27-2021.00,13034,0.11929893388135396,0.03161865646122477
27-2021.00,13033,0.09524147050233515,0.025739375655141443
27-1022.00,13032,0.07954656747959667,0.03139490391479492
27-1022.00,13031,0.015949464059109762,0.0038380527599669386
27-1022.00,13030,0.009263087014650978,0.002907466752312136
27-1022.00,13029,0.02730990393276435,0.010235343327665227
27-1022.00,13028,0.03797011199307856,0.0241191610249963
27-1022.00,13027,0.024157464395844295,0.005837883279106739
27-1022.00,13026,0.062494689438195,0.030941391084395073
27-1022.00,13025,0.032485880064491934,0.019472709661268805
27-1022.00,13024,0.05186641334512306,0.017068874246389816
27-1022.00,13023,0.005013329349341066,0.001942497380300618
27-1022.00,13022,0.05097497675147359,0.024273963864629905
27-1022.00,13021,0.055068139374096166,0.022189461724675005
27-1022.00,13020,0.024249929464303925,0.00685806265318909
27-1022.00,13019,0.07150169289543357,0.022830442909821346
27-1022.00,13018,0.03961970999685467,0.01578189642928368
27-1022.00,13017,0.019280871757374005,0.0046858001827576575
27-1022.00,13016,0.04044409371386,0.013524094526614155
27-1022.00,13015,0.21250251922338273,0.040032148607295724
27-1022.00,13014,0.07612354517528028,0.032730780561933695
27-1022.00,13013,0.06417761057574545,0.01865697826830887
23-1022.00,13012,0.03362414081453604,0.0
23-1022.00,13011,0.03833227370260254,0.0
23-1022.00,13010,0.040143569103610985,0.0
23-1022.00,13009,0.039979397129605944,0.0
23-1022.00,13008,0.04372803206327529,0.0
23-1022.00,13007,0.040626824555159605,0.0
23-1022.00,13005,0.09382184271002389,0.0
23-1022.00,13004,0.04203138942005239,0.0
23-1022.00,13003,0.06026319272813663,0.0
23-1022.00,13001,0.06588447525456842,0.0
23-1022.00,12999,0.06776540176838758,0.0
23-1022.00,12997,0.034618911681283726,0.0
23-1022.00,12996,0.03854362252468499,0.0
23-1022.00,12995,0.04955156230598364,0.0
23-1022.00,12994,0.05046814055658303,0.0
23-1022.00,12993,0.04521526733850742,0.0
21-2021.00,12992,0.03167200802641908,0.015031192282161368
21-2021.00,12991,0.027873723946951652,0.006151215183358165
21-2021.00,12990,0.005604548765358313,0.002107298839474472
21-2021.00,12989,0.020994540468758944,0.008917929370582825
21-2021.00,12988,0.021106664802453115,0.005746224271136101
21-2021.00,12987,0.005734007082030331,0.0014002496701922599
21-2021.00,12986,0.05198393830673116,0.02481648140867983
21-2021.00,12985,0.06699070029578037,0.013130129934653298
21-2021.00,12984,0.05705292401028395,0.014399549305021807
21-2021.00,12983,0.02322255717091819,0.007326739127660337
21-2021.00,12982,0.10915257876422053,0.03243768457458563
21-2021.00,12981,0.056847285200686264,0.01303935084336918
21-2021.00,12980,0.07940376170672132,0.04145977404982115
21-2021.00,12979,0.09142595656492059,0.011095237284444675
21-2021.00,12978,0.05573651910066062,0.014623086018265185
21-2021.00,12977,0.114971474496561,0.020293532047778336
21-2021.00,12976,0.057186258691767695,0.01720122506003944
21-2021.00,12975,0.10346354569521074,0.02080982777565452
19-4061.00,12973,0.01574154060386577,0.008142583622843143
19-4061.00,12972,0.013670834918556337,0.0051448898563052166
19-4061.00,12971,0.025455724313603354,0.01256960124099322
19-4061.00,12970,0.01419707863487857,0.006778108444296081
19-4061.00,12969,0.05524158244952657,0.025185714959010584
19-4061.00,12968,0.046705937545138465,0.025675833401460724
19-4061.00,12967,0.06446242851912741,0.041248128920897256
19-4061.00,12966,0.02816378663356519,0.015374463941377186
19-4061.00,12965,0.004653221254684942,0.0018718286724012756
19-4061.00,12964,0.04582681248923882,0.02560778315342783
19-4061.00,12963,0.07724338784070181,0.026806910395210402
19-4061.00,12962,0.0789861762070417,0.024776616630270445
19-4061.00,12961,0.004248115428344982,0.0027599092500271085
19-4061.00,12960,0.06274691667001739,0.026366934428161487
19-4061.00,12959,0.043656412118952236,0.023803710060363123
19-4061.00,12958,0.006698079642617341,0.004058598488236866
19-4061.00,12957,0.055629736926533786,0.02510641487627714
19-4061.00,12956,0.09385335352305911,0.028469330529911258
19-4061.00,12955,0.07980570929807766,0.046607981331033166
19-4061.00,12954,0.04179624435502749,0.023277554959036547
19-4061.00,12953,0.046922877551482986,0.025512147585044245
19-4061.00,12952,0.09429404307595808,0.02656223022598114
19-1021.00,12951,0.029507560376542962,0.0
19-1021.00,12950,0.031100347425422805,0.0
19-1021.00,12949,0.010108655678270758,0.0
19-1021.00,12948,0.10857226670063318,0.0
19-1021.00,12947,0.026837422359246372,0.0
19-1021.00,12946,0.05377674412421434,0.0
19-1021.00,12945,0.02695377133024524,0.0
19-1021.00,12944,0.1072987121581939,0.0
19-1021.00,12943,0.028274567585727654,0.0
19-1021.00,12942,0.02451557463090768,0.0
19-1021.00,12941,0.03276585827210595,0.0
19-1021.00,12940,0.055768126336279825,0.0
19-1021.00,12939,0.02553580292773362,0.0
19-1021.00,12938,0.021656202503944715,0.0
19-1021.00,12937,0.04084059778959516,0.0
19-1021.00,12936,0.017807848473817684,0.0
19-1021.00,12935,0.05554850142258608,0.0
19-1021.00,12934,0.03164149151598957,0.0
19-1021.00,12933,0.028469073430846696,0.0
19-1021.00,12932,0.03982988639538628,0.0
19-1021.00,12931,0.10222441546614532,0.0
19-1021.00,12930,0.03811473654452826,0.0
19-1021.00,12929,0.036705732616673016,0.0
13-2052.00,12919,0.0034723984721705754,0.0
13-2052.00,12918,0.018395981226073263,0.0
13-2052.00,12917,0.012338086530482248,0.0
13-2052.00,12916,0.007678356197922219,0.0
13-2052.00,12915,0.03489375274788479,0.0
13-2052.00,12914,0.030580635858896043,0.0
13-2052.00,12913,0.08268736984096163,0.0
13-2052.00,12909,0.07570725893713981,0.0
13-2052.00,12907,0.04448661888615648,0.0
13-2052.00,12905,0.06244611600296742,0.0
13-2052.00,12904,0.0872240207021257,0.0
13-1041.04,12899,0.010889695834770815,0.004049555120945997
13-1041.04,12896,0.0015385517579217841,0.0012415568511303994
13-1041.04,12895,0.035765758649389134,0.037193943447029164
13-1041.04,12894,0.07520667683946843,0.01833537455743453
13-1041.04,12893,0.11279766137307148,0.03994310386071734
13-1041.04,12891,0.18735349899457668,0.027032783784969264
13-1041.04,12890,0.22729274984174175,0.055334751269238085
13-1021.00,12889,0.023192022438245096,0.009583832425877462
13-1021.00,12888,0.017760409467072944,0.013098380142529086
13-1021.00,12887,0.06239981225444081,0.019027828736933695
13-1021.00,12886,0.015069615252338553,0.009866029430789283
13-1021.00,12885,0.048318310053762865,0.010831532314218347
13-1021.00,12884,0.038141285154682264,0.014096336515797572
13-1021.00,12883,0.1448376366447791,0.026356461260441295
13-1021.00,12882,0.10965784924887903,0.024768885587770045
13-1021.00,12881,0.12084882561634386,0.023707537599082108
13-1021.00,12880,0.11465385873348256,0.018946013095586467
13-1021.00,12879,0.11616565468608159,0.023532011235686653
13-1021.00,12878,0.18895472044989134,0.02993850922991421
13-1011.00,12877,0.008797201361086403,0.00793343289193645
13-1011.00,12876,0.017453818851797594,0.01060001161932857
13-1011.00,12875,0.0035830232431357982,0.0022910665640000286
13-1011.00,12874,0.011804238303599623,0.005377176364690948
13-1011.00,12873,0.056006183037178955,0.019596921300904818
13-1011.00,12872,0.06830104733447238,0.017530108649671677
13-1011.00,12871,0.04071025411727654,0.019842733976154305
13-1011.00,12870,0.16489212383999885,0.030113198129741243
13-1011.00,12869,0.09161039239811605,0.019568040983937718
13-1011.00,12868,0.08660214680858169,0.024712176366871376
13-1011.00,12867,0.1109787497606408,0.022603996840484242
13-1011.00,12866,0.06621089880964717,0.02202501244203831
13-1011.00,12865,0.10433230321506601,0.020732181173670747
53-7121.00,12810,0.02486979430582504,0.007838999331933102
53-7121.00,12809,0.06765143395305874,0.012523054668691873
53-7121.00,12808,0.04832522990188535,0.008978324897763986
53-7121.00,12807,0.022571661809416194,0.007301065750021008
53-7121.00,12806,0.05074659941184859,0.009931887902595488
53-7121.00,12805,0.030418007011218093,0.00893831994114416
53-7121.00,12804,0.010280466898336268,0.003560478019438835
53-7121.00,12803,0.03657863409987636,0.011032391060151277
53-7121.00,12802,0.05223646190007041,0.011932576820276623
53-7121.00,12801,0.03345979887644915,0.0065444241363300775
53-7121.00,12800,0.08445113664078174,0.020018272604544824
53-7121.00,12799,0.02806102809842982,0.00873437610820784
53-7121.00,12798,0.06033072761268507,0.011825292014477002
53-7121.00,12797,0.08781346090786982,0.016534883004950034
53-7121.00,12796,0.07717684213467971,0.011130218364590905
53-7121.00,12795,0.07901013835812767,0.012545512534555004
53-7121.00,12794,0.04433619155362504,0.008841792039922974
53-7121.00,12793,0.07332485588687349,0.015736802051487486
53-7121.00,12792,0.08835753063894343,0.018251321271539698
47-5022.00,12791,0.01641121391961303,0.007091758684218696
47-5022.00,12790,0.028338497566650692,0.007582991113686427
47-5022.00,12789,0.03947818869830695,0.013991696645423145
47-5022.00,12788,0.0278696890277532,0.007768704538420229
47-5022.00,12787,0.03746906114393214,0.009312463588134996
47-5022.00,12786,0.05646257777083479,0.009361540501308843
47-5022.00,12785,0.06167316045914899,0.012989330776540318
47-5022.00,12784,0.07630215480917807,0.012894649414923786
47-5022.00,12783,0.027220111775198893,0.007680671421790088
47-5022.00,12781,0.09159491645521964,0.011381592698234893
47-5022.00,12780,0.099568587691115,0.012338008155838423
47-5022.00,12779,0.10757377157291632,0.016292308888463898
47-5022.00,12778,0.05310504480392919,0.007698053991713778
47-5022.00,12777,0.2000100106106583,0.014873494128178715
53-4041.00,12774,0.005066696094211848,0.0040287627341290665
53-4041.00,12773,0.10698686732920322,0.011690035139585806
53-4041.00,12772,0.024333915048266094,0.007401604691978926
53-4041.00,12771,0.09980314839965329,0.012871030200984042
53-4041.00,12770,0.08175371037679435,0.006779056627145414
53-4041.00,12769,0.16442061237902217,0.00986475040249425
53-4041.00,12768,0.010377816878630165,0.005307800618945339
53-4041.00,12767,0.1659756990148522,0.009741408326674103
53-4041.00,12766,0.16974593545137362,0.008310548523092088
53-4041.00,12765,0.1715355990279931,0.007917267960241468
53-4011.00,12764,0.021397708866089726,0.005511853934537826
53-4011.00,12762,0.0168456903402173,0.0023247013204107767
53-4011.00,12761,0.01623564599779071,0.0046972380985881
53-4011.00,12760,0.03272644355658927,0.00534367088948078
53-4011.00,12759,0.028347950236169598,0.0040582912322660964
53-4011.00,12758,0.09746488779347495,0.012928525464967673
53-4011.00,12757,0.04028614866157829,0.0067330568525291925
53-4011.00,12756,0.03782704678271138,0.00869476989544741
53-4011.00,12755,0.09172778562918969,0.008551320555384899
53-4011.00,12754,0.11047246223286045,0.008166179988869473
53-4011.00,12753,0.12094988247356107,0.00865473769432506
53-4011.00,12752,0.12330382720318024,0.00929701701233904
53-4011.00,12751,0.12623658436974003,0.009125383835677169
53-4011.00,12750,0.1361779358568473,0.007774698934219328
53-2021.00,12749,0.02633827757053927,0.003275880587752109
53-2021.00,12748,0.014643824646571164,0.0026501827474804084
53-2021.00,12747,0.041246644230560014,0.003823432196514132
53-2021.00,12746,0.016404277434270285,0.0026699796186880433
53-2021.00,12745,0.011261142273232362,0.002000267095678113
53-2021.00,12744,0.029336573844696696,0.0030468453158711377
53-2021.00,12743,0.036855817682920546,0.004340659633608606
53-2021.00,12742,0.037077460542482746,0.003769748115272302
53-2021.00,12741,0.03912174945573535,0.004648943437708879
53-2021.00,12740,0.001487856445818202,0.0008855540819642936
53-2021.00,12739,0.07332123877763802,0.002798106758383917
53-2021.00,12738,0.07427795803151145,0.0031153322453788238
53-2021.00,12737,0.058263846610953504,0.003705635031724692
53-2021.00,12736,0.05829716028633534,0.0035625990875179083
53-2021.00,12735,0.07327985259822775,0.003170428325460558
53-2021.00,12734,0.06693853911390528,0.003297334292167578
53-2021.00,12733,0.005295985847899503,0.0016624655942174549
53-2021.00,12732,0.0068890137714704555,0.0026195268298826032
53-2021.00,12731,0.07642117659373296,0.0032206198794251066
53-2021.00,12730,0.08275484925031948,0.0020807427711066664
53-2021.00,12729,0.08073562623860182,0.0023386198775089077
53-2021.00,12728,0.0654347958658212,0.0029541216994785438
51-9198.00,12726,0.01391884195483798,0.0051541324972373655
51-9198.00,12725,0.0021790619954303488,0.0011228533012072246
51-9198.00,12724,0.015030308010657778,0.004616155661504485
51-9198.00,12722,0.012961900144180359,0.004431718899698031
51-9198.00,12720,0.020987495146797833,0.005310755434620721
51-9198.00,12719,0.010147881589179158,0.003371957223073245
51-9198.00,12717,0.008882257135764583,0.003910097464345494
51-9198.00,12716,0.013707623380842991,0.004492169542869233
51-9198.00,12715,0.023839196737529187,0.005758791641009454
51-9198.00,12713,0.03538813191425618,0.007442162385070135
51-9198.00,12712,0.017385084015141324,0.005348930948674741
51-9198.00,12711,0.025492513163733535,0.00612126360689959
51-9198.00,12710,0.05061315005477484,0.007106851110717782
51-9198.00,12709,0.01702531733116992,0.005277253391633662
51-9198.00,12708,0.04528085453513687,0.008025758341142346
51-9198.00,12707,0.04884213775345097,0.00941035461377906
51-9198.00,12706,0.06912203328131579,0.011133260235997262
51-9198.00,12705,0.027497634295950927,0.005362231422563007
51-9198.00,12704,0.023219122620896628,0.00706669567797356
51-9198.00,12703,0.033486015800890744,0.006232871427025558
51-9198.00,12702,0.030389374429065325,0.007601557110976686
51-9198.00,12701,0.012755801312435863,0.0029834851598276074
51-9198.00,12700,0.0332899090941811,0.0061740998562000785
51-9198.00,12699,0.06802898216933799,0.012847220677141417
51-9198.00,12698,0.030708522210466948,0.006108296058632439
51-9198.00,12697,0.038926124956239885,0.008460803587194114
51-9198.00,12696,0.06270129048488339,0.010736071694413703
51-9198.00,12695,0.05456406414974154,0.009767312022164569
51-9198.00,12694,0.07053150362365239,0.011224708323377089
51-9198.00,12693,0.08309786670805763,0.011670845970542899
51-9196.00,12690,0.05129030167131025,0.013703621080521911
51-9196.00,12689,0.043867288332131875,0.01917640928176518
51-9196.00,12687,0.046292851201649346,0.014394891371555533
51-9196.00,12686,0.04013119738175264,0.010710665155700735
51-9196.00,12685,0.08177175790524437,0.0159568484373755
51-9196.00,12684,0.1127049633464467,0.030315242476726376
51-9196.00,12683,0.1511335691183097,0.03592227447438718
51-9196.00,12682,0.045798167434673354,0.012324012019781505
51-9196.00,12681,0.08635533234936449,0.013715837741178698
51-9196.00,12680,0.0702257307952239,0.013919461018158509
51-9196.00,12679,0.06456364564188811,0.01608844876853488
51-9196.00,12678,0.2058651948220053,0.0293989140690992
51-9195.04,12649,0.061640799694865994,0.022152057338256176
51-9195.04,12647,0.06827536563198824,0.02614024327037471
51-9195.04,12646,0.09265742690812778,0.016025969940365935
51-9195.04,12644,0.10384437149873475,0.014740466473241369
51-9195.04,12638,0.05728903899465871,0.0168343955204957
51-9195.04,12637,0.033178165368813524,0.015304892373445685
51-9195.04,12634,0.07124201268365908,0.020939986115444384
51-9195.04,12633,0.11741683392871077,0.03070738006890128
51-9195.04,12632,0.1528613149495068,0.023887943923708264
51-9195.04,12631,0.09562188432385985,0.012369280020875301
51-9195.04,12630,0.14597278601707459,0.01824155612719145
51-9195.03,12629,0.01743327529470656,0.0031249294542780664
51-9195.03,12628,0.03477277742742491,0.012528179723182318
51-9195.03,12627,0.014966086549151913,0.009245657235697124
51-9195.03,12626,0.023403310118868228,0.008042305371754169
51-9195.03,12625,0.04326567355822078,0.01215591778613096
51-9195.03,12624,0.10247454744012706,0.023063855692145554
51-9195.03,12623,0.029017980093619427,0.008139946686604995
51-9195.03,12622,0.06800897869472494,0.026027049415679064
51-9195.03,12621,0.129739812684299,0.025215731619682335
51-9195.03,12620,0.053583538664349256,0.015720135449960853
51-9195.03,12619,0.0928606535864563,0.02239890535779745
51-9195.03,12618,0.0841795879556331,0.03106460853146041
51-9195.03,12617,0.06964173776206677,0.028897764558912062
51-9195.03,12616,0.06963886915844146,0.022489909376124908
51-9195.03,12615,0.11624880786460758,0.026476955729773294
51-9195.03,12614,0.050764363147302816,0.017142533174527498
51-9191.00,12612,0.015277631572351116,0.007557921431582131
51-9191.00,12611,0.06050532124136728,0.009650137120466529
51-9191.00,12610,0.020893717042053544,0.006834122176667361
51-9191.00,12609,0.0783004204052247,0.011690127579855457
51-9191.00,12608,0.06567878044869875,0.010255043492483034
51-9191.00,12607,0.06695172774911999,0.014369026384107603
51-9191.00,12606,0.03570481973014015,0.006956602249606831
51-9191.00,12605,0.05558409969750082,0.008101458462603748
51-9191.00,12604,0.08770232943371853,0.01613809042039689
51-9191.00,12603,0.0783893258177106,0.010117460185588237
51-9191.00,12602,0.0827615108647469,0.015238764684120634
51-9191.00,12601,0.04341857616791251,0.010290107552320045
51-9191.00,12600,0.06850614528314627,0.014613587696578586
51-9191.00,12599,0.10557256146188475,0.013050438722900017
51-9191.00,12598,0.0644909318963217,0.011393167233268183
51-9191.00,12597,0.07026210118810242,0.007755090926508548
51-9141.00,12591,0.02330562524469429,0.009606182938685632
51-9141.00,12589,0.017447893154272094,0.009712094191561275
51-9141.00,12588,0.036609603735537254,0.013734582746286972
51-9141.00,12587,0.02558365976231491,0.005253011042251411
51-9141.00,12586,0.035918590455263515,0.009528638872321304
51-9141.00,12585,0.04324738602874056,0.01058397287544219
51-9141.00,12584,0.04614694304805501,0.00981915068564492
51-9141.00,12583,0.03968735712310156,0.008947464771850374
51-9141.00,12582,0.0445235701587063,0.012020427534672173
51-9141.00,12581,0.023732879974976893,0.008095348083506955
51-9141.00,12580,0.09182685843126068,0.013818653886748113
51-9141.00,12579,0.04381706805338574,0.012243080685338473
51-9141.00,12578,0.0969583417542454,0.0159929276975789
51-9141.00,12577,0.06923744963875839,0.015048363688616164
51-9141.00,12576,0.08159128821856931,0.012365533136872619
51-9141.00,12575,0.1042229813772296,0.012514738366136424
51-9141.00,12574,0.09041277725819113,0.015947614456132842
51-9141.00,12573,0.08572972658269738,0.015637497485956508
51-9123.00,12534,0.13526296585920747,0.043740608894155215
51-9123.00,12533,0.07829938156539025,0.022153966049283297
51-9123.00,12532,0.08322294763100527,0.02693017981897697
51-9123.00,12531,0.09255522703394727,0.02980348592293957
51-9123.00,12530,0.10409653821197794,0.02139993743251439
51-9123.00,12529,0.1148292049029474,0.03395682276730905
51-9123.00,12528,0.0971616426923044,0.02263702745861375
51-9123.00,12527,0.29457209210322,0.04551493452793101
51-9124.00,12522,0.10334070933625936,0.014119800802741892
51-9124.00,12521,0.041215496270407395,0.009449316734790578
51-9124.00,12517,0.04264009010595569,0.013895083602839635
51-9124.00,12513,0.037527846251581835,0.009926024664650014
51-9124.00,12512,0.03575164714532712,0.010845434620179914
51-9124.00,12510,0.03351996199755681,0.012153278424354385
51-9124.00,12509,0.05296468881571296,0.00897779378951066
51-9124.00,12508,0.05054956502683396,0.01569025140043774
51-9124.00,12505,0.03506784146787602,0.007486488009258837
51-9124.00,12504,0.04656645441098019,0.009352097229017817
51-9124.00,12503,0.043731114105295794,0.008229487845700188
51-9061.00,12497,0.00967624162861799,0.0037398685088307366
51-9061.00,12495,0.023333710717974434,0.00465824918282891
51-9061.00,12493,0.02064262587974029,0.006188750914410529
51-9061.00,12491,0.02402577502340891,0.00529001880809366
51-9061.00,12488,0.023036000790149603,0.00691521788616786
51-9061.00,12487,0.03127715587611956,0.006287415048026977
51-9061.00,12486,0.051518091799842416,0.009023670536296219
51-9061.00,12485,0.03572492186716175,0.0076675952580838695
51-9061.00,12484,0.028186977936769667,0.008179413727908801
51-9061.00,12482,0.018456969232110414,0.00431261350577392
51-9061.00,12481,0.025851185685036124,0.007032636792248669
51-9061.00,12480,0.06318318588707382,0.011850659665878524
51-9061.00,12478,0.06254333900395102,0.0073108603013298966
51-9061.00,12477,0.044256758478713784,0.009655139188834172
51-9061.00,12474,0.06857426016738176,0.00877283318358346
51-9061.00,12472,0.06545912532737737,0.007465539310083288
51-9041.00,12471,0.01926992890681292,0.005985886158136003
51-9041.00,12470,0.019977931140411454,0.0072065370571920825
51-9041.00,12469,0.0048860741214818105,0.002366448417029887
51-9041.00,12468,0.015547391703725022,0.0037434560679723682
51-9041.00,12467,0.016840543116852638,0.005872605097216292
51-9041.00,12466,0.03481131264416708,0.008836481327731358
51-9041.00,12463,0.024742817520545687,0.0052295644049189394
51-9041.00,12462,0.022514847531916782,0.006142759560777336
51-9041.00,12461,0.03194116466728351,0.00702896359438403
51-9041.00,12460,0.012343886907345248,0.004484796973684844
51-9041.00,12459,0.036183483048314036,0.007021683386188615
51-9041.00,12458,0.029065584881794095,0.008777838504235837
51-9041.00,12457,0.03183746171676236,0.01008886127667084
51-9041.00,12456,0.02754754039099539,0.00420595086695936
51-9041.00,12455,0.04897125706420716,0.008646174546624306
51-9041.00,12454,0.028260550539894482,0.006735274864306281
51-9041.00,12453,0.034001448644960415,0.007306168200211654
51-9041.00,12452,0.03624764703282226,0.008010120585703764
51-9041.00,12451,0.08060671085930349,0.01007100130147865
51-9041.00,12450,0.03252612403761606,0.006885653181765827
51-9041.00,12449,0.04755093765807023,0.008316600606689895
51-9041.00,12448,0.06726684807212381,0.010011705734150313
51-9041.00,12447,0.07394730009284638,0.008794810735068897
51-9041.00,12446,0.07858208488877562,0.0075457814400048395
51-9041.00,12445,0.07925435975083059,0.010554813115684599
51-9041.00,12444,0.06527476306014152,0.009477924488022964
51-9032.00,12442,0.005098540050925608,0.002412621089871764
51-9032.00,12441,0.026890311859265135,0.005538518517552136
51-9032.00,12440,0.015504371229957344,0.004142371902909215
51-9032.00,12439,0.019651750330295044,0.0052114071132721585
51-9032.00,12438,0.01730030288659306,0.0037951411901244797
51-9032.00,12437,0.022863982601581838,0.006568890475764095
51-9032.00,12436,0.03341383409602736,0.005629753913461295
51-9032.00,12435,0.008351601051047998,0.002963996762526483
51-9032.00,12433,0.03498673307833514,0.005687506948573443
51-9032.00,12432,0.06483038216146428,0.007758264074924078
51-9032.00,12430,0.01213427743785132,0.0032038862408660285
51-9032.00,12429,0.06641475798929858,0.006591748011534942
51-9032.00,12428,0.019537456593106912,0.003524774131831079
51-9032.00,12427,0.068615246363221,0.006791450491959687
51-9032.00,12426,0.05035938934016557,0.005326045145470904
51-9032.00,12425,0.05604959027010847,0.00828850543942546
51-9032.00,12424,0.0534337632396092,0.00802530912696193
51-9032.00,12423,0.044311885228726575,0.006778521748908006
51-9032.00,12422,0.07955795899046492,0.007409800887775023
51-9032.00,12421,0.05566283380449316,0.006122138077152664
51-9032.00,12420,0.02921470295253798,0.005572348309552405
51-9032.00,12419,0.05116504718937342,0.0068864867932752595
51-9032.00,12418,0.04655008657829904,0.005820962982421819
51-9032.00,12417,0.05472437948637925,0.00708562803374963
51-9032.00,12416,0.0633768151908718,0.006841656280653023
51-9023.00,12415,0.02560057948263922,0.010814335711192792
51-9023.00,12414,0.013078383205688637,0.002673903995744653
51-9023.00,12413,0.03187554538911186,0.004549328238633069
51-9023.00,12412,0.05451868737319393,0.01840232219286575
51-9023.00,12411,0.051614389686785764,0.011197191484726353
51-9023.00,12410,0.056735541762741155,0.007620312645731916
51-9023.00,12409,0.04955476203611423,0.004571234771610072
51-9023.00,12408,0.04940258825309436,0.0063697145603135346
51-9023.00,12407,0.06344120082248246,0.013098625146250016
51-9023.00,12406,0.0543475146365817,0.005768854150498968
51-9023.00,12405,0.04718662558569491,0.010541982157216453
51-9023.00,12404,0.052378441462063906,0.013847836860745755
51-9023.00,12403,0.05534019320949131,0.013901119997370096
51-9023.00,12402,0.07121417409679978,0.012912929476887477
51-9023.00,12401,0.051425121537380845,0.014107297528212033
51-9023.00,12400,0.055836125093638916,0.015513532915258088
51-9023.00,12398,0.042920969980393214,0.009136231911443068
51-9023.00,12397,0.0719399465288549,0.004392462542910336
51-9021.00,12395,0.032702892322343684,0.0170202895798395
51-9021.00,12394,0.02194091816986165,0.008574216996350085
51-9021.00,12392,0.030797915179458336,0.009069262364541865
51-9021.00,12391,0.02956259751164603,0.008988375786370593
51-9021.00,12389,0.09635124402591876,0.012875583229253237
51-9021.00,12388,0.04041623179018536,0.010974058640426202
51-9021.00,12387,0.030586979199831395,0.008170440187540026
51-9021.00,12386,0.04655926275298593,0.01085126228219675
51-9021.00,12385,0.05623307412937692,0.0103639879109782
51-9021.00,12384,0.029265051136712045,0.010660232599657518
51-9021.00,12383,0.04263963143321748,0.009816245201541961
51-9021.00,12382,0.03879496127022037,0.011330651060780057
51-9021.00,12381,0.062360758830036785,0.01748591490737778
51-9021.00,12380,0.07658676445393711,0.02090278863924745
51-9021.00,12379,0.04937971272550884,0.012717254956237222
51-9021.00,12378,0.04263689882677078,0.00723863750716326
51-9021.00,12377,0.07841972972807727,0.01768815255218614
51-9021.00,12376,0.16134405510819755,0.014846718157297508
51-9021.00,12375,0.03342132140571381,0.007806781964697234
51-9012.00,12373,0.008727454572680607,0.004483092958616711
51-9012.00,12372,0.03623014758163103,0.010542402652045698
51-9012.00,12371,0.016311787087487085,0.005028009076502467
51-9012.00,12369,0.026032825880634047,0.006008893527519946
51-9012.00,12368,0.05110413425648169,0.007161808823954648
51-9012.00,12367,0.01828794867569128,0.006327538760432479
51-9012.00,12366,0.06295477725947933,0.012365738519840498
51-9012.00,12365,0.0552529045394024,0.004987339019172865
51-9012.00,12364,0.023780245042425364,0.00651098531880199
51-9012.00,12363,0.041446463841435764,0.013081390988444403
51-9012.00,12362,0.03803660688700996,0.006769907120640328
51-9012.00,12360,0.05926445801140986,0.008943089853935444
51-9012.00,12357,0.11864484233931678,0.006856358327697059
51-9012.00,12356,0.09439652445080025,0.006587691747013656
51-9011.00,12355,0.03344899457258453,0.007492104054035819
51-9011.00,12354,0.024405369267003336,0.006338023210609926
51-9011.00,12353,0.04099746509862204,0.004810751922552572
51-9011.00,12352,0.027444352515918834,0.005772170400803117
51-9011.00,12351,0.01181630165589252,0.004837339446855426
51-9011.00,12350,0.03176316911207396,0.006756317597733125
51-9011.00,12349,0.015692025250412283,0.005269989183444043
51-9011.00,12348,0.013128552327097217,0.002442949492855214
51-9011.00,12347,0.02119306838818926,0.004954670654936914
51-9011.00,12346,0.041848497863121004,0.00501849233635293
51-9011.00,12345,0.0594599256541827,0.005836679798826661
51-9011.00,12344,0.030755704833645068,0.005701967528599009
51-9011.00,12343,0.023884306784227052,0.006914089943832896
51-9011.00,12342,0.08322206510656405,0.007801965718876564
51-9011.00,12341,0.05472875856554618,0.003452459226812673
51-9011.00,12340,0.0564122810262366,0.006925302446543348
51-9011.00,12339,0.05869013838612987,0.006085009551051991
51-9011.00,12338,0.046028486959163235,0.008439707660633056
51-9011.00,12337,0.04186816621289411,0.007626181931656282
51-9011.00,12336,0.06837009026776374,0.006689348022592013
51-9011.00,12335,0.08285100746592443,0.006364505058407739
51-9011.00,12334,0.05891153699919917,0.010976169195339123
51-9011.00,12333,0.07307973568760887,0.0055379814112757435
51-8013.00,12331,0.00514434532990482,0.002423353191739809
51-8013.00,12330,0.008231230030540075,0.004409361647626505
51-8013.00,12329,0.01345672756104822,0.008183785295770601
51-8013.00,12328,0.06007887877501116,0.013470247302517708
51-8013.00,12327,0.008172400763870219,0.0023721281011798183
51-8013.00,12326,0.014479720743325175,0.005104076691894805
51-8013.00,12325,0.06832442239354418,0.014937998754929755
51-8013.00,12324,0.05959956351812572,0.014732450119385634
51-8013.00,12323,0.02604640755833805,0.007784539456038629
51-8013.00,12322,0.022773346341609935,0.004247078600119344
51-8013.00,12321,0.08651052519601954,0.010491841409875545
51-8013.00,12320,0.06944831633788634,0.015147785315103308
51-8013.00,12319,0.08391987882693476,0.009840443721237522
51-8013.00,12318,0.04685146508019421,0.008991841737978418
51-8013.00,12317,0.09200986210672249,0.011515570631998427
51-8013.00,12316,0.09694560481789354,0.012741736875422238
51-8013.00,12315,0.035052540153605184,0.014093077328492704
51-8013.00,12314,0.09293036026997521,0.012500115835884297
51-8012.00,12312,0.07177020823526571,0.016456033751522492
51-8012.00,12311,0.03956384460395271,0.010932238460393184
51-8012.00,12310,0.0159494191645177,0.006908798751670112
51-8012.00,12309,0.06635898821863376,0.014754693228121953
51-8012.00,12308,0.07435533376920822,0.01301717990813527
51-8012.00,12307,0.07023256945044057,0.01379293624207519
51-8012.00,12306,0.061996697773585976,0.009877969564348181
51-8012.00,12305,0.09785266457901369,0.01820946303718095
51-8012.00,12304,0.11593607485953035,0.016165475954742606
51-8012.00,12303,0.08441206998772328,0.00850511720550128
51-8012.00,12302,0.08440136049794446,0.015382023972089017
51-8012.00,12301,0.11822652365136249,0.014370787199752225
51-8012.00,12300,0.05461766413734131,0.011897051807805975
51-8012.00,12299,0.044326581071479784,0.009762186886696396
51-7042.00,12298,0.005967302107420626,0.0019251704753847872
51-7042.00,12297,0.01388319754089202,0.0048252268355603875
51-7042.00,12296,0.03270641954621006,0.006929745407166461
51-7042.00,12295,0.04218478228947716,0.006798568262090992
51-7042.00,12293,0.013765114398005877,0.004281873763858859
51-7042.00,12292,0.015588181783669006,0.0038278166486111166
51-7042.00,12291,0.06531389258244052,0.007077013154874001
51-7042.00,12290,0.0381931680345197,0.007528481487655974
51-7042.00,12289,0.024364820776048245,0.003330053090302786
51-7042.00,12288,0.04859744909269764,0.008405318434232591
51-7042.00,12287,0.028453138708413133,0.004729696415101431
51-7042.00,12286,0.02933044606611167,0.004365406113789168
51-7042.00,12285,0.04908991542838266,0.005776642745542875
51-7042.00,12284,0.05004460051894692,0.008276239708562876
51-7042.00,12283,0.06069540652287237,0.00859719187971235
51-7042.00,12282,0.042007130185644025,0.006832887912644649
51-7042.00,12281,0.07151361463080519,0.00877910031326989
51-7042.00,12280,0.03408314575202962,0.004917921675817728
51-7042.00,12279,0.05621231910725538,0.005663437620140665
51-7042.00,12278,0.058475812798516665,0.0071428136187948535
51-7042.00,12277,0.0460818680967414,0.006020470880938276
51-7042.00,12276,0.05880341617099706,0.007419460625164622
51-7042.00,12275,0.057694211575673594,0.007039102719420897
51-7042.00,12274,0.047218513041645295,0.005873556437915105
51-7041.00,12272,0.034858432353517536,0.010231744172913233
51-7041.00,12271,0.030810715964644315,0.010760076056605799
51-7041.00,12270,0.03591898360676149,0.007494128759229099
51-7041.00,12269,0.05666890606078462,0.014322112595394506
51-7041.00,12267,0.03275597232106922,0.00927271529989357
51-7041.00,12266,0.04959828171756875,0.009472883103031609
51-7041.00,12265,0.021101468384115828,0.005660638249202744
51-7041.00,12264,0.02300013994905299,0.005667397356521529
51-7041.00,12263,0.0222756086400873,0.009869795295724541
51-7041.00,12262,0.047644470514029785,0.009947417816842942
51-7041.00,12261,0.019310334401157064,0.006270052837871359
51-7041.00,12260,0.044740285755678275,0.007221357521090985
51-7041.00,12259,0.05418207563752704,0.011322665876634006
51-7041.00,12258,0.041351181871992174,0.011280423231897133
51-7041.00,12257,0.059412259359700785,0.014649061952658362
51-7041.00,12256,0.024274651463027947,0.007314429969689251
51-7041.00,12255,0.04095569694835174,0.008235286904572078
51-7041.00,12254,0.07057803933079355,0.012581911093828294
51-7041.00,12253,0.08290574878141814,0.011764848423335342
51-7041.00,12252,0.05129397893306519,0.015925481402136205
51-7041.00,12251,0.09662681193964008,0.01206565051801279
51-7041.00,12250,0.059735956066016185,0.009417082219939234
51-7032.00,12249,0.007677490262803195,0.0014588421384051995
51-7032.00,12248,0.013504794829532594,0.007087080728930366
51-7032.00,12247,0.054850960393953666,0.012096291068615466
51-7032.00,12246,0.03996175390572172,0.013362373398928769
51-7032.00,12245,0.013281531277987386,0.0071650913386941545
51-7032.00,12244,0.0267150350359618,0.011991575292091433
51-7032.00,12243,0.04086122813358378,0.01318994218910853
51-7032.00,12242,0.04110532592807202,0.012604327516230966
51-7032.00,12241,0.041312409960745325,0.011783918514932393
51-7032.00,12240,0.045855093047524366,0.011909375342558233
51-7032.00,12239,0.03961029199762845,0.012024791863553793
51-7032.00,12238,0.045144787908185297,0.020056963692014505
51-7032.00,12237,0.03927864123543257,0.012734327053479598
51-7032.00,12236,0.043378894513714496,0.011225109034858405
51-7032.00,12235,0.09937703293920794,0.01846690949629933
51-7032.00,12234,0.08846449018308578,0.012641050648859866
51-7032.00,12233,0.08587364056303509,0.016162081690185813
51-7032.00,12232,0.048381224520740305,0.017323893007255023
51-7032.00,12231,0.0652114770688018,0.0154331410946134
51-7032.00,12230,0.12015389629428243,0.01373020550265452
51-7011.00,12229,0.022386141083265688,0.009322995235529635
51-7011.00,12227,0.03388093528085323,0.014105276309486284
51-7011.00,12226,0.021769337133345338,0.00603578685304328
51-7011.00,12224,0.050298338201628254,0.01064317902715811
51-7011.00,12223,0.03632913330783419,0.007165795756819559
51-7011.00,12221,0.014184987019378913,0.008741715908599006
51-7011.00,12220,0.04113909891750635,0.00896585225854841
51-7011.00,12219,0.05851875548233345,0.010418599111447054
51-7011.00,12218,0.04597949600670222,0.013921599372685485
51-7011.00,12217,0.05071562190159922,0.013290664704699397
51-7011.00,12216,0.06565990158902514,0.010362315651695006
51-7011.00,12215,0.0928374476476375,0.01616711106266787
51-7011.00,12214,0.06701275151399241,0.01141501064444932
51-7011.00,12213,0.09393125970225309,0.01614182480722342
51-7011.00,12212,0.08721030970705079,0.016222069713563752
51-7011.00,12211,0.10054718279834349,0.01682828910495114
51-7011.00,12210,0.10249347316213492,0.021223263680046355
51-6092.00,12209,0.04104089909348442,0.018014924351659564
51-6092.00,12208,0.03263967223983799,0.016896661680243424
51-6092.00,12207,0.05956908824108956,0.01446551887057961
51-6092.00,12206,0.06322712754118046,0.014863727390385498
51-6092.00,12205,0.0875931513092594,0.021831822624025082
51-6092.00,12204,0.039206668735599026,0.009837823704663778
51-6092.00,12203,0.10999251564417571,0.019899354469347447
51-6092.00,12202,0.07528957972767608,0.021651972914066554
51-6092.00,12201,0.07218826987049734,0.0147643919425069
51-6092.00,12200,0.06531954618712266,0.02264137300663294
51-6092.00,12199,0.0667119104378371,0.016650918874961784
51-6092.00,12198,0.05856557605957228,0.01387903942844887
51-6092.00,12197,0.02755767929153374,0.006344127440005675
51-6052.00,12196,0.02553719437004192,0.007178179344138468
51-6052.00,12195,0.02658028834081612,0.00702700493142558
51-6052.00,12194,0.027554098735115207,0.008175992548398259
51-6052.00,12193,0.029792763607393826,0.010809690136978764
51-6052.00,12192,0.0420656952046403,0.008922455050605129
51-6052.00,12191,0.016814189727982737,0.0049493573304667795
51-6052.00,12190,0.04165754113518804,0.009962753838379496
51-6052.00,12189,0.05133842045809301,0.010141591216571147
51-6052.00,12188,0.022923658298776343,0.009327187916706777
51-6052.00,12187,0.07208351366257262,0.011980211247006581
51-6052.00,12186,0.06033166716527622,0.013308540425937657
51-6052.00,12185,0.04584268801944622,0.010166232324863553
51-6052.00,12184,0.04588944871995797,0.012778485091015824
51-6052.00,12183,0.03713007915156034,0.008737791469469224
51-6052.00,12182,0.035016452779014044,0.008453617500949287
51-6052.00,12181,0.0678957746807395,0.01527904334963342
51-6052.00,12180,0.059335307800980286,0.011257517596718319
51-6052.00,12179,0.050132214047869605,0.010238259661397634
51-6052.00,12178,0.05813406709345294,0.01170844440780732
51-6052.00,12177,0.05660101451717424,0.011586499610441942
51-6052.00,12176,0.07648863809635806,0.015559905267501764
51-6052.00,12175,0.05085528438755045,0.014617258920332362
51-6031.00,12174,0.013909547232100078,0.004194999908311827
51-6031.00,12173,0.023708184035054262,0.005054091799175314
51-6031.00,12172,0.023707770342680762,0.005559712915220637
51-6031.00,12171,0.029081663169113006,0.005404039246309674
51-6031.00,12170,0.01819394531599088,0.004408651207505625
51-6031.00,12169,0.03014753798798148,0.006811813973504665
51-6031.00,12168,0.02514699807046015,0.006262211639199669
51-6031.00,12167,0.01978413755731376,0.004571652226008609
51-6031.00,12166,0.06174007715110589,0.0093805418894887
51-6031.00,12165,0.03890115503382992,0.00696426034240181
51-6031.00,12164,0.024313234392283077,0.004070059487856846
51-6031.00,12163,0.030025571292378282,0.004583042216860671
51-6031.00,12162,0.04726151262748497,0.007897668767481865
51-6031.00,12161,0.016242672173384064,0.002929024313578884
51-6031.00,12160,0.05157604076413029,0.00700257015864033
51-6031.00,12159,0.06166908258467224,0.008644377660712002
51-6031.00,12158,0.020076998668370427,0.0050038246960337485
51-6031.00,12157,0.04298277549680273,0.006188371992666866
51-6031.00,12156,0.02616476040496604,0.004965685832858936
51-6031.00,12155,0.029593852911346155,0.004184727449431462
51-6031.00,12154,0.04074074561082308,0.007210377600471031
51-6031.00,12153,0.07739327626141056,0.009930234365809663
51-6031.00,12152,0.04551736452134339,0.011086701765090051
51-6031.00,12151,0.07266627446558732,0.0063193943553925365
51-6031.00,12150,0.06185777211814299,0.00899775375109081
51-6031.00,12149,0.06759704981124418,0.006079374014466438
51-6011.00,12147,0.009033813739603568,0.002281802304579422
51-6011.00,12143,0.01733625894191731,0.009162578076457505
51-6011.00,12142,0.0209345790626176,0.007193542022161662
51-6011.00,12140,0.026837702525029577,0.014950203248184543
51-6011.00,12137,0.008138536060711622,0.0022339529792784287
51-6011.00,12135,0.046791978604917586,0.016028454685484608
51-6011.00,12134,0.012211951014932082,0.003313587557432676
51-6011.00,12128,0.03519897533731272,0.0159271091802819
51-6011.00,12126,0.0506860696942084,0.016137082607491932
51-6011.00,12125,0.09050378954927474,0.018280281760418918
51-6011.00,12124,0.11027225425123063,0.01671735429729076
51-6011.00,12123,0.049190997894504054,0.010540950473589225
51-6011.00,12122,0.029490390923208556,0.013831927613437475
51-6011.00,12121,0.11388814815307405,0.017391049185236377
51-6011.00,12120,0.0960358380743646,0.018887899004868147
51-6011.00,12119,0.10551394736433238,0.0170389804348343
51-6011.00,12118,0.11845927150117735,0.01830469800796184
51-6011.00,12117,0.05947549730758308,0.015187022348068808
51-4191.00,12113,0.013504131262977698,0.006977471187478673
51-4191.00,12112,0.03282689233334607,0.008405930886929357
51-4191.00,12109,0.012140195034574466,0.008711649041913808
51-4191.00,12108,0.025435530268860005,0.008285129609765867
51-4191.00,12107,0.056672790506520854,0.007780516811967293
51-4191.00,12106,0.006546341881892481,0.0027570319050953546
51-4191.00,12104,0.061511000754951244,0.012421746749593916
51-4191.00,12102,0.044939105273405305,0.01249341157122682
51-4191.00,12100,0.05923384747216569,0.009612721134064387
51-4191.00,12099,0.04194636882253724,0.014506350212354822
51-4191.00,12097,0.014588574985607356,0.008490959057853754
51-4191.00,12096,0.08249159939297133,0.013227366551394892
51-4191.00,12095,0.03323772005569453,0.01315783206987591
51-4191.00,12094,0.08489031920648135,0.019570042168675365
51-4191.00,12093,0.019061182191830478,0.009770986613545635
51-4191.00,12092,0.034666839360157665,0.01402898242363982
51-4191.00,12091,0.07405375056666746,0.014485047265219042
51-4191.00,12090,0.045242535221985535,0.014053476999513375
51-4191.00,12089,0.07308580579168396,0.010684368637805313
51-4191.00,12088,0.07935870538752675,0.019576875640331212
51-4191.00,12087,0.10456676422816251,0.019265302578765693
51-4071.00,12062,0.04548557201877689,0.014105991356328859
51-4071.00,12061,0.04226839477653685,0.015789803490801634
51-4071.00,12060,0.0399046542535931,0.012241040437094938
51-4071.00,12059,0.06584515250217397,0.020684909186861205
51-4071.00,12058,0.07071996854037362,0.013489364811978728
51-4071.00,12057,0.06822280917618885,0.011863091505830524
51-4071.00,12056,0.06179412565511563,0.0111164760457189
51-4071.00,12055,0.11581539530604971,0.017974094963282426
51-4071.00,12054,0.0854603006373629,0.012416139834357959
51-4071.00,12053,0.09493438805215554,0.014946434498305027
51-4071.00,12052,0.08970840874851616,0.017115649613215222
51-4071.00,12051,0.10477488649304002,0.012916457640659811
51-4071.00,12050,0.11506594384011669,0.018807876163271255
51-4062.00,12049,0.026570462930622037,0.018632058974905042
51-4062.00,12048,0.0066311829617816545,0.0029970003406731777
51-4062.00,12047,0.014648979155925137,0.004894731533282609
51-4062.00,12046,0.08123092138389346,0.03150019740431062
51-4062.00,12045,0.033727265489667806,0.016689822561457256
51-4062.00,12044,0.04393547169997563,0.008275689389332591
51-4062.00,12042,0.06159363696077395,0.023175315271955297
51-4062.00,12041,0.0829584064345087,0.020912743737833157
51-4062.00,12040,0.032806788201976356,0.01198820223337553
51-4062.00,12039,0.1083062643230781,0.023672252053701177
51-4062.00,12038,0.13322568232038165,0.028261161027341213
51-4062.00,12037,0.1468543181607181,0.029314975917738167
51-4062.00,12036,0.1838413769530007,0.027712981477173007
51-4061.00,12034,0.04398001670493547,0.016161077444411268
51-4061.00,12033,0.009786136604389995,0.004841393491287788
51-4061.00,12032,0.020369498806533885,0.004165020023343946
51-4061.00,12031,0.05117566033611433,0.011623280004805498
51-4061.00,12030,0.054370887830194795,0.010398586664539682
51-4061.00,12029,0.05711853151664037,0.012614251764856551
51-4061.00,12028,0.06977326706920817,0.01984906712443962
51-4061.00,12027,0.07699885003955775,0.01974478395328059
51-4061.00,12026,0.032841612000963125,0.02013394714807986
51-4061.00,12025,0.10523366168545631,0.02287308826513466
51-4061.00,12024,0.10560266596546507,0.018191694124651357
51-4061.00,12023,0.11048847759619325,0.029014321394458222
51-4061.00,12022,0.13002424902695287,0.02863568287357348
51-4052.00,12021,0.033345769207585925,0.01306063312469652
51-4052.00,12020,0.034313894534911106,0.015593558763355397
51-4052.00,12019,0.037837436339755406,0.012828475001695074
51-4052.00,12018,0.047945614938386595,0.02173021986724127
51-4052.00,12016,0.04518903318067304,0.015937579997436262
51-4052.00,12015,0.09193586843446137,0.01801059750749153
51-4052.00,12013,0.05054632415184904,0.02499406204635613
51-4052.00,12012,0.032015134987014374,0.00884053799900827
51-4052.00,12011,0.08388155846755513,0.018969152159904717
51-4052.00,12010,0.07802926758898683,0.020145338268339873
51-4052.00,12009,0.07610823174941772,0.019720739553908805
51-4052.00,12008,0.13706289552204218,0.019421450408588354
51-4052.00,12007,0.14474788557063417,0.03627330023877619
51-4052.00,12006,0.10704108532672701,0.024258028169736136
51-4034.00,12005,0.03908608544622684,0.00960923268020467
51-4034.00,12004,0.03001781666989665,0.00579127508728591
51-4034.00,12003,0.05288871732506567,0.00926929065029308
51-4034.00,12002,0.04462044439564464,0.009705271850004703
51-4034.00,12001,0.0547885744453727,0.010927229960559741
51-4034.00,12000,0.04397358875268741,0.00903533905993054
51-4034.00,11999,0.06642063637923049,0.013294414965022055
51-4034.00,11998,0.06792647470041682,0.014769604404512538
51-4034.00,11997,0.061211746683659786,0.01576501259354547
51-4034.00,11996,0.03846896052133135,0.004927688521457055
51-4034.00,11995,0.07614175505698202,0.013904082145653805
51-4034.00,11994,0.0684815537996813,0.008892732337339117
51-4034.00,11993,0.0902570041501091,0.019609601614992075
51-4034.00,11992,0.0700235144959832,0.013154521967887979
51-4034.00,11991,0.08729699026688136,0.007563276363835595
51-4032.00,11990,0.010147429179396518,0.003370813693543284
51-4032.00,11988,0.04715181052470282,0.008446505978835152
51-4032.00,11987,0.04443115519082809,0.012213315440775002
51-4032.00,11986,0.023991149164069345,0.008367230001244683
51-4032.00,11985,0.05834274482472085,0.019279081384359065
51-4032.00,11984,0.08153961081899133,0.015108716486976302
51-4032.00,11983,0.07510546644261708,0.015932663098621246
51-4032.00,11982,0.0362789101197704,0.004530528973066107
51-4032.00,11981,0.053710973134169566,0.004715706290967446
51-4032.00,11980,0.10382614238296275,0.007186243758333805
51-4032.00,11979,0.062444912747883136,0.005982336298367835
51-4032.00,11978,0.0771576521683512,0.008169352251360664
51-4032.00,11977,0.05417635310220025,0.009084710865747744
51-4032.00,11976,0.07305687307979743,0.009502143948006131
51-4032.00,11975,0.07944253998791961,0.011765654269784256
51-4032.00,11974,0.11919627713161968,0.008308640186803195
51-9162.00,11971,0.02984400813972488,0.008870287391421853
51-9162.00,11970,0.033780221711242016,0.008079781862279613
51-9162.00,11969,0.057000082592160384,0.010522061018825527
51-9162.00,11968,0.11680417033456257,0.012210591993035659
51-9162.00,11967,0.06861001106236048,0.012709988672359724
51-9162.00,11966,0.09562503919507612,0.018262689397586455
51-9162.00,11965,0.0521863180274625,0.014612893689303583
51-9162.00,11964,0.041550816692182205,0.01139788281363331
51-9162.00,11963,0.07850048982607853,0.0119602737267079
51-9162.00,11962,0.08815045771175732,0.01376994502293154
51-9162.00,11961,0.12661104679608856,0.019791338745384766
51-9162.00,11960,0.0788923218553442,0.011813724635862537
51-9162.00,11959,0.12086299626766729,0.02064410638165696
51-9161.00,11958,0.005836483494383724,0.0026941553738623345
51-9161.00,11957,0.00341986064659206,0.0014656020657654164
51-9161.00,11956,0.018720036855131194,0.004741596777498465
51-9161.00,11955,0.04005756303039055,0.005396646209899194
51-9161.00,11954,0.02303792673772367,0.004545703436886824
51-9161.00,11953,0.03670196975825293,0.0055039454820713886
51-9161.00,11952,0.018483726194691106,0.003803430043301391
51-9161.00,11951,0.031040359455510744,0.004377155781978356
51-9161.00,11950,0.033208895014297184,0.008078083749210568
51-9161.00,11949,0.030441579425698688,0.006103539144606333
51-9161.00,11948,0.02417496763976212,0.003919919237487694
51-9161.00,11947,0.04085730959631374,0.004313570208023714
51-9161.00,11946,0.05367380453539838,0.009610284145537712
51-9161.00,11945,0.015723067309393813,0.0034691239597497555
51-9161.00,11944,0.060087390558895025,0.006872427927078281
51-9161.00,11943,0.027580778724329555,0.004430184792938753
51-9161.00,11942,0.039466801152543786,0.003969168778155729
51-9161.00,11941,0.03547697956818516,0.004672317601044286
51-9161.00,11940,0.040553257669446625,0.005200534054398729
51-9161.00,11939,0.02203645451979707,0.004230380560185004
51-9161.00,11938,0.05981503472078358,0.006157082298608897
51-9161.00,11937,0.05921611565950261,0.004579521200450694
51-9161.00,11936,0.034877867942202365,0.005381837863288397
51-9161.00,11935,0.07133544272724424,0.0062328469670239785
51-9161.00,11934,0.05638973458534232,0.005766846723589001
51-9161.00,11933,0.04129585646193938,0.005714222452423405
51-9161.00,11932,0.07649073601624837,0.006596450590609026
51-3011.00,11931,0.014469382000224061,0.008553733264477593
51-3011.00,11930,0.03947123959144433,0.010467777281934331
51-3011.00,11929,0.011119348713865619,0.0021037101797033064
51-3011.00,11928,0.025580177482749652,0.005926492242226239
51-3011.00,11927,0.02479867571181724,0.0058171824519912384
51-3011.00,11926,0.07229051296093096,0.010888755483254636
51-3011.00,11925,0.03399545375982471,0.0083478229578621
51-3011.00,11924,0.0405658217202308,0.008765207875859687
51-3011.00,11923,0.06150196887591183,0.0115433428390084
51-3011.00,11922,0.06105000849944987,0.013233920425589978
51-3011.00,11921,0.05221542455306704,0.006810157886472551
51-3011.00,11920,0.08070416053353939,0.010253174730775994
51-3011.00,11919,0.061209499415065836,0.011187830190592536
51-3011.00,11918,0.07646004902362727,0.01217761064772382
51-3011.00,11917,0.06943888828991482,0.01275244169473384
51-3011.00,11916,0.1129280023629237,0.01221967079298039
51-3011.00,11915,0.10040092622804908,0.014720112367806392
51-2021.00,11911,0.07877578095792862,0.026385465082499015
51-2021.00,11910,0.1355153300858567,0.03883387879160499
51-2021.00,11909,0.19598807308609287,0.025627686053891655
51-2021.00,11908,0.12430572311119868,0.02325047518402058
51-2021.00,11907,0.15327465790336484,0.024573723649594464
51-2021.00,11906,0.13924851576653455,0.03325157782033724
51-2021.00,11905,0.17289191908902377,0.023165061415303296
49-9063.00,11898,0.0009203484151208666,0.0
49-9063.00,11896,0.010832263318032916,0.0
49-9063.00,11891,0.025134672232448797,0.0
49-9063.00,11887,0.0011895982944900832,0.0
49-9063.00,11885,0.0002909333476702574,0.0
49-9063.00,11884,0.003713201034400362,0.0
49-9063.00,11882,0.0112066445822115,0.0
49-9063.00,11881,0.026769779028115476,0.0
49-9063.00,11880,0.018684337535546353,0.0
49-9063.00,11879,0.016122622253567694,0.0
49-9063.00,11878,0.0869955240777057,0.0
49-9063.00,11877,0.009402524648558232,0.0
49-9063.00,11876,0.0029452653191359337,0.0
49-9063.00,11875,0.04193884495508162,0.0
49-9063.00,11874,0.038497165056885364,0.0
49-9063.00,11873,0.07332369340549048,0.0
49-9063.00,11872,0.02680614702893799,0.0
49-9063.00,11871,0.08393529848241904,0.0
49-9063.00,11870,0.08648628212872793,0.0
49-9063.00,11869,0.001977879459624285,0.0
49-9063.00,11868,0.06595199771646036,0.0
49-9063.00,11867,0.11396899129067804,0.0
49-9063.00,11866,0.10874552592291319,0.0
49-9063.00,11865,0.14416046046577763,0.0
49-9052.00,11863,0.025640277553376393,0.01052376299859918
49-9052.00,11862,0.0027048129002956093,0.0013533647720375555
49-9052.00,11861,0.03478830592227524,0.01044043486856636
49-9052.00,11860,0.030188045283658625,0.01248225471341544
49-9052.00,11859,0.04412121407770155,0.010276054160840436
49-9052.00,11858,0.08278218203324893,0.016260811691378885
49-9052.00,11857,0.04044063093019056,0.007134470997839546
49-9052.00,11855,0.03591586552028591,0.01308295418328565
49-9052.00,11854,0.012084356869608626,0.004451722624761818
49-9052.00,11853,0.04000820754781676,0.008702291694076445
49-9052.00,11852,0.09127286241528591,0.01256252471551699
49-9052.00,11851,0.022137771467535292,0.008228633542003821
49-9052.00,11850,0.09709960679204462,0.017168080735271256
49-9052.00,11849,0.08661974527033042,0.01964383286906557
49-9052.00,11848,0.07955488109636241,0.015357458918692264
49-9052.00,11847,0.08809318551270767,0.012038493660507675
49-9052.00,11846,0.10013001331141828,0.013899607517439285
49-9043.00,11845,0.04852111888302679,0.013903669712745476
49-9043.00,11844,0.022530703468916773,0.013391285450927154
49-9043.00,11843,0.02994977928985969,0.013253353998234003
49-9043.00,11842,0.021202856280417588,0.012648372308541555
49-9043.00,11841,0.052796692970763406,0.01353082918846799
49-9043.00,11840,0.0494853697527621,0.012932376346156696
49-9043.00,11839,0.062202046067159504,0.015332140897304015
49-9043.00,11838,0.04508547222723136,0.01369163777234366
49-9043.00,11837,0.06753568486087783,0.01419479020693895
49-9043.00,11836,0.069277971617641,0.01903964188052886
49-9043.00,11835,0.06211272488971519,0.013685821575698684
49-9043.00,11834,0.054887605689638415,0.01216582636611057
49-9043.00,11833,0.08053409772086152,0.014218074408591408
49-9043.00,11832,0.07914943560762018,0.015313183914643575
49-9043.00,11831,0.05577328243805711,0.014070932907167284
49-9043.00,11830,0.05995446988889834,0.013109501405564817
49-9043.00,11829,0.08093854355290221,0.013464936354689604
49-9043.00,11828,0.05806214479365094,0.013607322100103332
49-9041.00,11827,0.04095463803168853,0.010837590730767307
49-9041.00,11826,0.028224182667549867,0.0053764677770134365
49-9041.00,11825,0.02991891170902779,0.008352638043639015
49-9041.00,11824,0.06448694483949499,0.011323858725990395
49-9041.00,11823,0.043507367719855326,0.012218358215018356
49-9041.00,11822,0.06069100033834746,0.008862600933833694
49-9041.00,11821,0.11311217061056318,0.017558622015098873
49-9041.00,11820,0.1021502905295891,0.013506563954466953
49-9041.00,11819,0.04760340887888777,0.009719163456002412
49-9041.00,11818,0.07180089510653849,0.014345961948013025
49-9041.00,11817,0.06389633213122335,0.010077115452104188
49-9041.00,11816,0.06968593841793307,0.008545271911199727
49-9041.00,11815,0.11004306143919057,0.01579498532846852
49-9041.00,11814,0.06537776254420101,0.008233090009680841
49-9041.00,11813,0.0766389289438038,0.011487069494593851
49-9012.00,11811,0.017730957100728067,0.0048247708214820976
49-9012.00,11810,0.01050390866191205,0.006570233096408968
49-9012.00,11804,0.020902754961110052,0.01075126517149828
49-9012.00,11802,0.07724234818759013,0.03002081688853714
49-9012.00,11801,0.023276141531305375,0.00700103264356231
49-9012.00,11799,0.01894315469068895,0.012743912726414314
49-9012.00,11797,0.01281905674317971,0.004856762689920205
49-9012.00,11796,0.04339158891457427,0.014177078976996786
49-9012.00,11795,0.032295992799920806,0.012049256577529399
49-9012.00,11794,0.03987666803097609,0.0139542567809221
49-9012.00,11793,0.01726293916994137,0.008452779688331552
49-9012.00,11792,0.017057160511185165,0.007037799647543223
49-9012.00,11791,0.012147679394203902,0.005866213710819377
49-9012.00,11790,0.010074745006199518,0.004824071872458668
49-9012.00,11789,0.02036473979339976,0.014372190428522762
49-9012.00,11788,0.02596881063997805,0.012276239190548873
49-9012.00,11787,0.01416388887154856,0.0051015066639797544
49-9012.00,11786,0.039705939247302806,0.012860554702152869
49-9012.00,11785,0.037057951541447094,0.015060052123434614
49-9012.00,11784,0.014220300255179015,0.004570935018812336
49-9012.00,11783,0.04690131566140066,0.016587517561381444
49-9012.00,11782,0.029274122526716552,0.006363472694882975
49-9012.00,11781,0.0762169347272176,0.02353079975719096
49-9012.00,11780,0.05918140509617978,0.011146510771534123
49-9012.00,11779,0.06385536006858902,0.016578178749788532
49-9012.00,11778,0.013436709074169583,0.005369197124925335
49-9012.00,11777,0.08699572500997484,0.026854139328059298
49-9012.00,11776,0.02684406372046179,0.009497706739713726
49-9012.00,11775,0.023553905110132053,0.0073920213330661835
49-9012.00,11774,0.04392904593634407,0.019118574877538742
49-2098.00,11773,0.029151583805965338,0.013692658231253391
49-2098.00,11772,0.019937618753660017,0.006543584539419246
49-2098.00,11770,0.04266915811983411,0.008609289303292572
49-2098.00,11769,0.02231273293032112,0.005689178023761352
49-2098.00,11768,0.02967064745927072,0.008442720024936012
49-2098.00,11767,0.033148352055111546,0.005766033141321904
49-2098.00,11766,0.07444212411955085,0.018758192654452988
49-2098.00,11765,0.13446532516661458,0.025060682272558085
49-2098.00,11764,0.06473805574359183,0.02012194465399331
49-2098.00,11763,0.04413388716978978,0.007856868722548491
49-2098.00,11761,0.0859206174601514,0.027087478239040577
49-2098.00,11760,0.08678211719121123,0.027219786235222285
49-2098.00,11758,0.0994132240648016,0.016458221113240374
49-2095.00,11756,0.030055616539035605,0.00702427417303561
49-2095.00,11755,0.01050817558844469,0.00691189198460849
49-2095.00,11754,0.01542695031004113,0.004489889063208461
49-2095.00,11753,0.01927916491926281,0.006282269129555835
49-2095.00,11752,0.012394230074019436,0.005273287210796164
49-2095.00,11751,0.021915945131807887,0.011206873297504022
49-2095.00,11750,0.04313714891154933,0.01382507419453807
49-2095.00,11749,0.016040184617833495,0.009845763931027693
49-2095.00,11748,0.14209878324041306,0.027942620370903913
49-2095.00,11747,0.1337264763929113,0.02123430755288614
49-2095.00,11746,0.05040156882280646,0.02086323511247008
49-2095.00,11745,0.052799502989608914,0.010126573420866456
49-2095.00,11744,0.1711639900560187,0.028057397043462592
49-2095.00,11743,0.21099083088028528,0.029558966991148714
49-2095.00,11742,0.07006143152596199,0.02633458698418978
49-2093.00,11740,0.03317646899634333,0.012239074542001458
49-2093.00,11739,0.030567067296655925,0.012866206398542612
49-2093.00,11738,0.09707576195966702,0.022352194819655374
49-2093.00,11737,0.06312030077243422,0.019576002191947182
49-2093.00,11736,0.035309637667087834,0.01357083044493928
49-2093.00,11735,0.09617808950162424,0.044198699956809015
49-2093.00,11734,0.059680091824639965,0.013336659548982978
49-2093.00,11733,0.10654449326787846,0.01842834318508792
49-2093.00,11732,0.053793394979739215,0.018477012828113287
49-2093.00,11731,0.040094792484719664,0.015073259917412122
49-2093.00,11730,0.09469287682166001,0.01906145850733016
49-2093.00,11729,0.12076193051141774,0.03501816872178195
49-2093.00,11728,0.07099894316400594,0.01518156975491032
49-2093.00,11727,0.09800615075212649,0.019837901859359724
49-2092.00,11726,0.01342252186339242,0.00774328246388082
49-2092.00,11724,0.013260587304299135,0.006761334527098005
49-2092.00,11722,0.018378748634202153,0.00873638819946849
49-2092.00,11721,0.00416305775117419,0.0028002328716351037
49-2092.00,11720,0.020302298345417198,0.00630684119919655
49-2092.00,11714,0.01727293185334739,0.007269585956819294
49-2092.00,11713,0.022312940763803923,0.00831714095288418
49-2092.00,11710,0.02629717460772987,0.010274602162081248
49-2092.00,11709,0.01921821085235242,0.008186353038602268
49-2092.00,11708,0.009084361368853554,0.003983282515770871
49-2092.00,11707,0.046275023775883516,0.0077013834831599435
49-2092.00,11706,0.004672772413161627,0.001626847676294972
49-2092.00,11705,0.058399067408172085,0.013199983427836844
49-2092.00,11704,0.01449913848048346,0.008238129954352018
49-2092.00,11703,0.018427488066738315,0.005663008853569319
49-2092.00,11702,0.06874864992679916,0.013326549222963535
49-2092.00,11701,0.062377819461460815,0.017800424460743165
49-2092.00,11700,0.005802828708016876,0.0021171972922526413
49-2092.00,11699,0.03912080505382369,0.008712568657497328
49-2092.00,11698,0.030518195032309188,0.01340361662706742
49-2092.00,11697,0.013324186376064303,0.004279136881512914
49-2092.00,11696,0.09329093787580112,0.011041560988198834
49-2092.00,11695,0.04597539683403261,0.012351346114565433
49-2092.00,11694,0.039323823787271804,0.009611144947636636
49-2092.00,11693,0.025414500988134386,0.012450359230000152
49-2092.00,11692,0.047530321915749935,0.011843891637154444
49-2092.00,11691,0.03427021660066882,0.012883130864964216
49-2092.00,11690,0.057745144385202965,0.014156290644064281
49-2092.00,11689,0.08329277958730004,0.015083148363945368
49-2092.00,11688,0.04727806997835296,0.011819803886094974
49-2022.00,11686,0.00125949825512793,0.0005778066370480312
49-2022.00,11685,0.003405738012429741,0.0021462776594623665
49-2022.00,11684,0.004414312056886061,0.0014360918602671449
49-2022.00,11683,0.004948764591857408,0.002870985165634869
49-2022.00,11681,0.00549432782067053,0.0012940038039298664
49-2022.00,11680,0.0022895311353913293,0.0009089710690158887
49-2022.00,11679,0.008706242679800505,0.00459107588694809
49-2022.00,11678,0.0007165195771812146,0.0003035716162234272
49-2022.00,11677,0.023138434337812045,0.008477211029404937
49-2022.00,11676,0.00492096491618452,0.0016967258043875928
49-2022.00,11675,0.0049361967492434515,0.002068684183665352
49-2022.00,11674,0.016653423895839646,0.002887574347071698
49-2022.00,11673,0.006394147611803662,0.0016669132468165374
49-2022.00,11672,0.005601824281886482,0.002711574622472126
49-2022.00,11671,0.03430424331270069,0.007465884209280102
49-2022.00,11670,0.03098027055042454,0.01151903511461885
49-2022.00,11669,0.011640733591534778,0.002934796980428291
49-2022.00,11668,0.06469301153326798,0.021098852967713386
49-2022.00,11667,0.021401461224520055,0.007901069638774034
49-2022.00,11666,0.011305166828916345,0.004179416271645398
49-2022.00,11665,0.05320852500681503,0.017102188778136494
49-2022.00,11664,0.05799219614792701,0.022788199499495246
49-2022.00,11663,0.008116973730652621,0.0031106494228777784
49-2022.00,11662,0.02058740065253043,0.0023816006648186673
49-2022.00,11661,0.052106742926995436,0.008227808806466733
49-2022.00,11660,0.047249801321617706,0.008508890128241334
49-2022.00,11659,0.04801242969863107,0.011690346712594434
49-2022.00,11658,0.015822403936644323,0.00460556367505661
49-2022.00,11657,0.018673706240659494,0.003988919790506451
49-2022.00,11656,0.026270454691336396,0.006424604213276773
49-2022.00,11655,0.07001993626095776,0.019353132272260008
49-2022.00,11654,0.029844145453705607,0.00762241089085451
49-2022.00,11653,0.04584912028062449,0.012460985954143565
49-2022.00,11652,0.021865030417579964,0.006215903329173816
49-2022.00,11651,0.06810399455049027,0.01540785562409009
49-2022.00,11650,0.044274427828172654,0.01187066118716385
49-2022.00,11649,0.05642502161159305,0.020796832985486065
49-2022.00,11648,0.048372876279587716,0.011273296454172176
49-2011.00,11646,0.00162519541716027,0.0013147067311453167
49-2011.00,11644,0.04339757462587111,0.006692892288357266
49-2011.00,11643,0.015065885703765214,0.004798268733959425
49-2011.00,11642,0.01485871371067444,0.003525531848053531
49-2011.00,11641,0.028518211967501494,0.007437761142091874
49-2011.00,11640,0.04844608998070865,0.013588015440098305
49-2011.00,11639,0.04361720178452693,0.008848556912494148
49-2011.00,11638,0.05944310006595997,0.018538456127288497
49-2011.00,11637,0.05435315952959745,0.012903363860106608
49-2011.00,11636,0.019538582865050048,0.005370383821702234
49-2011.00,11635,0.04939122804957817,0.010308895529988609
49-2011.00,11634,0.021940327270622482,0.005301722804324181
49-2011.00,11633,0.04665631861899859,0.013167146008192385
49-2011.00,11632,0.032585235409578604,0.020558116996221072
49-2011.00,11631,0.0627752003634824,0.0110801407501272
49-2011.00,11630,0.06507036362967485,0.011757556936132176
49-2011.00,11629,0.0251910336877865,0.010809591481255095
49-2011.00,11628,0.037384057308777516,0.020190344884973815
49-2011.00,11627,0.07576216436888314,0.01872424374872491
49-2011.00,11626,0.05252607154521663,0.019341061528588815
49-2011.00,11625,0.060369856022424805,0.009324584261793153
49-2011.00,11624,0.06143806043406054,0.008833543719100027
49-2011.00,11623,0.08004636764010016,0.017090160671450333
47-4071.00,11622,0.022072180945211385,0.01094972981898725
47-4071.00,11621,0.006602462754251993,0.006831493348842232
47-4071.00,11620,0.005692154396299069,0.006316603647087686
47-4071.00,11619,0.007523280908592045,0.006869448446979154
47-4071.00,11618,0.01311534400309557,0.0061179146533942895
47-4071.00,11617,0.011083942676988374,0.007246997050696082
47-4071.00,11616,0.009136207123941415,0.0051612447102966285
47-4071.00,11615,0.04649680423129925,0.013463630909741571
47-4071.00,11614,0.007837138855942245,0.00323972899096127
47-4071.00,11613,0.05560657998037714,0.019338419940933677
47-4071.00,11612,0.03766760132037531,0.011795274823901225
47-4071.00,11611,0.04675363239125913,0.01939188954369317
47-4071.00,11610,0.08778349847988408,0.018969645155615632
47-4071.00,11609,0.046497448505472376,0.0202425442736346
47-4071.00,11608,0.030104990594783686,0.009035784180308063
47-4071.00,11607,0.03768396443430718,0.020048559698669328
47-4071.00,11606,0.04474067198100294,0.018319769342454658
47-4071.00,11605,0.021836654194869996,0.01035015230224135
47-4071.00,11604,0.11060881825508816,0.027995801709523975
47-4071.00,11603,0.09111567520513231,0.019428001010188177
47-4071.00,11602,0.11831997694758173,0.020242736840539243
47-4071.00,11601,0.14172097181424462,0.025925788241667358
47-4041.00,11600,0.02368850275880696,0.01177732890426566
47-4041.00,11598,0.03110647885773878,0.012439848374076764
47-4041.00,11597,0.029238775848535365,0.009703607757752518
47-4041.00,11594,0.07234649290809254,0.02312259250722938
47-4041.00,11591,0.1163410382179554,0.035537616695893864
47-4041.00,11589,0.04827985263703556,0.01632201952052849
47-4041.00,11588,0.0705559299380181,0.020443484161785083
47-4041.00,11587,0.05220409163541003,0.01652178665298954
47-4041.00,11585,0.04775787309762793,0.0167228354132396
47-4041.00,11584,0.12453273479434364,0.02746330787789504
47-4021.00,11582,0.03421578778881827,0.009823627754717231
47-4021.00,11580,0.023727543879495272,0.0149219415971029
47-4021.00,11578,0.009706373369853612,0.004796853493170467
47-4021.00,11577,0.004881102766978167,0.0033575628309856693
47-4021.00,11576,0.001888194027411357,0.0011710591136500721
47-4021.00,11575,0.02887255404781679,0.020423242697565434
47-4021.00,11574,0.012156964385751812,0.008553711150182596
47-4021.00,11573,0.14593594026657863,0.04100154637219987
47-4021.00,11572,0.09261701311120271,0.036449506432182734
47-4021.00,11571,0.10946120402661756,0.02164982641365455
47-4021.00,11570,0.08345422361531966,0.03591159924185081
47-4021.00,11569,0.09971814778018948,0.03688507979919673
47-4021.00,11568,0.03592652747727569,0.02125558757040072
47-4021.00,11567,0.09812921950948632,0.029840489983786463
47-4021.00,11566,0.07779626516295483,0.017068552459470164
47-4021.00,11565,0.009764773717520749,0.0015484905740415797
47-4021.00,11564,0.13174816506672915,0.018600790568686226
47-2221.00,11562,0.010718660501563271,0.0056112612398716314
47-2221.00,11560,0.005437427266614692,0.002991823002235932
47-2221.00,11559,0.014381529617496234,0.006027934666800438
47-2221.00,11558,0.0503893605081582,0.013001734870040268
47-2221.00,11557,0.04688520561587649,0.012681014007645411
47-2221.00,11556,0.05518602449746664,0.014762083216116165
47-2221.00,11555,0.05718033474468796,0.012024178663012952
47-2221.00,11554,0.04862463016535145,0.01292759901828538
47-2221.00,11553,0.08256895884133948,0.018603099337929287
47-2221.00,11552,0.07118595483645136,0.01452403153229649
47-2221.00,11551,0.06321569829603826,0.01584713889969324
47-2221.00,11550,0.03684239807805311,0.009150594823978231
47-2221.00,11549,0.03232886849987308,0.008222392677748309
47-2221.00,11548,0.08628423376953281,0.01721817928516065
47-2221.00,11546,0.1027555928445351,0.01585445804675882
47-2221.00,11545,0.05319392977560594,0.010152084860644613
47-2221.00,11544,0.10084044399792501,0.021792399612412052
47-2151.00,11543,0.03800673818659382,0.015429250742029001
47-2151.00,11542,0.03231867112711277,0.011474595612615952
47-2151.00,11541,0.04714251866939456,0.023214796234189254
47-2151.00,11540,0.07896272904046736,0.036669247861053
47-2151.00,11539,0.11614650835825303,0.02625402188977933
47-2151.00,11538,0.10331063478193162,0.031436778414047864
47-2151.00,11537,0.12289983675233007,0.02382346608958605
47-2151.00,11536,0.112876204237419,0.04150808251819696
47-2151.00,11534,0.06417501290530656,0.02116907391043184
47-2151.00,11533,0.08152620685399657,0.014194857594792071
47-2151.00,11532,0.053634089097508296,0.009436462039862847
47-2151.00,11531,0.08139389518769086,0.02268342174350148
47-2151.00,11530,0.06760695480199547,0.01979861049492956
47-2141.00,11527,0.005933876264419048,0.005186902638834372
47-2141.00,11525,0.009829807778778022,0.005082085631912073
47-2141.00,11524,0.042482688198626696,0.02950379533181359
47-2141.00,11523,0.10920609962138882,0.019631503446950905
47-2141.00,11522,0.03997054685384535,0.022160409073418694
47-2141.00,11521,0.009537355273437118,0.0036114022137669123
47-2141.00,11520,0.022184905051991614,0.009621020945106638
47-2141.00,11519,0.04604160943686438,0.021965295805168674
47-2141.00,11518,0.040817209563171315,0.008301521482309684
47-2141.00,11517,0.08669350783665224,0.022462729856159273
47-2141.00,11516,0.0833300096556451,0.015014235650325874
47-2141.00,11515,0.022086999567153754,0.004926497167518211
47-2141.00,11514,0.2153103306213169,0.06300782285720608
47-2141.00,11513,0.09807317768698383,0.0244331924746971
47-2141.00,11512,0.16850187658972582,0.03028481882686928
47-2121.00,11510,0.00818808608896635,0.004254016066487888
47-2121.00,11509,0.010245764930006633,0.004666845526691423
47-2121.00,11508,0.009589917163945881,0.00655398206794575
47-2121.00,11507,0.024279521217438246,0.008399864396348437
47-2121.00,11506,0.027450020544363567,0.006476519050578213
47-2121.00,11505,0.026606427483693684,0.009156182585422822
47-2121.00,11504,0.017041012723822975,0.005185029753942113
47-2121.00,11503,0.0555557186502413,0.008891321787726917
47-2121.00,11502,0.031912502182652236,0.009199366696641759
47-2121.00,11501,0.030981429504556453,0.008290065683729116
47-2121.00,11500,0.025283007498161945,0.007094321197674203
47-2121.00,11499,0.044867554783818,0.005732080419749645
47-2121.00,11498,0.01325196839494949,0.004392083133333081
47-2121.00,11497,0.04779628861632063,0.009721427535728381
47-2121.00,11496,0.05330193674134903,0.008051572140849785
47-2121.00,11495,0.055670636306858486,0.011104581103194927
47-2121.00,11494,0.021197975093880893,0.004486738964690508
47-2121.00,11493,0.0379846980165275,0.009012794633760717
47-2121.00,11492,0.03693716294005408,0.006927440264578485
47-2121.00,11491,0.03980672009818978,0.00910911777828977
47-2121.00,11490,0.07007696289022611,0.010053764709352804
47-2121.00,11489,0.021237528586948596,0.005229900967734459
47-2121.00,11488,0.03138609834283684,0.005806845364630896
47-2121.00,11487,0.03702810519505437,0.0077401661668803495
47-2121.00,11486,0.0779024109264112,0.016116226521176814
47-2121.00,11485,0.052386505701631954,0.007599949104295832
47-2121.00,11484,0.09203403937709385,0.019583510655389956
47-2061.00,11483,0.013872339577769103,0.00556485036889755
47-2061.00,11482,0.05599061995316674,0.01972315886069467
47-2061.00,11481,0.04630790709043782,0.024785572795067802
47-2061.00,11480,0.011666688811311823,0.0037560357549957612
47-2061.00,11479,0.011946572834051301,0.009727714961936822
47-2061.00,11478,0.08816572641503174,0.026694578647857296
47-2061.00,11474,0.006107619741529481,0.004571662992468341
47-2061.00,11472,0.16224897846215927,0.05810544239899111
47-2061.00,11468,0.01574398482685736,0.007475076994045673
47-2061.00,11466,0.03607951473908562,0.02312840392177299
47-2061.00,11465,0.10046907983849696,0.01798938156858045
47-2061.00,11462,0.055204588181927826,0.021046575400551326
47-2061.00,11461,0.0739490744410054,0.02059731892276913
47-2061.00,11460,0.04343624807507407,0.017273606962670968
47-2061.00,11458,0.09190176795679665,0.03007575987730299
47-2061.00,11457,0.042079859975372724,0.02507459294396806
47-2061.00,11456,0.08736761789201815,0.01887769152208355
47-2061.00,11455,0.05248852351280817,0.01245289270229565
47-2011.00,11453,0.012921493088134957,0.006217582499816663
47-2011.00,11452,0.104604129216874,0.028635968357347365
47-2011.00,11451,0.07483232870013386,0.03160256851258721
47-2011.00,11449,0.08468843151925,0.021700857500648034
47-2011.00,11446,0.1865818571327145,0.03705512662792502
47-2011.00,11445,0.04785132264018689,0.013237969004713208
47-2011.00,11443,0.07415315220156811,0.023206829150413097
47-2011.00,11442,0.04896571781977051,0.026353131052612593
47-2011.00,11441,0.07443358231909517,0.02276724575262106
47-2011.00,11440,0.12034856743780549,0.013204892883633624
47-2011.00,11439,0.050847270125755274,0.019971756043908346
47-2011.00,11438,0.11977214779871126,0.017288047126034718
47-1011.00,11437,0.016313093958541726,0.007414592635363195
47-1011.00,11436,0.029438701121615014,0.010038193066112828
47-1011.00,11435,0.05818708973493822,0.012074332809364577
47-1011.00,11434,0.03753184157592626,0.00590455591688452
47-1011.00,11433,0.05801875049788481,0.006807740563606004
47-1011.00,11432,0.10844006165849084,0.011727684036144081
47-1011.00,11431,0.030544073757162945,0.0036745525126636535
47-1011.00,11430,0.05248007307914837,0.011828901254500847
47-1011.00,11429,0.04950777637426207,0.00952031400743231
47-1011.00,11428,0.07232367917003235,0.011832774482404173
47-1011.00,11427,0.03863442141105782,0.006124413423274567
47-1011.00,11426,0.12621575540723134,0.017359358137679592
47-1011.00,11425,0.08000164802998004,0.009259360866974518
47-1011.00,11424,0.1141315244010577,0.015584193954280613
43-9021.00,11408,0.04328491999767466,0.022257341746727076
43-9021.00,11407,0.12700335944747362,0.03487564121466382
43-9021.00,11406,0.09802107593911537,0.027576156412104636
43-9021.00,11405,0.16719177108245095,0.03864438886791095
43-9021.00,11404,0.15079917739948473,0.027971426735766008
43-9021.00,11403,0.1570544759611548,0.03784788105955451
43-9021.00,11402,0.12547251514150937,0.026170479899940174
43-9021.00,11401,0.13117270503113648,0.030813999298388597
43-5111.00,11400,0.06872812255948971,0.015514857956036283
43-5111.00,11398,0.032604539624283606,0.007819145580225787
43-5111.00,11397,0.07562201841577114,0.021368203007331582
43-5111.00,11395,0.046937870292907316,0.00784446050209298
43-5111.00,11394,0.05419132098331569,0.017138310244414517
43-5111.00,11393,0.04805589670095597,0.011461257639579281
43-5111.00,11391,0.060921648571100565,0.010083157516729306
43-5111.00,11390,0.03705694549012781,0.01135541843871774
43-5111.00,11389,0.02991245671739691,0.008046528985530856
43-5111.00,11388,0.029672648336526095,0.009230890979558946
43-5111.00,11387,0.024777637207429787,0.00826421326284056
43-5111.00,11386,0.03153506530572165,0.011279836615812494
43-5111.00,11384,0.03057554688304222,0.009895310148263625
43-5111.00,11383,0.13689469354380446,0.013310332909357535
43-5111.00,11382,0.04251765496223285,0.012347629579310253
43-5111.00,11381,0.07683377950026242,0.02052171859763774
43-5111.00,11380,0.10765843721772801,0.015922905683444507
43-5111.00,11379,0.06550371768790376,0.014864367219475632
43-5061.00,11378,0.009766080048539724,0.0034944965732519257
43-5061.00,11377,0.04368138574185424,0.010406822220359423
43-5061.00,11376,0.01965224730385886,0.006696751817593761
43-5061.00,11375,0.06470972432647833,0.023821647035880317
43-5061.00,11374,0.05082030918489469,0.012552723422546732
43-5061.00,11373,0.028748592914613506,0.011955796068487767
43-5061.00,11372,0.10189874849641903,0.020118976946724338
43-5061.00,11371,0.05711129675238101,0.014239745186339676
43-5061.00,11370,0.10683082148484385,0.02189741899524615
43-5061.00,11369,0.03797209888718933,0.0122026601178865
43-5061.00,11368,0.07174620053302613,0.01967505009107401
43-5061.00,11367,0.0411405543581301,0.009910045045147668
43-5061.00,11366,0.07977451499257786,0.016522548594811642
43-5061.00,11365,0.07616710022456173,0.017687758837581148
43-5061.00,11364,0.10089446240337256,0.01953979309875546
43-5061.00,11363,0.06925489338205194,0.011350885230278935
43-5061.00,11362,0.03983096896520708,0.007382843732424105
43-5052.00,11361,0.007938556363821531,0.004126755023634864
43-5052.00,11360,0.013426157946721713,0.006357744527561032
43-5052.00,11358,0.01901329480534518,0.0045926235051241115
43-5052.00,11357,0.030172811660284852,0.007522951235875996
43-5052.00,11356,0.008270550103369577,0.002596142644447883
43-5052.00,11355,0.010259688487629317,0.004265654308013747
43-5052.00,11354,0.03686705756319169,0.007777787818395178
43-5052.00,11353,0.06112164287862888,0.010330229229214354
43-5052.00,11352,0.06841227049216277,0.008113520671628982
43-5052.00,11351,0.054906324930243264,0.008566797093145442
43-5052.00,11350,0.046873333713148696,0.006974616735752259
43-5052.00,11349,0.05458004312384805,0.0067393724767375015
43-5052.00,11348,0.04619710981677856,0.0057948149598090835
43-5052.00,11347,0.035925230851873234,0.0044411738025381346
43-5052.00,11346,0.02291454720474319,0.0017588074676891875
43-5052.00,11345,0.02127938947200185,0.0019302840225439047
43-5052.00,11344,0.0542173505398299,0.007331944344178614
43-5052.00,11343,0.10729486251839758,0.01062906630524101
43-5052.00,11342,0.06494325176337094,0.007692398417675892
43-5052.00,11341,0.06034907196619159,0.005488700459867072
43-5051.00,11338,0.04384336857395651,0.007164338542222597
43-5051.00,11337,0.023301634892499225,0.004220143375483421
43-5051.00,11336,0.0788555576353354,0.012107011060946133
43-5051.00,11335,0.022737409922668143,0.005010065714065179
43-5051.00,11334,0.009638422303649445,0.0057536575502116685
43-5051.00,11333,0.04734071246527973,0.008957537064489436
43-5051.00,11332,0.01727142586400072,0.005589652245923234
43-5051.00,11331,0.017086586384848886,0.0054185995289941224
43-5051.00,11330,0.0671442438271622,0.009145932752950873
43-5051.00,11329,0.053813421821611564,0.010556537104032359
43-5051.00,11328,0.05617899754473403,0.009326899948007181
43-5051.00,11327,0.08897826912911135,0.012944505934910767
43-5051.00,11326,0.10705759593145071,0.01481622943938633
43-5051.00,11325,0.09067050245087674,0.01202336103382406
43-5051.00,11324,0.0645542674784916,0.0098805313285246
43-5051.00,11323,0.04827611343765101,0.00939491628957458
43-5051.00,11322,0.09836129714794017,0.012877386012401881
43-5051.00,11321,0.054999447261186635,0.00978625281570711
43-5041.00,11320,0.017017693714289996,0.0058254370955988346
43-5041.00,11318,0.0389897147753961,0.016178085397964368
43-5041.00,11317,0.04386453740048436,0.013576249001139441
43-5041.00,11316,0.037922989854704714,0.014065810167692351
43-5041.00,11315,0.05335798692128081,0.008645551048819436
43-5041.00,11314,0.07868857124488675,0.015185052898335551
43-5041.00,11313,0.14426765077351575,0.02869272620643334
43-5041.00,11312,0.07137240828009199,0.01358028537540988
43-5041.00,11311,0.06365498661881282,0.014384056863645339
43-5041.00,11310,0.20325583534467404,0.0370437543556654
43-5041.00,11309,0.204142463886189,0.03724871774817101
43-4131.00,11308,0.02340824415053989,0.008610761572309087
43-4131.00,11307,0.05611089274394964,0.01659939037214949
43-4131.00,11306,0.028423954993805452,0.010924232758132759
43-4131.00,11305,0.054891256038193816,0.016894061053338162
43-4131.00,11304,0.043957736585346664,0.013176529853124673
43-4131.00,11303,0.0277240301725032,0.01661078105227459
43-4131.00,11302,0.06460146437852173,0.015444230129832794
43-4131.00,11301,0.06263625156883179,0.01546646985529269
43-4131.00,11300,0.03299838042915076,0.00881371228227442
43-4131.00,11299,0.047720380102542474,0.016640831473179286
43-4131.00,11298,0.05295304244164333,0.01595950556713402
43-4131.00,11297,0.07073858241588696,0.015456680751347552
43-4131.00,11296,0.06021305321284263,0.016454889699843198
43-4131.00,11295,0.10040358918561751,0.026869250787060303
43-4131.00,11294,0.08548287657172199,0.019346520895993757
43-4131.00,11293,0.047389601313210225,0.011583166116984636
43-4131.00,11292,0.04763879887503835,0.009432356234714313
43-4131.00,11291,0.09270786482065355,0.020861510597036594
43-4021.00,11290,0.025694579477608462,0.011204340899852071
43-4021.00,11289,0.053101813579548116,0.018705850400185065
43-4021.00,11287,0.034323218334431686,0.009931044989297904
43-4021.00,11285,0.011595610918842193,0.00542337590100969
43-4021.00,11283,0.03739041360135095,0.014829787565651134
43-4021.00,11281,0.0937374179323849,0.025033028095325024
43-4021.00,11280,0.046619170241884396,0.016342881180980994
43-4021.00,11279,0.07085644032619848,0.014680472217545986
43-4021.00,11278,0.024306053932680892,0.010228217036482962
43-4021.00,11277,0.10223827077779973,0.022688763020556935
43-4021.00,11276,0.13178210766277337,0.023063603114628753
43-4021.00,11275,0.02182944942548685,0.009644671079260137
43-4021.00,11274,0.03616481056734507,0.009806394518348043
43-4021.00,11273,0.14424670503597367,0.02579016226528852
43-4021.00,11272,0.03771785607138101,0.011503272147111629
43-4021.00,11271,0.03456629634430958,0.006767699408790639
43-4021.00,11270,0.09382978577000059,0.02248572010243282
41-4011.00,11267,0.009951231862998462,0.0037525492655595427
41-4011.00,11265,0.010679429097604885,0.0020515875899323973
41-4011.00,11262,0.010858142906107624,0.0035297248360641343
41-4011.00,11261,0.04320020843989165,0.012642637286424408
41-4011.00,11257,0.007887051607231015,0.004312853372281081
41-4011.00,11256,0.0208017521489911,0.01078993318294989
41-4011.00,11252,0.025863026413824135,0.010907918678684783
41-4011.00,11251,0.04626078455070839,0.015090346771242375
41-4011.00,11249,0.04180028652561048,0.013260153245421982
41-4011.00,11248,0.02628678626094237,0.006133809144129431
41-4011.00,11246,0.03756278976622385,0.013543006345454025
41-4011.00,11245,0.03851204191512312,0.009789611989178939
41-4011.00,11241,0.07118291228982768,0.01616322235837964
41-4011.00,11240,0.05721169169525772,0.016704762813988937
41-4011.00,11239,0.05294369673144101,0.011366740059863963
41-4011.00,11238,0.08079842597004316,0.016927445594787736
41-4011.00,11237,0.07106714411349646,0.011670359523035538
37-3012.00,11235,0.004408095793622799,0.0020547771795725017
37-3012.00,11234,0.031866823571831425,0.013965679736207577
37-3012.00,11233,0.05094751738922443,0.012293328375193525
37-3012.00,11232,0.07899751280243153,0.024817135359672133
37-3012.00,11231,0.16541151270570778,0.03501953256426411
37-3012.00,11230,0.16629216488653437,0.04134759472195756
37-3012.00,11229,0.13641302435442165,0.032389927336912684
37-3012.00,11228,0.12538822800282456,0.020854611759895923
37-3012.00,11227,0.1215699537648108,0.02302151354655901
37-1012.00,11226,0.012838676521691784,0.0036741767599276164
37-1012.00,11225,0.04589344307860938,0.008177902793485809
37-1012.00,11224,0.01688521182663271,0.0037775865414630015
37-1012.00,11223,0.02732714051515179,0.00663126975539197
37-1012.00,11222,0.018536927949024732,0.005588396659493978
37-1012.00,11221,0.04103867397316199,0.016774633181180616
37-1012.00,11220,0.03943289711622631,0.007783973631860134
37-1012.00,11219,0.023350665730157,0.0023743098841049054
37-1012.00,11218,0.03120200135081547,0.008711720816495846
37-1012.00,11217,0.053199686547246626,0.00902008357385408
37-1012.00,11216,0.023926448274664478,0.00472340147922466
37-1012.00,11215,0.03014492908884347,0.00725645667488885
37-1012.00,11214,0.027837548695123417,0.005110240967554631
37-1012.00,11213,0.03280142680874006,0.007480599479013431
37-1012.00,11212,0.02602670601627647,0.005083737420999996
37-1012.00,11211,0.042270439267102236,0.007960877889346133
37-1012.00,11210,0.02532890879253234,0.006638965962249707
37-1012.00,11209,0.01569963456832074,0.003568632490216642
37-1012.00,11208,0.022214235558680462,0.00444172274995771
37-1012.00,11207,0.029691766730551534,0.00539426906107358
37-1012.00,11206,0.05353325765343659,0.011055814491955447
37-1012.00,11205,0.023409284159063303,0.0029449832622756287
37-1012.00,11204,0.053443765336729954,0.0073163983083643774
37-1012.00,11203,0.06934259735856449,0.01674122135260389
37-1012.00,11202,0.06169885998542555,0.008219281775790191
37-1012.00,11201,0.0627983346364878,0.01350186376543394
37-1012.00,11200,0.05068776309207565,0.007830360577968997
37-1012.00,11199,0.03943876936866369,0.0075378436856251285
35-9021.00,11198,0.009290253912614224,0.0034316049423301774
35-9021.00,11197,0.050073313768493395,0.013970181261136135
35-9021.00,11196,0.023442729051952424,0.005321216050373164
35-9021.00,11195,0.04617115953305906,0.015285191825088952
35-9021.00,11194,0.016531944242941066,0.014812222517295673
35-9021.00,11193,0.08279373519823999,0.02167490499369472
35-9021.00,11192,0.06422296322826819,0.012121718237745409
35-9021.00,11191,0.022841740124033977,0.001918106203105152
35-9021.00,11190,0.08731849187492217,0.01621799619889328
35-9021.00,11189,0.0950548289915198,0.01969048041825637
35-9021.00,11188,0.15258733016951498,0.02561429644559062
35-9021.00,11187,0.16562431096686292,0.020656259072232928
35-9021.00,11186,0.18404719893757782,0.023708482899374987
35-9011.00,11184,0.015279833055344062,0.004712015344352393
35-9011.00,11182,0.007305080422568506,0.0030348407873899315
35-9011.00,11181,0.01226251222481899,0.0038713105642330385
35-9011.00,11180,0.022454262671858353,0.009909564992976473
35-9011.00,11179,0.015509865444932372,0.005909905536899875
35-9011.00,11178,0.043240163651569186,0.007859633100087887
35-9011.00,11177,0.02628504411392797,0.006054673106060807
35-9011.00,11176,0.039961966107453145,0.008685420193076413
35-9011.00,11175,0.03172698592795592,0.003257744548909494
35-9011.00,11174,0.046006231763798616,0.006731880217772615
35-9011.00,11173,0.05318920399145948,0.005941763205651287
35-9011.00,11172,0.059194581759347636,0.008670277103368667
35-9011.00,11171,0.033684465208058054,0.004774883749768036
35-9011.00,11170,0.06649844697621143,0.010225381121813317
35-9011.00,11169,0.07012386212357896,0.009079377029469758
35-9011.00,11168,0.06455422560511868,0.007130442603792253
35-9011.00,11167,0.055534628521817966,0.007312037954901456
35-9011.00,11166,0.049275348919268665,0.007099988410012209
35-9011.00,11165,0.07502935998195205,0.007053675455595814
35-9011.00,11164,0.06659408232060385,0.00839145723746457
35-9011.00,11163,0.07545179628246007,0.009647419938129835
35-3041.00,11162,0.05332331540714169,0.0174137292839536
35-3041.00,11161,0.07135149362175788,0.016607615697705164
35-3041.00,11160,0.04995060079056195,0.009008523173755334
35-3041.00,11159,0.07653070370342031,0.009790712129133298
35-3041.00,11158,0.06351238966296273,0.007621611953953283
35-3041.00,11157,0.059363053228222225,0.010002882643004491
35-3041.00,11156,0.06791541559690036,0.00887945081590118
35-3041.00,11155,0.06182917080418559,0.009335872663255793
35-3041.00,11154,0.06292112358688523,0.0092106145302854
35-3041.00,11153,0.08812778632025915,0.012744954440861874
35-3041.00,11152,0.09840896627069907,0.012112799964715617
35-3041.00,11151,0.09495750678631028,0.015903513279811626
35-3041.00,11150,0.07159239759830165,0.01164217083703886
35-3041.00,11149,0.0802160766223919,0.008962992059479891
35-1011.00,11148,0.011177480819769174,0.0
35-1011.00,11147,0.055963856613971255,0.0
35-1011.00,11146,0.044443162820169704,0.0
35-1011.00,11145,0.01382984894194928,0.0
35-1011.00,11144,0.013170837891976313,0.0
35-1011.00,11143,0.02339176296282486,0.0
35-1011.00,11142,0.015267191314050965,0.0
35-1011.00,11141,0.015100395423398515,0.0
35-1011.00,11140,0.03508335597142956,0.0
35-1011.00,11139,0.028212609884182373,0.0
35-1011.00,11138,0.013410081326520785,0.0
35-1011.00,11137,0.014747964760076678,0.0
35-1011.00,11136,0.02365655109948635,0.0
35-1011.00,11135,0.15362307923330681,0.0
35-1011.00,11134,0.03574053345723438,0.0
35-1011.00,11133,0.08562360115950371,0.0
35-1011.00,11132,0.11644976243997879,0.0
35-1011.00,11131,0.041676209494036054,0.0
35-1011.00,11130,0.04295443364330469,0.0
35-1011.00,11129,0.14617218047937403,0.0
35-1011.00,11128,0.07030510026345572,0.0
33-9091.00,11127,0.025780919943907098,0.023052731054242267
33-9091.00,11126,0.0260434777630127,0.021261916698287246
33-9091.00,11125,0.018331693114369333,0.009158546163871278
33-9091.00,11124,0.019409686579397394,0.006299474273196191
33-9091.00,11123,0.053799733690516445,0.02050231673778369
33-9091.00,11122,0.09856396524318756,0.018918022578878646
33-9091.00,11121,0.02686455725707426,0.010886899266015305
33-9091.00,11120,0.024615725549538794,0.0067244762503774575
33-9091.00,11119,0.11736722542321747,0.013453516440480437
33-9091.00,11118,0.19272937707551616,0.024244964096069486
33-9091.00,11117,0.23280022298491548,0.025579076737422924
33-9091.00,11116,0.16369341537534732,0.02633882462824412
33-2022.00,11115,0.055611377143557995,0.03046509536143649
33-2022.00,11114,0.06736889380287414,0.030909574661937236
33-2022.00,11113,0.10389181612785033,0.029723302582949876
33-2022.00,11112,0.09635854023148864,0.028406682500129645
33-2022.00,11111,0.01404426220826347,0.005600421283399912
33-2022.00,11110,0.038496069596846816,0.007856260248790964
33-2022.00,11109,0.08351765392675037,0.01924573087783565
33-2022.00,11108,0.17050662871642944,0.0343619595148345
33-2022.00,11107,0.046446962098435955,0.011888612916436803
33-2022.00,11106,0.022019433197128187,0.004019718802352036
33-2022.00,11105,0.05526760144565714,0.02819602258696231
33-2022.00,11104,0.05261076864444965,0.015494587191702802
33-2022.00,11103,0.054723160255715234,0.014459842516540533
33-2022.00,11102,0.07393830498616068,0.020199186522743197
19-5012.00,11101,0.0038604832669343536,0.0
19-5012.00,11100,0.0011805566983844773,0.0
19-5012.00,11099,0.10545675157561855,0.0
19-5012.00,11098,0.0024668417087075093,0.0
19-5012.00,11097,0.0012880403034638192,0.0
19-5012.00,11096,0.019778473346778073,0.0
19-5012.00,11095,0.04307783723453222,0.0
19-5012.00,11093,0.03789130531622087,0.0
19-5012.00,11091,0.04123315361026333,0.0
19-5012.00,11088,0.033488559770269745,0.0
19-5012.00,11087,0.029744188698822328,0.0
19-5012.00,11085,0.020444162735997307,0.0
19-5012.00,11083,0.14663502830825062,0.0
19-5012.00,11082,0.11704055320982763,0.0
19-5011.00,11081,0.002634028579389308,0.0
19-5011.00,11080,0.0012109096322823493,0.0
19-5011.00,11079,0.02645111186133792,0.0
19-5011.00,11078,0.014190799555292663,0.0
19-5011.00,11077,0.0036255844674996257,0.0
19-5011.00,11076,0.06460993691240065,0.0
19-5011.00,11075,0.003928145225857269,0.0
19-5011.00,11074,0.01230014424980684,0.0
19-5011.00,11073,0.023943133117772724,0.0
19-5011.00,11072,0.01897578674078649,0.0
19-5011.00,11071,0.018808928936942575,0.0
19-5011.00,11070,0.04112595465486123,0.0
19-5011.00,11069,0.04522344727929463,0.0
19-5011.00,11068,0.035808318865139736,0.0
19-5011.00,11067,0.10409503778664679,0.0
19-5011.00,11066,0.16450154080219928,0.0
19-5011.00,11065,0.057346612648310626,0.0
19-5011.00,11064,0.03769765621487295,0.0
19-5011.00,11063,0.1925736591535714,0.0
19-5011.00,11062,0.02399421386039867,0.0
27-3043.05,11061,0.026078497646591536,0.0
27-3043.05,11060,0.010911529243205377,0.0
27-3043.05,11059,0.009286260519577885,0.0
27-3043.05,11058,0.014930378957643708,0.0
27-3043.05,11057,0.022678952480972178,0.0
27-3043.05,11056,0.005496371015908456,0.0
27-3043.05,11055,0.11916531388122441,0.0
27-3043.05,11054,0.09241335918183119,0.0
27-3043.05,11053,0.015803130074594544,0.0
27-3043.05,11052,0.13756212792316846,0.0
27-3043.05,11051,0.19640000521371012,0.0
27-3043.05,11050,0.0012410225329727914,0.0
27-3043.05,11049,0.03179006988194195,0.0
27-3043.05,11048,0.07322778855750922,0.0
27-3043.05,11047,0.11783103654900788,0.0
27-3043.05,11046,0.12518415634014027,0.0
27-2032.00,11045,0.026823583679601085,0.0
27-2032.00,11044,0.018297881265754004,0.0
27-2032.00,11043,0.0828235811980176,0.0
27-2032.00,11042,0.019919436457279456,0.0
27-2032.00,11041,0.02426755626599861,0.0
27-2032.00,11040,0.0763857731110681,0.0
27-2032.00,11039,0.07533820594783355,0.0
27-2032.00,11038,0.07162738548112775,0.0
27-2032.00,11037,0.05621242308174305,0.0
27-2032.00,11036,0.05818766900057379,0.0
27-2032.00,11035,0.06148083615028704,0.0
27-2032.00,11034,0.020423107712041026,0.0
27-2032.00,11033,0.008236555190154416,0.0
27-2032.00,11032,0.145664454055322,0.0
27-2032.00,11031,0.03599859252163688,0.0
27-2032.00,11030,0.043917407845808686,0.0
27-2032.00,11029,0.031473760516715105,0.0
27-2032.00,11028,0.14292179051903783,0.0
27-2012.04,11027,0.012051925535923231,0.008502165726515722
27-2012.04,11026,0.06503348543546549,0.01499417414880122
27-2012.04,11025,0.01608359789961892,0.006294967163502352
27-2012.04,11024,0.08672314664611257,0.018729245736288154
27-2012.04,11023,0.035407822972478555,0.009629059741429826
27-2012.04,11022,0.012205265357351648,0.003111807478091981
27-2012.04,11021,0.16039031230279563,0.04240632697331348
27-2012.04,11020,0.13294093179242075,0.036303189166589
27-2012.04,11019,0.08788147872944271,0.02489461908661349
27-2012.04,11018,0.12009645419750246,0.03104797666840154
27-2012.04,11017,0.08625837466954499,0.027957377677687825
27-2012.04,11016,0.0469187889457274,0.016336354504107937
27-2012.04,11015,0.09654987829765288,0.028409957995281045
27-1013.00,11012,0.008884357665975133,0.005679347838746779
27-1013.00,11009,0.036271826899303396,0.03063834545698049
27-1013.00,11005,0.01758684398825299,0.012928949197485756
27-1013.00,11003,0.08661316197352519,0.0315466496369103
27-1013.00,11002,0.03554073899654182,0.03115319836513888
27-1013.00,10999,0.018729109300762648,0.011598805698635452
27-1013.00,10998,0.04591031490226747,0.03178773818432073
27-1013.00,10997,0.06278234763873619,0.03311704605383549
27-1013.00,10996,0.008237796936621515,0.004102699652048633
27-1013.00,10995,0.04191359929491069,0.030997287040249552
27-1013.00,10994,0.040294606400729405,0.032904891368420085
27-1013.00,10993,0.005905719204929607,0.0019532144374944074
27-1013.00,10992,0.09004737489140112,0.03695733722787118
27-1013.00,10991,0.054491661879868314,0.03407360900751275
27-1013.00,10990,0.13392285626550365,0.03202302076999165
27-1013.00,10989,0.22140115027130672,0.045728242849029294
25-9021.00,10988,0.0169387973343454,0.0
25-9021.00,10987,0.02890054737422318,0.0
25-9021.00,10986,0.10796016581501831,0.0
25-9021.00,10985,0.009686257074162069,0.0
25-9021.00,10984,0.013248234010566644,0.0
25-9021.00,10983,0.0023025008474153452,0.0
25-9021.00,10982,0.1286292875014705,0.0
25-9021.00,10981,0.04498718810329509,0.0
25-9021.00,10980,0.19272249922952606,0.0
25-9021.00,10979,0.024781110206506498,0.0
25-9021.00,10978,0.06420367116722249,0.0
25-9021.00,10977,0.13887179981471048,0.0
25-9021.00,10976,0.07735520572822804,0.0
25-9021.00,10975,0.03165307525471763,0.0
25-9021.00,10974,0.11775966053859231,0.0
25-9044.00,10973,0.0035932414926036905,0.0017743990024716375
25-9044.00,10972,0.017083270767626703,0.006863881116001248
25-9044.00,10971,0.013853298246958972,0.005735553214749606
25-9044.00,10968,0.17221757868574877,0.052238862599235124
25-9044.00,10967,0.07577170553446656,0.015310325947234171
25-9044.00,10966,0.012617496688754152,0.0035527083845317124
25-9044.00,10965,0.060766701689512634,0.010049468787795056
25-9044.00,10964,0.10192011707377947,0.04163030537601996
25-9044.00,10963,0.0807916671879734,0.035691536436548724
25-9044.00,10962,0.028772796832721135,0.0064150107826274365
25-9044.00,10961,0.010914521101529611,0.0020286342909561442
25-9044.00,10960,0.011002967444502805,0.0021760143010442464
25-9044.00,10959,0.05530225479130285,0.008601180111310558
25-9044.00,10958,0.06671857021387503,0.013062258260417594
25-9044.00,10957,0.05426295182772755,0.009452392681994734
25-9044.00,10956,0.06848925114315621,0.011869133114654052
25-9044.00,10955,0.04287394762665545,0.0064289683213563
21-2011.00,10953,0.017996743636732752,0.010930613336747379
21-2011.00,10952,0.020982714148817208,0.011656082799212748
21-2011.00,10951,0.07568980472076799,0.029753529543755076
21-2011.00,10950,0.04339453621852695,0.012504525297960277
21-2011.00,10949,0.021933940779344054,0.011734827812551793
21-2011.00,10948,0.050650068091996334,0.021743209017373425
21-2011.00,10947,0.020459211284901118,0.012834241406667803
21-2011.00,10945,0.015957516417218015,0.011578821893406373
21-2011.00,10944,0.06841220206428408,0.021927074279823135
21-2011.00,10943,0.03399821393394057,0.013958344909704608
21-2011.00,10942,0.029016183165655705,0.013762164503688376
21-2011.00,10941,0.024069727987010334,0.011661049845706078
21-2011.00,10940,0.04488288381675585,0.021036519850888353
21-2011.00,10939,0.04070382855114898,0.022365183275914045
21-2011.00,10938,0.042004607204332474,0.01261774291483683
21-2011.00,10937,0.03601803464182748,0.010244211464199474
21-2011.00,10936,0.03412975418930404,0.010918958951231125
21-2011.00,10935,0.1273931276995784,0.02427559152877667
21-2011.00,10934,0.16595047287081618,0.021920738324849465
19-2012.00,10912,0.09346131559499597,0.02721802834119663
19-2012.00,10911,0.058207519053148596,0.026174561101832576
19-2012.00,10910,0.02511658902482852,0.012511854419346281
19-2012.00,10908,0.043819604522058596,0.027809016087576154
19-2012.00,10907,0.15762592038085035,0.037235873045594454
19-2012.00,10906,0.028509523050600602,0.019082563960244166
19-2012.00,10905,0.13115367340832296,0.02432328705496637
19-2012.00,10904,0.2007801424276813,0.03929030896819408
19-2012.00,10903,0.24017443132304514,0.03638870735819882
17-3024.00,10902,0.02148290960681727,0.0079438195704538
17-3024.00,10900,0.05472429464385157,0.02056076890087561
17-3024.00,10899,0.008440156733306328,0.003205610164437303
17-3024.00,10898,0.05109227005613891,0.011566292320873833
17-3024.00,10896,0.10527016798683196,0.021334266104552125
17-3024.00,10895,0.08179159231242623,0.017275133930990505
17-3024.00,10894,0.11371614570668555,0.03400365315874563
17-3024.00,10893,0.0913671399211634,0.01588287163076008
17-3024.00,10892,0.12677544659879814,0.0343818868497565
17-3021.00,10890,0.03130655090225677,0.019570285126243696
17-3021.00,10889,0.16273948596328577,0.04093255991474992
17-3021.00,10888,0.1148050634776015,0.03336835334657599
17-3021.00,10887,0.09746701938061876,0.04094190072080421
17-3021.00,10886,0.03756272070062159,0.02768636851240268
17-3021.00,10885,0.11890302390350062,0.0349478033473897
17-3021.00,10884,0.05284739737373169,0.018270028790263487
17-3021.00,10883,0.12838126298015629,0.03325635163287658
17-3021.00,10882,0.1470048348378591,0.04758491566032656
17-3021.00,10881,0.09674240204352114,0.03305935700033813
13-1041.03,10880,0.0010406340850298212,0.0005976129775209228
13-1041.03,10879,0.007452415120423278,0.00493153310005061
13-1041.03,10878,0.011091055802140976,0.00900370192091328
13-1041.03,10876,0.025386541350501647,0.011481666762546704
13-1041.03,10875,0.018372798009187022,0.009022572421796597
13-1041.03,10874,0.021463201765206753,0.011181173295978097
13-1041.03,10873,0.009074385756581448,0.004936332027445412
13-1041.03,10871,0.04254083214642727,0.01416385465954779
13-1041.03,10870,0.01023892364172083,0.0024176562194591703
13-1041.03,10869,0.036996184572432284,0.018277666344079888
13-1041.03,10867,0.1307655275320292,0.02300075683456282
13-1041.03,10866,0.16126854028290158,0.033686168982479114
13-1041.03,10865,0.16425447280668073,0.034200580315831175
13-1041.01,10853,0.017252825381541482,0.0
13-1041.01,10852,0.00716808545102543,0.0
13-1041.01,10851,0.006293261774119525,0.0
13-1041.01,10850,0.007035208659374752,0.0
13-1041.01,10849,0.009348951519630404,0.0
13-1041.01,10848,0.002763797525221708,0.0
13-1041.01,10847,0.02705251608284361,0.0
13-1041.01,10846,0.012539062896932969,0.0
13-1041.01,10845,0.005757939172238387,0.0
13-1041.01,10844,0.0600377643170543,0.0
13-1041.01,10843,0.08171893315228297,0.0
13-1041.01,10842,0.04836536749600451,0.0
13-1041.01,10841,0.027259934817607415,0.0
13-1041.01,10840,0.02310689226807747,0.0
13-1041.01,10839,0.028614536079944696,0.0
13-1041.01,10838,0.03321508058836546,0.0
13-1041.01,10837,0.09377090509543128,0.0
13-1041.01,10836,0.036104370562849486,0.0
13-1041.01,10835,0.013390772873964995,0.0
13-1041.01,10834,0.041139078083950634,0.0
13-1041.01,10833,0.03827626358841403,0.0
13-1041.01,10832,0.07109672301286026,0.0
13-1041.01,10831,0.15949123803851387,0.0
13-1041.01,10830,0.06900600377082984,0.0
13-1041.01,10829,0.07855109206642308,0.0
53-7062.00,10796,0.011868738177651383,0.007454646145976632
53-7062.00,10792,0.04922449856182346,0.027045891255034954
53-7062.00,10789,0.17067674751967174,0.05298826684533403
53-7062.00,10787,0.046846594064004925,0.019992541833776342
53-7062.00,10783,0.023566159884722892,0.013121450303159785
53-7062.00,10782,0.1020847243383089,0.04721136819497576
53-7062.00,10781,0.21972685083198487,0.03305786584872032
53-7062.00,10780,0.13105365533514335,0.043799211517940646
53-7062.00,10779,0.1692812345700872,0.03828187473779907
53-7062.00,10778,0.07567079671660132,0.02588960977768069
53-7021.00,10777,0.03462373881171838,0.008542869893118327
53-7021.00,10776,0.039802680301672735,0.009778063216832432
53-7021.00,10775,0.0711737331688892,0.01249967866693311
53-7021.00,10774,0.023192057706062665,0.007613768976672466
53-7021.00,10773,0.1416606873723301,0.030234718322991298
53-7021.00,10772,0.06674304798509051,0.012053421406235094
53-7021.00,10771,0.05708494865085112,0.006185032291588858
53-7021.00,10770,0.03381070122493183,0.003258465190504233
53-7021.00,10769,0.058453708893946556,0.0063104774769716454
53-7021.00,10768,0.269904042399591,0.02234966821433823
53-7021.00,10767,0.20355065348491586,0.024338208513240256
53-7011.00,10764,0.024130294547819616,0.009150666927369754
53-7011.00,10761,0.040417064376243726,0.014913531593800093
53-7011.00,10760,0.05057307604508801,0.008448434915189635
53-7011.00,10759,0.035363620058500495,0.007790926373560822
53-7011.00,10757,0.10346491700043946,0.02264681239028939
53-7011.00,10756,0.056840330009234594,0.016598895808654736
53-7011.00,10755,0.10512970527760575,0.033948795497796266
53-7011.00,10754,0.04673887263049923,0.010556309719552959
53-7011.00,10753,0.015578352196525657,0.007101978444866898
53-7011.00,10752,0.016763033897194888,0.008122454198557416
53-7011.00,10750,0.08534597740534976,0.015844638718362152
53-7011.00,10749,0.05075788590322295,0.013671064141653836
53-7011.00,10748,0.04367652008764211,0.014887909288815754
53-7011.00,10747,0.09920507236840004,0.02595053397807515
53-7011.00,10746,0.05536259946956826,0.016109924197034012
53-7011.00,10745,0.07074482721336899,0.016515374070031053
53-7011.00,10744,0.03159537108395622,0.008222650019427975
53-6051.01,10742,0.013891491840589895,0.0035699658518892376
53-6051.01,10741,0.03402029163443914,0.017747174537464053
53-6051.01,10740,0.01268147512537847,0.013138338931642252
53-6051.01,10736,0.008661456368730301,0.007984767570069076
53-6051.01,10735,0.07370093576199443,0.022498606956515683
53-6051.01,10734,0.13711439013544283,0.02371948520891318
53-6051.01,10733,0.15117496779928635,0.03698605114142011
53-6051.01,10732,0.09800436377043485,0.03040892238810245
53-6051.01,10731,0.08591700374742399,0.025278417568676353
53-6051.01,10730,0.08794396777024417,0.022020787863000903
53-6051.01,10729,0.028730206471458127,0.008533180835342095
53-6051.01,10728,0.2681594495745775,0.035209525146469876
53-6031.00,10725,0.11821481030783851,0.026863607484292795
53-6031.00,10724,0.1345662251173667,0.027564713469090972
53-6031.00,10723,0.07519567727375868,0.016471042152376655
53-6031.00,10721,0.06427683454502697,0.013976039217762545
53-6031.00,10719,0.11525534573297136,0.033880722413690265
53-6031.00,10715,0.08561084719423841,0.028686494434201515
53-6031.00,10714,0.03293510940529904,0.017643683721893993
53-6031.00,10713,0.03270829955255258,0.01994543061129794
53-6031.00,10712,0.17153799955130902,0.033161831712198914
53-4031.00,10710,0.037953750536787074,0.0063964024401666625
53-4031.00,10708,0.015949415232557478,0.006548732143283459
53-4031.00,10707,0.04298311005924264,0.010948404661620772
53-4031.00,10706,0.018181183295590604,0.005372806302494774
53-4031.00,10705,0.03115811158389073,0.006105985001027954
53-4031.00,10704,0.04309714334447713,0.0059096706844558745
53-4031.00,10703,0.0527174627028203,0.010707146275410051
53-4031.00,10702,0.04004074958065295,0.010475956752299396
53-4031.00,10701,0.03958229800406824,0.005599454567199964
53-4031.00,10700,0.030239824222490934,0.009447752035137987
53-4031.00,10699,0.08867643266650514,0.013041989351380602
53-4031.00,10698,0.052505524829345104,0.01019298244593642
53-4031.00,10697,0.06847022427273397,0.011046391946668439
53-4031.00,10696,0.05158648778637243,0.009817207811153889
53-4031.00,10695,0.011236807867851908,0.006445677202518828
53-4031.00,10694,0.04410174985120895,0.009998248866042008
53-4031.00,10693,0.0638277889655787,0.010894134589196806
53-4031.00,10692,0.08724348759873889,0.013163407196189953
53-4031.00,10691,0.06724943165272003,0.007284406343265074
53-4031.00,10690,0.11319901594636675,0.01871014422751483
53-4013.00,10688,0.0016841789062296392,0.0008575843465182985
53-4013.00,10687,0.01017432752701793,0.005915449690238124
53-4013.00,10685,0.016605185873305194,0.006142987371440844
53-4013.00,10684,0.022753650105075615,0.0060947246063406246
53-4013.00,10683,0.024619307292231548,0.008316818907872581
53-4013.00,10682,0.029743011224405782,0.0061599252986573655
53-4013.00,10681,0.04563330949561283,0.007367372843954183
53-4013.00,10680,0.03876383789937324,0.007553086523874192
53-4013.00,10679,0.05703281746189054,0.012135517800149776
53-4013.00,10678,0.04274371629921784,0.008181400796968523
53-4013.00,10677,0.05002370594500099,0.008005941736839287
53-4013.00,10676,0.04079612800017527,0.007918447910960367
53-4013.00,10675,0.047771230145004805,0.01129416185925453
53-4013.00,10674,0.05392178702648168,0.01522852995584663
53-4013.00,10673,0.05797955559181475,0.007213815369165918
53-4013.00,10672,0.040158136305031,0.010304097126955446
53-4013.00,10671,0.04916313529513694,0.008877275373000145
53-4013.00,10670,0.06416683665101733,0.007191236888962537
53-4013.00,10669,0.0296971347488892,0.003668071616182149
53-4013.00,10668,0.0755870222171241,0.014669806492123539
53-4013.00,10667,0.046295661797532056,0.009376014687101782
53-4013.00,10666,0.07719783418943695,0.01021852070672253
53-4013.00,10665,0.07748849000299474,0.012573016940419523
53-3032.00,10662,0.008665328655715397,0.005752971233309817
53-3032.00,10660,0.0035650099142056813,0.0018570222174572313
53-3032.00,10659,0.013056524444330633,0.004381586545247618
53-3032.00,10658,0.010070437788978545,0.0036575836937591693
53-3032.00,10656,0.029094828923608405,0.005376846916923639
53-3032.00,10655,0.0231272897905252,0.0047220105394714575
53-3032.00,10653,0.022524848492169337,0.003239585129089134
53-3032.00,10651,0.03965806104452025,0.0067238466166288785
53-3032.00,10650,0.03992529258992755,0.005641505017973011
53-3032.00,10647,0.04476517261731361,0.00881148586950398
53-3032.00,10646,0.03470217066427651,0.006386804876365241
53-3032.00,10645,0.03963423200345143,0.005410296837641341
53-3032.00,10644,0.031177667011104557,0.0033646843236778464
53-3032.00,10643,0.0452679884164349,0.008905523563328998
53-3032.00,10642,0.022276948036768898,0.00448198394978356
53-3032.00,10641,0.052650554287430436,0.006685497942440355
53-3032.00,10640,0.05451059400962927,0.007514259007320812
53-3032.00,10638,0.038662119771667516,0.004703085542354137
53-3032.00,10637,0.07573121552242695,0.007740167685239251
53-3032.00,10636,0.056858206934202016,0.006931664375220177
53-3032.00,10635,0.03709903403198119,0.008195079970170953
53-2022.00,10634,0.014926881519727101,0.008029617374582925
53-2022.00,10633,0.020063059247646613,0.007185174653074137
53-2022.00,10632,0.03440552957514972,0.007543862440343056
53-2022.00,10631,0.01333978024818468,0.0048596925500782205
53-2022.00,10630,0.035798429131491255,0.011272849216080247
53-2022.00,10629,0.009025928132236991,0.0027840459682398023
53-2022.00,10628,0.014587210858164173,0.007520058711331425
53-2022.00,10626,0.03206798693715184,0.011142415529822567
53-2022.00,10625,0.014858212938670026,0.0037578881482807237
53-2022.00,10624,0.02949610175694606,0.013471825637281231
53-2022.00,10623,0.045935503564846616,0.010535706324930253
53-2022.00,10622,0.06908383221195201,0.014502404495462069
53-2022.00,10621,0.03401798297546317,0.006279100334217482
53-2022.00,10620,0.02340099330072699,0.007936979985888161
53-2022.00,10619,0.04641584086840658,0.013971754116203066
53-2022.00,10618,0.02286332334045471,0.006915907072175088
53-2022.00,10617,0.0262443256117575,0.008329870850560946
53-2022.00,10616,0.08822733537123673,0.019301228056736133
53-2022.00,10615,0.03338845247207411,0.006525109992300337
53-2022.00,10614,0.016319604766076735,0.006124940088272313
53-2022.00,10613,0.08272518924685908,0.01501497180944203
53-2012.00,10610,0.008747073050639069,0.0045051455990380495
53-2012.00,10609,0.0033832647023791253,0.0032405232397483075
53-2012.00,10608,0.004613375016890236,0.0014757578328262984
53-2012.00,10607,0.043331245438077454,0.018296788755907407
53-2012.00,10606,0.00028645897212718335,0.0002133620021840544
53-2012.00,10605,0.017451179942576528,0.007616690699999283
53-2012.00,10604,0.014022467399767232,0.007489633293525517
53-2012.00,10602,0.00693251032404606,0.005530221278761105
53-2012.00,10601,0.0030754031536247644,0.0019111955034921712
53-2012.00,10600,0.05630884483961763,0.009233559046482681
53-2012.00,10599,0.04197772495169328,0.009299847443340644
53-2012.00,10598,0.06065204474723542,0.008323816456580653
53-2012.00,10596,0.0546697716137306,0.0076546479727337075
53-2012.00,10595,0.013905922515143302,0.006880806049596462
53-2012.00,10594,0.059835276081654426,0.012669229845776514
53-2012.00,10593,0.05685081997895021,0.008459263890260265
53-2012.00,10592,0.05839023471459071,0.013259227829255907
53-2012.00,10591,0.0883782598181646,0.008964410932798391
53-2012.00,10590,0.14061084833155899,0.018402438045229706
53-2012.00,10589,0.06453208714362425,0.007572430733543509
53-2012.00,10588,0.08819388608582286,0.01710263443680766
53-2012.00,10587,0.05894075235536444,0.004490243028817769
53-2011.00,10586,0.003610091963587954,0.0026668094892528106
53-2011.00,10584,0.0055955821650857315,0.0031428820404622152
53-2011.00,10583,0.0034065548385831053,0.0028030580118452433
53-2011.00,10582,0.008228315940812945,0.00253176427924493
53-2011.00,10581,0.003935751871923627,0.002182555783774308
53-2011.00,10580,0.005781139386560599,0.0027165096497928387
53-2011.00,10579,0.03563552589041791,0.00541917566152211
53-2011.00,10578,0.023047744381759116,0.004517985972029318
53-2011.00,10577,0.03634585528895747,0.005042135531000531
53-2011.00,10576,0.033360638439139674,0.005124901362800082
53-2011.00,10575,0.04813195301062537,0.005929495508793463
53-2011.00,10574,0.012956190279454783,0.0021260272518920853
53-2011.00,10573,0.027830481373898677,0.004303636886259006
53-2011.00,10572,0.03412986166334745,0.004444837368789258
53-2011.00,10571,0.10737960248728053,0.00810500641197046
53-2011.00,10570,0.044518334563223634,0.0035486283295028467
53-2011.00,10569,0.045716160255158816,0.0028250713535193156
53-2011.00,10568,0.07992165401460893,0.008825219569010348
53-2011.00,10567,0.10855075019762253,0.007652969969001115
53-2011.00,10566,0.10426750397581012,0.006162578746783099
53-2011.00,10565,0.08544493864508768,0.008274506171981888
53-2011.00,10564,0.06783281271015015,0.006084992047952871
53-2011.00,10563,0.00363295773620591,0.0026604255920802252
53-2011.00,10562,0.07073959892069728,0.009124750917575508
51-9083.00,10544,0.017231913035670437,0.006112456570599329
51-9083.00,10543,0.020747123596392966,0.005442794060767641
51-9083.00,10542,0.024803181860369596,0.006317681385582226
51-9083.00,10541,0.009420114989045247,0.00350713094041119
51-9083.00,10540,0.06537102825973658,0.007111665358914919
51-9083.00,10539,0.04659477075651294,0.005419452511803318
51-9083.00,10538,0.023267843895327434,0.005282121913222393
51-9083.00,10537,0.07262764707703714,0.007478070242492665
51-9083.00,10536,0.05141290832247747,0.009395141267999852
51-9083.00,10535,0.08499273316312977,0.008010152209864594
51-9083.00,10534,0.05222655800121673,0.008332956318577176
51-9083.00,10533,0.08957302934003734,0.007013948660872481
51-9083.00,10532,0.07882827160513409,0.0069663348267584345
51-9083.00,10531,0.05913983334218219,0.007364436675508952
51-9083.00,10530,0.07190875393441193,0.005796208734635282
51-9083.00,10529,0.07265008169188461,0.006063664831658272
51-9083.00,10528,0.08407476080675919,0.010038340771668618
51-9083.00,10527,0.0751294463226744,0.009936002234628585
51-9082.00,10526,0.026079514340567322,0.008587146573775462
51-9082.00,10525,0.012618590083777794,0.006786723935500424
51-9082.00,10524,0.07930438838418954,0.011952229976548184
51-9082.00,10523,0.09046815776391322,0.012108666989728092
51-9082.00,10522,0.0704942428767827,0.015440808068446183
51-9082.00,10521,0.04503687147001732,0.008956226131149162
51-9082.00,10520,0.09903806645188643,0.014815582702642412
51-9082.00,10519,0.09468054605484447,0.011749587747671696
51-9082.00,10518,0.08847692458506083,0.0104565422489111
51-9082.00,10517,0.04570412332637506,0.013513442882535018
51-9082.00,10516,0.044449457172018314,0.010735296077253877
51-9082.00,10515,0.07472782362012258,0.010598355690879404
51-9082.00,10514,0.0751754901214992,0.013662277692245248
51-9082.00,10513,0.10030847821612124,0.012585431544626319
51-9082.00,10512,0.05343732553282399,0.01274269663668764
51-8091.00,10511,0.005493318436183856,0.0045826958324205165
51-8091.00,10510,0.0012725676181306097,0.0009115262486465497
51-8091.00,10509,0.008104647529166288,0.006254516184936314
51-8091.00,10507,0.03310857699090288,0.007361535226974313
51-8091.00,10506,0.07404971746067787,0.009089246445512653
51-8091.00,10505,0.025449078718604596,0.0072937730783998195
51-8091.00,10504,0.06792113293546471,0.00934443142000245
51-8091.00,10503,0.029894408977643287,0.008543643158421113
51-8091.00,10502,0.06718661679627057,0.007278000097060259
51-8091.00,10501,0.057146083732948064,0.008139906233558916
51-8091.00,10500,0.0465191037665191,0.00765830380671379
51-8091.00,10498,0.06685411258145023,0.0064368866751863705
51-8091.00,10497,0.03358697473701562,0.00791443627069087
51-8091.00,10496,0.08853617920212015,0.005663422187384703
51-8091.00,10495,0.14808795116718376,0.011188188074293875
51-8091.00,10494,0.14837269903515762,0.01192968655694876
51-8091.00,10493,0.09841683031456074,0.012857240587856781
51-8021.00,10491,0.003209503266401794,0.0013272826338853732
51-8021.00,10490,0.004416542226831383,0.0027880756632473556
51-8021.00,10489,0.024414037545834332,0.007484879022562033
51-8021.00,10488,0.043087151506514265,0.011266431275795949
51-8021.00,10487,0.012887807191237747,0.006276298582204711
51-8021.00,10486,0.020403526225256395,0.008892019029846286
51-8021.00,10485,0.005322971495972825,0.001530247668791513
51-8021.00,10484,0.006973581074230794,0.0021864113327808763
51-8021.00,10483,0.038388266210582084,0.0076675034491569954
51-8021.00,10482,0.027367667419981954,0.009224056424109799
51-8021.00,10481,0.010575585665324782,0.0018220709007784254
51-8021.00,10480,0.031434272370837096,0.011241049942448057
51-8021.00,10479,0.01978372247588289,0.004378197856930631
51-8021.00,10478,0.02193716823100587,0.0056792419258575805
51-8021.00,10477,0.07952576119850945,0.013541133101876957
51-8021.00,10476,0.08561133537974039,0.022431960353453854
51-8021.00,10475,0.05331270764276698,0.013369751909532823
51-8021.00,10474,0.07182712904839399,0.01760288361252398
51-8021.00,10473,0.04129532018712949,0.013267343949322469
51-8021.00,10472,0.09177361134440061,0.0163936365727478
51-8021.00,10471,0.07653133741770358,0.022216888171149675
51-8021.00,10470,0.02741758826981527,0.003709201989355979
51-8021.00,10469,0.0978886310069765,0.01970139262724977
51-8021.00,10468,0.10461477559866948,0.01821910275298134
51-5111.00,10433,0.02288975351732891,0.008539325479846349
51-5111.00,10428,0.023724503341792193,0.008985843467579902
51-5111.00,10427,0.019812620234511504,0.006580782782877203
51-5111.00,10425,0.03522852222397939,0.008800863981754286
51-5111.00,10412,0.03546968991533327,0.008702846038979726
51-5111.00,10410,0.02748592723363671,0.0075221106936843255
51-5111.00,10407,0.025581139544285893,0.010802782881906534
51-5111.00,10406,0.04570198956843971,0.008980152530236714
51-5111.00,10405,0.06572536973815421,0.009944920796455542
51-5111.00,10404,0.027232343176425717,0.00754156596941412
51-5111.00,10403,0.13739127078475857,0.016224424755464126
51-5111.00,10402,0.15081700504180148,0.012761911835876678
51-4194.00,10364,0.029585905464476186,0.012087960941827309
51-4194.00,10363,0.008929332867310963,0.0033709239172699814
51-4194.00,10362,0.0301532985206368,0.010500324940110222
51-4194.00,10361,0.030353466655445246,0.00873913975765707
51-4194.00,10359,0.06756374644226308,0.0140147841701298
51-4194.00,10358,0.06688341749301889,0.013325484696349898
51-4194.00,10357,0.11222481985050799,0.02022198926370982
51-4194.00,10356,0.02858883246090066,0.007316083846959781
51-4194.00,10355,0.04215427147643627,0.01150658121405881
51-4194.00,10354,0.057579320480045916,0.01320931462723639
51-4194.00,10353,0.06863766981076465,0.013047152422332717
51-4194.00,10352,0.06380752930136428,0.018913587639187428
51-4194.00,10351,0.07723448797238264,0.01702294298907351
51-4194.00,10350,0.11265851656009,0.02237948262266731
51-4194.00,10349,0.1050952460349694,0.02456510469450894
51-4194.00,10348,0.0628387324257346,0.01136232010086159
51-4193.00,10345,0.01612958780096794,0.005075136916652497
51-4193.00,10343,0.011892809338878017,0.00568106274917853
51-4193.00,10342,0.03548102342096467,0.008603462157437038
51-4193.00,10340,0.01343478181238001,0.005003496512667686
51-4193.00,10337,0.029723653477030862,0.009196488536579428
51-4193.00,10335,0.024639632256069896,0.006903101362293467
51-4193.00,10333,0.020203110801891723,0.00871401411925793
51-4193.00,10331,0.023102968247787084,0.007347774801776188
51-4193.00,10330,0.030560057807162436,0.007323920737688565
51-4193.00,10329,0.02710709211827674,0.006225719254792585
51-4193.00,10328,0.03600601996405377,0.01063984941964102
51-4193.00,10327,0.04954902993082609,0.011617162493018201
51-4193.00,10326,0.058690165291680994,0.014252822579404318
51-4193.00,10325,0.025974236373103646,0.007411876983248501
51-4193.00,10324,0.03426710665505,0.00793437510843324
51-4193.00,10323,0.031636753164352285,0.008909332495528813
51-4193.00,10322,0.023777033536152112,0.006062609934690592
51-4193.00,10321,0.0034870877863166063,0.0008807120996372527
51-4193.00,10320,0.020491531434295163,0.006939430984791668
51-4193.00,10319,0.058113058910063645,0.011748383131975576
51-4193.00,10318,0.05830075763324227,0.009799339976794696
51-4193.00,10317,0.025285069213092662,0.007555746304680974
51-4193.00,10316,0.04889650782440131,0.010672629713500591
51-4193.00,10315,0.026972387476879113,0.0050809480623791176
51-4193.00,10314,0.02078679109433188,0.007825720427003044
51-4193.00,10313,0.021513648741767817,0.007505373595090771
51-4193.00,10312,0.06904165423207297,0.010001409304230668
51-4193.00,10311,0.06024704502543426,0.009031878561192013
51-4193.00,10310,0.0387989563106309,0.008498537558592407
51-4193.00,10309,0.05589044232084314,0.01028210899512055
51-4192.00,10308,0.0008944558671558253,0.00057070710115678
51-4192.00,10307,0.04606058759868186,0.02098329688009975
51-4192.00,10306,0.020632422614760202,0.008163719771280002
51-4192.00,10305,0.06518519928961088,0.0244967115120879
51-4192.00,10304,0.0327555957840999,0.014923871631719944
51-4192.00,10303,0.042492483509240994,0.013024380379253466
51-4192.00,10302,0.07927200134350304,0.01904436003647897
51-4192.00,10301,0.1002075304167817,0.0186424851244908
51-4192.00,10300,0.06927473933861084,0.020912157473645138
51-4192.00,10299,0.08492130855664848,0.01578823041590193
51-4192.00,10298,0.13643045417101646,0.023005272076111916
51-4192.00,10297,0.09192563737306268,0.02116588961770227
51-4192.00,10296,0.08000975593478755,0.018495042219656265
51-4192.00,10295,0.14993782820203955,0.023919909718341438
51-4122.00,10294,0.006649723967325544,0.004323523141672599
51-4122.00,10292,0.04272652038026675,0.010862646800660602
51-4122.00,10291,0.02109199704834328,0.007331862785277744
51-4122.00,10290,0.03935282994778258,0.007671864935398314
51-4122.00,10289,0.01771986417765549,0.008314554632369572
51-4122.00,10288,0.018073427266701317,0.006771245104853564
51-4122.00,10287,0.022994202521588496,0.006196676299040721
51-4122.00,10286,0.03355226746536157,0.006754935286361724
51-4122.00,10285,0.03102562040788264,0.007324290070851063
51-4122.00,10284,0.05224652618591364,0.008737235660293271
51-4122.00,10283,0.03396598443802556,0.008651960867302468
51-4122.00,10282,0.03329214635227652,0.008189352507902332
51-4122.00,10281,0.038568241212119714,0.007146982893288307
51-4122.00,10280,0.034005212331727666,0.006811453251058326
51-4122.00,10279,0.03334167971641676,0.006090251317188979
51-4122.00,10278,0.02754666826385866,0.010475493553177676
51-4122.00,10277,0.025704374354195935,0.006425539032513073
51-4122.00,10276,0.05664884586123516,0.01049981104398691
51-4122.00,10275,0.0490975827359502,0.008840080186266853
51-4122.00,10274,0.058296622611629434,0.005770595670579778
51-4122.00,10273,0.019995705106817703,0.008238757765732727
51-4122.00,10272,0.04090913542771897,0.0070698986649168115
51-4122.00,10271,0.054282735940247503,0.008751279480852813
51-4122.00,10270,0.04055793545415088,0.006479810017209303
51-4122.00,10269,0.029859120833804594,0.007526692086632702
51-4122.00,10268,0.027095583098993462,0.0052687114382201986
51-4122.00,10267,0.06345891918493375,0.007904685238642174
51-4122.00,10266,0.04794052770707623,0.008967326859629584
51-4081.00,10225,0.036830405659960146,0.012827249671952482
51-4081.00,10224,0.015235152962099563,0.006630418324183496
51-4081.00,10223,0.03335095303077762,0.015109250755057499
51-4081.00,10222,0.019180615341861097,0.004396171407605904
51-4081.00,10221,0.02428737086790715,0.006985676195509017
51-4081.00,10220,0.021328045842165903,0.008644875124366264
51-4081.00,10219,0.03063492889254338,0.009711418105506476
51-4081.00,10218,0.022958213565374575,0.006393411635356101
51-4081.00,10217,0.06404361088642839,0.014243431941577551
51-4081.00,10216,0.03028652655034205,0.006215557631189476
51-4081.00,10215,0.05032909963925042,0.008567240742978554
51-4081.00,10214,0.04045526147151701,0.011398931811083651
51-4081.00,10213,0.03847490366373533,0.014481170825374846
51-4081.00,10212,0.07282982966500934,0.017372919028533294
51-4081.00,10211,0.09184482888311267,0.019073009429075454
51-4081.00,10210,0.07350610169446195,0.011906910816567884
51-4081.00,10209,0.051747462299551884,0.013887584973584726
51-4081.00,10208,0.07576369948556788,0.016260615382294345
51-4081.00,10207,0.09662444583638381,0.014369828907326547
51-4081.00,10206,0.10647719995157828,0.016567673966351996
51-4072.00,10203,0.017759137345666035,0.0062716490208094425
51-4072.00,10200,0.027267162778153338,0.0065722347547875
51-4072.00,10199,0.015997650154173843,0.005962815299982515
51-4072.00,10198,0.012814938371150851,0.00247305078407612
51-4072.00,10197,0.02709054555292357,0.006635335036303336
51-4072.00,10196,0.03668226956217001,0.00978713083084543
51-4072.00,10195,0.030178377298788372,0.0068992866405713175
51-4072.00,10194,0.03300732242199967,0.012487211271498188
51-4072.00,10193,0.02281745126385786,0.005691166946359283
51-4072.00,10192,0.02688518679462127,0.008812506361983202
51-4072.00,10191,0.025461796091007155,0.00796355467831712
51-4072.00,10190,0.012921716016402398,0.006303349667544181
51-4072.00,10189,0.024799341736955444,0.007928618058262149
51-4072.00,10188,0.02967738262049185,0.009061668006655341
51-4072.00,10187,0.017084923245022025,0.004680114710827198
51-4072.00,10186,0.04774777592893316,0.009569166346457018
51-4072.00,10185,0.019174549056424517,0.006906675925458487
51-4072.00,10184,0.055222536466070594,0.008372764412354896
51-4072.00,10183,0.017415456678608974,0.006440705427170073
51-4072.00,10182,0.025049251872250655,0.006548311936342737
51-4072.00,10181,0.07081639429401215,0.015094035592225719
51-4072.00,10180,0.03666951339140527,0.012749564268390152
51-4072.00,10179,0.014208634062778908,0.006273893165722444
51-4072.00,10178,0.03257348729696695,0.008002910048691388
51-4072.00,10177,0.04517415234909955,0.007278025918304935
51-4072.00,10176,0.03162568233170606,0.006648749563995606
51-4072.00,10175,0.04186189054164986,0.008329526508202964
51-4072.00,10174,0.0871821465613447,0.014379938832291488
51-4072.00,10173,0.11483332791536487,0.012367326091115795
51-4051.00,10172,0.033813038613751574,0.00781178953753343
51-4051.00,10171,0.05300377229234265,0.012188815233613086
51-4051.00,10169,0.034282104069103876,0.009791174211526619
51-4051.00,10168,0.07399580661647356,0.013960922271667935
51-4051.00,10167,0.04913057549057605,0.011801195498511012
51-4051.00,10165,0.12146895368847073,0.011299030006663673
51-4051.00,10164,0.05303030427019023,0.008996708436490735
51-4051.00,10163,0.10726218001577817,0.018515697770575382
51-4051.00,10162,0.08133819838388802,0.01375626029488461
51-4051.00,10161,0.07833484283954878,0.010718755407777518
51-4051.00,10160,0.1319248040361629,0.01912624083090006
51-4051.00,10159,0.10224500023700132,0.0169859791019835
51-4051.00,10158,0.08017041944671209,0.013417320826255153
51-4033.00,10157,0.027901920950160444,0.0060242808127038226
51-4033.00,10156,0.02639419070242279,0.007990272855922062
51-4033.00,10155,0.012299197196094446,0.004894529334774322
51-4033.00,10154,0.03746289019533514,0.012337959537025489
51-4033.00,10153,0.014209397402288855,0.007684280232822948
51-4033.00,10152,0.03767073256264495,0.009473483932511734
51-4033.00,10151,0.03296358001127747,0.007959279828201908
51-4033.00,10150,0.05616432860041252,0.010759056049338599
51-4033.00,10149,0.0910673911008392,0.011345892796547633
51-4033.00,10148,0.06678680668910929,0.010322634321585346
51-4033.00,10147,0.05714174884309039,0.013120113003841707
51-4033.00,10146,0.0711860702170105,0.013561734822687377
51-4033.00,10145,0.0845276263384101,0.011850627089825073
51-4033.00,10144,0.053360104325690196,0.009128517873937968
51-4033.00,10143,0.09063815849052188,0.008715354951073867
51-4033.00,10142,0.08959900458136309,0.013201482289778377
51-4033.00,10141,0.04180426312048796,0.007752867519354329
51-4033.00,10140,0.10882258867284075,0.01230162676515469
51-4031.00,10136,0.03579240793214754,0.020402604150053797
51-4031.00,10135,0.03581025140587994,0.01938208687419824
51-4031.00,10130,0.03970971093754447,0.02091990427099038
51-4031.00,10129,0.027184486675538373,0.013205768993449224
51-4031.00,10124,0.07189666008643246,0.025619761152613555
51-4031.00,10118,0.07146507381424949,0.01859320668197277
51-4031.00,10115,0.11603588707342646,0.024761512445388267
51-4031.00,10114,0.10448746022038483,0.020306238314346834
51-4031.00,10113,0.09112540002873429,0.026985750942182616
51-4031.00,10111,0.13224179172716147,0.02296999151904126
51-4031.00,10110,0.1254748442719717,0.029564055394106777
51-4023.00,10109,0.03542269396995447,0.011322102340572134
51-4023.00,10108,0.01886318248384054,0.0060220210512808665
51-4023.00,10107,0.049008781301135784,0.009793712929893532
51-4023.00,10106,0.032229304889948865,0.008166500355380248
51-4023.00,10105,0.04396574258779399,0.008469761572914614
51-4023.00,10104,0.03874684299108995,0.006027669423237732
51-4023.00,10103,0.035791173967353235,0.010410337167883005
51-4023.00,10102,0.04807397644796577,0.00983856092815123
51-4023.00,10101,0.04249160481413237,0.009640759375555395
51-4023.00,10100,0.03562544823803934,0.008942347535012529
51-4023.00,10099,0.05433660129170544,0.009848503633719417
51-4023.00,10098,0.056108457138633355,0.009261867247006006
51-4023.00,10097,0.05700354955305604,0.009294205503227071
51-4023.00,10096,0.06391427194771594,0.008366110095906926
51-4023.00,10095,0.06260983016695766,0.007261065670382973
51-4023.00,10094,0.07376382737444963,0.007682286065753104
51-4023.00,10093,0.07872814013561821,0.011148094232660681
51-4023.00,10092,0.08513702999583551,0.009441471856014329
51-4023.00,10091,0.08817954070477385,0.010086869865226517
51-4022.00,10089,0.08890897716225944,0.01962204269483083
51-4022.00,10088,0.0385205601737122,0.007648212213001348
51-4022.00,10087,0.07882285224911374,0.02212145819352141
51-4022.00,10086,0.10665796248607981,0.025408914217829513
51-4022.00,10085,0.14776672875722077,0.023024775636363227
51-4022.00,10084,0.036734774569918596,0.011840950545026579
51-4022.00,10083,0.05763819961169514,0.013395034643520813
51-4022.00,10082,0.08396689906656737,0.018090851724853543
51-4022.00,10081,0.05460655959632081,0.01638759348494544
51-4022.00,10080,0.08666071701910466,0.0216629588363788
51-4022.00,10079,0.1223694056669694,0.02249654303502427
51-4022.00,10078,0.09734636364103809,0.02324549816132949
51-3091.00,10076,0.05468179359209061,0.011622593588177329
51-3091.00,10075,0.04429539518512943,0.010348294362800619
51-3091.00,10074,0.013860445372429595,0.006629100437136639
51-3091.00,10073,0.026553796172129874,0.008602058558137345
51-3091.00,10072,0.023392384647812067,0.005482339445741533
51-3091.00,10071,0.06014182074509184,0.01409313463354516
51-3091.00,10070,0.03539884915638883,0.008405858702290929
51-3091.00,10069,0.02170883309676973,0.007716840477054297
51-3091.00,10068,0.044690126812597736,0.008969674316299513
51-3091.00,10067,0.05705158184175208,0.0138743914472629
51-3091.00,10066,0.03522485773046701,0.009122825436670595
51-3091.00,10065,0.052986654789816484,0.012280510212679644
51-3091.00,10064,0.07596228554049168,0.01374696446745888
51-3091.00,10063,0.09576864421594072,0.015483246902092964
51-3091.00,10062,0.07506600974867722,0.01195531442190093
51-3091.00,10061,0.04429613109898479,0.00662581881338592
51-3091.00,10060,0.07232657994521156,0.01671295642982399
51-3091.00,10059,0.07534018110044027,0.009023575743182391
51-3091.00,10058,0.09125362920777848,0.009382195224597833
51-2041.00,10057,0.0034011465881188655,0.0012299537735404038
51-2041.00,10056,0.0014519504721751564,0.0007258836610223529
51-2041.00,10055,0.005960750227518155,0.001582507545085447
51-2041.00,10054,0.008665925430986297,0.004781887654610311
51-2041.00,10053,0.05402906572118578,0.010140388315803545
51-2041.00,10052,0.020445431183698598,0.007071250696837806
51-2041.00,10051,0.0276129289893065,0.010653070602505962
51-2041.00,10050,0.05353847976375062,0.007159675370071919
51-2041.00,10049,0.0359959476150786,0.008337074415700267
51-2041.00,10048,0.021205422382864433,0.006747892754589206
51-2041.00,10047,0.010293312907523399,0.0027908782677659293
51-2041.00,10046,0.020495993264182166,0.0059111830095788355
51-2041.00,10045,0.06290228829554763,0.013898996493352776
51-2041.00,10044,0.05670587898277424,0.010474937069151698
51-2041.00,10043,0.08056968710134368,0.00879489760817498
51-2041.00,10042,0.08568878948916357,0.013481140395980242
51-2041.00,10041,0.04548483202033905,0.010251572792965716
51-2041.00,10040,0.032026968383337254,0.01010150849726538
51-2041.00,10039,0.04108661844341992,0.010574182595488762
51-2041.00,10038,0.05784072350960337,0.011545185370046547
51-2041.00,10037,0.09120561870936178,0.01334153343289492
51-2041.00,10036,0.0966279155418946,0.010936477866999065
51-2041.00,10035,0.08676432497682642,0.010470689849810389
51-2022.00,10034,0.032644385743450896,0.011592407814541872
51-2022.00,10033,0.005480515386040299,0.0038286940240248248
51-2022.00,10031,0.035074198658361214,0.009833947265966396
51-2022.00,10030,0.03024584442349858,0.009007391762616956
51-2022.00,10029,0.03821999994826829,0.010466267236896868
51-2022.00,10028,0.02998764024614628,0.013065970640773885
51-2022.00,10027,0.06679793443591461,0.013311559395023887
51-2022.00,10026,0.03836724287109395,0.00981725222768396
51-2022.00,10025,0.02382942691842888,0.010508838750706948
51-2022.00,10024,0.12119169763693166,0.018624754624160113
51-2022.00,10023,0.0335485363541958,0.00973863309558623
51-2022.00,10022,0.15014856910920255,0.016236759309307368
51-2022.00,10021,0.09686739180134928,0.01687688374010637
51-2022.00,10020,0.10024081212550796,0.01912897216984013
51-2022.00,10019,0.1447164901693081,0.019933134587876385
51-2022.00,10018,0.052639314172301645,0.015119918117677213
49-3092.00,10017,0.017371268636780558,0.01244405099694525
49-3092.00,10016,0.0703349747563846,0.021710074557072724
49-3092.00,10015,0.04169954099522837,0.016935196005017465
49-3092.00,10014,0.06626247861005034,0.013243526855950668
49-3092.00,10013,0.051030711726606184,0.010962229450818184
49-3092.00,10012,0.03355684052750636,0.01571040818480727
49-3092.00,10011,0.06335417175374763,0.01604001441778648
49-3092.00,10010,0.09677530629428079,0.01569763627403968
49-3092.00,10009,0.05895313238434915,0.012712883495795819
49-3092.00,10008,0.08545317647963072,0.01357571065933966
49-3092.00,10007,0.0515018212631331,0.00501531272942383
49-3092.00,10006,0.10557059290299031,0.015830833488770332
49-3092.00,10005,0.05096015955250242,0.011626466706264799
49-3092.00,10004,0.09278823701761738,0.013383111714075652
49-3043.00,10001,0.05792275005899285,0.017350175935046418
49-3043.00,10000,0.020016152751617014,0.006572036937374143
49-3043.00,9999,0.013393714541123617,0.005955496210520918
49-3043.00,9996,0.049443012081348874,0.020949207596481244
49-3043.00,9995,0.023310517906810213,0.011403007544772813
49-3043.00,9992,0.04730198212720888,0.01716243221373081
49-3043.00,9991,0.058921052246877555,0.019424345456577504
49-3043.00,9990,0.08191975149943787,0.023221384877645367
49-3043.00,9989,0.09550051588456916,0.03050610749371307
49-3043.00,9988,0.13811215428738005,0.034130408485096485
49-3043.00,9987,0.10879833238406197,0.02244148617659574
49-3043.00,9986,0.13479744544337385,0.027459338432215034
49-3043.00,9985,0.07244826708813838,0.020407525682569413
49-3043.00,9984,0.09811435169905976,0.031829404382375345
49-3011.00,9983,0.0028754952938138596,0.00256836270308817
49-3011.00,9982,0.013027611917365053,0.009082613323198043
49-3011.00,9981,0.020140931271191743,0.009771734984801023
49-3011.00,9980,0.0027126013863573396,0.0025676748894175308
49-3011.00,9979,0.012162052808845561,0.009777356779886143
49-3011.00,9978,0.0034325852563043256,0.002867554737429007
49-3011.00,9977,0.027419121125662842,0.01025235454456846
49-3011.00,9976,0.023543306595074174,0.006756094346521488
49-3011.00,9975,0.0026332178824295454,0.0020402398446745635
49-3011.00,9974,0.009683742089178179,0.0052290405555025675
49-3011.00,9973,0.012843727950800698,0.009429551099417822
49-3011.00,9972,0.029492656967681333,0.009546626895775045
49-3011.00,9971,0.01622577893851641,0.006015859827445981
49-3011.00,9970,0.015165151264976022,0.00877522593856697
49-3011.00,9969,0.016131712656504184,0.009895237346596792
49-3011.00,9968,0.0491012137513462,0.008008578798923487
49-3011.00,9967,0.004355649073927338,0.0023356352651595262
49-3011.00,9966,0.016094806905547137,0.008012893359611662
49-3011.00,9965,0.03982467317008568,0.009760966367276525
49-3011.00,9963,0.017278214178447632,0.006936206758918483
49-3011.00,9962,0.012997355508428121,0.008697441109175174
49-3011.00,9961,0.01647473831640197,0.00850072218208281
49-3011.00,9960,0.03267997247252596,0.009325787757225125
49-3011.00,9959,0.004456742752978658,0.0027583029098415352
49-3011.00,9958,0.023594690656634408,0.010512906924472569
49-3011.00,9957,0.032059673268869604,0.010121736451344055
49-3011.00,9956,0.03763703279202239,0.010471845934562827
49-3011.00,9955,0.034330229877730975,0.01432132594205472
49-3011.00,9954,0.05350457917217023,0.009797953236976525
49-3011.00,9953,0.01584458544402715,0.009079418305105015
49-3011.00,9952,0.03869476880078977,0.01415880157430059
49-3011.00,9951,0.04713338144788391,0.014696132550253791
49-3011.00,9950,0.06037036809753328,0.019699430701096955
49-3011.00,9949,0.06026074588124336,0.014790916136041948
49-3011.00,9948,0.05663134555267541,0.012515672387700145
49-3011.00,9947,0.05692711065163031,0.01061697195656641
49-3011.00,9946,0.0822584288223993,0.013085869533004266
49-2091.00,9945,0.012117090355013077,0.0074344431054966945
49-2091.00,9944,0.009625755337293413,0.0031786580434143203
49-2091.00,9943,0.06396640976812162,0.015206949154045349
49-2091.00,9942,0.01987486892619579,0.008268202983950501
49-2091.00,9941,0.09280436869394472,0.013883272534860124
49-2091.00,9940,0.07517526286419327,0.01334944714193924
49-2091.00,9939,0.12655554623026577,0.01901829418463397
49-2091.00,9938,0.10076647735201595,0.018067891533726687
49-2091.00,9937,0.06418106175198143,0.012271305564950166
49-2091.00,9936,0.10957829732034143,0.014194391895520896
49-2091.00,9935,0.1377282071775144,0.015120972115825209
49-2091.00,9934,0.12933456000331064,0.02045177219770476
49-2091.00,9933,0.05829209421980851,0.012985508191810989
47-5032.00,9927,0.002591175976187805,0.0
47-5032.00,9925,0.007109008579227326,0.0
47-5032.00,9924,0.012798280744734386,0.0
47-5032.00,9923,0.027667958740075178,0.0
47-5032.00,9922,0.01027084672993735,0.0
47-5032.00,9920,0.01940415034052492,0.0
47-5032.00,9919,0.038909369631192015,0.0
47-5032.00,9918,0.03519065596623716,0.0
47-5032.00,9917,0.04431675148356775,0.0
47-5032.00,9916,0.022835445121225765,0.0
47-5032.00,9915,0.04865955662156664,0.0
47-5032.00,9914,0.09266518180951837,0.0
47-5032.00,9913,0.022917481031150086,0.0
47-5032.00,9912,0.0751295211517822,0.0
47-5032.00,9911,0.11726640339034573,0.0
47-5032.00,9910,0.03360709103848048,0.0
47-5032.00,9909,0.034058090348802084,0.0
47-5032.00,9908,0.12718339605594017,0.0
47-5032.00,9907,0.06550410194106433,0.0
47-5032.00,9906,0.032881692398710395,0.0
47-5032.00,9905,0.05606637145326926,0.0
47-5032.00,9904,0.07296746944646058,0.0
47-5011.00,9903,0.13352148733937627,0.019726336399641616
47-5011.00,9902,0.012046880632094878,0.00383349471034263
47-5011.00,9901,0.10791804096366373,0.026672168979179848
47-5011.00,9900,0.038929093457962916,0.0064248525225945865
47-5011.00,9899,0.03881177093467826,0.007857621634133742
47-5011.00,9898,0.07748141759086548,0.019701406450102724
47-5011.00,9897,0.09199889122847744,0.02361077265226537
47-5011.00,9896,0.03882695481153529,0.006673634140721204
47-5011.00,9895,0.08135804263314932,0.01759760490975235
47-5011.00,9894,0.136801189201065,0.016080364312449344
47-5011.00,9893,0.007964272560860413,0.003075941764316895
47-5011.00,9892,0.05064905700858083,0.013520237262953507
47-5011.00,9891,0.12425348591763531,0.019728226075208605
47-5011.00,9890,0.04640601442871233,0.01264343563021462
47-5011.00,9889,0.013033401291342481,0.0022796975090446717
47-2161.00,9888,0.015601578830846414,0.005168247097705746
47-2161.00,9887,0.024927942284506184,0.006829862952817997
47-2161.00,9886,0.030613873311061468,0.01203823123848616
47-2161.00,9885,0.04781943642917949,0.01376101116402483
47-2161.00,9884,0.03521666657572459,0.0073171842149520275
47-2161.00,9883,0.06658263094404276,0.009366351520696614
47-2161.00,9882,0.05510541597587955,0.013404929433503904
47-2161.00,9881,0.05007649906434085,0.014575360303486306
47-2161.00,9880,0.09570020800643672,0.015012672190207528
47-2161.00,9879,0.16306385087107894,0.035712409527461644
47-2161.00,9878,0.14771491289167377,0.026726783764019928
47-2073.00,9875,0.011979430321835613,0.00778146577211528
47-2073.00,9874,0.009615466967400971,0.006280744967794527
47-2073.00,9873,0.007759471185912055,0.0044375942361515475
47-2073.00,9872,0.04162307035083112,0.011491197102059569
47-2073.00,9871,0.0032986409646409837,0.0014592208901623215
47-2073.00,9869,0.0016768147154068976,0.0006542042464789742
47-2073.00,9868,0.02270814321067462,0.007722452334165
47-2073.00,9867,0.03224696597026737,0.016242486546876402
47-2073.00,9864,0.009839315683264079,0.0020387174271653836
47-2073.00,9863,0.024459870805829585,0.008396953243161134
47-2073.00,9862,0.013734331520627134,0.007150857757680274
47-2073.00,9861,0.024611203837012208,0.008925152957073551
47-2073.00,9860,0.023931124053023067,0.006839955139792512
47-2073.00,9859,0.051629529444914106,0.01634698583326633
47-2073.00,9858,0.05536215358365745,0.019035661294040856
47-2073.00,9857,0.10952118827263409,0.01021671544964531
47-2073.00,9856,0.09335361850718532,0.01600946649575548
47-2073.00,9854,0.04232586376203711,0.011570858086238112
47-2073.00,9853,0.0197111379386407,0.004894355975109708
47-2073.00,9852,0.12910566138239812,0.01592581075282342
47-2073.00,9851,0.06945437112827481,0.00923023288407223
47-2073.00,9850,0.08466618631524053,0.008816657046718782
47-2073.00,9849,0.11738644007829202,0.009773724735995245
47-2053.00,9848,0.011783316455803806,0.003072452154664919
47-2053.00,9847,0.002553773942064379,0.0016632120267022926
47-2053.00,9846,0.0006237729607516314,0.00019076543542173165
47-2053.00,9845,0.004451689317175666,0.0020872310759669113
47-2053.00,9844,0.0021462296813490648,0.0015588262496445788
47-2053.00,9843,0.0037637605619025866,0.0032942377923157115
47-2053.00,9842,0.004369889807091332,0.002337387788551274
47-2053.00,9841,0.060869701039505106,0.017650277980988862
47-2053.00,9840,0.031695450267497385,0.01267584299533049
47-2053.00,9839,0.026459601221132348,0.008763635835080651
47-2053.00,9838,0.034988084437313736,0.00733047133980875
47-2053.00,9837,0.06196012451286453,0.011039427797479956
47-2053.00,9836,0.011936925027938843,0.0054172239220812044
47-2053.00,9835,0.02684191005532866,0.007161416575835033
47-2053.00,9834,0.026899915663797763,0.006798500957068545
47-2053.00,9833,0.035519782636978726,0.007131687823066363
47-2053.00,9832,0.038627447244378894,0.007699802710162345
47-2053.00,9831,0.06619330757999208,0.018564613696632436
47-2053.00,9830,0.02386092189642063,0.007214836875065964
47-2053.00,9829,0.11720809947157025,0.02370114490046473
47-2053.00,9828,0.058958232659850986,0.017919455816334078
47-2053.00,9827,0.05077705320786237,0.010133692473612422
47-2053.00,9826,0.039245716265419034,0.010775895885063632
47-2053.00,9825,0.13241143521057733,0.026636099051260808
47-2053.00,9824,0.050248822556411075,0.018885674161263043
47-2053.00,9823,0.07560503631902173,0.01974249897402198
45-4023.00,9821,0.023417636017115842,0.009917883945604255
45-4023.00,9820,0.038193412799916004,0.015175016670105347
45-4023.00,9819,0.0666927010839439,0.013291127746201484
45-4023.00,9818,0.01682818779487842,0.005475521758724316
45-4023.00,9817,0.12737436131324184,0.01876918758491996
45-4023.00,9816,0.1089337379765682,0.013928557017391704
45-4023.00,9815,0.045943223312689206,0.011950326480500435
45-4023.00,9814,0.12154862314117422,0.018747131369552993
45-4023.00,9813,0.11245436560539249,0.016844915005728864
45-4023.00,9812,0.13323751896592304,0.01731276935300712
45-4023.00,9811,0.1703407211994784,0.018601045260711938
45-4022.00,9809,0.026882267066208654,0.0035684835735672747
45-4022.00,9808,0.13354102731750495,0.02938152992561958
45-4022.00,9807,0.19677194523315972,0.029082351881783947
45-4022.00,9806,0.18175165898650797,0.03227084511118586
45-4022.00,9805,0.06019212821443196,0.023768595166255846
45-4022.00,9804,0.1204811037998787,0.02847406256100366
45-4022.00,9803,0.1946983594302959,0.021203653052400517
45-4022.00,9802,0.0856815099520121,0.012829602677586515
43-9111.00,9801,0.017052998062061026,0.008995597988775266
43-9111.00,9800,0.048059898492735675,0.022918148564535303
43-9111.00,9799,0.05621156074283639,0.025626344855466082
43-9111.00,9798,0.07398582204031888,0.021911941168516157
43-9111.00,9797,0.06914571218906998,0.02276231898022792
43-9111.00,9796,0.022224543560260625,0.0075068742746918615
43-9111.00,9795,0.07038089369293725,0.014063099108227983
43-9111.00,9794,0.05008215184437152,0.024377821163921242
43-9111.00,9793,0.022620304510142537,0.010258621441804693
43-9111.00,9792,0.10911812982652154,0.02174424464882686
43-9111.00,9791,0.09859573654367038,0.024461055855402775
43-9111.00,9790,0.07367421414959796,0.023878460757182654
43-9111.00,9789,0.11432263825339659,0.021731326877486187
43-9111.00,9788,0.17452539609207965,0.033202720798017726
43-4181.00,9766,0.0355702717019025,0.007344383128576193
43-4181.00,9764,0.041082444451068886,0.008872675909120591
43-4181.00,9763,0.010479875385486472,0.0059806804415252655
43-4181.00,9762,0.0683732735179097,0.011892556756307774
43-4181.00,9760,0.09279149028102879,0.010454353545609746
43-4181.00,9759,0.07588132611467961,0.01472146581474075
43-4181.00,9758,0.10264161816005168,0.010320992473114876
43-4181.00,9757,0.10057256728315955,0.005755710752000145
43-4181.00,9756,0.055143658784852286,0.0073621431721590655
43-4181.00,9755,0.05347660240871997,0.008168721547844565
43-4181.00,9754,0.07682764780656758,0.008795441543778261
43-4181.00,9753,0.07560538456509541,0.009347540907500076
43-4181.00,9752,0.08745360359651591,0.007524230056281905
43-4181.00,9751,0.04007838358268936,0.012833692786670398
43-4181.00,9750,0.03675754824912614,0.009598357083928265
43-4061.00,9748,0.004196607359084315,0.0017313343740436233
43-4061.00,9747,0.00930276453060122,0.005151463133381537
43-4061.00,9746,0.02484374824919737,0.010519095528736245
43-4061.00,9745,0.02004318163615254,0.009405291497449099
43-4061.00,9744,0.08430577367105722,0.016081231857796103
43-4061.00,9743,0.022455905710443133,0.010838435416092095
43-4061.00,9742,0.02511525629085026,0.010422608621040465
43-4061.00,9741,0.02503541394115447,0.00899176476775009
43-4061.00,9740,0.029331520202778228,0.01043549396316183
43-4061.00,9739,0.09407487479171928,0.014610996699281576
43-4061.00,9738,0.061653443047777194,0.015594766638534707
43-4061.00,9737,0.07350338984390664,0.012658400038604623
43-4061.00,9736,0.10693838941077888,0.015808914300339715
43-4061.00,9735,0.14055557572076505,0.020304285572404646
43-4061.00,9734,0.11676174020496129,0.016738209045359238
43-4061.00,9733,0.07436633515213474,0.011632039306697758
43-4061.00,9732,0.0875160802366381,0.01694058056695091
43-1011.00,9731,0.005266024433802236,0.004237960072042249
43-1011.00,9730,0.014409622025071329,0.006981074159101321
43-1011.00,9729,0.004051220525147442,0.0022045429730754183
43-1011.00,9728,0.00815632871664856,0.003405788877542492
43-1011.00,9727,0.008739852678104178,0.005916256168154238
43-1011.00,9725,0.018060528890301974,0.008140690156793735
43-1011.00,9724,0.026000263441729576,0.009672451658287963
43-1011.00,9723,0.023377050552226723,0.011506531325197028
43-1011.00,9722,0.03470125909430981,0.0043269264512497616
43-1011.00,9721,0.03304848371269375,0.01226818776421286
43-1011.00,9720,0.026778912701063577,0.007879196940117062
43-1011.00,9719,0.02826000120777548,0.011243284842403103
43-1011.00,9718,0.007482751057478872,0.004357537498954828
43-1011.00,9717,0.03257631126662328,0.008520321514744588
43-1011.00,9716,0.04170608930105679,0.010159593415950418
43-1011.00,9715,0.07478304055253727,0.016459266452021854
43-1011.00,9714,0.0519003289587857,0.015634508471828998
43-1011.00,9713,0.0650723191024024,0.018488055691431197
43-1011.00,9712,0.04137059425852716,0.008774553910710685
43-1011.00,9711,0.006942482737979243,0.006436270571603634
43-1011.00,9710,0.047347764870036106,0.01467209238018129
43-1011.00,9709,0.028390462859531455,0.011852947636138268
43-1011.00,9708,0.041801249679345856,0.010498215882694763
43-1011.00,9707,0.020601386915277155,0.0074348111817729495
43-1011.00,9706,0.05768503022280428,0.01368629118318256
43-1011.00,9705,0.07611420653793781,0.012810885822873309
43-1011.00,9704,0.11037215705167328,0.014437794579634884
43-1011.00,9703,0.06500427664912879,0.012566195089698357
41-9031.00,9701,0.0027192955754765697,0.0010692590342148555
41-9031.00,9700,0.01733119027119712,0.0062392481508262345
41-9031.00,9699,0.010513862724464171,0.003697437130171422
41-9031.00,9698,0.06536442803080104,0.010024815319232824
41-9031.00,9697,0.046006761320767676,0.008181328321733447
41-9031.00,9696,0.005005738147944971,0.0028209306805809385
41-9031.00,9695,0.02698773154499226,0.020502707182859715
41-9031.00,9694,0.03348093593521353,0.0207735036870913
41-9031.00,9693,0.0037954448802790864,0.0020673349966567386
41-9031.00,9692,0.11001780475402374,0.04280226602472121
41-9031.00,9691,0.014748955318007172,0.008427759477354782
41-9031.00,9690,0.06366892269420323,0.015183190174418859
41-9031.00,9689,0.022520993450605948,0.008855893011842407
41-9031.00,9688,0.04019930913094478,0.006052676497362147
41-9031.00,9687,0.0634291143844401,0.02730875031092002
41-9031.00,9686,0.016311021281107688,0.007571908870279299
41-9031.00,9685,0.03553690868458297,0.00995395034689931
41-9031.00,9684,0.011802778695998007,0.009061731800597897
41-9031.00,9683,0.04758840665641384,0.014733441452876798
41-9031.00,9682,0.11655285229050803,0.02416716103969484
41-9031.00,9681,0.04005205825861036,0.012640788184450748
41-9031.00,9680,0.08501849856675095,0.022641441410346602
41-9031.00,9679,0.07758580249134449,0.020426075742383407
41-9031.00,9678,0.04376118491132225,0.01522726311965797
41-1012.00,9676,0.02168840846171655,0.00811792547579338
41-1012.00,9674,0.0542086954670813,0.012354825738297161
41-1012.00,9673,0.07047424432059773,0.011308257087258959
41-1012.00,9672,0.032798766615683164,0.010032314673191982
41-1012.00,9671,0.025130221874205792,0.014382774415049364
41-1012.00,9670,0.03125520964447322,0.012245595347676342
41-1012.00,9669,0.07501211407085921,0.03594213488193014
41-1012.00,9668,0.02344620551078151,0.005216819526566101
41-1012.00,9667,0.04316465408673184,0.01059395627140947
41-1012.00,9666,0.0833375005597141,0.016204696186466794
41-1012.00,9665,0.14436918733368456,0.030838997031673244
41-1012.00,9663,0.02753417428608669,0.005822706228715868
41-1012.00,9662,0.027666565112512583,0.0051130952184284045
41-1012.00,9661,0.10297870077242285,0.024590762082340067
41-1012.00,9660,0.08082252540151408,0.015632606300089648
53-2031.00,9659,0.052774539929849415,0.006982378896673372
53-2031.00,9658,0.02909932672547397,0.005796823871266963
53-2031.00,9657,0.03884994146678835,0.0060496383703318455
53-2031.00,9656,0.025865601329969325,0.007764608810278896
53-2031.00,9655,0.04112023334130096,0.01076955042834861
53-2031.00,9654,0.03292932981188257,0.009859256235700505
53-2031.00,9653,0.027516742499651692,0.008103008105899317
53-2031.00,9652,0.04738523628131863,0.00789893534111558
53-2031.00,9651,0.0450316191268183,0.005127163623962045
53-2031.00,9650,0.0449246765730685,0.0062658754145754145
53-2031.00,9649,0.04003866909411756,0.007465257655527496
53-2031.00,9648,0.0506278388479276,0.008938254123254845
53-2031.00,9647,0.0315318706402168,0.010540321733434133
53-2031.00,9646,0.03874872701059447,0.005408182194391692
53-2031.00,9645,0.045468842935236814,0.010011405128430738
53-2031.00,9644,0.03940891374390506,0.007732277706872551
53-2031.00,9643,0.048634351989702285,0.008693016762396808
53-2031.00,9642,0.04671880199575711,0.006957202322083473
53-2031.00,9641,0.03991840113446134,0.007605492531903942
53-2031.00,9640,0.021092469162184976,0.011795829931209348
53-2031.00,9639,0.04037603161661657,0.00466621837364325
53-2031.00,9638,0.06008843491106182,0.006471909007974553
53-2031.00,9637,0.04932826756850574,0.009292747361077904
39-3092.00,9635,0.01050723514315571,0.0033006871202213898
39-3092.00,9634,0.03077315863593128,0.014577032162400425
39-3092.00,9633,0.009961594320754838,0.0041245228883947434
39-3092.00,9632,0.01127015166823068,0.005640465704958516
39-3092.00,9631,0.009895502987048426,0.008398430936013605
39-3092.00,9630,0.007114982185718971,0.0038683627880313535
39-3092.00,9629,0.04231121003695897,0.01218981657255174
39-3092.00,9628,0.03812900179659196,0.015116752567567724
39-3092.00,9627,0.08420925817515633,0.04900453643411258
39-3092.00,9626,0.04636274852820458,0.012448433157673933
39-3092.00,9625,0.041405448142348006,0.011671635069177153
39-3092.00,9624,0.00860557077091733,0.003845932550291798
39-3092.00,9623,0.03999309018307157,0.013246870065948055
39-3092.00,9622,0.010838747416682034,0.0025883625989966096
39-3092.00,9621,0.1387144235378275,0.03351819163653331
39-3092.00,9619,0.026105232389513417,0.00816622277804791
39-3092.00,9618,0.07836142610795942,0.017810825834011102
39-3092.00,9617,0.013601663560617136,0.00633027574151396
39-3092.00,9616,0.07918938257612945,0.01395116809284153
39-3092.00,9615,0.10970092202045548,0.04686689441000563
37-3011.00,9614,0.0013767669117402096,0.0010721020384055618
37-3011.00,9612,0.015457391495283865,0.008533553353037788
37-3011.00,9611,0.01778039007888481,0.01237357432753937
37-3011.00,9610,0.04196652261800974,0.01784817894250815
37-3011.00,9609,0.0034946505194632994,0.002512468393001473
37-3011.00,9608,0.014579415325840927,0.004945556346149624
37-3011.00,9607,0.011006603330577408,0.0071312791007304985
37-3011.00,9606,0.02101808151798079,0.010355041744962502
37-3011.00,9605,0.0069689901350061334,0.0030468085506538465
37-3011.00,9604,0.02350536853586374,0.012749218435768895
37-3011.00,9603,0.022411819861757637,0.00707165592486311
37-3011.00,9602,0.04044479428408082,0.010604712348640737
37-3011.00,9601,0.052651439410239975,0.026168116017132807
37-3011.00,9600,0.04962600484270367,0.018541657542961935
37-3011.00,9599,0.04261555712131472,0.014776572113446256
37-3011.00,9598,0.036226588420973566,0.008249461781321275
37-3011.00,9597,0.022013811572492034,0.005376959439652785
37-3011.00,9596,0.020557546443115318,0.006993973412054056
37-3011.00,9595,0.012164389632887787,0.005521504442319744
37-3011.00,9594,0.08602333551164121,0.019623195909888945
37-3011.00,9593,0.070072896484233,0.01936409681388726
37-3011.00,9592,0.17811161644907164,0.03817727577306924
37-3011.00,9591,0.039301973302463045,0.011198062013962432
37-3011.00,9590,0.008334812604207752,0.006723672650398309
37-3011.00,9589,0.05950532442029483,0.017372372852118022
37-2012.00,9587,0.021036355391588938,0.005236434353412227
37-2012.00,9586,0.01667900453507703,0.004627296771123228
37-2012.00,9581,0.020188262441511246,0.00824166577302601
37-2012.00,9579,0.014612057544241264,0.007972219932756593
37-2012.00,9578,0.0320244613685227,0.008205761205324054
37-2012.00,9577,0.03618833776660446,0.008926976338573792
37-2012.00,9571,0.04654013215678235,0.008979559418253374
37-2012.00,9570,0.04713667964242705,0.011324122507157816
37-2012.00,9569,0.025432335517369748,0.0076593733109631594
37-2012.00,9568,0.049511257394055395,0.01026881277183877
37-2012.00,9567,0.06283686371089764,0.012089330824110456
37-2012.00,9566,0.07868476652174737,0.013300051217237742
37-2012.00,9565,0.08130225857682184,0.011891867368909893
37-2012.00,9564,0.08172552425073691,0.008529656215314076
37-2012.00,9563,0.06829625912691671,0.011661081832994573
37-2012.00,9562,0.09168496356955078,0.011917779476556986
37-2012.00,9561,0.09520574684430222,0.011189277753630399
37-2012.00,9560,0.13091473364084633,0.012640930700623965
37-2011.00,9555,0.013595331442244915,0.004833185263093623
37-2011.00,9554,0.006351750886910125,0.0034845425888450445
37-2011.00,9552,0.00424658722525238,0.002242860397825406
37-2011.00,9551,0.035640112818606115,0.009719272177651301
37-2011.00,9550,0.06599858939451304,0.014943174871970616
37-2011.00,9549,0.0643915674939721,0.015380799813078534
37-2011.00,9548,0.015833807003627378,0.007893234470939576
37-2011.00,9547,0.005503721962740512,0.003996986734746647
37-2011.00,9546,0.0710065152614148,0.01668038843586883
37-2011.00,9545,0.03064705504689046,0.005014009124532713
37-2011.00,9544,0.05225907678484896,0.01659029394972566
37-2011.00,9543,0.0028398098996682505,0.0015208499295434913
37-2011.00,9542,0.057345141824237666,0.014166945515118243
37-2011.00,9541,0.07751144119142146,0.01773313110901845
37-2011.00,9540,0.11728859667485221,0.019950401882071638
37-2011.00,9539,0.1464813795902839,0.02675558432293066
37-2011.00,9538,0.12991312732884605,0.020307284895577166
37-1011.00,9536,0.036541428338458797,0.011705467665020836
37-1011.00,9535,0.010294614473588143,0.003010518425100672
37-1011.00,9534,0.10558664749056466,0.018295103695063868
37-1011.00,9533,0.0685140140322309,0.023772155312625682
37-1011.00,9532,0.010450810613913218,0.005316655283802639
37-1011.00,9531,0.02649385904956786,0.006178698383950167
37-1011.00,9530,0.029522364021366314,0.011015755299919777
37-1011.00,9529,0.016219065886686593,0.008189274486724994
37-1011.00,9528,0.03885187621357534,0.011056938168613686
37-1011.00,9527,0.04675666372236661,0.01539278431038146
37-1011.00,9526,0.018784657279362512,0.002065864105767315
37-1011.00,9525,0.017791319230986417,0.008446293221464504
37-1011.00,9524,0.020000062063508905,0.004224332461116486
37-1011.00,9523,0.04185581101223918,0.011985927152524901
37-1011.00,9522,0.031219374736588226,0.0051550854082398
37-1011.00,9521,0.029004360977549347,0.008070266525471593
37-1011.00,9520,0.045978816734604064,0.013611446564557346
37-1011.00,9519,0.04745084267317607,0.014577370389789727
37-1011.00,9517,0.050667413283208,0.014300197980764756
37-1011.00,9516,0.03672274957889814,0.010644882024654427
37-1011.00,9515,0.06097741034096205,0.01285486412416275
37-1011.00,9514,0.017565647239179305,0.0031336458033468916
37-1011.00,9513,0.08634267394711193,0.020080225859558765
37-1011.00,9512,0.047520996112994915,0.015467086855885319
35-2013.00,9511,0.005635283744659789,0.0
35-2013.00,9510,0.04643621270232787,0.0
35-2013.00,9509,0.00849651644068592,0.0
35-2013.00,9508,0.1475648387996768,0.0
35-2013.00,9507,0.02450381984878234,0.0
35-2013.00,9506,0.04915979232745981,0.0
35-2013.00,9505,0.1093313732341834,0.0
35-2013.00,9504,0.0770779748626122,0.0
35-2013.00,9503,0.18040663290299988,0.0
35-2013.00,9502,0.07670299600555384,0.0
35-2013.00,9501,0.05463798237573886,0.0
35-2012.00,9499,0.027970005984978282,0.006753740091802409
35-2012.00,9498,0.02949475142418867,0.008270760258816323
35-2012.00,9497,0.02857272869206916,0.0044299624455485034
35-2012.00,9496,0.02908142912489113,0.006423620555880425
35-2012.00,9495,0.02132661151717115,0.00789157163622005
35-2012.00,9494,0.023314542146116352,0.004505221086558149
35-2012.00,9493,0.07811371831010114,0.012814365149956602
35-2012.00,9492,0.03293077808285024,0.004856681642620469
35-2012.00,9491,0.10062864068777289,0.013720121465799894
35-2012.00,9490,0.05332677573427987,0.012216225964629604
35-2012.00,9489,0.07218714300534596,0.010517950869712333
35-2012.00,9488,0.08918742227752598,0.01338135160986687
35-2012.00,9487,0.09033626743167637,0.014397605706776413
35-2012.00,9486,0.11801627453281556,0.015127125183815355
33-3052.00,9484,0.036571749306337394,0.026648269323274913
33-3052.00,9482,0.013930672760468856,0.011276492595499064
33-3052.00,9481,0.05397912411205623,0.018480677016913954
33-3052.00,9480,0.010953697487613687,0.007153524451531583
33-3052.00,9479,0.057171407313336496,0.011600731611422927
33-3052.00,9478,0.16758038089168115,0.01664043371089291
33-3052.00,9477,0.0500799060861858,0.012078248187414915
33-3052.00,9476,0.047178973699227016,0.0113770729074138
33-3052.00,9475,0.1981845074983947,0.04112532131131548
33-3051.04,9460,0.0031078158150183908,0.002366228186173231
33-3051.04,9459,0.029721835644585005,0.01097853842467552
33-3051.04,9458,0.11370413267624924,0.036994756966391706
33-3051.04,9457,0.001981807432581978,0.0014233154774533875
33-3051.04,9456,0.036981129311092285,0.015332151017690645
33-3051.04,9455,0.09231527071012795,0.015524711115434926
33-3051.04,9454,0.20896629300866856,0.03374417192091476
33-3051.04,9453,0.14614812924133105,0.01771958222524673
33-3051.04,9452,0.05798936174542429,0.017667683551229243
33-3051.04,9451,0.050636831478196045,0.011045761943990644
33-3051.04,9450,0.2584473929367252,0.027448046072892484
33-1011.00,9449,0.03452159401842148,0.00446228421754342
33-1011.00,9448,0.018616201026043774,0.004317356904899568
33-1011.00,9447,0.03470512919103501,0.004961163195164662
33-1011.00,9446,0.043859134463812906,0.006711176468072475
33-1011.00,9444,0.03736937698223052,0.003986348398493003
33-1011.00,9443,0.028246051986687833,0.00501791022216586
33-1011.00,9442,0.01906613956406852,0.004633988349612032
33-1011.00,9441,0.028260055999492648,0.004404217227567284
33-1011.00,9440,0.004517382382683694,0.0016868812030158145
33-1011.00,9439,0.030371876824751242,0.004683831604722236
33-1011.00,9438,0.036462302623315394,0.006489529528113556
33-1011.00,9437,0.04614485097941376,0.006846920890024099
33-1011.00,9436,0.05465432078497784,0.00795953665771715
33-1011.00,9435,0.07855396376560991,0.007517292617477708
33-1011.00,9434,0.04634259179262522,0.006854523796854215
33-1011.00,9433,0.012368238916430026,0.0018219285820445007
33-1011.00,9432,0.09697185383059284,0.00866464035377615
33-1011.00,9431,0.11628622853361258,0.010126623427709544
33-1011.00,9430,0.011087026479766204,0.0047251161939957905
33-1011.00,9429,0.10022876919061574,0.009410444357864835
33-1011.00,9428,0.07002575617717138,0.011464756527358962
31-9094.00,9427,0.05065655281213831,0.0115207506054933
31-9094.00,9426,0.05553571963786741,0.01468364283251623
31-9094.00,9425,0.054446052997549454,0.01344597371073946
31-9094.00,9424,0.09213718777957673,0.015271912173792016
31-9094.00,9423,0.060716847837583535,0.012849086786376208
31-9094.00,9422,0.018911126798236786,0.007957070492376438
31-9094.00,9421,0.0949114307806223,0.018203854370282425
31-9094.00,9420,0.08300835611599287,0.014231572219422974
31-9094.00,9419,0.030878734968805666,0.012068776130369963
31-9094.00,9417,0.10152539462384366,0.01915098350747497
31-9094.00,9416,0.08474626149632997,0.016876329620987292
31-9094.00,9415,0.060702730434249424,0.011078031093766264
31-9094.00,9414,0.06460424305026616,0.013012331745403463
31-9094.00,9413,0.09422380358737978,0.02095912235642002
31-2012.00,9412,0.0036026675329460236,0.002616961386082052
31-2012.00,9411,0.007432525589907118,0.003632683871738902
31-2012.00,9410,0.024419651679693635,0.0059330101360243505
31-2012.00,9409,0.09319175267602937,0.017599163923278434
31-2012.00,9408,0.07933227389768731,0.017793480496562868
31-2012.00,9407,0.07712737034316045,0.015458975564403935
31-2012.00,9406,0.07895059443719815,0.02169034517638708
31-2012.00,9405,0.07758487172847643,0.013321537258556981
31-2012.00,9404,0.04496727223766872,0.014292971735077306
31-2012.00,9403,0.12122284560195583,0.013574730841286627
31-2012.00,9402,0.04686553696178925,0.016422205751149166
31-2012.00,9401,0.04350924845205439,0.0094083664168237
31-2012.00,9400,0.09375241122287459,0.016272444520137996
31-2012.00,9399,0.08739924735198945,0.013395245058741147
31-2012.00,9398,0.12064173028656928,0.016194591696231705
29-2091.00,9397,0.00018691822648658903,0.0
29-2091.00,9396,0.01015964799024828,0.0
29-2091.00,9395,0.008959201652682422,0.0
29-2091.00,9394,0.0012522589711697117,0.0
29-2091.00,9393,0.058410746501632776,0.0
29-2091.00,9392,0.05121817339944008,0.0
29-2091.00,9391,0.06535388200126875,0.0
29-2091.00,9390,0.028546102229819254,0.0
29-2091.00,9389,0.11124740685930369,0.0
29-2091.00,9388,0.029666191269081404,0.0
29-2091.00,9387,0.18541236286653812,0.0
29-2091.00,9386,0.08687619568039374,0.0
29-2091.00,9385,0.1153676806670116,0.0
29-2091.00,9384,0.13322220050041253,0.0
29-2091.00,9383,0.11412103118451099,0.0
29-1022.00,9382,0.0022167121459111708,0.0016661717884753915
29-1022.00,9380,0.0058899465424118065,0.0031372602653851702
29-1022.00,9379,0.03548757917213962,0.012140434787482057
29-1022.00,9378,0.016854618459984615,0.005915074841006109
29-1022.00,9377,0.0368769665695861,0.008943070463292875
29-1022.00,9376,0.060687310059881476,0.008253840801945468
29-1022.00,9375,0.025047938352568012,0.008780586541490738
29-1022.00,9374,0.070309991975914,0.010120636970764438
29-1022.00,9373,0.09721790264494874,0.015011102859248844
29-1022.00,9372,0.199402893024366,0.015341487270291153
29-1022.00,9371,0.21127469663986212,0.017801960370408296
29-1022.00,9370,0.23256045504699427,0.017299190520614804
27-4021.00,9368,0.004035477521272129,0.0
27-4021.00,9367,0.001656962700155402,0.0
27-4021.00,9366,0.004274888892431269,0.0
27-4021.00,9365,0.0005662692844605657,0.0
27-4021.00,9364,0.0009666799550424242,0.0
27-4021.00,9363,0.006033713932658532,0.0
27-4021.00,9362,0.004588485946302104,0.0
27-4021.00,9361,0.019471755890526642,0.0
27-4021.00,9360,0.0008929352197658567,0.0
27-4021.00,9358,0.045686252459553316,0.0
27-4021.00,9357,0.04684663245432706,0.0
27-4021.00,9356,0.0431701937008165,0.0
27-4021.00,9355,0.016137759862599157,0.0
27-4021.00,9354,0.06926174808884508,0.0
27-4021.00,9353,0.012127379182223392,0.0
27-4021.00,9352,0.07475895864266355,0.0
27-4021.00,9351,0.07897314985108118,0.0
27-4021.00,9350,0.04939697222524204,0.0
27-4021.00,9349,0.03294928505783731,0.0
27-4021.00,9347,0.06747766880749986,0.0
27-4021.00,9346,0.08528548316168717,0.0
27-4021.00,9345,0.0923668984375053,0.0
27-4021.00,9344,0.109833948060458,0.0
27-4021.00,9343,0.03860228788921842,0.0
27-3091.00,9341,0.009549094582905761,0.005004938128326346
27-3091.00,9340,0.009749753302603262,0.004867921436119441
27-3091.00,9339,0.029005331417841184,0.010718699949622948
27-3091.00,9338,0.01597170631510876,0.012477550124757967
27-3091.00,9337,0.07095621383162605,0.02735711661273038
27-3091.00,9336,0.03050593005587813,0.010270281706055923
27-3091.00,9335,0.1077848582958259,0.024565969225430997
27-3091.00,9334,0.03738017497023845,0.01424125203540178
27-3091.00,9333,0.06241840218015631,0.022169449933799046
27-3091.00,9332,0.07720224111111139,0.017060425358681998
27-3091.00,9331,0.014380965060781898,0.00833019318105818
27-3091.00,9330,0.07195797417144459,0.022834153733823442
27-3091.00,9329,0.032022186905115296,0.014747221310216265
27-3091.00,9328,0.15323612425218638,0.02916329816685323
27-3091.00,9327,0.10071027853783458,0.019106351439835308
27-3091.00,9326,0.17716876500934214,0.025684589790734208
27-1027.00,9310,0.008673866455763832,0.0
27-1027.00,9309,0.0038450084628206967,0.0
27-1027.00,9308,0.009289275306454145,0.0
27-1027.00,9307,0.014602928768292854,0.0
27-1027.00,9306,0.05657908844200771,0.0
27-1027.00,9305,0.04599819496508871,0.0
27-1027.00,9304,0.016635529031973798,0.0
27-1027.00,9303,0.05254809055126715,0.0
27-1027.00,9302,0.038408126607686346,0.0
27-1027.00,9301,0.009581875741324656,0.0
27-1027.00,9300,0.06986924104985343,0.0
27-1027.00,9299,0.0025529703839659583,0.0
27-1027.00,9298,0.029533324198608248,0.0
27-1027.00,9297,0.06382096698951314,0.0
27-1027.00,9296,0.044428015022451924,0.0
27-1027.00,9295,0.012413605941153387,0.0
27-1027.00,9294,0.05153181087863002,0.0
27-1027.00,9293,0.05190687619642384,0.0
27-1027.00,9292,0.018948254008488,0.0
27-1027.00,9291,0.01445544306393335,0.0
27-1027.00,9290,0.02456719405021654,0.0
27-1027.00,9289,0.10171000245749082,0.0
27-1027.00,9288,0.013594613916265532,0.0
27-1027.00,9287,0.05498022746519471,0.0
27-1027.00,9286,0.12078414680751938,0.0
27-1027.00,9285,0.016581833276255845,0.0
27-1027.00,9284,0.052159489961355984,0.0
27-1026.00,9282,0.006490724353081122,0.002359778582558395
27-1026.00,9281,0.031090336175169552,0.015164932269520625
27-1026.00,9280,0.006412039794384753,0.0028311167657259248
27-1026.00,9279,0.006899720836467364,0.0026534554701610493
27-1026.00,9277,0.02819906108333608,0.008599523195696951
27-1026.00,9276,0.0028730077345731726,0.0016589841171738852
27-1026.00,9275,0.0450306922697232,0.015164621841489026
27-1026.00,9273,0.05797240972965761,0.021274265508864826
27-1026.00,9272,0.04303888926720043,0.017292254259849454
27-1026.00,9271,0.03624370591578548,0.015374556817073287
27-1026.00,9270,0.028958825206972256,0.012686454549801563
27-1026.00,9269,0.05284170405967803,0.014674321262963358
27-1026.00,9268,0.0411028971054758,0.014372132024679237
27-1026.00,9267,0.04401014529909064,0.008267599475043116
27-1026.00,9266,0.025077662539046933,0.015177562303793553
27-1026.00,9265,0.06249434834796379,0.01944155697638569
27-1026.00,9264,0.08988290077813638,0.019909557578203507
27-1026.00,9263,0.10224955527226223,0.028357955746390585
27-1026.00,9262,0.04783747522926231,0.028313299117339142
27-1012.00,9261,0.013345971926333081,0.0
27-1012.00,9260,0.01940886176486604,0.0
27-1012.00,9259,0.011370874368927671,0.0
27-1012.00,9258,0.07391350399869943,0.0
27-1012.00,9257,0.0460857099899335,0.0
27-1012.00,9256,0.018647269925078307,0.0
27-1012.00,9255,0.016931579956814744,0.0
27-1012.00,9254,0.018465552150020017,0.0
27-1012.00,9253,0.05938794544655029,0.0
27-1012.00,9252,0.05652559281536687,0.0
27-1012.00,9251,0.08557690363413974,0.0
27-1012.00,9250,0.20845996472602904,0.0
27-1012.00,9248,0.13472066604763547,0.0
27-1012.00,9247,0.19582282526747524,0.0
23-2093.00,9246,0.016053052303600247,0.006603174430604884
23-2093.00,9245,0.009130057404654857,0.004024538380050633
23-2093.00,9243,0.034631561673403005,0.010741088502110224
23-2093.00,9242,0.014038970561818524,0.0056155829683822624
23-2093.00,9241,0.057450347188458616,0.014586517444255598
23-2093.00,9240,0.07681789149646266,0.01739581692287337
23-2093.00,9239,0.03614611868258542,0.009820191365039865
23-2093.00,9238,0.04313810037074286,0.011027190120146265
23-2093.00,9237,0.05666901036685568,0.012813769847813806
23-2093.00,9236,0.0442457703232803,0.010073077122413442
23-2093.00,9235,0.09756986215794519,0.014891066253907891
23-2093.00,9234,0.10065585849655623,0.014653144829274335
23-2093.00,9233,0.10271954332426293,0.019645721579938397
23-2093.00,9232,0.08378795157617402,0.016022965484712225
23-2093.00,9231,0.12963182367165904,0.014166531567745649
23-2093.00,9230,0.09731408040154035,0.01451983854706722
21-1091.00,9229,0.030983750944476692,0.019019256927205935
21-1091.00,9228,0.05460383196789981,0.017965862792136415
21-1091.00,9227,0.01852360302208414,0.009178647730240115
21-1091.00,9226,0.02558966375491674,0.013957125558738688
21-1091.00,9225,0.04467272095628901,0.016464553978129126
21-1091.00,9224,0.04148490440303766,0.01642298010325108
21-1091.00,9223,0.10963164589909641,0.02746638953183645
21-1091.00,9222,0.12629948509505326,0.04355629768766944
21-1091.00,9221,0.05003437208117897,0.018834486810462257
21-1091.00,9220,0.03045669586044992,0.012936667136962673
21-1091.00,9218,0.10999620170151661,0.016260164285789514
21-1091.00,9217,0.07057178676355479,0.03100851782806728
21-1091.00,9216,0.14965076117387577,0.033762492839548734
21-1015.00,9214,0.022156924953275026,0.00470442307466555
21-1015.00,9213,0.02846525849550036,0.006264282054110433
21-1015.00,9212,0.05759878771880524,0.009919731768492384
21-1015.00,9211,0.010285883296650975,0.003123674745049318
21-1015.00,9210,0.020179687938985568,0.005794672166047455
21-1015.00,9209,0.027496593903786955,0.005387926409118471
21-1015.00,9208,0.061190677172786534,0.007387048099008801
21-1015.00,9207,0.05474285089538123,0.010345952247837215
21-1015.00,9206,0.08526506292425676,0.012789891550118653
21-1015.00,9205,0.06168686057267112,0.009575940939422059
21-1015.00,9204,0.06450569264484042,0.009784550916668123
21-1015.00,9203,0.021488135996116903,0.0037072617792661927
21-1015.00,9202,0.18268208876534173,0.02565821862812318
21-1015.00,9201,0.09836843302255145,0.016531964011213394
21-1015.00,9200,0.10268012475510536,0.013584447398862252
21-1013.00,9199,0.000820287506224687,0.0007389952541183581
21-1013.00,9197,0.01034259761553465,0.004326918938975655
21-1013.00,9196,0.0034401847223055476,0.0013989407066623875
21-1013.00,9195,0.007446723996761739,0.003516967952581323
21-1013.00,9194,0.04172046852522573,0.010182189490067689
21-1013.00,9193,0.0029034668919700477,0.0018064534533990268
21-1013.00,9191,0.024530668466838698,0.011566860978343972
21-1013.00,9190,0.014028720787139607,0.0038443657911786324
21-1013.00,9188,0.13662766451315517,0.021432015461019104
21-1013.00,9187,0.13183049730143515,0.016916519420382758
21-1013.00,9186,0.16030499512598345,0.022989788433894803
21-1013.00,9185,0.15184954442174559,0.02173508838427576
21-1013.00,9184,0.19099020439505288,0.022063349588349233
19-2043.00,9123,0.008237770533218555,0.0
19-2043.00,9122,0.008887053466417544,0.0
19-2043.00,9121,0.006025131818539807,0.0
19-2043.00,9120,0.009786744505976507,0.0
19-2043.00,9119,0.03650221768416957,0.0
19-2043.00,9118,0.006861839273272762,0.0
19-2043.00,9117,0.0037009433607556037,0.0
19-2043.00,9116,0.044112406840835575,0.0
19-2043.00,9115,0.10718590401432425,0.0
19-2043.00,9114,0.00869171936840678,0.0
19-2043.00,9113,0.02241762490626196,0.0
19-2043.00,9112,0.04523421912650719,0.0
19-2043.00,9111,0.03482112341084222,0.0
19-2043.00,9110,0.017093371605019815,0.0
19-2043.00,9109,0.006861839273272762,0.0
19-2043.00,9108,0.07022886514984744,0.0
19-2043.00,9107,0.08334426833060267,0.0
19-2043.00,9106,0.0340495028742995,0.0
19-2043.00,9105,0.0418431263980629,0.0
19-2043.00,9104,0.0432405862219931,0.0
19-2043.00,9103,0.01742629411939779,0.0
19-2043.00,9102,0.1614072348927413,0.0
19-2043.00,9100,0.05125376714888062,0.0
19-2032.00,9099,0.05132711235618203,0.0
19-2032.00,9098,0.08145730715978322,0.0
19-2032.00,9097,0.08610629962831694,0.0
19-2032.00,9094,0.06192757960382113,0.0
19-2032.00,9093,0.050523788144074565,0.0
19-2032.00,9092,0.06882032221358268,0.0
19-2032.00,9091,0.060685627536569385,0.0
19-2032.00,9090,0.06179049686348916,0.0
19-2032.00,9089,0.06443268838763609,0.0
19-2032.00,9087,0.08200137209786464,0.0
19-2032.00,9086,0.0404192105092672,0.0
19-2032.00,9085,0.06930910967192709,0.0
19-2021.00,9083,0.020068026648943086,0.0
19-2021.00,9079,0.005170210241749413,0.0
19-2021.00,9078,0.016305342687737197,0.0
19-2021.00,9076,0.030750902496081752,0.0
19-2021.00,9074,0.025670588837724707,0.0
19-2021.00,9070,0.05221883257494081,0.0
19-2021.00,9069,0.10572521303329316,0.0
19-2021.00,9068,0.048800955877607716,0.0
19-1013.00,9041,0.006280206753394395,0.0
19-1013.00,9040,0.008465170434859007,0.0
19-1013.00,9039,0.006889783330543436,0.0
19-1013.00,9038,0.024246277570215958,0.0
19-1013.00,9037,0.01931603270600562,0.0
19-1013.00,9036,0.03291365022418528,0.0
19-1013.00,9035,0.07541314385733405,0.0
19-1013.00,9034,0.05329762185003216,0.0
19-1013.00,9033,0.03114518530437396,0.0
19-1013.00,9031,0.01621685564579456,0.0
19-1013.00,9030,0.024058598372681112,0.0
19-1013.00,9029,0.014554897657875166,0.0
19-1013.00,9028,0.029698349122014567,0.0
19-1013.00,9027,0.04339591399799513,0.0
19-1013.00,9026,0.03794482604142384,0.0
19-1013.00,9025,0.036877148341866804,0.0
19-1013.00,9024,0.0391491284755298,0.0
19-1013.00,9023,0.10204014868967261,0.0
19-1013.00,9022,0.1020526695363601,0.0
19-1013.00,9021,0.11774277697980219,0.0
17-2131.00,9020,0.03322936429834057,0.0
17-2131.00,9019,0.030404340045315444,0.0
17-2131.00,9018,0.03010573289592054,0.0
17-2131.00,9017,0.0492456174587606,0.0
17-2131.00,9016,0.019632481516746226,0.0
17-2131.00,9015,0.0628236903554757,0.0
17-2131.00,9014,0.04884958150936256,0.0
17-2131.00,9013,0.04623497353579077,0.0
17-2131.00,9012,0.03097789377278138,0.0
17-2131.00,9011,0.003039627813589958,0.0
17-2131.00,9010,0.03696015573761639,0.0
17-2131.00,9009,0.04013723975619484,0.0
17-2131.00,9008,0.09137555082865148,0.0
17-2131.00,9007,0.044809781909497665,0.0
17-2131.00,9006,0.06324223335745878,0.0
17-2131.00,9005,0.0766154043593004,0.0
17-2131.00,9004,0.07376695532270794,0.0
17-2131.00,9003,0.08520319593699903,0.0
17-2131.00,9002,0.05351256677733355,0.0
17-2131.00,9001,0.055302699165580435,0.0
17-2111.02,8994,0.013073317329678005,0.0
17-2111.02,8993,0.06013016933664387,0.0
17-2111.02,8992,0.01475310177902529,0.0
17-2111.02,8991,0.004185885303293035,0.0
17-2111.02,8990,0.029307336796436184,0.0
17-2111.02,8989,0.09605248990939558,0.0
17-2111.02,8988,0.03459850679671676,0.0
17-2111.02,8986,0.02275453183052503,0.0
17-2111.02,8984,0.1525517409881134,0.0
17-2111.02,8983,0.12158392757409547,0.0
17-2111.02,8982,0.15350585992343047,0.0
17-2031.00,8980,0.01761494021962772,0.0
17-2031.00,8979,0.05708069165794245,0.0
17-2031.00,8975,0.07503048443768522,0.0
17-2031.00,8973,0.10548901300647916,0.0
17-2031.00,8972,0.013349051447194858,0.0
17-2031.00,8970,0.011193572270021337,0.0
17-2031.00,8968,0.023392275054294382,0.0
15-2041.00,8967,0.024271920044706314,0.0
15-2041.00,8966,0.057484129356605684,0.0
15-2041.00,8965,0.08425817032913731,0.0
15-2041.00,8964,0.011112445013898678,0.0
15-2041.00,8963,0.015054104852792701,0.0
15-2041.00,8961,0.03681198251841473,0.0
15-2041.00,8960,0.015857242152989646,0.0
15-2041.00,8959,0.08008693607704828,0.0
15-2041.00,8958,0.06747679702998258,0.0
15-2041.00,8957,0.0893319371372993,0.0
15-2041.00,8956,0.11708508452737247,0.0
15-2041.00,8955,0.0761592245293397,0.0
15-2041.00,8954,0.0852384670953077,0.0
15-2041.00,8953,0.07054266068838,0.0
13-1081.00,8952,0.028111208197535913,0.0
13-1081.00,8951,0.013674774759159033,0.0
13-1081.00,8950,0.04553447629038159,0.0
13-1081.00,8949,0.027859323095513235,0.0
13-1081.00,8948,0.04911117050028886,0.0
13-1081.00,8947,0.0069089198281745015,0.0
13-1081.00,8946,0.009869383476546718,0.0
13-1081.00,8945,0.01790891525487789,0.0
13-1081.00,8944,0.029302207509572197,0.0
13-1081.00,8943,0.03987726881561472,0.0
13-1081.00,8942,0.05367182456338065,0.0
13-1081.00,8941,0.03892534973029335,0.0
13-1081.00,8940,0.030069449780945105,0.0
13-1081.00,8939,0.076065105655548,0.0
13-1081.00,8938,0.020166286382734655,0.0
13-1081.00,8937,0.020189564893072685,0.0
13-1081.00,8936,0.06814782000310908,0.0
13-1081.00,8935,0.036031834666604735,0.0
13-1081.00,8934,0.09283685736772786,0.0
13-1081.00,8933,0.1270597010166924,0.0
13-1081.00,8932,0.1232759996250176,0.0
13-1041.06,8931,0.014631155214618026,0.0
13-1041.06,8930,0.015892087009633335,0.0
13-1041.06,8929,0.003513913345333928,0.0
13-1041.06,8928,0.04059434290226553,0.0
13-1041.06,8927,0.022717539226512123,0.0
13-1041.06,8926,0.04835183878808271,0.0
13-1041.06,8925,0.04187816843740165,0.0
13-1041.06,8924,0.06070205075431098,0.0
13-1041.06,8923,0.068282712422286,0.0
13-1041.06,8922,0.0026834627378802605,0.0
13-1041.06,8921,0.07345005251026593,0.0
13-1041.06,8920,0.056471649364046146,0.0
13-1041.06,8919,0.09301212570047566,0.0
13-1041.06,8918,0.04667670864922762,0.0
13-1041.06,8917,0.08626284135413272,0.0
13-1041.06,8916,0.04355359442067277,0.0
13-1041.06,8915,0.06052813948660883,0.0
13-1041.06,8913,0.06569904237829602,0.0
13-1041.06,8912,0.10140388600335508,0.0
11-3031.01,8875,0.0012366866196552055,0.0
11-3031.01,8874,0.0008072005703180323,0.0
11-3031.01,8873,0.012891561019143159,0.0
11-3031.01,8872,0.1088869900307331,0.0
11-3031.01,8871,0.006992018969842703,0.0
11-3031.01,8870,0.055790891378223434,0.0
11-3031.01,8869,0.03797352255529665,0.0
11-3031.01,8868,0.016472299422630985,0.0
11-3031.01,8867,0.017048953302564392,0.0
11-3031.01,8866,0.004424907964407289,0.0
11-3031.01,8865,0.01650965390779852,0.0
11-3031.01,8864,0.06096117347616088,0.0
11-3031.01,8863,0.025676681516166096,0.0
11-3031.01,8861,0.2197494074619639,0.0
11-3031.01,8860,0.004780745700706215,0.0
11-3031.01,8859,0.05847890104611584,0.0
11-3031.01,8858,0.12670062738859508,0.0
11-3031.01,8857,0.08729646864678578,0.0
11-3031.01,8856,0.010527950699926385,0.0
11-3031.01,8855,0.0013440039157110598,0.0
11-1011.00,8853,0.005203515165944807,0.0024452445729479183
11-1011.00,8852,0.011268999149304133,0.0057544908324357975
11-1011.00,8851,0.014028540196262353,0.011350715068136999
11-1011.00,8850,0.01432082909287019,0.007112976353508146
11-1011.00,8849,0.008410644009661968,0.003122135064728336
11-1011.00,8848,0.02277150949675566,0.010714283745250483
11-1011.00,8846,0.013807408364808515,0.007895796235912175
11-1011.00,8845,0.01975031788817378,0.010157101108485025
11-1011.00,8844,0.0029436886048778764,0.0014474181357661178
11-1011.00,8843,0.0677438481529792,0.019809046601511306
11-1011.00,8842,0.010042377903270533,0.01043981166439382
11-1011.00,8840,0.05174250975283446,0.01721814262621993
11-1011.00,8839,0.03185065603636077,0.011014353710740811
11-1011.00,8838,0.02643155399654627,0.014013398989598077
11-1011.00,8837,0.03061227640041532,0.015984107101800954
11-1011.00,8836,0.037261754367453735,0.014711354181442815
11-1011.00,8835,0.035729739297679815,0.012931781484028775
11-1011.00,8834,0.04416465091387797,0.01148641201098952
11-1011.00,8833,0.009142219614606515,0.004739946700848464
11-1011.00,8832,0.010251601938977289,0.0032120507447444668
11-1011.00,8831,0.03075037454487302,0.012275397612173963
11-1011.00,8830,0.08813853606499263,0.01755344049152913
11-1011.00,8829,0.0347199767641467,0.015314041001211642
11-1011.00,8828,0.0951358584263547,0.02306274501130349
11-1011.00,8827,0.031325114493465325,0.017552269093160714
11-1011.00,8826,0.09002794736767658,0.020224081174201075
11-1011.00,8825,0.05429970081125896,0.01365512638630509
11-1011.00,8824,0.04847706986915783,0.01332304366789724
11-1011.00,8823,0.047235315787399396,0.017659642728605787
51-3022.00,8807,0.019395453120426533,0.0073139936086899756
51-3022.00,8804,0.11637363778156154,0.02055176958537084
51-3022.00,8803,0.08586946744484085,0.02084585140414804
51-3022.00,8801,0.11170501360266391,0.024390457230429728
51-3022.00,8800,0.04469937889050168,0.022061378905253032
51-3022.00,8799,0.1557444713811925,0.017917424028870383
51-3022.00,8798,0.04330405904426148,0.017561919601235945
51-3022.00,8797,0.1645843016454569,0.022714396336624473
51-3022.00,8796,0.09967780390037506,0.02354944276842113
51-3022.00,8795,0.1586464131887196,0.019086197271197834
51-3021.00,8793,0.018594773299929895,0.0055931979847846916
51-3021.00,8792,0.019648861945041233,0.008548191454617436
51-3021.00,8791,0.0317308395823771,0.009400475983384272
51-3021.00,8790,0.07170223748092407,0.013473075051759025
51-3021.00,8789,0.03659330657128763,0.008907594743652903
51-3021.00,8788,0.06039740661125697,0.010442697000990668
51-3021.00,8787,0.050380381980230045,0.011147356750772235
51-3021.00,8786,0.18060227761117675,0.016342341714513042
51-3021.00,8785,0.09657043815223912,0.012166200331908121
51-3021.00,8784,0.22535914645341318,0.022406779887735144
51-3021.00,8783,0.20842033031212398,0.020593591560398673
47-2022.00,8780,0.011925690927340972,0.004459672688199648
47-2022.00,8779,0.03771378782943411,0.011375629401852211
47-2022.00,8778,0.0104265450445112,0.0028439427449410844
47-2022.00,8777,0.013106310485547413,0.004506024802858642
47-2022.00,8776,0.04451980832288757,0.02728602282421575
47-2022.00,8775,0.053836571703775586,0.017750013118786618
47-2022.00,8774,0.02703884022782294,0.008627417263658652
47-2022.00,8773,0.037111517689640404,0.01938408908772961
47-2022.00,8772,0.10942140833946133,0.02872822952510053
47-2022.00,8771,0.20528083338524583,0.03570904661708747
47-2022.00,8770,0.09955143337666789,0.022371508933103832
47-2022.00,8769,0.11697621329685928,0.02496462299579436
47-2022.00,8768,0.09815497570171391,0.03174338914348673
47-2022.00,8767,0.13493606366909155,0.02704484919521918
39-5092.00,8765,0.030224308636762943,0.011545387194977795
39-5092.00,8763,0.05296433862552563,0.01323215845527804
39-5092.00,8761,0.025751357891901992,0.01198507380644254
39-5092.00,8760,0.051188986358790635,0.011409743247589086
39-5092.00,8758,0.057071173891356124,0.009238921159208558
39-5092.00,8754,0.06197933382313115,0.007548869905348988
39-5092.00,8753,0.08208359206206794,0.00568878985142532
39-5092.00,8752,0.08413568409634413,0.005157012596396721
39-5092.00,8750,0.0770945659772479,0.005867765580149692
39-5092.00,8749,0.054920917543845184,0.011780051677720626
39-5092.00,8748,0.08209135522836832,0.010374146803907445
25-3021.00,8692,0.010734771295134775,0.005291946727016919
25-3021.00,8691,0.01796418071622461,0.012147700861762496
25-3021.00,8690,0.035331350061404594,0.01225390130782287
25-3021.00,8688,0.0030787721711346755,0.0022443483074816844
25-3021.00,8687,0.032914198050638444,0.011750202170470805
25-3021.00,8686,0.006184225386754967,0.0024591730126426493
25-3021.00,8684,0.006247437732598503,0.0029843633373545326
25-3021.00,8683,0.012850802676961174,0.006308634147761779
25-3021.00,8682,0.002799757374736271,0.0014513697340976857
25-3021.00,8681,0.01847278016347886,0.009467287163663397
25-3021.00,8680,0.016200071008604145,0.0076842169633950744
25-3021.00,8679,0.0017600757692971148,0.0013494541275256159
25-3021.00,8678,0.012144734273610234,0.0071595463708782545
25-3021.00,8677,0.0026036544986166796,0.000977919245718061
25-3021.00,8676,0.051561723393226656,0.020567765922021225
25-3021.00,8675,0.028890143256139873,0.009319008250220218
25-3021.00,8674,0.032855585056691644,0.010715830032953677
25-3021.00,8673,0.07500613033477199,0.020273919610417787
25-3021.00,8672,0.05579690284865702,0.013805121358624923
25-3021.00,8671,0.07837482613545455,0.017341106130687595
25-3021.00,8669,0.07341398612946876,0.017660361617349036
25-3021.00,8668,0.12353988051705361,0.02679653381179593
25-3021.00,8667,0.07778648254050496,0.013557097011928731
25-3021.00,8666,0.0972277229598246,0.021020657771822243
25-3021.00,8665,0.038399558335394775,0.011353235812983515
25-3021.00,8664,0.08786024731361655,0.014217150611566141
27-3092.00,8663,0.07352520493977564,0.019839225388051853
27-3092.00,8662,0.04394478369175094,0.015573370972321587
27-3092.00,8661,0.04903689922471356,0.014507749133955132
27-3092.00,8660,0.0276723630987786,0.01602137616594461
27-3092.00,8659,0.10158789629609798,0.02251681804055193
27-3092.00,8658,0.020758272394200843,0.0058208022269840625
27-3092.00,8657,0.05791844301320565,0.01916906080797252
27-3092.00,8656,0.08564517184873034,0.023949002356213223
27-3092.00,8655,0.11818249902883586,0.025542750613933244
27-3092.00,8654,0.07385830372301594,0.025136955814497788
27-3092.00,8653,0.13360143062124355,0.020706454075558267
53-6041.00,8650,0.020097074625005297,0.013374748885022894
53-6041.00,8649,0.02937774921018361,0.015419343849257822
53-6041.00,8648,0.013082470757314724,0.005666634896692136
53-6041.00,8647,0.045826804882104444,0.03013681065418696
53-6041.00,8646,0.047465229662152664,0.03061430843639837
53-6041.00,8645,0.04379817691069449,0.020978286457801802
53-6041.00,8644,0.04108155849366671,0.029535257695204212
53-6041.00,8643,0.03473318460508711,0.02550753152104958
53-6041.00,8642,0.04932538645205023,0.021804785315684617
53-6041.00,8641,0.04474930817379181,0.022922622839798457
53-6041.00,8640,0.02452637161853905,0.012125276230580597
53-6041.00,8639,0.0857924207201113,0.027405359781675315
53-6041.00,8638,0.05549647567197933,0.023417428769998503
53-6041.00,8637,0.010733488394529608,0.0064763344039083385
53-6041.00,8636,0.04049527499157392,0.020894500772469647
53-6041.00,8635,0.0495764478591416,0.021279530819395598
53-6041.00,8634,0.07327258644875823,0.027625182618956627
53-6041.00,8633,0.08067830639393929,0.03815810000200402
53-6041.00,8632,0.1001374897508994,0.03184544117044076
53-6041.00,8631,0.04361238405103573,0.02443431223116895
53-6041.00,8630,0.054667264506401726,0.01422630622331618
53-3033.00,8629,0.012245949289406095,0.008915891059235787
53-3033.00,8628,0.021326002463398008,0.006058295253516137
53-3033.00,8626,0.06633448672346136,0.01980348234672819
53-3033.00,8624,0.04114824753014061,0.011042634681581683
53-3033.00,8623,0.13580128418796392,0.022105006326843552
53-3033.00,8622,0.06149551380616909,0.01436045072319437
53-3033.00,8621,0.05258621478102698,0.016435864420358624
53-3033.00,8620,0.12123755435437453,0.023647126645835858
53-3033.00,8619,0.1263976947885686,0.018000837745465823
53-3033.00,8618,0.06011154843749002,0.014738994439639247
53-3033.00,8617,0.061441721924311514,0.01308085158952746
53-3033.00,8616,0.0601533929214889,0.011959810340897296
53-3033.00,8615,0.17972038879220034,0.023433283450179896
53-3011.00,8614,0.005589419924563467,0.002123774014341726
53-3011.00,8613,0.0743478192619206,0.03867358186489462
53-3011.00,8612,0.07974509861484914,0.02587427561127341
53-3011.00,8611,0.16926959489012555,0.04899876541728238
53-3011.00,8610,0.011605913298512835,0.010164340775518222
53-3011.00,8609,0.13087719816325338,0.039352400096829096
53-3011.00,8608,0.15290240654533296,0.04130509442201152
53-3011.00,8607,0.1671069110376702,0.04055547370901457
53-3011.00,8606,0.16077552731011782,0.039470225383152584
53-1043.00,8605,0.04412148376575224,0.012598088231170226
53-1043.00,8603,0.062026086281022824,0.017203126190715796
53-1043.00,8602,0.04747755614438122,0.019338938089876866
53-1043.00,8601,0.05915387475397922,0.02007890573703934
53-1043.00,8600,0.028911597671263275,0.009441846553683823
53-1043.00,8599,0.03598196556361801,0.006626721981967269
53-1043.00,8597,0.05094013317229482,0.017361822744344498
53-1043.00,8596,0.015717246982163334,0.003053708835959319
53-1043.00,8595,0.0394931584467466,0.010798189069719081
53-1043.00,8594,0.03647203801129513,0.01201560457950697
53-1043.00,8593,0.054103628951303294,0.014549138907360436
53-1043.00,8592,0.03866354174726432,0.007276475151742228
53-1043.00,8591,0.04224717333413401,0.012946828046228561
53-1043.00,8589,0.07553063796172725,0.020011273134435716
53-1043.00,8588,0.08696935593126355,0.013988960309652763
53-1043.00,8586,0.07849434370320782,0.009627259013279701
53-1043.00,8585,0.07012898487814918,0.019641862954588796
53-1043.00,8584,0.08139777891144069,0.015583452912467238
53-1042.00,8583,0.027366385960294677,0.012866191394868885
53-1042.00,8582,0.005124570519521321,0.0018269445112826285
53-1042.00,8581,0.016459309611873283,0.004493310704386067
53-1042.00,8580,0.011459285224006778,0.004272663166629133
53-1042.00,8579,0.057474898964446984,0.01750452000866487
53-1042.00,8577,0.048169000563668504,0.015618890334664652
53-1042.00,8576,0.02582333488352298,0.013718587508577004
53-1042.00,8575,0.011885568894097902,0.005280345321595114
53-1042.00,8574,0.033360309379773724,0.01371939816407441
53-1042.00,8573,0.04565300032711695,0.015263461733462965
53-1042.00,8572,0.03160809128307847,0.013832967111550068
53-1042.00,8571,0.009010920832688183,0.002203764864754591
53-1042.00,8570,0.021517079178113123,0.006077478025191891
53-1042.00,8569,0.07460509122816296,0.020030360944217316
53-1042.00,8568,0.006323588633766866,0.003155275378500375
53-1042.00,8567,0.04348295245607722,0.014922482656964223
53-1042.00,8566,0.04279972741990056,0.008439397167613251
53-1042.00,8565,0.046983049963011794,0.01681139793299814
53-1042.00,8564,0.09789876022198415,0.019398515446083064
53-1042.00,8563,0.07819192808222311,0.01663211265562529
53-1042.00,8562,0.0854956317715747,0.0168300236656897
53-1042.00,8561,0.07126500440892293,0.019007325483462952
51-9193.00,8560,0.04138380214503194,0.021787116419382305
51-9193.00,8559,0.04461029978301357,0.021162977451638306
51-9193.00,8553,0.10378575700969324,0.02520127973434311
51-9193.00,8552,0.07165000278634444,0.03096051870112314
51-9193.00,8548,0.07918119050274951,0.019690684404967258
51-9193.00,8547,0.0908086429787459,0.01927917287778614
51-9193.00,8546,0.033709912637748966,0.004088569157831986
51-9193.00,8545,0.10437841370654596,0.021761374852564234
51-9193.00,8544,0.1748644371480766,0.029355526523766905
51-9193.00,8543,0.17416442114007075,0.018723255659374806
51-9193.00,8542,0.08146312016197921,0.022338846428027585
51-8011.00,8517,0.020427459013697847,0.003958241504170261
51-8011.00,8516,0.00497121236394597,0.003157273436641941
51-8011.00,8515,0.021399444846435394,0.003919166812662356
51-8011.00,8514,0.00019514679348410082,0.0001135701528315026
51-8011.00,8513,0.06692677836327365,0.0074677612171520445
51-8011.00,8512,0.08555669370876566,0.0067252323850024035
51-8011.00,8511,0.16270067232876737,0.00898716853499408
51-8011.00,8510,0.052235061750969154,0.005309357801521665
51-8011.00,8509,0.027018468249081298,0.004657060049020539
51-8011.00,8508,0.1816436715115671,0.00781210100702051
51-8011.00,8507,0.05074754782983651,0.005025874485398361
51-8011.00,8506,0.04320751440643283,0.004744230937116584
51-4111.00,8505,0.015331282963892065,0.0064743056936165935
51-4111.00,8504,0.01964418015471113,0.008598639998864973
51-4111.00,8503,0.03940808647026985,0.009059811165771474
51-4111.00,8502,0.04530028523518364,0.009787746077365652
51-4111.00,8501,0.0384143925077543,0.010475540043759874
51-4111.00,8500,0.05109883436841185,0.016509430993940383
51-4111.00,8499,0.05785534948485404,0.010603710635252625
51-4111.00,8498,0.07990225899866579,0.010715426492500237
51-4111.00,8497,0.04472407424977363,0.009468387421388717
51-4111.00,8496,0.048131362134867364,0.009300864676215126
51-4111.00,8495,0.03535272160995403,0.012856640414423236
51-4111.00,8493,0.047489942956519086,0.010758056225889923
51-4111.00,8492,0.09510547174626967,0.017506344485354514
51-4111.00,8491,0.07378315615297702,0.012519507400014736
51-4111.00,8490,0.15578416060319059,0.015291945991830128
51-4111.00,8489,0.08053446515389372,0.016618494342228615
51-4021.00,8488,0.05395306867455402,0.014894368291982315
51-4021.00,8487,0.05676019031859376,0.012277648871079462
51-4021.00,8486,0.06411385578844919,0.02673551509547451
51-4021.00,8485,0.03567069540414515,0.011327298864587212
51-4021.00,8481,0.11133806862988485,0.01121971998093036
51-4021.00,8480,0.07383517762051003,0.017294763400671997
51-4021.00,8479,0.11633025664035994,0.030245568771325736
51-4021.00,8478,0.03110465619689281,0.009772035495171489
51-4021.00,8477,0.10011197356459382,0.018059481767299008
51-4021.00,8476,0.07467392763844266,0.015765337644808298
51-4021.00,8475,0.05543956072012655,0.015480673657685273
51-4021.00,8474,0.07402478504513738,0.01240407316504244
51-4021.00,8473,0.15264378375830975,0.01595079239914282
51-2092.00,8472,0.10045144025657335,0.02657112932700904
51-2092.00,8469,0.07048940886428379,0.01578323799613771
51-2092.00,8468,0.1322428210686925,0.03250742475955527
51-1011.00,8467,0.01842500426118053,0.00887382390252475
51-1011.00,8466,0.03956199177699572,0.006431901720293614
51-1011.00,8465,0.021049616632584228,0.004154499951489905
51-1011.00,8463,0.030003361301560512,0.0047790666432409815
51-1011.00,8462,0.0175795262637349,0.0025329991906987933
51-1011.00,8461,0.03230694417643545,0.005349663170998606
51-1011.00,8460,0.03926893645808811,0.007117441219315671
51-1011.00,8459,0.07521433764173023,0.013508131096487186
51-1011.00,8458,0.05160614076285268,0.006654017137104818
51-1011.00,8457,0.07777123601971289,0.009801506399212328
51-1011.00,8455,0.08573741685287573,0.012915169909652933
51-1011.00,8454,0.07003939514374759,0.010974753993442419
51-1011.00,8453,0.05425215539556567,0.005699271558794893
51-1011.00,8452,0.11217674606450743,0.017414015676308923
51-1011.00,8451,0.09174483091807487,0.010864510036902326
51-1011.00,8450,0.09783857674707314,0.012219525428557646
49-9061.00,8449,0.0016336753095082277,0.001169809277367164
49-9061.00,8448,0.004138959922970993,0.0016951704947940143
49-9061.00,8447,0.01742644558199667,0.00722996260817206
49-9061.00,8445,0.04631796360359508,0.013593927321628646
49-9061.00,8444,0.02338526837290688,0.010176180197512553
49-9061.00,8443,0.06746169906573349,0.013262927179369319
49-9061.00,8442,0.0651276423305877,0.013975912462840774
49-9061.00,8441,0.06479840274341879,0.011960297955032456
49-9061.00,8440,0.11430843508598076,0.01812527500974862
49-9061.00,8439,0.05136460602321328,0.010885961061585101
49-9061.00,8438,0.1272093812777564,0.019182851726345408
49-9061.00,8437,0.13713305711159934,0.02001189861469849
49-9061.00,8436,0.13518923272878877,0.015425022592039062
49-9061.00,8435,0.08037944986726143,0.014566001674044576
49-9051.00,8434,0.009258152019427233,0.006638643739845464
49-9051.00,8433,0.011503317509351595,0.007336332275722788
49-9051.00,8432,0.02759061834180154,0.005854636909454825
49-9051.00,8431,0.022678806095478666,0.006458299841557331
49-9051.00,8430,0.012228692081764485,0.0026190433988801188
49-9051.00,8429,0.02575608666883993,0.004998103268807101
49-9051.00,8428,0.019553630357860795,0.007618740132842224
49-9051.00,8427,0.05885438264874088,0.016326710958201925
49-9051.00,8426,0.04412320171114668,0.009734273324096859
49-9051.00,8425,0.0543441572262595,0.016892732617631252
49-9051.00,8424,0.03218696939736614,0.006266915630461633
49-9051.00,8423,0.03962493323398334,0.011820016264253587
49-9051.00,8422,0.02045882159113457,0.004883922845536948
49-9051.00,8421,0.038158042786791725,0.006832005917651082
49-9051.00,8420,0.05400938795762231,0.010240475837508764
49-9051.00,8419,0.07601424766762653,0.012170940597101918
49-9051.00,8418,0.10958140615288119,0.01006440824029052
49-9051.00,8417,0.027409757350787406,0.006561319787034738
49-9051.00,8416,0.05174996398478727,0.005267739077800252
49-9051.00,8415,0.02977089568226777,0.008149186151150744
49-9051.00,8414,0.07949028086060281,0.01420932704291339
49-9051.00,8413,0.04647176312106437,0.01017655728704831
49-9051.00,8412,0.10918248555241317,0.019342556288622345
49-9011.00,8411,0.0017570312406953571,0.001208407873328571
49-9011.00,8410,0.00841362167425619,0.0028392146168168307
49-9011.00,8409,0.021018420178736598,0.008530111019276096
49-9011.00,8408,0.008494114001795578,0.004699426812828337
49-9011.00,8407,0.04594600688027166,0.015445939184691651
49-9011.00,8406,0.0062225761113380365,0.004975394901505278
49-9011.00,8405,0.007419931101045781,0.003323588906234194
49-9011.00,8404,0.022621309053584098,0.006532992483180826
49-9011.00,8403,0.013808491480554819,0.0020242597646291695
49-9011.00,8402,0.016392674359439332,0.005685048376157364
49-9011.00,8401,0.0266498686786477,0.004498597494649893
49-9011.00,8400,0.02630091177425953,0.006356298863163361
49-9011.00,8399,0.04951071839222586,0.006215447492784003
49-9011.00,8397,0.04205419309363022,0.004432330977625726
49-9011.00,8396,0.04814911709723957,0.0118633899742544
49-9011.00,8395,0.04892460804096319,0.009041663179730096
49-9011.00,8394,0.0518216399104097,0.006522924917851127
49-9011.00,8393,0.10497570814358315,0.012849804549537035
49-9011.00,8392,0.04885767117217343,0.008983756359578545
49-9011.00,8391,0.11284349179492902,0.012471111413731133
49-9011.00,8390,0.06382691622256488,0.016454230320855644
49-9011.00,8389,0.037833631740937616,0.0068325174882001485
49-9011.00,8388,0.06317521285958028,0.007101047136183738
49-9011.00,8387,0.08946695909522502,0.0121475539416645
49-3093.00,8385,0.02736301939321009,0.004871606559874692
49-3093.00,8383,0.02892969175699581,0.006810362788703941
49-3093.00,8382,0.020923375904820258,0.005157002459684409
49-3093.00,8381,0.011264437854383554,0.003371247797995194
49-3093.00,8380,0.021177444885160213,0.005728189840180691
49-3093.00,8379,0.02454617047655433,0.005162967425068992
49-3093.00,8378,0.030540226289418045,0.005373540476148553
49-3093.00,8377,0.01441166910533217,0.002099520409958538
49-3093.00,8376,0.032558627414295736,0.00534339210307595
49-3093.00,8374,0.03369715811758888,0.004818945912297735
49-3093.00,8373,0.043156072717566406,0.0059080884434976775
49-3093.00,8372,0.036265370061585,0.005225503118451954
49-3093.00,8371,0.053093114714602097,0.007345683820843629
49-3093.00,8370,0.057993189314581285,0.006355036125089578
49-3093.00,8369,0.05566323152400523,0.005962033681544888
49-3093.00,8368,0.0526773650343021,0.006189594800886063
49-3093.00,8366,0.04817756754460452,0.005564258525929689
49-3093.00,8365,0.06766039659251954,0.005742473800461841
49-3093.00,8364,0.0624943808435551,0.00451612648167964
49-3093.00,8363,0.06396742685133096,0.0061202852186187625
49-3052.00,8360,0.11153474629054574,0.018152413726581607
49-3052.00,8359,0.11401809870064596,0.015584322177884843
49-3052.00,8358,0.03289746823300399,0.013155019970155465
49-3052.00,8357,0.04972989008408968,0.017930209932795562
49-3052.00,8356,0.05234073513216281,0.0125988934490284
49-3052.00,8355,0.11160965020968239,0.017387953425447925
49-3052.00,8354,0.06454756928899748,0.014261587180887608
49-3052.00,8353,0.14230574045052913,0.02057814516092513
49-3052.00,8352,0.06699209086945367,0.013980416406650521
49-3022.00,8335,0.029211939576651576,0.008055524488730696
49-3022.00,8334,0.02228625485197167,0.005159635482937861
49-3022.00,8333,0.014427433346854238,0.0036569720099368644
49-3022.00,8332,0.010474543473995944,0.0032779452728456293
49-3022.00,8331,0.008070691558042964,0.002407912430474682
49-3022.00,8330,0.01288568959811998,0.004051952350245647
49-3022.00,8329,0.03293002423980776,0.009687820644048313
49-3022.00,8328,0.07281222276416771,0.012408541431760968
49-3022.00,8327,0.07354479735722058,0.01661134042108291
49-3022.00,8326,0.04869836739099813,0.0065853366956692
49-3022.00,8325,0.08226630254318565,0.015055144756203273
49-3022.00,8324,0.09230980985296887,0.016496380823678596
49-3022.00,8323,0.062381896020383874,0.018780876469951985
49-3022.00,8322,0.07502893178749194,0.015548913320246435
49-3022.00,8320,0.08460688299861194,0.021185333264631817
49-3022.00,8318,0.08760819763808,0.018386597453726682
47-5012.00,8314,0.004720463747168369,0.0018986861849642198
47-5012.00,8313,0.011838881830794455,0.006160235704938454
47-5012.00,8312,0.0012155246967597998,0.0005715596929722475
47-5012.00,8311,0.019603474903264192,0.007740739009172631
47-5012.00,8310,0.03269380041048615,0.00871416858474263
47-5012.00,8309,0.029951040998325528,0.004745852488669323
47-5012.00,8308,0.028579790187556686,0.006941414881169443
47-5012.00,8307,0.048410987208879756,0.012555987114987552
47-5012.00,8306,0.05796713231201882,0.013123272962697058
47-5012.00,8305,0.06406482696628377,0.016796866427765598
47-5012.00,8304,0.014292275608892372,0.006814977049795858
47-5012.00,8302,0.0746167604925967,0.01213023063917343
47-5012.00,8301,0.09468611224070263,0.011766545743608976
47-5012.00,8300,0.11773396568005338,0.013368587788225743
47-5012.00,8299,0.10963828162196172,0.0216932006745057
47-5012.00,8298,0.0924700799064764,0.016015732387673877
47-5012.00,8297,0.11648606950985856,0.017965815201889303
47-5012.00,8296,0.08103053167792067,0.020748580451962605
47-4091.00,8295,0.013922118378667131,0.005505069042990338
47-4091.00,8293,0.15672478564037248,0.049606804269263303
47-4091.00,8292,0.03104501770514864,0.01211422823389629
47-4091.00,8291,0.05170213304260038,0.02781509258999751
47-4091.00,8290,0.08038586383640216,0.018101325296809502
47-4091.00,8289,0.1608907020704055,0.05082261710808152
47-4091.00,8288,0.054568888423632646,0.01819810360533906
47-4091.00,8287,0.17021604010339694,0.04782147814472563
47-4091.00,8286,0.11899753905538606,0.04471632037377607
47-4091.00,8285,0.07145255622013494,0.01667870322966667
47-4091.00,8284,0.09009435552385309,0.01881383679400475
47-3012.00,8283,0.014679870411166729,0.013088169140579
47-3012.00,8282,0.014677506326854092,0.013937714147845531
47-3012.00,8281,0.0168865259399595,0.010916780128269347
47-3012.00,8280,0.02079483827747527,0.009101041736269142
47-3012.00,8279,0.033464897058862034,0.01791334356511155
47-3012.00,8278,0.043549716788048504,0.01959993504713435
47-3012.00,8277,0.007976613389356518,0.0025579176170871594
47-3012.00,8276,0.06148598106648357,0.020396264612529805
47-3012.00,8275,0.03248349216117841,0.013264623887216165
47-3012.00,8273,0.08160942145728076,0.01862871842720945
47-3012.00,8272,0.04600324351064671,0.011572369967869724
47-3012.00,8271,0.08163452629181775,0.021066492074544873
47-3012.00,8270,0.1401330815441181,0.024736747416344296
47-3012.00,8269,0.05708516080319065,0.0141551550361692
47-3012.00,8268,0.009295043571042811,0.0051965133330829855
47-3012.00,8267,0.12244472401921795,0.020750546387677243
47-2042.00,8266,0.03413027190393139,0.02072231519491287
47-2042.00,8265,0.03331170514617569,0.01094203487833862
47-2042.00,8264,0.042748016530086114,0.00923932203083699
47-2042.00,8263,0.06605230935871634,0.02491833528719022
47-2042.00,8262,0.0577762888702505,0.01953666877211452
47-2042.00,8261,0.14251631848349455,0.0394227034318675
47-2042.00,8260,0.04854709842425988,0.023525361092145935
47-2042.00,8259,0.09823283997576168,0.0256217671750795
47-2042.00,8258,0.06443882223374049,0.02547471183992989
47-2042.00,8257,0.0609205530376022,0.017056499759508646
47-2042.00,8256,0.0821617897953364,0.020670703595964148
47-2042.00,8255,0.05781874594742204,0.010378897368384325
47-2042.00,8254,0.12551614739871014,0.02035882714193785
47-2042.00,8253,0.0858290928945126,0.018274871219497398
45-2021.00,8251,0.009436670906719371,0.005675177215676975
45-2021.00,8249,0.07677409674259672,0.021806528101683376
45-2021.00,8248,0.10032194862038593,0.04461361715938366
45-2021.00,8247,0.02194284260106252,0.017636456557641095
45-2021.00,8245,0.07502102805909891,0.028774176800782154
45-2021.00,8241,0.008941412503874329,0.0045987839854648785
45-2021.00,8240,0.0026484015967023896,0.0017223831316955675
45-2021.00,8239,0.0029394367995149513,0.0014371873652484818
45-2021.00,8238,0.02554941729926872,0.008917159054295526
45-2021.00,8237,0.11542665348642414,0.04692682357614814
45-2021.00,8236,0.030314540357729826,0.021248288004977044
45-2021.00,8235,0.09460796788599428,0.05107254485791626
45-2021.00,8234,0.013055671292883613,0.011180066178307599
45-2021.00,8233,0.09310575459663173,0.015400478724887492
45-2021.00,8232,0.1222761562157515,0.02930219929345968
43-5053.00,8230,0.025221044607111037,0.012977203469840706
43-5053.00,8229,0.033681369158538144,0.011896069750748974
43-5053.00,8227,0.10738996077070678,0.02112716711889651
43-5053.00,8226,0.04705735327161585,0.012514434077258826
43-5053.00,8224,0.018470483772738504,0.007601326355603124
43-5053.00,8223,0.10665919043671394,0.014008028325047816
43-5053.00,8222,0.10171187711369266,0.01617741738925316
43-5053.00,8221,0.15744913736218702,0.023598153677711623
43-5053.00,8220,0.014590658120140649,0.006955375080158282
43-5053.00,8219,0.16135254689452713,0.020237937295074056
43-5053.00,8218,0.03447985469747354,0.011254800938072108
43-5053.00,8217,0.016238904190424005,0.009958326718079629
43-5053.00,8214,0.09720090370072557,0.016772941531129675
43-5053.00,8213,0.07849671590340525,0.016853501239679748
43-5011.00,8203,0.038603020596833876,0.014937683405825913
43-5011.00,8201,0.09641651183600362,0.027165587304386594
43-5011.00,8199,0.03758620341003283,0.019533117322702968
43-5011.00,8196,0.028344798582499067,0.019240289468378104
43-5011.00,8195,0.09295725686537118,0.03808405220865724
43-5011.00,8192,0.10531886136449382,0.03825993430865779
43-5011.00,8190,0.17614924974829407,0.04409720512487153
43-4011.00,8153,0.026915722245208763,0.01308880959576759
43-4011.00,8152,0.016541463270760913,0.006138019710449664
43-4011.00,8151,0.034863969791497904,0.016947787252636057
43-4011.00,8149,0.2239917507409848,0.038690564983531385
43-4011.00,8148,0.07024265907547825,0.02212441268543699
43-4011.00,8147,0.023410428116924443,0.010146162651025992
43-4011.00,8145,0.23417323910408386,0.03628404977237474
41-4012.00,8129,0.05158330759314574,0.01784338773944378
41-4012.00,8128,0.07929053993161839,0.02447640081665567
41-4012.00,8126,0.04885512638551785,0.020843770673117566
41-4012.00,8122,0.08487154416089192,0.016984845855651874
41-4012.00,8121,0.027886704996341962,0.009996544333463631
41-4012.00,8120,0.0671782066862264,0.02412932335767392
41-4012.00,8119,0.08456420451106449,0.02450729184851214
41-4012.00,8117,0.07088076404259783,0.018823718134492178
41-4012.00,8116,0.08823048713430201,0.02067530498180986
41-4012.00,8115,0.06753902546925954,0.017784192408530977
41-4012.00,8114,0.13250558871263227,0.02414681238405768
41-4012.00,8113,0.13216346805920748,0.019727886833359347
39-5094.00,8084,0.020059452434618593,0.012279244564244661
39-5094.00,8081,0.06433437895865969,0.022277884419036692
39-5094.00,8080,0.08046284266825089,0.014123905019808551
39-5094.00,8078,0.09321805657949873,0.0225330463274967
39-5094.00,8077,0.10824732559357285,0.016496097568990863
39-5094.00,8075,0.13997591480959193,0.010482976052686487
39-5094.00,8072,0.138645450513933,0.010079505066158763
39-5094.00,8071,0.11615126690650428,0.021869213166852964
39-5094.00,8070,0.16172417546581958,0.019085468742248774
39-5011.00,8067,0.008724007671257179,0.005755025800555606
39-5011.00,8066,0.007837291630676998,0.004479501081312849
39-5011.00,8065,0.015206628555662825,0.0027982059543403322
39-5011.00,8063,0.051605604422871924,0.016243726637236004
39-5011.00,8061,0.03220107045474136,0.010935992635261124
39-5011.00,8060,0.017504346799094798,0.007941230295620156
39-5011.00,8059,0.02244740296151048,0.00868888429054441
39-5011.00,8058,0.02870963110529779,0.007867662287281812
39-5011.00,8057,0.02654770027512409,0.006500179295073644
39-5011.00,8056,0.059429282993551165,0.013232800562519416
39-5011.00,8055,0.0038270289481630365,0.0014544441349890725
39-5011.00,8054,0.09083103219501804,0.018346979066072466
39-5011.00,8053,0.1262820128759365,0.018091232877987813
39-5011.00,8052,0.10394159153198333,0.018498353581910234
39-5011.00,8051,0.13990463477812687,0.018703099288022818
39-5011.00,8050,0.13749023297142643,0.018458523129792195
39-5011.00,8049,0.12751049982955717,0.016438417947410414
39-3021.00,8048,0.04036168566769026,0.011837328500790582
39-3021.00,8047,0.018007006581500028,0.0043794695080366505
39-3021.00,8046,0.06229524612659852,0.018203255608616575
39-3021.00,8044,0.014250805225443938,0.010073872550297376
39-3021.00,8042,0.059916556648314766,0.014225304669983617
39-3021.00,8041,0.05515678362496652,0.01745709433537459
39-3021.00,8040,0.05697145265479528,0.0066183391418458155
39-3021.00,8039,0.011636364535054441,0.004071967713244078
39-3021.00,8035,0.07807863293037075,0.017462542276947383
39-3021.00,8034,0.06869198481327295,0.01820772030518723
39-3021.00,8033,0.0186368526189896,0.0036499208344191367
39-3021.00,8032,0.004693499912622523,0.0018171383291596434
39-3021.00,8031,0.12588112213474195,0.029345240549200017
39-3021.00,8030,0.18635426957262907,0.029520654718738912
39-3021.00,8029,0.12946515351342536,0.039166756266137255
39-3012.00,8026,0.026204269185843107,0.009558678334433092
39-3012.00,8023,0.029372671687208324,0.007862051131185996
39-3012.00,8021,0.015660325069281236,0.0060434968645524
39-3012.00,8020,0.029806192947701753,0.008733652583798957
39-3012.00,8019,0.038779262925277655,0.009662283257057752
39-3012.00,8018,0.045439811693321994,0.007817244736835378
39-3012.00,8017,0.032703716393482414,0.011324394050519365
39-3012.00,8016,0.0670932008660203,0.011896349702136048
39-3012.00,8015,0.043536571583490655,0.008911227172712883
39-3012.00,8014,0.07717472029265277,0.009892484391489943
39-3012.00,8013,0.020836987740288106,0.0053635521565561246
39-3012.00,8012,0.06823307859900507,0.012608317562974812
39-3012.00,8011,0.07152420619573457,0.012072332806775077
39-3012.00,8010,0.0497884780616611,0.012046661249403113
39-3012.00,8009,0.06837612914277325,0.01052014289161146
39-3012.00,8008,0.0966301659135334,0.017118531209650015
39-3012.00,8007,0.1101904723249903,0.014823585752412646
39-2011.00,8004,0.0007161481901388888,0.0003413475124065427
39-2011.00,8002,0.016828569173426438,0.00961177508054548
39-2011.00,8001,0.05377424570233379,0.018437289060853464
39-2011.00,7996,0.01820433586890549,0.007826665243862305
39-2011.00,7995,0.04958207482449897,0.010349806078898462
39-2011.00,7993,0.21747415965559133,0.02154394593046663
39-2011.00,7992,0.12005252482643228,0.01453444819657466
39-2011.00,7991,0.08532788824585265,0.010991857893987786
39-2011.00,7990,0.03202268482435629,0.008357197195789841
39-2011.00,7989,0.11258161203551453,0.017902925699099573
39-2011.00,7988,0.12233263372483182,0.018681734885117582
37-2021.00,7986,0.009340125438046852,0.0028005545922714704
37-2021.00,7985,0.023775443274352607,0.0048669057435892825
37-2021.00,7983,0.024874429025813355,0.005920696985348496
37-2021.00,7982,0.011571662845770775,0.00855738567856745
37-2021.00,7981,0.015023968960034146,0.00922319057600463
37-2021.00,7979,0.12566815716805943,0.019811698837782415
37-2021.00,7978,0.039224996143628996,0.014473420802431533
37-2021.00,7977,0.05982502931177128,0.009560571647421877
37-2021.00,7976,0.10853131209442925,0.021825687383749865
37-2021.00,7975,0.16723403549693494,0.0235199586427738
37-2021.00,7974,0.25095810394436485,0.024155784478078084
33-9011.00,7973,0.00037365784266074164,0.0
33-9011.00,7972,0.025888692615097998,0.0
33-9011.00,7971,0.044060407135589875,0.0
33-9011.00,7970,0.16851628808610689,0.0
33-9011.00,7969,0.05996829005000546,0.0
33-9011.00,7968,0.12200665957442909,0.0
33-9011.00,7967,0.044894027885565575,0.0
33-9011.00,7966,0.13046413532965323,0.0
33-9011.00,7965,0.018534379853286948,0.0
33-9011.00,7964,0.08325159012032472,0.0
33-9011.00,7963,0.05620517291847374,0.0
33-9011.00,7962,0.02364047180000005,0.0
33-9011.00,7961,0.07892339132169839,0.0
33-9011.00,7960,0.044041223623009246,0.0
33-9011.00,7959,0.04388144350752845,0.0
33-9011.00,7958,0.055350168336569666,0.0
33-3041.00,7956,0.029716947933629015,0.014090588569564834
33-3041.00,7954,0.03741482335381446,0.01185558305262719
33-3041.00,7953,0.058742404612915765,0.017097723426564165
33-3041.00,7949,0.013221346249477533,0.0056732406328304855
33-3041.00,7946,0.09288255081775494,0.016241451437463427
33-3041.00,7945,0.07887331250208347,0.01249197751374202
33-3041.00,7944,0.04775426985506614,0.009538762902140497
33-3041.00,7943,0.04717380863339741,0.012942585723696186
33-3041.00,7942,0.042340252861657636,0.007669796032077575
33-3041.00,7941,0.11096261037263021,0.023162652461148892
33-3041.00,7939,0.08309583154680887,0.01697393946945027
33-3041.00,7938,0.10193591948691731,0.04208455758839579
33-3041.00,7937,0.15680474384634208,0.03790239225548385
33-3041.00,7936,0.09908117792750515,0.024401232963284263
33-3031.00,7934,0.005105995820347235,0.0036421396192027797
33-3031.00,7933,0.047669927982421506,0.012742967456409298
33-3031.00,7932,0.004137845350704247,0.0025790503738652455
33-3031.00,7931,0.002739244601121035,0.0019309812930364096
33-3031.00,7930,0.005277122253819128,0.0020751886881555113
33-3031.00,7929,0.03618060247401648,0.005989011046458886
33-3031.00,7928,0.011173497457394217,0.0037683635597507512
33-3031.00,7926,0.016280991199644976,0.006296526557439421
33-3031.00,7925,0.01728297938533556,0.010956791881443986
33-3031.00,7924,0.07575462525587197,0.024721969314205245
33-3031.00,7923,0.00688346182270371,0.003792125469363023
33-3031.00,7922,0.012046255646807207,0.0031473810796510448
33-3031.00,7921,0.028188225000041627,0.006070108520021672
33-3031.00,7919,0.005379431119040188,0.0024419187798632703
33-3031.00,7918,0.18947401425305946,0.024992703824027775
33-3031.00,7915,0.2781872567584711,0.04196530750187811
31-9011.00,7889,0.039493653530932926,0.0
31-9011.00,7888,0.0035652703363345615,0.0
31-9011.00,7887,0.08958937714801088,0.0
31-9011.00,7886,0.026930887586157415,0.0
31-9011.00,7885,0.008114926001815502,0.0
31-9011.00,7884,0.09135734577204367,0.0
31-9011.00,7883,0.10280699529386818,0.0
31-9011.00,7882,0.0849601287974282,0.0
31-9011.00,7881,0.0868070881168807,0.0
31-9011.00,7880,0.1289508453534433,0.0
31-9011.00,7879,0.1364691978178374,0.0
31-9011.00,7878,0.08897663794162686,0.0
29-1181.00,7875,0.0037803532311110515,0.0
29-1181.00,7872,0.04146924995560448,0.0
29-1181.00,7870,0.06693623181986252,0.0
29-1081.00,7858,0.021570325356959328,0.0134128428206499
29-1081.00,7857,0.029907646108313916,0.014269086344620298
29-1081.00,7856,0.0415818554676161,0.013638908119967747
29-1081.00,7855,0.056831783433940915,0.013864032593108257
29-1081.00,7854,0.052515179189736395,0.008712594967284996
29-1081.00,7853,0.06568012606330038,0.015326695706046885
29-1081.00,7852,0.17286035302745595,0.011907681263487698
29-1081.00,7851,0.1237373212478712,0.013792892546105542
29-1081.00,7850,0.1236631022479354,0.011888083371810878
29-1081.00,7849,0.16393766450267905,0.011235367577132286
29-1221.00,7833,0.006588955056451814,0.006030841506579048
29-1221.00,7832,0.0026303978897612513,0.0025901125220133435
29-1221.00,7831,0.0063836013567876845,0.005446594752281909
29-1221.00,7830,0.008450460209471676,0.003421529132277235
29-1221.00,7829,0.056915618327939205,0.011154211962352195
29-1221.00,7828,0.028219794270269997,0.005259252975855661
29-1221.00,7827,0.057913382822389135,0.008241600234042884
29-1221.00,7826,0.0642351569070357,0.011487443238791114
29-1221.00,7825,0.08901267883732705,0.007370130607473046
29-1221.00,7824,0.12000379044131965,0.004686530975070273
29-1221.00,7823,0.0997299507367991,0.006226549439851509
29-1221.00,7822,0.11214930033975812,0.006509009739999121
29-1221.00,7821,0.12064254887506118,0.004538422291533961
29-1221.00,7820,0.12008936189560537,0.00467088289125891
29-1221.00,7819,0.09469891534499432,0.008351777316378236
29-1218.00,7818,0.000889478145093362,0.00034512186789603314
29-1218.00,7817,0.009823017259868245,0.006380292755755753
29-1218.00,7816,0.005674843509799816,0.002438104020491661
29-1218.00,7815,0.0763598659047349,0.013841215682115828
29-1218.00,7814,0.019319981239240766,0.0033452759525361016
29-1218.00,7813,0.01580255318727096,0.002897268278272034
29-1218.00,7812,0.06587044790748661,0.011480196824806515
29-1218.00,7811,0.1387979888080929,0.009701559741201956
29-1218.00,7810,0.13724371707989844,0.009955991911512807
29-1218.00,7809,0.0855497266263499,0.009619767606878951
29-1218.00,7808,0.014406800956049643,0.0039738884818914435
29-1218.00,7807,0.09765276529855663,0.011916755700300964
29-1218.00,7806,0.09430647377324944,0.01113286474685974
29-1218.00,7805,0.10838879793449838,0.011015903877097461
29-1218.00,7804,0.12991354236980998,0.010117516382447286
29-1216.00,7803,0.005052973900422988,0.0012252640359160245
29-1216.00,7801,0.007120209861632164,0.0038753466462241913
29-1216.00,7800,0.013200162688590488,0.005531675718227278
29-1216.00,7799,0.02715820106053152,0.00656098287801823
29-1216.00,7798,0.07217388193484398,0.01704539920788581
29-1216.00,7797,0.010846584732656624,0.0023450208269610385
29-1216.00,7796,0.03580992233667163,0.006376942869769619
29-1216.00,7795,0.05413073931397603,0.010885652226800196
29-1216.00,7794,0.07426426207147993,0.01113833695133851
29-1216.00,7793,0.0839134853567567,0.00870370335456543
29-1216.00,7792,0.041553394387977255,0.004508894044318881
29-1216.00,7791,0.0868608222138599,0.009988682516143078
29-1216.00,7790,0.08074857580945949,0.009604559522323652
29-1216.00,7789,0.08638453956214459,0.010132538490966493
29-1216.00,7788,0.06965315932627479,0.011616581539081135
29-1216.00,7787,0.08588165590874,0.010312551004533552
29-1216.00,7786,0.08607160307782973,0.01052855445794941
29-1216.00,7785,0.07917582645615223,0.009779255472028422
29-1215.00,7779,0.0579691642724596,0.011206544144290299
29-1215.00,7778,0.07918627596386625,0.01909282399175679
29-1215.00,7777,0.05581415265277696,0.011625437143693235
29-1215.00,7776,0.13316141001040513,0.009449771880112149
29-1215.00,7775,0.1291207344592091,0.007512647102515674
29-1215.00,7774,0.13888024202730975,0.008287178077800154
29-1215.00,7773,0.12452197561845352,0.006332671168681414
29-1215.00,7772,0.1333567481860789,0.009851629288604374
29-1215.00,7771,0.14651100598606934,0.005113903995448781
29-1211.00,7770,0.0023481716333013966,0.0013430403417056134
29-1211.00,7769,0.010745101791310746,0.002857334939352695
29-1211.00,7768,0.015036642645227074,0.004269465736347276
29-1211.00,7767,0.05204751597841746,0.005891991815757368
29-1211.00,7766,0.037350706319956795,0.005126355839318453
29-1211.00,7765,0.03138963917602764,0.003978501406815371
29-1211.00,7764,0.022917494036035005,0.003680631551459471
29-1211.00,7763,0.033260411196401315,0.0038667139273096817
29-1211.00,7762,0.04205783602237805,0.006726424989003511
29-1211.00,7761,0.04403721083538134,0.004872642085906509
29-1211.00,7760,0.07799856731116368,0.008415732921996403
29-1211.00,7759,0.07842998660839567,0.006875039272251118
29-1211.00,7758,0.08576815150321503,0.0047844143193599125
29-1211.00,7757,0.07439075625088751,0.007476237399973895
29-1211.00,7756,0.13024639127165824,0.008434729906782991
29-1211.00,7755,0.05802723952223305,0.0075292435002167705
29-1211.00,7754,0.10787073641875848,0.0072762859263451425
29-1211.00,7753,0.09607744147925157,0.009368164401605103
29-1024.00,7752,0.02035348447495908,0.012707311249608296
29-1024.00,7751,0.03710039336007724,0.014131422017656556
29-1024.00,7750,0.04122179884052941,0.014203044021539714
29-1024.00,7749,0.09010651649579304,0.01857022935874431
29-1024.00,7748,0.05021700731540891,0.015395240941544599
29-1024.00,7747,0.05575466836718839,0.022136660274557903
29-1024.00,7746,0.07958007246916766,0.01811729853287852
29-1024.00,7745,0.1275786022198236,0.02358661391338168
29-1024.00,7744,0.097317928180817,0.022443912480082557
29-1024.00,7743,0.11765919265674925,0.022040637654088983
29-1023.00,7741,0.06615996870643266,0.0101903410466747
29-1023.00,7740,0.040727496470976204,0.007806354178286054
29-1023.00,7739,0.10880853834886245,0.01009553136464201
29-1023.00,7738,0.07424838864263872,0.009569670845832419
29-1023.00,7737,0.11112341143545112,0.009296742842456277
29-1023.00,7736,0.08677213278612689,0.010040318360962431
29-1023.00,7735,0.11007021510871054,0.009434713831881889
29-1023.00,7734,0.10953168125032056,0.009249004596039553
29-1023.00,7733,0.08298152760409137,0.009737399349937571
29-1023.00,7732,0.09347965524472583,0.01062451825657121
27-4014.00,7731,0.003434274917262538,0.0
27-4014.00,7730,0.06269019216235318,0.0
27-4014.00,7729,0.13035666132489415,0.0
27-4014.00,7728,0.057742371222434884,0.0
27-4014.00,7727,0.12833727497012393,0.0
27-4014.00,7726,0.07138335539951958,0.0
27-4014.00,7725,0.13324752021711508,0.0
27-4014.00,7724,0.01634129364314058,0.0
27-4014.00,7723,0.04531758164028475,0.0
27-4014.00,7722,0.12092400381684613,0.0
27-4014.00,7720,0.10667683987168487,0.0
27-2031.00,7697,0.04938534794935195,0.018531779514846032
27-2031.00,7696,0.024814814897558084,0.012818977924552626
27-2031.00,7695,0.027150116590917768,0.012089855020166696
27-2031.00,7694,0.04560654819566516,0.01699189239373599
27-2031.00,7693,0.07518617294132511,0.012569589532779842
27-2031.00,7692,0.007262097853828636,0.006867973919112202
27-2031.00,7691,0.003925600558261594,0.001568304181376123
27-2031.00,7690,0.15592793500438662,0.028914502596574607
27-2031.00,7689,0.04726216396618694,0.013548189731684182
27-2031.00,7688,0.04978124806802333,0.02529416544201369
27-2031.00,7687,0.17749006737384634,0.029259467273372152
27-2031.00,7686,0.16765068753787543,0.021033040012171295
27-2031.00,7685,0.1343446511885703,0.019869344602023435
27-2012.03,7684,0.029328094295609928,0.008860309303692972
27-2012.03,7683,0.030842055191977805,0.012865545839414178
27-2012.03,7682,0.058544670015149826,0.020699549200293828
27-2012.03,7681,0.007861173998230764,0.003404284832411728
27-2012.03,7680,0.11935786572074271,0.03024576536271586
27-2012.03,7679,0.09627905594571376,0.017162201704879632
27-2012.03,7678,0.023617962408530493,0.007176696899160405
27-2012.03,7677,0.0033084549173652707,0.0018097789083593439
27-2012.03,7676,0.033033282025771056,0.009270599711109804
27-2012.03,7675,0.06628849366376387,0.018057836561638254
27-2012.03,7674,0.029549557148571666,0.012745137318637002
27-2012.03,7673,0.039656958626820206,0.007778026779568815
27-2012.03,7672,0.01753295873972485,0.004641381990218659
27-2012.03,7671,0.028011376735982182,0.007984096812172315
27-2012.03,7670,0.007009949219504915,0.0033983454330836767
27-2012.03,7669,0.01639322999867547,0.011401545985928366
27-2012.03,7668,0.012538348969429739,0.005907077271860801
27-2012.03,7667,0.06861603462547995,0.019642068335922185
27-2012.03,7666,0.0600059638191259,0.02819958439540568
27-2012.03,7665,0.03539361461430919,0.006587030973887985
27-2012.03,7664,0.07167901189378505,0.017618330412992555
27-2012.03,7663,0.08616184593162375,0.012960366202562683
27-2012.03,7662,0.05899004149411174,0.016554240468808944
27-2011.00,7660,0.003963327113933889,0.0027817793704241157
27-2011.00,7659,0.001996222324323531,0.002287624295981579
27-2011.00,7657,0.010198607645416614,0.008065978856915833
27-2011.00,7656,0.05523541461289357,0.02266301227354379
27-2011.00,7655,0.02581313519096567,0.020649472009901543
27-2011.00,7653,0.005759699095636323,0.002471814310319697
27-2011.00,7652,0.037867017410756806,0.011411172275339882
27-2011.00,7651,0.1113097542256066,0.023971453317507236
27-2011.00,7650,0.05244976242411679,0.016794540684411528
27-2011.00,7649,0.10043501319697618,0.015648651795706882
27-2011.00,7648,0.013850409527707235,0.00732996875910825
27-2011.00,7647,0.11786465471778519,0.02316807505229258
27-2011.00,7646,0.1644281898896328,0.0234118694188588
27-2011.00,7645,0.07894971807115081,0.013922163059513054
27-2011.00,7644,0.13078010248776076,0.02286443634012235
27-2011.00,7643,0.08909897206533719,0.013890721383598504
25-4011.00,7642,0.009131484433329284,0.0
25-4011.00,7641,0.013348335938257759,0.0
25-4011.00,7640,0.058484356169814816,0.0
25-4011.00,7639,0.06088335114182367,0.0
25-4011.00,7638,0.014236986733313372,0.0
25-4011.00,7637,0.1136290205912139,0.0
25-4011.00,7636,0.07567339329172465,0.0
25-4011.00,7635,0.09079080128047727,0.0
25-4011.00,7634,0.14466124518455026,0.0
25-4011.00,7633,0.11905607389415382,0.0
25-4011.00,7632,0.0347417656593959,0.0
25-4011.00,7631,0.17442157143229303,0.0
25-4011.00,7630,0.09094161424965218,0.0
23-1021.00,7629,0.026487465942543347,0.008901968412035915
23-1021.00,7628,0.03856912359754948,0.012421689208524144
23-1021.00,7627,0.09229423549864402,0.018417562887888466
23-1021.00,7626,0.05083132128979767,0.013358299921377858
23-1021.00,7625,0.07347245057073674,0.01851209234772269
23-1021.00,7624,0.08390228940260475,0.017237096002580724
23-1021.00,7623,0.0709789232614434,0.017545990047939896
23-1021.00,7622,0.07106281112137865,0.015105419873355765
23-1021.00,7621,0.074402117177115,0.013891169044846172
23-1021.00,7620,0.10392452420454568,0.012666753704666377
23-1021.00,7619,0.06526363929418805,0.011581807179871615
23-1021.00,7618,0.12041527924231912,0.016372141525713528
23-1021.00,7617,0.08947034232939631,0.01725679795835206
19-4051.02,7612,0.04544798224925574,0.006680440294787398
19-4051.02,7610,0.055430590200181554,0.009649751650686829
19-4051.02,7608,0.024980213857761696,0.005976057699084596
19-4051.02,7606,0.03400632997847546,0.007827214230961676
19-4051.02,7605,0.03990854581707282,0.005608361766721495
19-4051.02,7604,0.02525422202674443,0.004894961645558313
19-4051.02,7603,0.05982509928103094,0.00566847023520962
19-4051.02,7602,0.11919594469283144,0.0127251406931783
19-4051.02,7601,0.10394225222448393,0.01149984983749999
19-4051.02,7600,0.027902013605882955,0.005807126776511277
19-4051.02,7599,0.08770741264601774,0.010186384670772047
19-4051.02,7598,0.026394494942581632,0.007052391389491715
19-4051.02,7597,0.06711373109153042,0.009689670122307599
19-4013.00,7587,0.016887892130301015,0.009148107777554804
19-4013.00,7585,0.09830406193247228,0.0244028947457257
19-4013.00,7584,0.01788339092706679,0.006301267412250461
19-4013.00,7583,0.04359044748777333,0.008164783964416741
19-4013.00,7582,0.12798602080992835,0.02585452250104358
19-4013.00,7581,0.08849332755427304,0.022732485161396882
19-4013.00,7579,0.05436463064258509,0.00867537340077246
19-4013.00,7578,0.04001868034049332,0.010489666916979766
19-4013.00,7577,0.06362905641605654,0.01609448175499046
19-4013.00,7576,0.09061778536401041,0.014339551780871252
19-3032.00,7575,0.004849321110891252,0.0
19-3032.00,7574,0.00509181659886566,0.0
19-3032.00,7573,0.023531764406451047,0.0
19-3032.00,7572,0.08798867070257983,0.0
19-3032.00,7571,0.06362659886612834,0.0
19-3032.00,7570,0.05040095038625776,0.0
19-3032.00,7569,0.01976021629661761,0.0
19-3032.00,7568,0.027567682728745057,0.0
19-3032.00,7567,0.04180765229736774,0.0
19-3032.00,7566,0.01063031202111504,0.0
19-3032.00,7565,0.049917448769158775,0.0
19-3032.00,7564,0.07113253837052838,0.0
19-3032.00,7563,0.016413953506855674,0.0
19-3032.00,7562,0.010873444687390106,0.0
19-3032.00,7561,0.0866331269717541,0.0
19-3032.00,7560,0.0255440360199917,0.0
19-3022.00,7559,0.00622140325458347,0.0
19-3022.00,7558,0.005431334096648877,0.0
19-3022.00,7557,0.04337480258468282,0.0
19-3022.00,7556,0.13347631462354315,0.0
19-3022.00,7555,0.03963393812395452,0.0
19-3022.00,7554,0.016530110310319337,0.0
19-3022.00,7553,0.07658121812791435,0.0
19-3022.00,7552,0.10268629508986774,0.0
19-3022.00,7551,0.15711512387032106,0.0
19-3022.00,7550,0.1486741006255616,0.0
19-3022.00,7549,0.06604690377794409,0.0
19-3022.00,7548,0.03444525169264344,0.0
19-3022.00,7547,0.04365686099396537,0.0
19-3022.00,7546,0.045204684653377354,0.0
19-3022.00,7545,0.05959139476606848,0.0
19-3011.00,7544,0.06562453770489401,0.0
19-3011.00,7543,0.007320822665329378,0.0
19-3011.00,7542,0.05600453818610922,0.0
19-3011.00,7541,0.004387283266661481,0.0
19-3011.00,7540,0.030603062783997968,0.0
19-3011.00,7539,0.05418773362193647,0.0
19-3011.00,7538,0.1294418607262049,0.0
19-3011.00,7537,0.07596500665685214,0.0
19-3011.00,7536,0.26983459290078265,0.0
19-2011.00,7535,0.006277474703663709,0.0
19-2011.00,7534,0.02243306815801255,0.0
19-2011.00,7533,0.011980726392749087,0.0
19-2011.00,7532,0.08465760925056538,0.0
19-2011.00,7531,0.04336351301910561,0.0
19-2011.00,7530,0.10388423611758428,0.0
19-2011.00,7529,0.004007807089852732,0.0
19-2011.00,7528,0.09523182064567368,0.0
19-2011.00,7527,0.01296387929672294,0.0
19-2011.00,7526,0.005937663014393089,0.0
19-2011.00,7525,0.2615819128953789,0.0
19-2011.00,7524,0.1298331087147866,0.0
19-1042.00,7523,0.03038764878046827,0.010572452064769687
19-1042.00,7522,0.016477991726588943,0.008615017661589057
19-1042.00,7521,0.12504970705292698,0.04579837988175597
19-1042.00,7520,0.004727961115092302,0.004075104352363372
19-1042.00,7519,0.055438101721716475,0.027818200231982563
19-1042.00,7518,0.021737915407049776,0.01355051537176375
19-1042.00,7517,0.08194189744508494,0.029022090765753385
19-1042.00,7516,0.05842878106280393,0.017614354016252422
19-1042.00,7515,0.10949954557669205,0.03314662858995098
19-1042.00,7514,0.16263808565631513,0.04029670373946883
19-1042.00,7513,0.1544380219860643,0.03851985774840287
19-1031.02,7511,0.007291116815188869,0.003441275441061753
19-1031.02,7509,0.014325285480527935,0.006145468887698806
19-1031.02,7508,0.05092961715416793,0.027281873256198484
19-1031.02,7507,0.020176584535256777,0.008963523202491644
19-1031.02,7506,0.048774504664749974,0.012674902632997333
19-1031.02,7505,0.02370290040578338,0.009749619366850286
19-1031.02,7504,0.12381043220260723,0.06675353204108332
19-1031.02,7503,0.043682357313883736,0.01185469148375447
19-1031.02,7502,0.06295857943401623,0.014320573699215872
19-1031.02,7501,0.10503877162072289,0.035452750406274346
19-1031.02,7500,0.14503928962528692,0.05721305102056948
19-1031.02,7499,0.023819672990507138,0.006971132828928295
19-1031.02,7498,0.06384181227363421,0.014820884198678047
19-1031.02,7497,0.08603545788488354,0.026387383776537654
19-1012.00,7495,0.02394757224595595,0.0
19-1012.00,7494,0.10450838353291586,0.0
19-1012.00,7493,0.016423727571774304,0.0
19-1012.00,7492,0.050850782105949545,0.0
19-1012.00,7491,0.050891030669107745,0.0
19-1012.00,7490,0.06979644402852124,0.0
19-1012.00,7489,0.12767702053894142,0.0
19-1012.00,7488,0.050904511858378944,0.0
19-1012.00,7487,0.12072168758699726,0.0
19-1012.00,7486,0.18831705765521403,0.0
19-1012.00,7485,0.08399671244905485,0.0
17-2061.00,7408,0.0018588429608816202,0.0
17-2061.00,7407,0.1494780192253042,0.0
17-2061.00,7406,0.035361657132579744,0.0
17-2061.00,7405,0.015862017825828932,0.0
17-2061.00,7404,0.03173728541721137,0.0
17-2061.00,7403,0.0059802144731134444,0.0
17-2061.00,7402,0.04773051850930503,0.0
17-2061.00,7401,0.08218323091797408,0.0
17-2061.00,7400,0.021815426845097158,0.0
17-2061.00,7399,0.08399479004083618,0.0
17-2061.00,7398,0.12208386011583759,0.0
17-2061.00,7397,0.04343137866991814,0.0
17-2061.00,7396,0.06657928330309719,0.0
17-2061.00,7395,0.011748135563584694,0.0
17-2061.00,7394,0.11345587744193923,0.0
17-2061.00,7393,0.03430405761406295,0.0
17-2061.00,7392,0.05387060018369277,0.0
17-2061.00,7391,0.0785248037597357,0.0
15-2031.00,7390,0.016698943668837556,0.0
15-2031.00,7389,0.06604740930028755,0.0
15-2031.00,7388,0.025134254841603546,0.0
15-2031.00,7387,0.131662690109581,0.0
15-2031.00,7386,0.06249925870640983,0.0
15-2031.00,7385,0.06315462362314717,0.0
15-2031.00,7384,0.04123767025221515,0.0
15-2031.00,7383,0.07718137095674309,0.0
15-2031.00,7382,0.05122231418120324,0.0
15-2031.00,7381,0.04472057254589331,0.0
15-2031.00,7380,0.09804960079733248,0.0
15-2031.00,7379,0.03509221836365434,0.0
15-2031.00,7378,0.06239882509352276,0.0
15-2031.00,7377,0.08314573899885995,0.0
15-2021.00,7376,0.06971307249087058,0.0
15-2021.00,7375,0.05801860662097557,0.0
15-2021.00,7374,0.09646574689861888,0.0
15-2021.00,7373,0.18442297543455585,0.0
15-2021.00,7372,0.09369338536683788,0.0
15-2021.00,7371,0.07408838101568137,0.0
15-2021.00,7370,0.12772985446736315,0.0
15-2021.00,7369,0.05667541463524014,0.0
15-2021.00,7368,0.06435183402435875,0.0
15-2021.00,7367,0.0756194199642821,0.0
13-2082.00,7366,0.0631218815777164,0.0
13-2082.00,7365,0.05107344179636569,0.0
13-2082.00,7364,0.01627943641352823,0.0
13-2082.00,7363,0.09489175245082898,0.0
13-2082.00,7362,0.08665713570881614,0.0
13-2082.00,7361,0.08317446161344727,0.0
13-2082.00,7360,0.138844420046459,0.0
13-2082.00,7359,0.12170918328803498,0.0
13-2082.00,7358,0.1574925493811304,0.0
13-2061.00,7329,0.011364613693577823,0.0
13-2061.00,7328,0.043669459236766905,0.0
13-2061.00,7327,0.04675540174032138,0.0
13-2061.00,7326,0.013379322459646124,0.0
13-2061.00,7325,0.010424036312679467,0.0
13-2061.00,7324,0.0901876840796799,0.0
13-2061.00,7323,0.041273819969184326,0.0
13-2061.00,7322,0.09319854916186189,0.0
13-2061.00,7321,0.04317189608032305,0.0
13-2061.00,7320,0.17538418745951603,0.0
13-2061.00,7319,0.05963875144019747,0.0
13-2061.00,7318,0.046581224850705386,0.0
13-2061.00,7317,0.0582083322022025,0.0
13-2061.00,7316,0.1465692168587388,0.0
13-2061.00,7315,0.025910748369739035,0.0
13-2061.00,7314,0.08564848480716447,0.0
13-1111.00,7286,0.09664923584201186,0.0
13-1111.00,7285,0.037370250722153525,0.0
13-1111.00,7284,0.05727999745934427,0.0
13-1111.00,7283,0.05686085405626337,0.0
13-1111.00,7282,0.030578194180865197,0.0
13-1111.00,7281,0.04362797696398416,0.0
13-1111.00,7280,0.053007794188133124,0.0
13-1111.00,7279,0.1185821040975822,0.0
13-1111.00,7278,0.12621301151479636,0.0
13-1111.00,7277,0.1344152247192742,0.0
13-1111.00,7276,0.24541535625559174,0.0
11-9161.00,7275,0.008713475649735174,0.0
11-9161.00,7274,0.0011005041124871246,0.0
11-9161.00,7273,0.0011472899531447148,0.0
11-9161.00,7272,0.004076684370439885,0.0
11-9161.00,7271,0.005080927397455161,0.0
11-9161.00,7270,0.0028689375959181887,0.0
11-9161.00,7269,0.015139950179850089,0.0
11-9161.00,7268,0.00538756876134025,0.0
11-9161.00,7267,0.02273909015633102,0.0
11-9161.00,7266,0.097437833327209,0.0
11-9161.00,7265,0.02617457944217363,0.0
11-9161.00,7264,0.006539976224280083,0.0
11-9161.00,7263,0.05631413070730596,0.0
11-9161.00,7262,0.03897849165350461,0.0
11-9161.00,7261,0.012539529257263546,0.0
11-9161.00,7260,0.2452430395774125,0.0
11-9161.00,7259,0.04579774208921766,0.0
11-9161.00,7258,0.0878827612373617,0.0
11-9161.00,7257,0.10850349600587637,0.0
11-9161.00,7256,0.025795693912450995,0.0
11-9161.00,7255,0.004216359122797004,0.0
11-9161.00,7254,0.009705598989697221,0.0
11-9161.00,7253,0.1686163402767481,0.0
13-1032.00,7252,0.019672095777804863,0.007759647909010243
13-1032.00,7251,0.19318418433809503,0.020754076617832507
13-1032.00,7250,0.06822701656740993,0.016802135959736442
13-1032.00,7249,0.13582938945884684,0.017197862500284454
13-1032.00,7248,0.18375270355910425,0.013367071428210274
13-1032.00,7247,0.19455757140411584,0.017825029354722112
13-1032.00,7246,0.2047770388946233,0.019267835483647945
11-9141.00,7245,0.0004715844521709796,0.0
11-9141.00,7244,0.0010638718706427372,0.0
11-9141.00,7243,0.005262957101010664,0.0
11-9141.00,7242,0.00017538341932344937,0.0
11-9141.00,7241,0.02036917353516715,0.0
11-9141.00,7240,0.08564593298779595,0.0
11-9141.00,7239,0.00942895362156605,0.0
11-9141.00,7238,0.010298338418351129,0.0
11-9141.00,7237,0.02334993896457055,0.0
11-9141.00,7236,0.04244747910907833,0.0
11-9141.00,7235,0.023176713282653447,0.0
11-9141.00,7234,0.01751510234777952,0.0
11-9141.00,7233,0.014078024242986957,0.0
11-9141.00,7232,0.01630947737461104,0.0
11-9141.00,7231,0.03954545490838842,0.0
11-9141.00,7230,0.008804006178368733,0.0
11-9141.00,7229,0.12100683371329979,0.0
11-9141.00,7228,0.009459785097172465,0.0
11-9141.00,7227,0.013554761739244716,0.0
11-9141.00,7226,0.03291237107724924,0.0
11-9141.00,7225,0.006517142842226323,0.0
11-9141.00,7224,0.2056680684428732,0.0
11-9141.00,7223,0.11238259217014057,0.0
11-9141.00,7222,0.05570668343951486,0.0
11-9141.00,7221,0.04174791901916363,0.0
11-9141.00,7220,0.04683118812856173,0.0
11-9141.00,7219,0.03627026251608835,0.0
11-9121.00,7218,0.013230550392186305,0.010121131685156244
11-9121.00,7217,0.04270069833711706,0.02631592178868566
11-9121.00,7216,0.0044376291935877875,0.0028713119839302126
11-9121.00,7215,0.04469582420737389,0.02027479888938506
11-9121.00,7214,0.07104288129317683,0.02038234977829952
11-9121.00,7213,0.0327433593515017,0.015424666875882991
11-9121.00,7212,0.01914396901341479,0.005222025790636301
11-9121.00,7211,0.028649967658499934,0.00791996150278996
11-9121.00,7210,0.046979870779639235,0.009575121909093477
11-9121.00,7209,0.14273229502820936,0.03543680444723773
11-9121.00,7208,0.10747656530649478,0.02070027453130089
11-9121.00,7207,0.12831488696955037,0.026272622354792597
11-9121.00,7206,0.007339668403236232,0.003459113987682026
11-9121.00,7205,0.12430657417137758,0.021564551502131376
11-9121.00,7204,0.058761767256700535,0.022671452539220198
11-9121.00,7203,0.1274434926379335,0.026840177092801946
11-9071.00,7202,0.029368388097199074,0.012833576477680693
11-9071.00,7201,0.025938748175932787,0.008455167577207061
11-9071.00,7200,0.049104556601311446,0.011884909941295561
11-9071.00,7199,0.026200617861969564,0.006265684968979557
11-9071.00,7198,0.018441262368913844,0.0076555442778256065
11-9071.00,7197,0.03849407501165158,0.00997081145827264
11-9071.00,7196,0.09760842654274368,0.02164295280198931
11-9071.00,7195,0.04781641421554102,0.014719810007031573
11-9071.00,7194,0.06013554021073655,0.01013522264117522
11-9071.00,7193,0.04882279791221534,0.010861034310246308
11-9071.00,7192,0.008986512984196225,0.005706690512947893
11-9071.00,7191,0.11325294905728213,0.015805479130966395
11-9071.00,7190,0.07089741734032176,0.012613652545081771
11-9071.00,7189,0.10208301423569097,0.02260789564721359
11-9071.00,7188,0.03816970984918687,0.008662654840595942
11-9071.00,7187,0.06819867362376471,0.011836916803098594
11-9071.00,7186,0.04959213313921192,0.013477725716628464
11-9071.00,7185,0.06111281272681144,0.008849106366894581
53-7081.00,7181,0.03127905637374067,0.004318895800680363
53-7081.00,7180,0.04283897870200922,0.01570821339179139
53-7081.00,7179,0.05334855157921229,0.012795305258320965
53-7081.00,7178,0.07921581200034393,0.012412104043252183
53-7081.00,7177,0.11120277749483805,0.0246946219771803
53-7081.00,7176,0.10000116917994915,0.02434658162114004
53-7081.00,7175,0.15358892016102618,0.03630623131649418
53-7081.00,7174,0.1291343997694767,0.030035784705625047
53-7081.00,7172,0.03474691397758945,0.003605774676278015
53-7081.00,7171,0.04914701643972723,0.007593416587937477
53-7081.00,7170,0.05444747115290327,0.009475532168181896
53-6011.00,7169,0.03730310190261698,0.0
53-6011.00,7166,0.04339588176304081,0.0
53-6011.00,7165,0.04339588176304081,0.0
53-6011.00,7164,0.053274180903232105,0.0
53-6011.00,7163,0.05138534180340051,0.0
53-6011.00,7162,0.03661665873174754,0.0
53-6011.00,7161,0.01907130359435495,0.0
53-6011.00,7160,0.09472279636690446,0.0
53-6011.00,7159,0.011712725999806342,0.0
53-6011.00,7158,0.02616999554305722,0.0
53-6011.00,7157,0.05366160215727184,0.0
53-6011.00,7156,0.08174664158694268,0.0
53-6011.00,7155,0.07187487225139146,0.0
53-6011.00,7154,0.008175524296055172,0.0
53-6011.00,7153,0.09472279636690446,0.0
53-6011.00,7152,0.09085664619816856,0.0
53-6011.00,7151,0.09240643969987258,0.0
53-6011.00,7150,0.0895076090721915,0.0
51-9081.00,7149,0.029099398981751325,0.007197560924033551
51-9081.00,7148,0.03994909958968261,0.008559974315233546
51-9081.00,7147,0.046602415431615786,0.007208779802033109
51-9081.00,7146,0.03594308697052605,0.009224843834873592
51-9081.00,7145,0.032666504718285104,0.00942284746020769
51-9081.00,7144,0.02014280503607408,0.005738038332203912
51-9081.00,7143,0.06800997092922013,0.011740564076324931
51-9081.00,7142,0.0657231487103366,0.012132298153073108
51-9081.00,7141,0.045951177997427886,0.009664423021061953
51-9081.00,7140,0.03671237757513384,0.007599793216044683
51-9081.00,7139,0.061276599177841354,0.006932553412994893
51-9081.00,7138,0.029436192161096428,0.006204341446004351
51-9081.00,7137,0.066572155891876,0.009656830550346999
51-9081.00,7136,0.08284116395548277,0.013544363466387361
51-9081.00,7135,0.09195106073822767,0.011215031172020355
51-9081.00,7134,0.12088067185080886,0.01905760891224823
51-9081.00,7133,0.12624217028461357,0.012255332730163156
49-9094.00,7132,0.0017388683181610038,0.0
49-9094.00,7131,0.019323363299360925,0.0
49-9094.00,7130,0.011804557837351123,0.0
49-9094.00,7129,0.021705155270325936,0.0
49-9094.00,7128,0.0885006507062324,0.0
49-9094.00,7127,0.0654552068314376,0.0
49-9094.00,7126,0.16759062447355105,0.0
49-9094.00,7125,0.059400834967193214,0.0
49-9094.00,7124,0.2243050305718339,0.0
47-5071.00,7122,0.010370692244462082,0.007154895352630929
47-5071.00,7119,0.05388934479884721,0.0326241213110894
47-5071.00,7117,0.021435140993707552,0.009862419882501028
47-5071.00,7116,0.0848399274570065,0.03263017202046808
47-5071.00,7115,0.14349696228016764,0.07420074166743458
47-5071.00,7113,0.047568219649348854,0.015015168627958035
47-5071.00,7112,0.3184550038858609,0.08484183888675281
47-5071.00,7111,0.0077404367260792235,0.009537740996948776
47-5013.00,7088,0.047154875157851946,0.008023404381170388
47-5013.00,7085,0.03632335747215087,0.013509612947287598
47-5013.00,7084,0.017631357569488894,0.017348596451707603
47-5013.00,7083,0.17506951550659788,0.02984221755777856
47-5013.00,7081,0.06945909160793391,0.019095964223635783
47-5013.00,7080,0.06030404388191919,0.010011745513332032
47-5013.00,7079,0.012371971517568378,0.006054647474385594
47-5013.00,7078,0.04985760554710237,0.018397446967322092
47-5013.00,7076,0.056802175164823145,0.011489468226092415
47-5013.00,7075,0.045221350075038434,0.008629008154190293
47-5013.00,7074,0.07787471139919117,0.013884763708385322
47-2051.00,7072,0.017678849140458565,0.010576166300206104
47-2051.00,7071,0.008741531445825885,0.005761399439618906
47-2051.00,7070,0.005757803336439944,0.004034227973626583
47-2051.00,7069,0.01382508972495104,0.005778552881888683
47-2051.00,7068,0.017935043240310554,0.0044147777607737426
47-2051.00,7067,0.014619194611073189,0.0058209715431702886
47-2051.00,7066,0.029237801450632817,0.01636802319014331
47-2051.00,7065,0.0126288124498494,0.005401816964588379
47-2051.00,7064,0.021148553148374136,0.005839433492486441
47-2051.00,7063,0.006405835150781297,0.003917417577987294
47-2051.00,7062,0.06684953132885389,0.01652496538632812
47-2051.00,7061,0.03278950153362156,0.007797100999212114
47-2051.00,7060,0.02179120845779348,0.004973263719133982
47-2051.00,7059,0.06997819286892247,0.024619780329331927
47-2051.00,7058,0.030282516685539846,0.015249968142140993
47-2051.00,7057,0.014100423865911559,0.00407827048958399
47-2051.00,7056,0.04599997608158326,0.011269181222211884
47-2051.00,7055,0.0564947246814247,0.015442562363171547
47-2051.00,7054,0.019884556657041915,0.003915476719374382
47-2051.00,7053,0.06830478939970122,0.016553704585787612
47-2051.00,7052,0.056921045900535545,0.009989410796239155
47-2051.00,7051,0.06568601464400216,0.01381283348848886
47-2051.00,7050,0.06577727522691174,0.014220910654546252
47-2051.00,7049,0.10916515448365868,0.02810460965945696
47-2051.00,7048,0.05955026191344745,0.015381009027985396
47-2051.00,7047,0.06844631257235367,0.013576946510455098
45-4011.00,7045,0.03109350860269391,0.013009015568365716
45-4011.00,7042,0.018598204716873127,0.007877425357622633
45-4011.00,7041,0.06868534846790933,0.042223518186206024
45-4011.00,7040,0.10197333930293628,0.0627673028319165
45-4011.00,7038,0.012708033839445878,0.006287998053671161
45-4011.00,7037,0.01866241535464749,0.009003406392646246
45-4011.00,7035,0.08675200708277755,0.07036671355146958
45-4011.00,7034,0.033460994955185855,0.0170395422202279
45-4011.00,7032,0.02783888945416498,0.019282167455594103
45-4011.00,7031,0.06393198261967502,0.052738476018179534
45-4011.00,7030,0.09175000965462889,0.06309343319609076
45-4011.00,7029,0.074620775263663,0.047343053530461254
45-4011.00,7028,0.10802065928860127,0.07224520803926235
45-4011.00,7027,0.06571951825596183,0.02440838448955835
45-4011.00,7026,0.1847862446094468,0.04211160094345373
43-5021.00,7023,0.04259731580592654,0.016750459112561643
43-5021.00,7020,0.01781993815361833,0.010520234118919041
43-5021.00,7019,0.057616074845306724,0.020652309456518966
43-5021.00,7018,0.0936493679086198,0.02508310721249204
43-5021.00,7017,0.046398072633906495,0.010032010613168156
43-5021.00,7016,0.09054043597548452,0.03349963173564701
43-5021.00,7015,0.07805691789284062,0.02569298509834879
43-5021.00,7014,0.10490222169033649,0.03240707783157797
43-5021.00,7013,0.10590196843331003,0.027687521845216365
43-5021.00,7012,0.06121005189264397,0.025102503843155845
43-5021.00,7011,0.06566774014479837,0.01975529134565064
43-5021.00,7010,0.1472947443422862,0.03536764778515265
41-2012.00,7009,0.02495489592894662,0.007695080529026374
41-2012.00,7008,0.03867011766826068,0.009884569918262621
41-2012.00,7007,0.06922976035283544,0.009109049463333112
41-2012.00,7006,0.0855050359706284,0.018438628494778463
41-2012.00,7005,0.03563143480219425,0.0072486530093163306
41-2012.00,7004,0.04177716382611125,0.008798224461454104
41-2012.00,7003,0.1191621932913751,0.012948215994218042
41-2012.00,7002,0.050052597666637826,0.011288090385069135
41-2012.00,6999,0.1304108146727431,0.009994679784243248
41-2012.00,6998,0.10676220944217066,0.011961581638043756
39-9041.00,6997,0.006084678685702368,0.0037176862563337116
39-9041.00,6996,0.01684469054278975,0.004966400240755971
39-9041.00,6995,0.027340082346232076,0.009364180592306122
39-9041.00,6994,0.024122154204522166,0.0045973102185824745
39-9041.00,6993,0.011074842680902823,0.003748439908872061
39-9041.00,6992,0.015396965517180398,0.004121296908033938
39-9041.00,6991,0.008067298167723077,0.0022340353905798862
39-9041.00,6990,0.01848939707329344,0.005675502379412662
39-9041.00,6989,0.012986296057815268,0.0038587114609771583
39-9041.00,6988,0.021977392941396223,0.015119332106719419
39-9041.00,6986,0.09561603263211389,0.018601028804618402
39-9041.00,6985,0.009920473693422197,0.0029971195611996205
39-9041.00,6984,0.02553550136148158,0.00855523990530815
39-9041.00,6983,0.01461546553738108,0.008822498687124234
39-9041.00,6982,0.008730555091478487,0.003506716194386173
39-9041.00,6981,0.014068184310866512,0.005116282230764771
39-9041.00,6980,0.021738663768739286,0.005659073337652104
39-9041.00,6979,0.03122480343582501,0.015347575960322208
39-9041.00,6978,0.06521546069780232,0.017503119412609052
39-9041.00,6977,0.07815779557064877,0.015002419418121271
39-9041.00,6976,0.09194299392795867,0.020413727289382906
39-9041.00,6975,0.012302217744724366,0.00406359222661971
39-9041.00,6974,0.07058321243339494,0.011939053961136096
39-9041.00,6973,0.018223330807858436,0.0032870005734786803
39-9041.00,6972,0.04817779952761295,0.015469502697608288
39-9041.00,6971,0.02728285459921318,0.01420145425504528
39-9041.00,6970,0.10114554057697414,0.018828397229574145
29-2053.00,6955,0.010224433258415391,0.003903173792653938
29-2053.00,6954,0.04918969769678564,0.015434302989187992
29-2053.00,6952,0.06358182315721281,0.013171291795125738
29-2053.00,6951,0.04265753941684352,0.017078927859335107
29-2053.00,6950,0.06790553894172187,0.017160682542743975
29-2053.00,6949,0.07669865973313425,0.019859809715325714
29-2053.00,6948,0.13723953903521602,0.014392625576203532
29-2053.00,6947,0.06004453820078255,0.015045500691839787
29-2053.00,6946,0.13050111452772717,0.022091429731678398
29-2053.00,6945,0.13153884911759262,0.022712864154498306
29-2053.00,6944,0.15908321342280735,0.019577598005241278
29-1021.00,6943,0.012990207274214913,0.00524792657678263
29-1021.00,6942,0.03198596154168076,0.0067295117752398685
29-1021.00,6941,0.03233338417005248,0.006895861534312335
29-1021.00,6939,0.028764800080617284,0.006339841086043325
29-1021.00,6938,0.020655216617373205,0.005104345100009722
29-1021.00,6937,0.015168632203924313,0.004431638362646593
29-1021.00,6936,0.024684143754083152,0.005510256595308915
29-1021.00,6935,0.012530922798214213,0.0035580614248484836
29-1021.00,6934,0.06296915482295018,0.008883462747595668
29-1021.00,6933,0.029706692917502924,0.005342290981402967
29-1021.00,6932,0.013990635818564466,0.004670978157607491
29-1021.00,6931,0.07666438137976672,0.008284895446116314
29-1021.00,6930,0.03315004304425818,0.006059761103972313
29-1021.00,6929,0.07049955504072355,0.008127933252683094
29-1021.00,6927,0.06860069294716643,0.008097451834581718
29-1021.00,6926,0.11192697735253816,0.007260484776287792
29-1021.00,6925,0.09282950583610967,0.008334762797330478
29-1011.00,6923,0.010694632938763635,0.002625551188703943
29-1011.00,6922,0.023148117293786685,0.008642349853468801
29-1011.00,6920,0.10408729700709742,0.01015704506281059
29-1011.00,6919,0.05654991849655852,0.010273795374259105
29-1011.00,6918,0.10975054723040446,0.010862500847744103
29-1011.00,6917,0.12262487191554818,0.009334509123578824
29-1011.00,6916,0.12429147468849107,0.008981255510892678
29-1011.00,6915,0.11606020618427647,0.01057313165905486
29-1011.00,6914,0.15568988813097015,0.007146248709419913
29-1011.00,6913,0.1573865739265471,0.007139090742235132
27-1021.00,6912,0.002300648541893746,0.002002355351069687
27-1021.00,6911,0.03175241568752292,0.010884236977742753
27-1021.00,6909,0.03343175071788297,0.008566007814194981
27-1021.00,6908,0.01140824415265665,0.005056228093147861
27-1021.00,6907,0.03640889516409662,0.015699355874669824
27-1021.00,6906,0.05519401303460673,0.02278125929324518
27-1021.00,6905,0.06354485233150968,0.04116795030043129
27-1021.00,6904,0.031777884593480105,0.007317105914819239
27-1021.00,6903,0.009366624765405703,0.0039281043686986905
27-1021.00,6902,0.11292252615250872,0.022735733642846256
27-1021.00,6901,0.05012294858257684,0.02253598177728531
27-1021.00,6900,0.08111260887374634,0.027182552958018778
27-1021.00,6899,0.010045911105844822,0.003417092635658326
27-1021.00,6898,0.17952753982374883,0.028307086181294776
27-1021.00,6897,0.04735705660598008,0.027649406928062167
27-1021.00,6896,0.24372607986653919,0.043258736133411704
27-1014.00,6895,0.04604319797916517,0.021940661211999384
27-1014.00,6894,0.0107038782076703,0.003948659656259425
27-1014.00,6893,0.1655873960045602,0.0414218745771633
27-1014.00,6891,0.010011324794598356,0.006231756445625508
27-1014.00,6889,0.033752562599312495,0.022685897938534958
27-1014.00,6888,0.1314717163370445,0.032708769314310125
27-1014.00,6887,0.11075188219466026,0.0339317909455918
27-1014.00,6886,0.052902133589183546,0.02514453719942646
27-1014.00,6885,0.05982516384567833,0.029198633010163778
27-1014.00,6884,0.06504926375363086,0.029721077066738204
27-1014.00,6883,0.0961997599754038,0.03200792310905916
27-1014.00,6882,0.2177017207190922,0.04417591390714017
25-9031.00,6881,0.006368094624426315,0.0024617325769587897
25-9031.00,6878,0.004817678184079537,0.0035475772865832794
25-9031.00,6877,0.4612285687637904,0.08516337601264808
25-9031.00,6876,0.024840694230526525,0.009221927487886201
25-9031.00,6875,0.03594317421897489,0.02087499720591505
25-9031.00,6873,0.003021049736856217,0.0011647269326547107
25-9031.00,6871,0.13801902102823355,0.05698930384342862
25-9031.00,6870,0.031416507430909325,0.012685326397076892
25-9031.00,6867,0.0897979495614387,0.036854779451059104
25-9031.00,6866,0.023759612206036188,0.009562577238937792
25-9031.00,6865,0.05236356671172334,0.02166998421652581
25-9031.00,6864,0.08435474069234804,0.0540084447306258
25-9031.00,6863,0.044069342610657036,0.02204395513229858
25-3011.00,6861,0.010335127886294232,0.009245603625242158
25-3011.00,6860,0.0014917471268754568,0.0011704764818845418
25-3011.00,6859,0.0025359675326617976,0.0011988942123247154
25-3011.00,6858,0.02264060661488213,0.01126066090946081
25-3011.00,6856,0.012611987491861355,0.007418154901025218
25-3011.00,6855,0.0023177539339390403,0.0006394288717800353
25-3011.00,6854,0.008934637914221054,0.004605360751318646
25-3011.00,6853,0.003942887437576465,0.0009617719124402935
25-3011.00,6852,0.000450140836250981,0.0001742035542717035
25-3011.00,6851,0.005613021094127791,0.003519978811511305
25-3011.00,6850,0.013306255809632033,0.00400848451654316
25-3011.00,6849,0.014248144472912965,0.008266539516618376
25-3011.00,6848,0.028634496567536923,0.005325140387476626
25-3011.00,6847,0.011341818712732248,0.006966785187893956
25-3011.00,6846,0.007027820148979087,0.0012698809217938328
25-3011.00,6845,0.006806252210431895,0.00115625359156711
25-3011.00,6844,0.018421619129327584,0.008038180638545533
25-3011.00,6843,0.03446561786992183,0.006280154764466094
25-3011.00,6842,0.014027859437014041,0.007437999845538569
25-3011.00,6841,0.01105042697383843,0.002642646817497951
25-3011.00,6840,0.03632863933716523,0.006486530190497453
25-3011.00,6839,0.009721226374046264,0.0020934585326666485
25-3011.00,6838,0.01358838604082041,0.002962021614032374
25-3011.00,6837,0.009822292981546138,0.003711856858677017
25-3011.00,6836,0.07831936779022737,0.014237427458543943
25-3011.00,6835,0.0399822095519039,0.004335463164253298
25-3011.00,6834,0.011294394779763475,0.003940339082403944
25-3011.00,6833,0.04699651482812789,0.013578433544463041
25-3011.00,6832,0.044420033796740616,0.008006736002908996
25-3011.00,6831,0.05623152422371405,0.012494275146038484
25-3011.00,6830,0.0594365603685723,0.010153616394637664
25-3011.00,6829,0.034586121765802176,0.0038940258866740044
25-3011.00,6828,0.03241994591471982,0.007972339952767893
25-3011.00,6827,0.09640633726594311,0.009253464688358212
25-3011.00,6826,0.06382938050372915,0.009151145748279401
25-3011.00,6825,0.07396805411662756,0.013616650475245897
25-3011.00,6824,0.062444821159533204,0.008265334038526776
25-2058.00,6823,0.004256696856362784,0.0022780076930343247
25-2058.00,6822,0.006919120486562645,0.004263227415180067
25-2058.00,6821,0.004251424716788508,0.003205337687617414
25-2058.00,6820,0.018131503471798288,0.004390510811832584
25-2058.00,6819,0.011940681594202822,0.004570403590477188
25-2058.00,6818,0.003572410348520496,0.0018154347491964437
25-2058.00,6817,0.003988804743484458,0.0006700262534041162
25-2058.00,6816,0.00924572213715113,0.004714484545494767
25-2058.00,6815,0.0023977714084920496,0.0008992728047234003
25-2058.00,6814,0.01550485552807947,0.004570822205941268
25-2058.00,6813,0.019505583956129818,0.004907047332199808
25-2058.00,6812,0.007954946580858642,0.003259565937932885
25-2058.00,6811,0.05935842320801943,0.008266591295617987
25-2058.00,6810,0.010113791905853747,0.003142948647559571
25-2058.00,6809,0.034989597114541415,0.005870430279079493
25-2058.00,6808,0.017716024026322143,0.003815269597441663
25-2058.00,6807,0.01437185874441593,0.004216932880541948
25-2058.00,6806,0.003100346264672375,0.0008397788274111658
25-2058.00,6805,0.02390076487067398,0.006565157595313891
25-2058.00,6804,0.018931509039948148,0.0049112838821334295
25-2058.00,6803,0.017620178829048955,0.0044795997510637155
25-2058.00,6802,0.04168901872534812,0.0060640944901440095
25-2058.00,6801,0.011832901389707162,0.0038501453941237494
25-2058.00,6800,0.03813047197852099,0.004789609295551084
25-2058.00,6799,0.0038218696579316565,0.0014464618752100642
25-2058.00,6798,0.02101653636187272,0.003915357037868693
25-2058.00,6797,0.014661198311058594,0.0032942034947272417
25-2058.00,6796,0.022013505907105976,0.0051033568155058225
25-2058.00,6795,0.03133236948830753,0.006920584791968271
25-2058.00,6794,0.07197840286448233,0.007499855299588127
25-2058.00,6793,0.04607532138761194,0.00708463333397121
25-2058.00,6792,0.03815458503990068,0.004820046130439136
25-2058.00,6791,0.033431098063452985,0.0068559881190073555
25-2058.00,6790,0.055445031790142256,0.00918270864997285
25-2058.00,6789,0.034972983702810455,0.005599955730272093
25-2058.00,6788,0.013465883145772465,0.0032668884484782527
25-2058.00,6787,0.07781931823008853,0.007054999171287418
25-2058.00,6786,0.03854720415738459,0.005657126203902722
25-2058.00,6785,0.06383862524845821,0.008813198863082895
25-2058.00,6784,0.03400165871811565,0.005267250089367121
25-2057.00,6782,0.0061207313791429175,0.004042179589213231
25-2057.00,6781,0.010066875961530214,0.0025129475813658805
25-2057.00,6780,0.014866527804060798,0.004855091084393697
25-2057.00,6778,0.01743901575852235,0.005350624298336693
25-2057.00,6777,0.00765978821226246,0.0024516544484205287
25-2057.00,6776,0.010903628215294453,0.0055897249011313665
25-2057.00,6775,0.007030929471751014,0.0018918879092729877
25-2057.00,6774,0.01669468450179624,0.004408000550745448
25-2057.00,6773,0.00858522363379309,0.0022456185723755528
25-2057.00,6772,0.005209116786481046,0.0016948895148351211
25-2057.00,6771,0.04065688239988087,0.0071775522450342345
25-2057.00,6770,0.010898087047690234,0.002663588012728342
25-2057.00,6769,0.03204695615766118,0.008328410771212939
25-2057.00,6768,0.007268724891681978,0.0020562632034854247
25-2057.00,6767,0.010475236896361957,0.0022466680152190984
25-2057.00,6766,0.00691071503101951,0.0024449206213867404
25-2057.00,6765,0.01460814884589333,0.003265497643665293
25-2057.00,6764,0.008938452684867385,0.004327524816894103
25-2057.00,6763,0.03756036398077877,0.00871534946623473
25-2057.00,6762,0.017483076026260654,0.0038622360199514617
25-2057.00,6761,0.0426087613723008,0.00974302089010786
25-2057.00,6760,0.03566580332578125,0.00893225019018113
25-2057.00,6759,0.031234846653261213,0.003851530578995885
25-2057.00,6758,0.033554104186776935,0.009025431254874077
25-2057.00,6757,0.03814369394402264,0.005402935948761271
25-2057.00,6756,0.022946228100753637,0.005775771763326981
25-2057.00,6755,0.011728022050551188,0.006132811119700796
25-2057.00,6754,0.01709383409500201,0.006648024750127721
25-2057.00,6753,0.06405498234770275,0.009880103722555218
25-2057.00,6752,0.01739359111595378,0.004285834297245927
25-2057.00,6751,0.0356332604886203,0.0071568697326150465
25-2057.00,6750,0.035986305754606325,0.005321489708666301
25-2057.00,6749,0.05223402939804633,0.00931713645739881
25-2057.00,6748,0.058761347625589,0.008065909610068936
25-2057.00,6747,0.01600997320754583,0.003120064399113634
25-2057.00,6746,0.051803420351422366,0.006602340949297201
25-2057.00,6745,0.030893375102392734,0.006612637587794908
25-2057.00,6744,0.07873643635242207,0.010111771268560383
25-2032.00,6703,0.01304487152265992,0.003063891742680684
25-2032.00,6702,0.012625547224225899,0.003715137577411905
25-2032.00,6701,0.01139763769048532,0.0038490963065057828
25-2032.00,6700,0.010765331466660732,0.003114442208856355
25-2032.00,6699,0.00932179925274049,0.004556218980895845
25-2032.00,6698,0.012873403142118423,0.0037566524311905655
25-2032.00,6697,0.007937772460922105,0.0017298561666081603
25-2032.00,6696,0.007515365212320661,0.003379435465852482
25-2032.00,6695,0.01999681963586181,0.004002244181883232
25-2032.00,6694,0.008300186570231832,0.003977696879382295
25-2032.00,6693,0.011779748209933178,0.00389643804351091
25-2032.00,6692,0.011644062815367532,0.00319913694562138
25-2032.00,6691,0.010372870335197144,0.0038089996105458105
25-2032.00,6690,0.020684901674449283,0.004996885150268252
25-2032.00,6689,0.02196948852436757,0.004983178073356236
25-2032.00,6688,0.04896055527059138,0.006038306290423756
25-2032.00,6687,0.02155393089881619,0.004760855375101735
25-2032.00,6686,0.012497351605251509,0.003858987849566175
25-2032.00,6685,0.030765988788987748,0.004503188500642183
25-2032.00,6684,0.015443827878063218,0.0050579047256522425
25-2032.00,6683,0.06504782592628451,0.006739630327344103
25-2032.00,6682,0.05877684971340862,0.005538197572601643
25-2032.00,6681,0.06130905165112428,0.006392397601425924
25-2032.00,6680,0.0257956027874192,0.0037696503802434906
25-2032.00,6679,0.059613767852150557,0.006890135355422398
25-2032.00,6678,0.030121514229624873,0.003982086510719729
25-2032.00,6677,0.03271053379660511,0.005228924986566608
25-2032.00,6676,0.05177024224256526,0.005081681043127414
25-2032.00,6675,0.06688392164613291,0.006171711934958102
25-2032.00,6674,0.07043644484937998,0.006013904925179987
25-2032.00,6673,0.07377361325290077,0.0063108143471580225
25-2032.00,6672,0.03380169404361721,0.005935370504684692
25-2032.00,6671,0.05050747782953484,0.006224900194380017
25-2031.00,6670,0.019006617754134193,0.005260054987366411
25-2031.00,6669,0.014107334397396958,0.0023777014291117456
25-2031.00,6668,0.005643643462753728,0.0009723802872582995
25-2031.00,6667,0.00832621952058332,0.0018528340691096737
25-2031.00,6666,0.009915886032444836,0.0053800229869193405
25-2031.00,6665,0.01061233653768839,0.004763275943473922
25-2031.00,6664,0.008930953031209268,0.003511079685922565
25-2031.00,6663,0.01517114010304743,0.00570373066354924
25-2031.00,6662,0.007308987368149455,0.0020355981501581563
25-2031.00,6661,0.016914972721363015,0.003674249730878964
25-2031.00,6660,0.00509296160721631,0.0016663678687003894
25-2031.00,6659,0.011105167161555912,0.0031189096534321756
25-2031.00,6658,0.00802193610434947,0.0012783417320760696
25-2031.00,6657,0.024704518560511337,0.005707245901555826
25-2031.00,6656,0.007362159852923363,0.0012138139406026064
25-2031.00,6655,0.0021986285701010473,0.0007090092884338178
25-2031.00,6654,0.06802803981336245,0.011449092550656322
25-2031.00,6653,0.024361178334958336,0.005124268808046289
25-2031.00,6652,0.028237001968965943,0.005699352525613169
25-2031.00,6651,0.024857015731936175,0.0038254426047988426
25-2031.00,6650,0.07646007428265147,0.010189718113933655
25-2031.00,6649,0.04025702270495829,0.006491124329233983
25-2031.00,6648,0.0531176718595414,0.00794244479710929
25-2031.00,6647,0.04623035072824403,0.006335680069568359
25-2031.00,6646,0.03867448271492752,0.005681327773171942
25-2031.00,6645,0.038504520150654885,0.00752907248407687
25-2031.00,6644,0.048354825651669195,0.00689031518330894
25-2031.00,6643,0.07033072332781459,0.009058404716922224
25-2031.00,6642,0.02966749256378931,0.006037866784856017
25-2031.00,6641,0.04950896101227322,0.00690499175643267
25-2031.00,6640,0.0894252745481715,0.011855719945045013
25-2031.00,6639,0.09956190182065362,0.012108238636910778
25-2023.00,6638,0.004831200881686837,0.0007746311284221394
25-2023.00,6637,0.036868723310700666,0.013353603933818209
25-2023.00,6636,0.004272708042587697,0.0011453777467917037
25-2023.00,6635,0.005613958428769043,0.001972714006207021
25-2023.00,6634,0.007159221441213565,0.0013201680960344766
25-2023.00,6633,0.001878259215464645,0.0005214200531992499
25-2023.00,6632,0.005899747512819439,0.003053544611365667
25-2023.00,6631,0.01784437260134687,0.006150105063377269
25-2023.00,6629,0.004297846351727785,0.0005791716151284136
25-2023.00,6628,0.02038026056931769,0.006097575806101446
25-2023.00,6627,0.012294189452687223,0.004826277713009171
25-2023.00,6626,0.018198526947393913,0.0045603326891836765
25-2023.00,6625,0.0033967405753415106,0.0021302920443559852
25-2023.00,6624,0.012632135788365136,0.00457301196094952
25-2023.00,6623,0.022782272460938568,0.005701218261103484
25-2023.00,6622,0.04486848723640917,0.009732448173611505
25-2023.00,6621,0.019761298028523274,0.003908573385878022
25-2023.00,6620,0.061372230335695485,0.00747574169761259
25-2023.00,6619,0.045736472650128576,0.009495548637232338
25-2023.00,6618,0.043125360931284884,0.0077994422585295825
25-2023.00,6617,0.08363424338313316,0.010277374840212355
25-2023.00,6616,0.009239179198745133,0.0019708393890109587
25-2023.00,6615,0.06301791084608904,0.005662304930766282
25-2023.00,6614,0.04262179635368716,0.007923683722708639
25-2023.00,6613,0.05298020769813528,0.008554524110268764
25-2023.00,6612,0.05611587445209997,0.008209484700749442
25-2023.00,6611,0.03887410251514607,0.009111492287753004
25-2023.00,6610,0.08138909068928615,0.010158702411279894
25-2023.00,6609,0.05953390724599023,0.007629613698040909
25-2023.00,6608,0.09387226545069921,0.008799330486414068
25-2022.00,6607,0.007485131618999664,0.00500561690858016
25-2022.00,6606,0.0044502508501574264,0.0011948825950088956
25-2022.00,6604,0.006032163483716628,0.00317223210809545
25-2022.00,6603,0.002395353445577217,0.0014965194691164607
25-2022.00,6602,0.00645377414241455,0.0011919669123209378
25-2022.00,6601,0.00908232939489793,0.0032869524764295296
25-2022.00,6600,0.016505743657253456,0.007976060411269652
25-2022.00,6599,0.0033857810546477018,0.003166978345041869
25-2022.00,6598,0.013287108961016543,0.002610381736651304
25-2022.00,6597,0.0013209330314617085,0.0005321651978072545
25-2022.00,6596,0.02035736241874236,0.006717687089065423
25-2022.00,6595,0.004883278792326374,0.001092160335726792
25-2022.00,6594,0.006614883504750999,0.002052633086962152
25-2022.00,6593,0.028254402813761667,0.007533856015124086
25-2022.00,6592,0.039665793088130924,0.0057533228815233985
25-2022.00,6591,0.023425409392467195,0.00868271624187321
25-2022.00,6589,0.007793834817276705,0.0012492875433275754
25-2022.00,6588,0.013191089160762875,0.0046165237148467495
25-2022.00,6586,0.021155795012202563,0.008615686670479227
25-2022.00,6585,0.038231172111236854,0.006087473028654193
25-2022.00,6584,0.01600686158496906,0.0049435480757363485
25-2022.00,6583,0.07040269272601046,0.01237340724847167
25-2022.00,6582,0.05110824849146862,0.007130411350903715
25-2022.00,6581,0.07200165351590278,0.010585427422521235
25-2022.00,6580,0.1044894031122692,0.010101384257722326
25-2022.00,6579,0.037555791740093505,0.008717717045994982
25-2022.00,6578,0.04465913963719566,0.0074343610257062666
25-2022.00,6577,0.05963419533123649,0.010525161596884415
25-2022.00,6576,0.04333193311660262,0.009564480993861956
25-2022.00,6575,0.07874252739647858,0.01150659997416957
25-2022.00,6574,0.043193754106579434,0.01058337706995256
25-2022.00,6573,0.06405380581863962,0.014356601244873153
25-2021.00,6572,0.0013207667065771676,0.0006449366396359369
25-2021.00,6571,0.008666636698292212,0.0036036160275712396
25-2021.00,6570,0.007543498274388396,0.002967382074450903
25-2021.00,6569,0.014246790946872855,0.0022913789331888024
25-2021.00,6568,0.0027526895277190768,0.0011059475726533025
25-2021.00,6567,0.011253303686366218,0.00362781923791827
25-2021.00,6566,0.0034759310301186895,0.0014574885529507343
25-2021.00,6565,0.0031735303798096507,0.000569861080224712
25-2021.00,6564,0.01191857310096548,0.003549027727640646
25-2021.00,6563,0.0038158398602807465,0.0015313236056161094
25-2021.00,6562,0.00385377967291155,0.0014258983689577585
25-2021.00,6561,0.027369783834968714,0.004647827229213115
25-2021.00,6560,0.0399242571469532,0.005600225724051635
25-2021.00,6559,0.003661486599902502,0.0011045520102655913
25-2021.00,6558,0.005830523564558621,0.0008688271838596603
25-2021.00,6557,0.019393667116451963,0.004184797189432866
25-2021.00,6556,0.07290688627133478,0.004827720313551704
25-2021.00,6555,0.007634632760433629,0.0015363216989298675
25-2021.00,6554,0.012971426306979303,0.003502147438831852
25-2021.00,6553,0.03757141253613166,0.006064935744170538
25-2021.00,6552,0.028652315145705248,0.005496209913329583
25-2021.00,6551,0.02142929992963526,0.0041388411200820995
25-2021.00,6550,0.023169916130170155,0.0055755073651254615
25-2021.00,6549,0.04713265494546678,0.0077885386878719515
25-2021.00,6548,0.044138510367611745,0.005879721894040463
25-2021.00,6547,0.019893390161860123,0.003741363479801647
25-2021.00,6546,0.0025814162933548643,0.001355312388798983
25-2021.00,6545,0.01119193653395993,0.0037750731914332164
25-2021.00,6544,0.012891594673131532,0.003723783395212321
25-2021.00,6543,0.024615762053487728,0.002927824429061573
25-2021.00,6542,0.035077977809711385,0.005495732364649401
25-2021.00,6541,0.050138445385988786,0.00356658595174491
25-2021.00,6540,0.08707584259393526,0.0045222584532628235
25-2021.00,6539,0.0528554198262671,0.010402545031686024
25-2021.00,6538,0.0547860169869772,0.008484455585067129
25-2021.00,6537,0.05037768585741869,0.00961636105315328
25-2021.00,6536,0.060543447866093184,0.007511586412548713
25-2021.00,6535,0.07416295141720859,0.0038974216195827092
25-2012.00,6534,0.012843141326845109,0.0023073031129906114
25-2012.00,6533,0.009950447191352728,0.00262391939402688
25-2012.00,6532,0.006073994506058617,0.0021726403948778726
25-2012.00,6531,0.014208632239420945,0.001974174954354941
25-2012.00,6530,0.0028997409561325287,0.001775328920583319
25-2012.00,6529,0.004680049468025018,0.0007677778343806048
25-2012.00,6528,0.004590569815567925,0.0019734550115071982
25-2012.00,6527,0.05161169564366578,0.004324117617184314
25-2012.00,6526,0.018923747467304547,0.0035605623226650416
25-2012.00,6525,0.002539528691561436,0.0006263854847239885
25-2012.00,6524,0.011238909243297204,0.002078457575343929
25-2012.00,6523,0.012011849400395168,0.0023995070066540605
25-2012.00,6522,0.02624022040107899,0.00417316330332184
25-2012.00,6521,0.010826068483726218,0.002452418068673866
25-2012.00,6520,0.013716346832141822,0.0025273685594962604
25-2012.00,6519,0.013296066618495141,0.002603089694267464
25-2012.00,6518,0.019529105530313583,0.002794809219984601
25-2012.00,6517,0.012934473681461297,0.002308262973271336
25-2012.00,6516,0.027114718120811527,0.003608207561739984
25-2012.00,6515,0.022234362530202455,0.004213123651194694
25-2012.00,6514,0.035970542603072635,0.004315309889756697
25-2012.00,6513,0.0456883742058668,0.004793230725838308
25-2012.00,6512,0.013581130853450342,0.0025144629185212624
25-2012.00,6511,0.03686480637652587,0.004290687518797072
25-2012.00,6510,0.0019528987618861585,0.0005284702200193252
25-2012.00,6509,0.02623017083379658,0.0033739653484524453
25-2012.00,6508,0.05219041642182003,0.0048430471323550875
25-2012.00,6507,0.05962593643867684,0.004333378460146253
25-2012.00,6506,0.00528900615633814,0.00048445970655804457
25-2012.00,6505,0.039297804967017534,0.003913790827392676
25-2012.00,6504,0.03734323756179207,0.003545533257807817
25-2012.00,6503,0.07078286592377994,0.004598712033924017
25-2012.00,6502,0.03469743108522439,0.003214580439804154
25-2012.00,6501,0.0576739830954565,0.004155218122364641
25-2012.00,6500,0.05772529536107828,0.00510116896789728
25-2012.00,6499,0.07077182705158619,0.0043526409521810324
25-2012.00,6498,0.05685060415477371,0.005030283068748819
25-2011.00,6497,0.010063125317391364,0.0021101270261471177
25-2011.00,6496,0.003946120866232472,0.0015237583755114382
25-2011.00,6495,0.008931098524293688,0.002736325881286876
25-2011.00,6494,0.005621678787865415,0.002241620150923113
25-2011.00,6493,0.017049389945386663,0.005862371051785014
25-2011.00,6492,0.014908825075741297,0.004232179969515894
25-2011.00,6491,0.0075099538625771145,0.001201978693377144
25-2011.00,6490,0.002115671872763721,0.0008356358606916208
25-2011.00,6489,0.0088228190936903,0.00303115314119129
25-2011.00,6488,0.011751261084650296,0.0026160948358957955
25-2011.00,6487,0.00954751829027815,0.001146081400208461
25-2011.00,6486,0.0011878828810261237,0.00041892170809861327
25-2011.00,6485,0.02884488811832064,0.003607502785352433
25-2011.00,6484,0.025106696343931326,0.003391414145266631
25-2011.00,6483,0.009067475048236092,0.0018614735773613486
25-2011.00,6482,0.02513357242757664,0.0048180013761989484
25-2011.00,6481,0.03876303824162063,0.00755734291833541
25-2011.00,6480,0.06426828329270792,0.009213666186829022
25-2011.00,6479,0.032192449229240645,0.004420086213055624
25-2011.00,6478,0.05379708300300254,0.009304862166238369
25-2011.00,6477,0.05593015702766873,0.008144726817676431
25-2011.00,6476,0.0329106908568845,0.0039003793231030563
25-2011.00,6475,0.04427448173854452,0.004910455424837667
25-2011.00,6474,0.03649179857520169,0.006158136375760448
25-2011.00,6473,0.04492951291384945,0.010131791273475048
25-2011.00,6472,0.006771716624615084,0.001217184965969141
25-2011.00,6471,0.012937343174441722,0.0015564023751352067
25-2011.00,6470,0.041364523420753495,0.007245099377292955
25-2011.00,6469,0.04877980353727774,0.00975852122524842
25-2011.00,6468,0.03972270684690574,0.0044915668796055635
25-2011.00,6467,0.07164242836826723,0.01302220273450913
25-2011.00,6466,0.07716602543575556,0.011846353517050377
25-2011.00,6465,0.04987337236823445,0.013286978632057394
25-2011.00,6464,0.058576607805067106,0.010230523889193608
25-1194.00,6463,0.008085690198230504,0.003720720565391461
25-1194.00,6462,0.005002744337706683,0.0015139501723778583
25-1194.00,6461,0.003088105447371102,0.0010595099726899676
25-1194.00,6460,0.003693936187730607,0.0022542847596034514
25-1194.00,6459,0.031083685713553435,0.00778832339827574
25-1194.00,6458,0.0462398091071049,0.007498064310044394
25-1194.00,6457,0.012764375263283938,0.001812876436562393
25-1194.00,6456,0.06761670031651923,0.009809164647894759
25-1194.00,6455,0.01683916660210176,0.0024493707901841267
25-1194.00,6454,0.021977628688968832,0.003765381590981759
25-1194.00,6453,0.05039884986344257,0.015555786396850832
25-1194.00,6452,0.10474669264980507,0.016555760617243308
25-1194.00,6451,0.07912725736437028,0.01046049675207797
25-1194.00,6450,0.06892737121908361,0.011156203874236485
25-1194.00,6449,0.04620435408468448,0.005021756471665898
25-1194.00,6448,0.040981512244461456,0.0072170773353391685
25-1194.00,6447,0.12017099026665896,0.015698771228420023
25-1194.00,6446,0.1161422127984842,0.016034784939353862
25-1194.00,6445,0.12219985348459021,0.018687242040795977
25-1193.00,6444,0.007602416130827416,0.0064145314597519685
25-1193.00,6443,0.00371702454312066,0.002757214351275265
25-1193.00,6442,0.004425858266838745,0.0025987374600217003
25-1193.00,6441,0.016373522248171693,0.007353487987884591
25-1193.00,6440,0.012096196988738818,0.0048331203557495485
25-1193.00,6439,0.06726861017715095,0.018669445915628493
25-1193.00,6438,0.042337863132525175,0.017755951213539095
25-1193.00,6437,0.008119286805168718,0.0027190068740054426
25-1193.00,6436,0.0206192121850604,0.0037132811394702914
25-1193.00,6435,0.02984807688405111,0.01597846814213732
25-1193.00,6434,0.005944166519685769,0.002363014087521304
25-1193.00,6433,0.020269860138644603,0.005489168575669075
25-1193.00,6432,0.012866895143158178,0.003097423677762967
25-1193.00,6431,0.030205932326453314,0.006844561172818351
25-1193.00,6430,0.07695286662657436,0.01525622759707684
25-1193.00,6429,0.12999035584193966,0.026270172161931043
25-1193.00,6428,0.052285091506629404,0.016898298141877058
25-1193.00,6427,0.0804185512414925,0.027093279652151647
25-1193.00,6426,0.025902358622692533,0.006046543431868971
25-1193.00,6425,0.08856170299976646,0.016395833104802034
25-1193.00,6424,0.0757856636097411,0.018039724437490936
25-1193.00,6423,0.08609185676211882,0.016494081489802113
25-1193.00,6422,0.10231663129944965,0.02841855059611387
25-1192.00,6421,0.024357477607603387,0.01987663729919944
25-1192.00,6420,0.0015158606674001848,0.000985222837844398
25-1192.00,6419,0.05156154062061343,0.024255883844763747
25-1192.00,6418,0.012468563297875861,0.004022173962949522
25-1192.00,6417,0.022758732740588893,0.010696187483090274
25-1192.00,6416,0.026837488989151073,0.008420026782453016
25-1192.00,6415,0.013900454674611084,0.0069795369123959485
25-1192.00,6414,0.008331823963355441,0.0030207475000929135
25-1192.00,6413,0.04920987243901705,0.018683963744722257
25-1192.00,6412,0.02236694368506086,0.00884688632405482
25-1192.00,6411,0.01579211513887787,0.007219860682275537
25-1192.00,6410,0.03632320029550206,0.00555084666326964
25-1192.00,6409,0.10499691083256348,0.021492834228589573
25-1192.00,6408,0.06250319593732505,0.011763449616529066
25-1192.00,6407,0.047329860738981745,0.010031738145256186
25-1192.00,6406,0.0294071785760586,0.011536347282571425
25-1192.00,6405,0.09218206778151579,0.01741690342882243
25-1192.00,6404,0.04931549926692565,0.013065018852082572
25-1192.00,6403,0.050921649872062914,0.011278328115170589
25-1192.00,6402,0.0667955600205664,0.010635135937929986
25-1192.00,6401,0.10056999857194555,0.018039194138089402
25-1192.00,6400,0.10156145717766075,0.011422636868460432
25-1126.00,6398,0.0004080205093715739,0.0001741435623899037
25-1126.00,6397,0.01000446002215203,0.005203780799310221
25-1126.00,6396,0.011981515234469537,0.0034972850173050733
25-1126.00,6395,0.02356799994116754,0.020521224121297203
25-1126.00,6394,0.003771606949409254,0.0015835009820810717
25-1126.00,6393,0.03277843901431623,0.021725818479890434
25-1126.00,6392,0.033559851844743735,0.021178109718975435
25-1126.00,6391,0.03717990548832227,0.023116997009945944
25-1126.00,6390,0.11321442860051992,0.032520434278471816
25-1126.00,6389,0.04730429698641773,0.01042863286116669
25-1126.00,6388,0.03399058480005207,0.02226976811163014
25-1126.00,6387,0.022962186758913285,0.020607129706084127
25-1126.00,6386,0.06633581007940441,0.018649152886456806
25-1126.00,6385,0.030365975858677695,0.021233034019801294
25-1126.00,6384,0.08818239388104344,0.02350242030999524
25-1126.00,6383,0.04202428286268483,0.006514407038288009
25-1126.00,6382,0.05109483092324534,0.022420062179431054
25-1126.00,6381,0.04451742314478578,0.02242331888105286
25-1126.00,6379,0.10830072853100875,0.020658442726417342
25-1126.00,6378,0.07182198255019273,0.026324581665007576
25-1125.00,6377,0.0037076302904886153,0.0018342711904956455
25-1125.00,6376,0.012541020550671564,0.009782148401545456
25-1125.00,6375,0.08237538718949891,0.02579323947305862
25-1125.00,6374,0.022712168190390743,0.006659139724987695
25-1125.00,6373,0.006924679029260602,0.0018555211943381803
25-1125.00,6372,0.011868712722324183,0.0038317122799164647
25-1125.00,6371,0.020190969527700064,0.011796740362142245
25-1125.00,6370,0.021092308775021613,0.0038878549317385583
25-1125.00,6369,0.019633503343160993,0.004937732706641112
25-1125.00,6368,0.04213413302747293,0.012561524038086526
25-1125.00,6367,0.021248132259489957,0.005008349815400868
25-1125.00,6366,0.04291128247899566,0.026421562016053484
25-1125.00,6365,0.053038230329196794,0.010682789508538746
25-1125.00,6364,0.07277591632483697,0.009677628580062941
25-1125.00,6363,0.055412458505408886,0.025033145098703226
25-1125.00,6362,0.07279687928500837,0.01000339869095581
25-1125.00,6361,0.06661972501780045,0.009982532208285258
25-1125.00,6360,0.1010410973839336,0.01364545764919967
25-1125.00,6359,0.02642075446650341,0.004861181311344318
25-1125.00,6358,0.06782066152599932,0.011462406998416082
25-1125.00,6357,0.060774485312447626,0.010179530702579055
25-1125.00,6356,0.09297339822231888,0.012682273102804455
25-1124.00,6354,0.0021501689847983002,0.001385599554916725
25-1124.00,6353,0.024500137225420954,0.012192102116225944
25-1124.00,6352,0.05605368937337158,0.018719206411974696
25-1124.00,6351,0.004177574932139478,0.00205744817058411
25-1124.00,6350,0.057003277288714245,0.03013707044665457
25-1124.00,6349,0.017632590401928754,0.009949727716596354
25-1124.00,6348,0.004310493220225246,0.0017850040469378683
25-1124.00,6347,0.009962686945371073,0.0027831005647658133
25-1124.00,6346,0.013962504867321143,0.0036165898631122842
25-1124.00,6345,0.025032424405001592,0.006975098426711154
25-1124.00,6344,0.016941247013466994,0.005047495475138778
25-1124.00,6343,0.028723256619997504,0.006536989185395287
25-1124.00,6342,0.016333465394569306,0.01034534095734846
25-1124.00,6341,0.08752508098473263,0.02198790027988404
25-1124.00,6340,0.1087363281447117,0.026908490889851307
25-1124.00,6339,0.037500574470149664,0.020975730135374352
25-1124.00,6338,0.01930194522433937,0.004648713411809336
25-1124.00,6337,0.12832158502363578,0.03202808034711798
25-1124.00,6336,0.1263363856419831,0.01988083489723959
25-1124.00,6335,0.08939407530790014,0.0211844027052379
25-1124.00,6334,0.09438525022182374,0.019395923234660786
25-1123.00,6333,0.0003719385075054682,0.0002655596486782329
25-1123.00,6332,0.006122794814808759,0.005510076712839144
25-1123.00,6331,0.009927552615772259,0.005378825498843306
25-1123.00,6329,0.02889203928621004,0.010644378563854738
25-1123.00,6328,0.006421335044371474,0.002391564951362371
25-1123.00,6327,0.03189864557340575,0.015379250108220287
25-1123.00,6326,0.007462467895432502,0.0020669233345726717
25-1123.00,6325,0.0030285651971512237,0.0011115841177808399
25-1123.00,6324,0.02293007790066899,0.00674658187159801
25-1123.00,6323,0.012362096192129263,0.0028695616477822272
25-1123.00,6322,0.02395166264167919,0.012226649447071964
25-1123.00,6321,0.05403988732570526,0.020738755238694274
25-1123.00,6320,0.02461699371242829,0.005185191445917892
25-1123.00,6319,0.003423265791635681,0.0009531287094179242
25-1123.00,6318,0.051574496135698596,0.019328145306126046
25-1123.00,6317,0.06364590875213887,0.017315029746270527
25-1123.00,6316,0.03643380307265961,0.008765209752943521
25-1123.00,6315,0.04122206882122651,0.011744122184713568
25-1123.00,6314,0.0811572096391806,0.009432175163220487
25-1123.00,6313,0.02842598152177484,0.0037781114961957236
25-1123.00,6312,0.0612536145319267,0.012374437023036035
25-1123.00,6311,0.09634453014331376,0.017416268396053314
25-1123.00,6310,0.0677517440730614,0.01387482588107621
25-1122.00,6309,0.002355308316508886,0.001959051611167904
25-1122.00,6308,0.0024027342428318893,0.002237193887012653
25-1122.00,6307,0.10815824295193519,0.027778887538104844
25-1122.00,6306,0.017882411886863563,0.005255973417813806
25-1122.00,6305,0.031091487077722173,0.01498891310881201
25-1122.00,6304,0.0040979051921124976,0.0012053019820321234
25-1122.00,6303,0.0144022793977067,0.002974684966068854
25-1122.00,6302,0.0187657628044627,0.009148247688737541
25-1122.00,6301,0.028168279348420897,0.01779866995068383
25-1122.00,6300,0.04331211541527639,0.01816855271446279
25-1122.00,6299,0.011575831503665696,0.007037952245559125
25-1122.00,6298,0.0357150213990397,0.022509574970158954
25-1122.00,6297,0.05019612929690957,0.01930720329688023
25-1122.00,6295,0.0752111831504035,0.015919572443178
25-1122.00,6294,0.02120069967435777,0.006652955056132705
25-1122.00,6293,0.10464057242744908,0.0215313808472125
25-1122.00,6292,0.06266077392948047,0.016956167069630518
25-1122.00,6291,0.07912969269889977,0.016320049448322927
25-1122.00,6290,0.08859908155089001,0.017199319638533658
25-1122.00,6289,0.03409392209694308,0.005279160789483867
25-1122.00,6288,0.12340956178146291,0.023051964390290353
25-1121.00,6287,0.001354870913932746,0.0008354843841344826
25-1121.00,6286,0.0032906994568198625,0.0030023144250717238
25-1121.00,6285,0.0097049123191914,0.004209659341635654
25-1121.00,6284,0.05561357283129923,0.013631778183383196
25-1121.00,6283,0.007702662367659883,0.004164531100013739
25-1121.00,6282,0.008765972544546025,0.0038049517488520537
25-1121.00,6281,0.022627274742611867,0.006442618873941637
25-1121.00,6280,0.018214894595256242,0.0036598558624519988
25-1121.00,6279,0.012286385324338877,0.0038421951443817996
25-1121.00,6278,0.02196335946901156,0.005775712949270721
25-1121.00,6277,0.019995776665183478,0.00896241048349614
25-1121.00,6276,0.01669347348083916,0.005725282031183879
25-1121.00,6275,0.02846409682028087,0.009642369223066435
25-1121.00,6274,0.04175221067845346,0.003942859918523291
25-1121.00,6273,0.02087125930081855,0.008209241273546528
25-1121.00,6272,0.015925430254261772,0.006120930118731008
25-1121.00,6271,0.013482094122382144,0.004591936171791585
25-1121.00,6270,0.08743570805313024,0.009246794611702084
25-1121.00,6269,0.04420833336672436,0.010191049170650623
25-1121.00,6268,0.02839983355198177,0.005390197809481207
25-1121.00,6267,0.07667878481904697,0.007958983131767388
25-1121.00,6266,0.027101144738666073,0.008017454920296306
25-1121.00,6265,0.04024673375860832,0.011434267545281524
25-1121.00,6264,0.04307245079803293,0.005814759502828976
25-1121.00,6263,0.07776722744721516,0.012927676878352893
25-1121.00,6262,0.1492399452153989,0.019566794620274722
25-1121.00,6261,0.07155055802348809,0.009392184977384454
25-1113.00,6260,0.017361934866813554,0.010783743118579398
25-1113.00,6258,0.02185117552150737,0.009628163086687238
25-1113.00,6257,0.02242513856767425,0.010522625349685493
25-1113.00,6256,0.02134225921610729,0.011950273852267133
25-1113.00,6255,0.029756568831763888,0.01469415711350061
25-1113.00,6254,0.09182385865212861,0.03230832070071831
25-1113.00,6253,0.020923581864924372,0.01047661761245448
25-1113.00,6252,0.006031136305927608,0.004830813850737734
25-1113.00,6251,0.04943654289512602,0.017407383711491992
25-1113.00,6250,0.043062950406542726,0.014914269055619519
25-1113.00,6249,0.04930288089276516,0.020387824348542638
25-1113.00,6248,0.05407562230566953,0.013902389335868574
25-1113.00,6247,0.03229088090390347,0.018284499794132086
25-1113.00,6246,0.05048303538073232,0.020200640450234692
25-1113.00,6245,0.058376469625476504,0.014625324245934875
25-1113.00,6244,0.04382135710618268,0.011968628663723153
25-1113.00,6243,0.04335037261296575,0.01103702573105855
25-1113.00,6242,0.052059843349208615,0.01951033316545513
25-1113.00,6241,0.07414052811686489,0.014980747244317095
25-1113.00,6240,0.06359219986502891,0.01780683549629946
25-1113.00,6239,0.048554983266558126,0.011048659950165976
25-1113.00,6238,0.09484195517898344,0.02788705257159347
25-1112.00,6237,0.00045397338457532285,0.0003259240538810499
25-1112.00,6236,0.0033360818754422823,0.0027053538034033315
25-1112.00,6235,0.02783277880259546,0.011409952657600385
25-1112.00,6234,0.021698350267735204,0.009116581247901722
25-1112.00,6233,0.013900992208744651,0.004568265258126981
25-1112.00,6232,0.00818790200307642,0.005279338478713908
25-1112.00,6231,0.025438950519786497,0.01889494981136315
25-1112.00,6230,0.02375688246192709,0.007361494089155344
25-1112.00,6229,0.05924498790214047,0.025711505497989232
25-1112.00,6228,0.016231822229013208,0.005836317178721445
25-1112.00,6227,0.07973766819093862,0.0190272436911337
25-1112.00,6226,0.012833170307463837,0.0069969327805373994
25-1112.00,6225,0.02184178390532185,0.009658882433935478
25-1112.00,6224,0.04133978344644887,0.01906843543296105
25-1112.00,6223,0.07719245949435682,0.025718589683117063
25-1112.00,6222,0.0598727422578897,0.015327408642218375
25-1112.00,6221,0.037419265567199836,0.01922162287072222
25-1112.00,6220,0.12818756218547508,0.02103350266604229
25-1112.00,6219,0.06514190619044759,0.02255851241502058
25-1112.00,6218,0.1430899361783224,0.022469671971598524
25-1112.00,6217,0.05252063063543093,0.01105356264360804
25-1112.00,6216,0.02237715618668726,0.007688544913203946
25-1112.00,6215,0.05836321379898052,0.021095816395151575
25-1111.00,6214,0.009195321163711303,0.0038058149168360496
25-1111.00,6213,0.010530395890174874,0.0025915461346827815
25-1111.00,6212,0.04243255126452472,0.019489784150897707
25-1111.00,6211,0.003964960622454256,0.002012684864024296
25-1111.00,6210,0.008668819765147752,0.0024170449563302326
25-1111.00,6209,0.01163884070266279,0.003764659490655184
25-1111.00,6208,0.012874819763912021,0.005054893530968604
25-1111.00,6207,0.0008367001318137788,0.00031480569966382637
25-1111.00,6206,0.023336018323494745,0.010277600496726096
25-1111.00,6205,0.08293523171710489,0.013654309388882058
25-1111.00,6204,0.06802436092754972,0.012437850738597971
25-1111.00,6203,0.011765782953667299,0.006460859465010662
25-1111.00,6202,0.11360978674345294,0.015009142678677199
25-1111.00,6201,0.01421796199522373,0.004186325424320052
25-1111.00,6200,0.023971483707751182,0.008425459433151062
25-1111.00,6199,0.016281050844588127,0.009590992862743859
25-1111.00,6198,0.044013750304828334,0.011596048073441584
25-1111.00,6197,0.14902829504096107,0.01643610459256684
25-1111.00,6196,0.0279896371436969,0.0044496756087353964
25-1111.00,6195,0.09395834754794745,0.01730168424451437
25-1111.00,6194,0.09680986117364193,0.020122414148313054
25-1111.00,6193,0.12787367124316631,0.015240961626338919
25-1082.00,6192,0.0010752210557476662,0.0008078899989512903
25-1082.00,6191,0.006656242249213006,0.002922400007012349
25-1082.00,6190,0.03873196591813855,0.020344731800431545
25-1082.00,6189,0.08844093984806707,0.03178078249626483
25-1082.00,6188,0.030903484052930492,0.019446830199141604
25-1082.00,6187,0.028324913067709734,0.02224566502327673
25-1082.00,6186,0.047267902513296545,0.020357131070511198
25-1082.00,6185,0.03885738822552123,0.021463930953958495
25-1082.00,6184,0.0021003621173815924,0.0012435336338724604
25-1082.00,6183,0.05419107941069299,0.020732384630806785
25-1082.00,6182,0.04258925315820908,0.01997543176232636
25-1082.00,6181,0.016695598007345318,0.006254673965559707
25-1082.00,6180,0.03684088577009209,0.020116180080039264
25-1082.00,6179,0.06878338796083866,0.025020651228464946
25-1082.00,6178,0.04798841907164576,0.020788785687036123
25-1082.00,6176,0.014520592699341571,0.003291041983523068
25-1082.00,6175,0.07032910463002029,0.019647357764761883
25-1082.00,6173,0.07194442301070363,0.02399899998519722
25-1082.00,6172,0.024651222257680103,0.006220862569828653
25-1082.00,6171,0.011268216421502825,0.003126236340704644
25-1081.00,6170,0.004316594076021075,0.004207830400316359
25-1081.00,6169,0.006479275609399892,0.0032406291920944645
25-1081.00,6168,0.14301919681212003,0.05914294168078174
25-1081.00,6167,0.01436261300603154,0.004515694146043622
25-1081.00,6166,0.0010117857738044518,0.00025775737726561014
25-1081.00,6165,0.0030912977044050766,0.0011381708780449857
25-1081.00,6164,0.014297802692743876,0.003700334568553293
25-1081.00,6163,0.0046322263099260975,0.00294149723424214
25-1081.00,6162,0.021458488862965124,0.006590806339896434
25-1081.00,6161,0.0036859142266460485,0.0011931127007548683
25-1081.00,6160,0.06920519827653529,0.03428168496220446
25-1081.00,6159,0.07259579523626689,0.023448831464705434
25-1081.00,6158,0.0437901257152242,0.009827215681780794
25-1081.00,6157,0.062383124551879415,0.01149363000593916
25-1081.00,6156,0.13156008420361226,0.04979356350709696
25-1081.00,6155,0.04697674571760564,0.015806386323847513
25-1081.00,6154,0.06854929603892765,0.016082636333224723
25-1081.00,6153,0.03994864584827691,0.008321650248524503
25-1081.00,6152,0.013006996713687383,0.005958181729998394
25-1081.00,6151,0.062333212473920555,0.012890765359724414
25-1081.00,6150,0.07286186821646072,0.01597992980681418
25-1081.00,6149,0.04381039494739298,0.007639837541098613
25-1081.00,6148,0.04112930776810514,0.01327284091371589
25-1072.00,6147,0.006183620492094264,0.004455743921850098
25-1072.00,6146,0.034042316722158586,0.01632750209232483
25-1072.00,6145,0.04407049161434118,0.018262631269141048
25-1072.00,6144,0.006306272578006833,0.003173586220117642
25-1072.00,6143,0.002474385869415027,0.001972993865232522
25-1072.00,6142,0.00918719418039674,0.0015401368459994904
25-1072.00,6141,0.00915847838753834,0.004327940833071156
25-1072.00,6140,0.01080753323938441,0.0061130499334882335
25-1072.00,6139,0.03055410548518682,0.00837172353101918
25-1072.00,6138,0.011701095786335198,0.003315273678400971
25-1072.00,6137,0.007032431994743816,0.0022086260743605993
25-1072.00,6136,0.02310435480299501,0.009670270279520188
25-1072.00,6135,0.018516919327990027,0.006040273336287306
25-1072.00,6134,0.08644363387708613,0.016617858554457517
25-1072.00,6133,0.04927720926616771,0.004225348061644905
25-1072.00,6132,0.06099422622793928,0.015310595270488985
25-1072.00,6131,0.042134282785993675,0.015860512275923996
25-1072.00,6130,0.07029235008611998,0.0136278427030768
25-1072.00,6129,0.01849784826890915,0.006339065614702321
25-1072.00,6128,0.04408292149719682,0.008235295787497293
25-1072.00,6127,0.08435995500556417,0.012560099229594243
25-1072.00,6126,0.07098771769437939,0.020438333796331185
25-1072.00,6125,0.03070798991581398,0.005702826801421406
25-1072.00,6124,0.05313877403793902,0.009093962611403413
25-1072.00,6123,0.042593302458406986,0.00802215085586775
25-1072.00,6122,0.061288905210119905,0.013704197228317724
25-1071.00,6121,0.025408605738790523,0.008513777548611857
25-1071.00,6119,0.003955908508861725,0.000905198290250298
25-1071.00,6118,0.08731794177891226,0.04491023007884561
25-1071.00,6117,0.019509781395414746,0.00643429063409074
25-1071.00,6116,0.010880027978322705,0.004471555659377309
25-1071.00,6115,0.02928122898016784,0.010931623718675667
25-1071.00,6114,0.0009340173273850284,0.000470766701000174
25-1071.00,6113,0.011579636880772768,0.007114301985838494
25-1071.00,6112,0.04493909207568185,0.018231447500586365
25-1071.00,6111,0.08470389251235871,0.01646114755552583
25-1071.00,6110,0.07635224689508353,0.009997739328697521
25-1071.00,6109,0.04568550507204987,0.02786560755737573
25-1071.00,6108,0.06367528253800563,0.014664563938689243
25-1071.00,6107,0.008370370033110714,0.005746871670694887
25-1071.00,6106,0.03498794990097966,0.009036834316347733
25-1071.00,6105,0.04016944748683405,0.01898046559944585
25-1071.00,6104,0.053998944186414786,0.009701762791815331
25-1071.00,6103,0.024057034548366156,0.007089173030027288
25-1071.00,6102,0.12237778055637841,0.03139458749505635
25-1071.00,6101,0.04042071966626994,0.008924136407045058
25-1071.00,6100,0.0684221102667549,0.01608334813508344
25-1071.00,6099,0.10297247567308412,0.017477966370337324
25-1067.00,6098,0.003866871970047453,0.0033669761239779354
25-1067.00,6097,0.01730190094401797,0.004411390557849798
25-1067.00,6096,0.014773968036073283,0.004173468170198873
25-1067.00,6095,0.009476660380859463,0.004540471044335799
25-1067.00,6094,0.004405145077003485,0.0030576475493022904
25-1067.00,6093,0.03578003153331019,0.025448084135999548
25-1067.00,6092,0.04054069585422151,0.019043331819660843
25-1067.00,6091,0.007378079611170101,0.004351585198371267
25-1067.00,6090,0.023022807804862936,0.005686551567469549
25-1067.00,6089,0.0803527422575612,0.027327186681783376
25-1067.00,6088,0.006501800779273271,0.0027643319777854
25-1067.00,6087,0.07951399222710168,0.021240228842469528
25-1067.00,6086,0.017137169080520206,0.004112827669047431
25-1067.00,6085,0.032231873769559674,0.006804257153979952
25-1067.00,6084,0.019224976052149328,0.005648555186956849
25-1067.00,6083,0.06986663529615482,0.006268881313877319
25-1067.00,6082,0.09041925139313248,0.011348895030720882
25-1067.00,6081,0.06544264845490216,0.010150097176593617
25-1067.00,6080,0.054422402742100015,0.013463512327013514
25-1067.00,6079,0.051644957354656636,0.011438723493909555
25-1067.00,6078,0.13459133069704213,0.02380330723906713
25-1067.00,6077,0.06293615908538157,0.010312516327158692
25-1067.00,6076,0.062350290829667636,0.009927289195057483
25-1066.00,6075,0.00281310743614469,0.0013739693789970937
25-1066.00,6074,0.00800606153136767,0.002274321218874031
25-1066.00,6073,0.002458979016914433,0.0017853101028537045
25-1066.00,6072,0.011356116375866776,0.004002857617289232
25-1066.00,6071,0.07455577633318383,0.021566882923863558
25-1066.00,6070,0.04313441078804118,0.017101020651640018
25-1066.00,6069,0.005362555204932072,0.0031438675239099023
25-1066.00,6068,0.004294020442339529,0.002449529942030468
25-1066.00,6067,0.013412781598027116,0.0027913021553590584
25-1066.00,6066,0.018969775203973267,0.003522109197680237
25-1066.00,6065,0.01999908456014838,0.016141858601007655
25-1066.00,6064,0.020991735940999685,0.006738741550103557
25-1066.00,6063,0.06231121228319043,0.017217639626873615
25-1066.00,6062,0.06435741315757268,0.015323833463832906
25-1066.00,6061,0.05861368722439363,0.017732128966927732
25-1066.00,6060,0.041452233187509215,0.0078055549795164715
25-1066.00,6059,0.01612054788408233,0.004947603448851018
25-1066.00,6058,0.023886975756236706,0.00831122639178429
25-1066.00,6057,0.08599259505919012,0.028035119097880333
25-1066.00,6056,0.028217906723170226,0.006053112725688843
25-1066.00,6055,0.07731654513226721,0.01319740625328337
25-1066.00,6054,0.03732957198364083,0.006885999334203457
25-1066.00,6053,0.06528681388546818,0.016467716366245045
25-1065.00,6052,0.0012484935734960636,0.00041381225704450206
25-1065.00,6051,0.0019117208398143845,0.0011833695465571171
25-1065.00,6050,0.10091859861376747,0.030031264499920777
25-1065.00,6049,0.03351337017663894,0.013616747186760394
25-1065.00,6048,0.01555390921536686,0.005621875624688422
25-1065.00,6047,0.005710810732104928,0.0013511529434855822
25-1065.00,6046,0.016526738438094813,0.0027411655992349007
25-1065.00,6045,0.014467453934836784,0.00437530346154613
25-1065.00,6044,0.0200250749513316,0.006503500556554775
25-1065.00,6043,0.05072390061209444,0.018858852499431648
25-1065.00,6042,0.1013198037215937,0.02807246483178481
25-1065.00,6041,0.006264221125107136,0.0033788639350249418
25-1065.00,6040,0.051385658660984615,0.015801057455966532
25-1065.00,6039,0.06013401490907934,0.010205148450079384
25-1065.00,6038,0.061612870544071247,0.009468970493552721
25-1065.00,6037,0.048662549369947995,0.013722764452251991
25-1065.00,6036,0.10866127507813728,0.019506552021167113
25-1065.00,6035,0.027603122711854642,0.010086566849076805
25-1065.00,6034,0.024679301287307644,0.005205241982415111
25-1065.00,6033,0.051847804708697195,0.01629051831508805
25-1065.00,6032,0.08114891873176133,0.012271283274035004
25-1065.00,6031,0.11608038806391166,0.024073290693433523
25-1064.00,6030,0.0017861942238558092,0.0011062895619519464
25-1064.00,6029,0.00810268026974568,0.0023931050106688104
25-1064.00,6028,0.03384719081941422,0.010896725562491189
25-1064.00,6027,0.0056849272059315645,0.002352889159157156
25-1064.00,6026,0.005000421363122924,0.001736958128811136
25-1064.00,6025,0.04651816340665738,0.015140545422222906
25-1064.00,6024,0.00663617991279689,0.002045418029780206
25-1064.00,6023,0.022984418073129283,0.004825236473161115
25-1064.00,6022,0.009096323414961147,0.003379768586740071
25-1064.00,6021,0.01718210801723363,0.0028958774474749076
25-1064.00,6020,0.01741464974451452,0.003310582564393286
25-1064.00,6019,0.002712138405910698,0.0005011454516035059
25-1064.00,6018,0.017891405684462566,0.002641141938627475
25-1064.00,6017,0.04676280343059704,0.009244782624934722
25-1064.00,6016,0.01734483991746934,0.003611858658468315
25-1064.00,6015,0.05783842368430174,0.005652995249008644
25-1064.00,6014,0.052342545440615305,0.01835102216738047
25-1064.00,6013,0.049709309236833685,0.006613412303258571
25-1064.00,6012,0.05340422580969558,0.006720424304099307
25-1064.00,6011,0.11910472977093992,0.01866625740791808
25-1064.00,6010,0.08260132390542838,0.01664618852387419
25-1064.00,6009,0.11980950095015575,0.01594794466635228
25-1064.00,6008,0.046148172451558875,0.008953004137635851
25-1064.00,6007,0.05197553014684812,0.0036895493114537142
25-1064.00,6006,0.10810179471381987,0.02070862608717745
25-1063.00,6005,0.0273144726280434,0.02407472300789553
25-1063.00,6004,0.008427433985414536,0.007458187469713375
25-1063.00,6003,0.0143800913471401,0.0036735623680502582
25-1063.00,6002,0.02712510311394835,0.026236134192915612
25-1063.00,6001,0.09391038431973012,0.029070066072675746
25-1063.00,6000,0.017990639482372,0.010946209856883868
25-1063.00,5999,0.03637907143339082,0.027255138693806722
25-1063.00,5998,0.03424766506528427,0.012103883056494048
25-1063.00,5997,0.022656717297691132,0.009971480001397557
25-1063.00,5996,0.038622557987535215,0.0241963499441131
25-1063.00,5995,0.04336766281467136,0.011283445008624384
25-1063.00,5994,0.09190118113437495,0.027996060477549115
25-1063.00,5993,0.02242860528981904,0.011179776286035259
25-1063.00,5992,0.03315726002642449,0.02477347312002075
25-1063.00,5991,0.07828475067673096,0.024732040810939833
25-1063.00,5990,0.07183309533766705,0.02430810610370397
25-1063.00,5989,0.03679788660941762,0.010666213357220618
25-1063.00,5988,0.0830459535888648,0.022945232322281038
25-1063.00,5987,0.04290075554756382,0.02584930604384146
25-1063.00,5986,0.06757125403241358,0.025691817642153763
25-1063.00,5985,0.052247378409637744,0.026886129235743784
25-1063.00,5984,0.055410079871864686,0.011378190115606847
25-1062.00,5983,0.0004892855627448468,0.00015686851390449633
25-1062.00,5982,0.059822319704648304,0.019095848249410068
25-1062.00,5981,0.011387987665190804,0.005368298280603615
25-1062.00,5980,0.028788622205472653,0.013630395608353626
25-1062.00,5979,0.016954758214973994,0.012638789867136683
25-1062.00,5977,0.005829800145877651,0.004988310497667232
25-1062.00,5976,0.03372868243738011,0.01488394211518564
25-1062.00,5975,0.02653206191346288,0.011929976580162094
25-1062.00,5974,0.018509245192707274,0.012057173645603804
25-1062.00,5973,0.024629990229166118,0.005510936683866585
25-1062.00,5972,0.031710478244358783,0.012679656356662627
25-1062.00,5971,0.03283851725344069,0.012700744081677888
25-1062.00,5970,0.06404532931852241,0.007518883421392346
25-1062.00,5969,0.028572097413892064,0.011223915577973781
25-1062.00,5968,0.05393782232605153,0.012530454256892844
25-1062.00,5967,0.04929915578446202,0.013999814535504019
25-1062.00,5966,0.10600507438045305,0.015407121134699685
25-1062.00,5965,0.08896613402387034,0.014631668048170492
25-1062.00,5964,0.0595825443399222,0.015553628918098762
25-1062.00,5963,0.08718148722042941,0.02088598172267262
25-1062.00,5962,0.048123348648607685,0.013338539924130746
25-1062.00,5961,0.09495718697440153,0.019488979168315636
25-1061.00,5960,0.01424586189594727,0.0
25-1061.00,5959,0.004669496714138581,0.0
25-1061.00,5958,0.011754675937475784,0.0
25-1061.00,5957,0.008347026730185912,0.0
25-1061.00,5956,0.015664410512882282,0.0
25-1061.00,5955,0.008126142900707308,0.0
25-1061.00,5954,0.05839976337710257,0.0
25-1061.00,5953,0.008320433373381448,0.0
25-1061.00,5952,0.03005813090682509,0.0
25-1061.00,5951,0.03699063341554631,0.0
25-1061.00,5950,0.07298904901415057,0.0
25-1061.00,5949,0.09033830494287402,0.0
25-1061.00,5948,0.016961516831734802,0.0
25-1061.00,5947,0.05220321915418714,0.0
25-1061.00,5946,0.0261424901265196,0.0
25-1061.00,5945,0.08100165005156795,0.0
25-1061.00,5944,0.02987875665426314,0.0
25-1061.00,5942,0.10245061427769217,0.0
25-1061.00,5941,0.08226859820213961,0.0
25-1061.00,5940,0.09084169918699728,0.0
25-1061.00,5939,0.07098071990815748,0.0
25-1054.00,5937,0.013626038398268318,0.0028328865741053945
25-1054.00,5936,0.005976197810082566,0.0015155915791154535
25-1054.00,5935,0.0005574722148325217,0.00035587819323478094
25-1054.00,5934,0.00564839640851466,0.0017128277387128302
25-1054.00,5933,0.05138191804533277,0.02006591227760349
25-1054.00,5932,0.00258438028564024,0.0017995732560771769
25-1054.00,5931,0.0072009961990690515,0.0010848313479661453
25-1054.00,5930,0.003419773918423673,0.0006918884822620672
25-1054.00,5929,0.04507035754475165,0.006457277174748112
25-1054.00,5928,0.015205170746790213,0.007783647159079856
25-1054.00,5927,0.024011666286402333,0.00659586518285313
25-1054.00,5926,0.04565717931865818,0.02068443975107845
25-1054.00,5925,0.09334682876843214,0.017414364324069256
25-1054.00,5924,0.0403560502721028,0.015612937262620398
25-1054.00,5923,0.039251145171729125,0.004486778546756812
25-1054.00,5922,0.08557654205338991,0.015897161393021816
25-1054.00,5921,0.09308906491754719,0.013416355514376931
25-1054.00,5920,0.06993330993404362,0.014690578327107746
25-1054.00,5919,0.045327249666770604,0.010051838673087815
25-1054.00,5918,0.06444279904982606,0.0073581694434302234
25-1054.00,5917,0.030769057427491853,0.004819869206785378
25-1054.00,5916,0.10588674127726601,0.012070070215190567
25-1054.00,5915,0.09547891250493672,0.013605494754456354
25-1053.00,5914,0.013729147165472284,0.00481413213579354
25-1053.00,5913,0.011334561572419667,0.002070671086726531
25-1053.00,5912,0.010736249643298732,0.003942936185316578
25-1053.00,5911,0.023290424287680175,0.005841366084206031
25-1053.00,5910,0.0015029866977523973,0.0008160175255967326
25-1053.00,5909,0.011753344096403478,0.0026810904184615424
25-1053.00,5908,0.05478595999357574,0.016204592413675206
25-1053.00,5907,0.03331476961641804,0.010288428412667845
25-1053.00,5906,0.08139209649111323,0.010658515848645985
25-1053.00,5905,0.012395015570237014,0.003367555886087546
25-1053.00,5904,0.09484454416177426,0.011735413268357338
25-1053.00,5903,0.03417684795975991,0.007511579233984697
25-1053.00,5902,0.02934776835477283,0.005001879792085612
25-1053.00,5901,0.03350344458225312,0.007880890228884344
25-1053.00,5900,0.09548233030554144,0.00981969239082292
25-1053.00,5899,0.039755436417228784,0.00704285120766029
25-1053.00,5898,0.05092211860181169,0.0102350016706646
25-1053.00,5897,0.0627893754923125,0.007122812585531937
25-1053.00,5896,0.004728998584665033,0.0022345013233153466
25-1053.00,5895,0.0956615989438754,0.012554365567080257
25-1053.00,5894,0.04957144460938842,0.005347326799734643
25-1053.00,5893,0.04599077804494094,0.007336611825328696
25-1053.00,5892,0.09172364755152272,0.013705433457770594
25-1052.00,5891,0.0008504317706349192,0.000263886560275371
25-1052.00,5890,0.010179413826446325,0.0013815103945382246
25-1052.00,5889,0.003136832775581312,0.0010052047510464505
25-1052.00,5888,0.006080086460553359,0.0025964442613400462
25-1052.00,5887,0.053520481193420004,0.02090751011913233
25-1052.00,5886,0.02086299554778029,0.008059800656324176
25-1052.00,5885,0.0049594007436215655,0.0020957394137003206
25-1052.00,5884,0.010008872108694795,0.007216616510965544
25-1052.00,5883,0.009959770843228183,0.001419362957059569
25-1052.00,5882,0.017890848523238145,0.00350476493314788
25-1052.00,5881,0.025582316488763645,0.00644809290323862
25-1052.00,5880,0.11291899576979546,0.030260161296735793
25-1052.00,5878,0.071587522956977,0.016185435424362415
25-1052.00,5877,0.03478234757801382,0.006049547451692157
25-1052.00,5876,0.06855959285195032,0.012577268210494536
25-1052.00,5875,0.050801417884003525,0.014396656836862453
25-1052.00,5874,0.043544437130312405,0.003770817433455431
25-1052.00,5873,0.05962121758118636,0.013343611845081794
25-1052.00,5872,0.058009668244921965,0.01248748916343424
25-1052.00,5871,0.029229244956796217,0.006719107899184764
25-1052.00,5870,0.058088518093447776,0.013972508024937002
25-1052.00,5869,0.09463226769167478,0.01656968228776413
25-1052.00,5868,0.06753357277683994,0.00898389704945684
25-1051.00,5867,0.007009071538395538,0.0010259500666009828
25-1051.00,5866,0.007960048270175435,0.002420145937125336
25-1051.00,5865,0.0017855221742641612,0.001144796461688967
25-1051.00,5864,0.006423680770568533,0.001334452263242347
25-1051.00,5863,0.01812256471196854,0.0037942632209104457
25-1051.00,5862,0.005581431293283915,0.0012675718500036782
25-1051.00,5861,0.02816823974412684,0.01266737524201707
25-1051.00,5860,0.005479460580429708,0.0022502537293464854
25-1051.00,5859,0.11112726208658759,0.013629694985824512
25-1051.00,5858,0.01944344793765211,0.0036057455760238645
25-1051.00,5857,0.08651978876202877,0.01187008827281899
25-1051.00,5856,0.09795266499827891,0.011976869731230065
25-1051.00,5855,0.08085375780464714,0.019366652690410956
25-1051.00,5854,0.03642858097709335,0.007849129909993683
25-1051.00,5853,0.026254202000615498,0.005966762521442429
25-1051.00,5852,0.05477504364010936,0.010539560176264829
25-1051.00,5851,0.0820645221044544,0.011824727021312757
25-1051.00,5850,0.09387884887766597,0.016948318450830033
25-1051.00,5849,0.08600859022431051,0.019367652348509228
25-1051.00,5848,0.01739018611600487,0.004861430146528451
25-1051.00,5847,0.06379719886505632,0.010787446997509149
25-1051.00,5846,0.0019278526152182085,0.0013043015527063266
25-1051.00,5845,0.04483361665051444,0.011978775846887703
25-1043.00,5844,0.00732985112089552,0.001357415480017357
25-1043.00,5843,0.015186900908678518,0.004111870006681678
25-1043.00,5842,0.0026192478187518392,0.0011836772595162982
25-1043.00,5841,0.051411065063072414,0.013037617100371598
25-1043.00,5840,0.0015900027155296489,0.0004272560350015267
25-1043.00,5839,0.016912229993973762,0.008696724323502313
25-1043.00,5838,0.011293769275534203,0.002725669785669652
25-1043.00,5837,0.006546669230492763,0.0019396380624007443
25-1043.00,5836,0.07428200573082003,0.020372238585760222
25-1043.00,5835,0.07126353493643908,0.02803572081053735
25-1043.00,5834,0.08056827507058213,0.015119016611482542
25-1043.00,5833,0.04477656474329979,0.007848193863660764
25-1043.00,5832,0.0805653774084263,0.02011675642207771
25-1043.00,5831,0.0426514063209412,0.015758664851037132
25-1043.00,5830,0.024157338813902602,0.0036846231640527663
25-1043.00,5829,0.08069159051132853,0.020263717843399365
25-1043.00,5828,0.015723843543414235,0.004524988955190973
25-1043.00,5827,0.07536310656808047,0.020717195400434908
25-1043.00,5826,0.0033027694707421485,0.0014230665094735317
25-1043.00,5825,0.0570324483324626,0.020540850951444693
25-1043.00,5824,0.07267052503051707,0.020510019387950634
25-1043.00,5823,0.06906038935389258,0.01952220119982097
25-1043.00,5822,0.06921212175414113,0.023095488178311273
25-1042.00,5821,0.001090236111443889,0.0002803915202685395
25-1042.00,5819,0.007797884285169678,0.0017843890628132404
25-1042.00,5818,0.008407988634844507,0.0031069616746496297
25-1042.00,5817,0.02984280430548985,0.011882177926665129
25-1042.00,5816,0.009958480619169013,0.006900275104331462
25-1042.00,5815,0.0022463565560939063,0.0009232253791067713
25-1042.00,5814,0.028283120468115406,0.006455709357111336
25-1042.00,5813,0.06834714560335646,0.02151051069429436
25-1042.00,5812,0.025763286353409832,0.004558028925334062
25-1042.00,5811,0.010426901790055879,0.0031435267879595923
25-1042.00,5810,0.06867250783870976,0.017204879108145728
25-1042.00,5809,0.06888997992347161,0.009866119708529178
25-1042.00,5808,0.04364544011817921,0.010917206193716616
25-1042.00,5807,0.03732827407842956,0.004561846398060161
25-1042.00,5806,0.07714500540825467,0.016650474851831625
25-1042.00,5805,0.07431634438388787,0.01128631222545668
25-1042.00,5804,0.07217470660356251,0.01413081037365306
25-1042.00,5803,0.07376208238482115,0.015625401863844434
25-1042.00,5802,0.024269312543061566,0.004007805933251353
25-1042.00,5800,0.0887174990621732,0.012901429583840508
25-1042.00,5799,0.06769230878085358,0.009657824844749712
25-1041.00,5798,0.006438977823709833,0.0023325808983113983
25-1041.00,5797,0.062379565516457965,0.022335340219076516
25-1041.00,5796,0.015052014657442317,0.00810081094908057
25-1041.00,5795,0.010377461350109888,0.0031267571726379504
25-1041.00,5794,0.023228786196641323,0.0036363440458995907
25-1041.00,5793,0.022809594683431075,0.006281475499327349
25-1041.00,5792,0.013815977735544587,0.003439099756270524
25-1041.00,5791,0.016026674581796376,0.005125024405715447
25-1041.00,5790,0.08509922559630312,0.016225956664010596
25-1041.00,5789,0.051600372894221945,0.01162938077836325
25-1041.00,5788,0.015173082990931008,0.012798341535875571
25-1041.00,5787,0.05454436131109603,0.012138622452044296
25-1041.00,5786,0.024802960214941265,0.008306171244805169
25-1041.00,5785,0.04050611066937732,0.010740361739238816
25-1041.00,5784,0.023511942230011976,0.0067501196774886465
25-1041.00,5783,0.06475483658093302,0.011376569011102606
25-1041.00,5782,0.052593079924810555,0.011763749200370627
25-1041.00,5781,0.08993844125400988,0.0315559911564833
25-1041.00,5780,0.07319929504807778,0.018038401776062394
25-1041.00,5779,0.05311828515267253,0.013676270847039491
25-1041.00,5778,0.0967888552309768,0.02448801531775952
25-1041.00,5777,0.06409319581427346,0.010726120360643816
25-1041.00,5776,0.04014690254222994,0.010123575166139135
25-1032.00,5775,0.06229926618717236,0.02478063505973341
25-1032.00,5774,0.007549447427581823,0.0044961585971504325
25-1032.00,5773,0.0017730347674696043,0.0008415613979248627
25-1032.00,5772,0.0013914650073438043,0.0007525828232952394
25-1032.00,5771,0.041813152301367396,0.025976009084693403
25-1032.00,5770,0.018638773640462923,0.009860538938624604
25-1032.00,5769,0.016337736340288345,0.013566937154085601
25-1032.00,5768,0.00893638272167118,0.005365213450369041
25-1032.00,5767,0.021110548787081292,0.004258140460511569
25-1032.00,5766,0.03335750255711922,0.006352961931917737
25-1032.00,5765,0.014755514008276871,0.005788079859338913
25-1032.00,5764,0.017613585988369894,0.005293429009675255
25-1032.00,5763,0.055432545963384455,0.012729901735917079
25-1032.00,5762,0.05679181063451203,0.014979485197415238
25-1032.00,5761,0.07105493463022707,0.02362158228554625
25-1032.00,5760,0.022515740448173914,0.005745305114179198
25-1032.00,5759,0.025527138079817747,0.012959777299683083
25-1032.00,5758,0.1218202772141644,0.023727381425286166
25-1032.00,5757,0.15067513139395514,0.03208267183786417
25-1032.00,5756,0.07814357306996207,0.020667980462875643
25-1032.00,5755,0.07400712992563853,0.021757523757135206
25-1032.00,5754,0.04850011640864717,0.012578954332927742
25-1032.00,5753,0.04557179226434554,0.007527447386620632
25-1031.00,5752,0.02364825182317438,0.01100097777140657
25-1031.00,5751,0.02767925787187475,0.00888435627408154
25-1031.00,5750,0.0933293394886668,0.03633842731744577
25-1031.00,5749,0.025659879725164994,0.014200828007227393
25-1031.00,5748,0.030752932865929398,0.025315169828872764
25-1031.00,5747,0.008301665033265447,0.0027130381712240598
25-1031.00,5746,0.007576718193866983,0.002051660885487298
25-1031.00,5745,0.02149741757537881,0.009587834657881631
25-1031.00,5744,0.008048230033789077,0.002501559532971984
25-1031.00,5743,0.05152396004266807,0.014122958266422259
25-1031.00,5742,0.048124888176399996,0.00870368168061184
25-1031.00,5741,0.03342321042225112,0.011749346243643509
25-1031.00,5740,0.04881461513927936,0.013113126203216282
25-1031.00,5739,0.057637300078017525,0.012959402194604265
25-1031.00,5738,0.05692265581721902,0.006467741363685701
25-1031.00,5737,0.08149905009519834,0.012583550543015666
25-1031.00,5736,0.05170720230300878,0.0061538915795172336
25-1031.00,5735,0.05688969366574161,0.01331017003762031
25-1031.00,5734,0.10567969439745177,0.022806173637937754
25-1031.00,5733,0.04047043727538703,0.009013780540811511
25-1031.00,5732,0.06065829018028377,0.008432164256447962
25-1031.00,5731,0.060155309795982964,0.012989352816213853
25-1022.00,5729,0.0018901768429036873,0.0011967788526891408
25-1022.00,5728,0.0013444745358049794,0.0010021807594559266
25-1022.00,5727,0.008730424890901508,0.0018487639690681237
25-1022.00,5726,0.011681527808007231,0.004740479243354278
25-1022.00,5725,0.009258918838101433,0.0038055836130251445
25-1022.00,5724,0.04461720577969461,0.021876567787455392
25-1022.00,5723,0.013909126538936526,0.005773775204553864
25-1022.00,5722,0.0052727862519549055,0.0017050347066933846
25-1022.00,5721,0.008919362160016335,0.0024938542630092648
25-1022.00,5720,0.024224356484706024,0.005061382769782543
25-1022.00,5719,0.018193247758965983,0.0038155857986937273
25-1022.00,5717,0.01302146354456027,0.006444489825601369
25-1022.00,5716,0.1441410565739709,0.02288253764514339
25-1022.00,5715,0.03926511527188636,0.004987079974904678
25-1022.00,5714,0.1176954689680897,0.018094111817830178
25-1022.00,5713,0.1376918397683825,0.016286574013348116
25-1022.00,5712,0.05112531743398996,0.016663085145765
25-1022.00,5711,0.13448218140952473,0.014529330259837872
25-1022.00,5710,0.09040711802793341,0.018045176472172048
25-1022.00,5709,0.08852709817603512,0.013538481818791259
25-1021.00,5708,0.0012380753654186699,0.0003941199656513533
25-1021.00,5707,0.007130321512533518,0.0043728846494121894
25-1021.00,5706,0.011905882053241737,0.0028702374204001794
25-1021.00,5705,0.002721382178084152,0.001326985054789028
25-1021.00,5704,0.028827664998925702,0.010422799546602128
25-1021.00,5703,0.07340104882678772,0.035489106987381634
25-1021.00,5702,0.06468460891298512,0.019526570734581833
25-1021.00,5701,0.057731929937366505,0.019561715687331928
25-1021.00,5700,0.0046311275676829385,0.002817888151759433
25-1021.00,5699,0.014506013412894996,0.004310198705229255
25-1021.00,5698,0.03941269219111839,0.011072651005005834
25-1021.00,5697,0.009957616712585807,0.002600644361593573
25-1021.00,5696,0.039456798207242204,0.009649596730728726
25-1021.00,5695,0.0026674622036819153,0.0006387729060875187
25-1021.00,5694,0.06648224075415869,0.010480716734511715
25-1021.00,5693,0.0395488031112851,0.008208087063655166
25-1021.00,5692,0.018891048203127113,0.004739111401680714
25-1021.00,5691,0.06672974555447782,0.011798077848640655
25-1021.00,5690,0.05540730233018088,0.010332308180249715
25-1021.00,5689,0.06805965177452629,0.013629406438585697
25-1021.00,5688,0.07054643044293751,0.017711154091838315
25-1021.00,5687,0.07357151088885917,0.011223671082892605
25-1021.00,5686,0.0676160573083707,0.008357473087010398
25-1021.00,5685,0.06708334571473969,0.008535206251839655
25-1011.00,5684,0.0006399283694151214,0.000370061159587021
25-1011.00,5683,0.031830754747606785,0.027747605401557622
25-1011.00,5682,0.026918372540708224,0.014172516691007496
25-1011.00,5681,0.0782893863661882,0.03136116647942409
25-1011.00,5680,0.0190543211052441,0.009029920076275049
25-1011.00,5679,0.029278257724163145,0.00950265358282195
25-1011.00,5678,0.019060093001552102,0.012129799947572255
25-1011.00,5677,0.017770783834565984,0.004918453316403568
25-1011.00,5676,0.01474006738421251,0.005041056153193068
25-1011.00,5675,0.01843640527237583,0.006368310603172476
25-1011.00,5674,0.009606809148058091,0.0026356197911884907
25-1011.00,5673,0.01977772194954726,0.004019442493207876
25-1011.00,5672,0.005018441439886316,0.0019033066915961948
25-1011.00,5671,0.02962290278503394,0.005814956578275323
25-1011.00,5670,0.08262143737973604,0.014419858689227476
25-1011.00,5669,0.08331285642900595,0.014557159054323882
25-1011.00,5668,0.03530344072290097,0.014102294089647879
25-1011.00,5667,0.07642141920593805,0.008627142784571253
25-1011.00,5666,0.06299572416837178,0.0059443744747014185
25-1011.00,5665,0.05426134779668938,0.008086878255714143
25-1011.00,5664,0.04030105257793382,0.00918820363430698
25-1011.00,5663,0.08062668346527134,0.012180093919249117
25-1011.00,5662,0.10170906184889741,0.015318415882774298
23-1023.00,5661,0.0036990902906404387,0.002540236876318429
23-1023.00,5660,0.0244739068733838,0.015494512664531201
23-1023.00,5659,0.014822274678173169,0.0070927293419246204
23-1023.00,5658,0.03752368548395632,0.015346312897125925
23-1023.00,5657,0.009161922527159257,0.0017781656739905049
23-1023.00,5656,0.04306369508542733,0.009668748255896517
23-1023.00,5655,0.04023232218829476,0.010367751808288792
23-1023.00,5654,0.006567806738172172,0.0020147398415678083
23-1023.00,5653,0.0442019479522925,0.0128706896810465
23-1023.00,5652,0.012991391492931954,0.0040159576778731375
23-1023.00,5651,0.020005856110204803,0.003804572168587621
23-1023.00,5650,0.08407247023458149,0.015124878491810581
23-1023.00,5649,0.24052491670836465,0.026793565732357777
23-1023.00,5648,0.09738519634352355,0.020328333439063734
23-1023.00,5647,0.15581768375153182,0.01786858937013916
23-1023.00,5646,0.054750504459397636,0.021094881438441272
23-1023.00,5645,0.038981787733995334,0.009244771109002426
23-1023.00,5644,0.017236117845884052,0.009647642944094537
23-1023.00,5643,0.0021247838949387744,0.00037123715627570826
21-1012.00,5640,0.006684568725924443,0.0022414321582184572
21-1012.00,5639,0.004847465806354977,0.002024578038788148
21-1012.00,5636,0.00973209936746558,0.003508346607786488
21-1012.00,5634,0.02106809898819528,0.010715747675532189
21-1012.00,5633,0.0014112135499321128,0.0008947150628804456
21-1012.00,5632,0.05360923798348228,0.011562469433465285
21-1012.00,5631,0.05808939902524216,0.014988964038149581
21-1012.00,5630,0.01871237594139199,0.012804450369019123
21-1012.00,5629,0.007644925649172008,0.002420623179024519
21-1012.00,5627,0.0065456284894236435,0.0017158490396338003
21-1012.00,5626,0.018577657251724403,0.007671157644580913
21-1012.00,5625,0.031987988349578216,0.0071085276819039455
21-1012.00,5624,0.007657615637142312,0.0023564741380147866
21-1012.00,5623,0.021987181332980617,0.009061008590909223
21-1012.00,5621,0.015854432531643172,0.0065362815301573
21-1012.00,5619,0.02060196290618377,0.009214440555421335
21-1012.00,5616,0.07292258739106394,0.01617394578207067
21-1012.00,5611,0.07977790760035641,0.01416554762268782
21-1012.00,5608,0.028824276664898337,0.013402469726883899
21-1012.00,5606,0.07253389082583198,0.013261180811138919
21-1011.00,5603,0.05871049365060541,0.013082530502535645
21-1011.00,5602,0.02631755657666073,0.017828810083317565
21-1011.00,5601,0.033621728507949006,0.016816122922401634
21-1011.00,5600,0.04222660302810478,0.018178013152756727
21-1011.00,5599,0.009356963530707325,0.0017412523470927818
21-1011.00,5598,0.04990158696147711,0.019124759973765615
21-1011.00,5597,0.04170286344736676,0.016662735830401818
21-1011.00,5596,0.030803027854686697,0.018951641951378884
21-1011.00,5595,0.011443958469772484,0.0019121861843186712
21-1011.00,5594,0.029815720785991946,0.018657980437762206
21-1011.00,5593,0.036775421672508204,0.017294629305945178
21-1011.00,5592,0.005808897726545694,0.0015982602998657477
21-1011.00,5591,0.0626961868741915,0.031031539738066546
21-1011.00,5590,0.03541206896442507,0.016136208043270192
21-1011.00,5589,0.022723425943182322,0.006575428601583421
21-1011.00,5588,0.02037205828765335,0.0050899152792204016
21-1011.00,5587,0.02256920005903786,0.006634646643303255
21-1011.00,5586,0.06469987000478129,0.010157168180234767
21-1011.00,5585,0.060781360805136374,0.012197012555503718
21-1011.00,5584,0.14728465263026413,0.020936899604632513
21-1011.00,5583,0.117195259298278,0.033543949134707735
19-4071.00,5581,0.04476159411897716,0.029573955048472975
19-4071.00,5580,0.05095859605068796,0.029141181370901645
19-4071.00,5579,0.037958842109112566,0.028735303702325313
19-4071.00,5578,0.08881502186422185,0.048451379231938485
19-4071.00,5577,0.037072715268327255,0.02598028133579668
19-4071.00,5576,0.014131922789228434,0.00994650706163334
19-4071.00,5575,0.012264363760125479,0.005753059700640416
19-4071.00,5574,0.05808459717656489,0.028803802288150344
19-4071.00,5573,0.007667732431094157,0.004058480588579658
19-4071.00,5572,0.020074439965004912,0.007627911301100805
19-4071.00,5571,0.009527334538606665,0.0044158909725457145
19-4071.00,5570,0.0796650255327035,0.018991455925298634
19-4071.00,5569,0.0826055321222472,0.03471366718071637
19-4071.00,5568,0.024217210672164622,0.013484092742091138
19-4071.00,5567,0.11018299632822,0.03649519494728206
19-4071.00,5566,0.13664567474076592,0.03310459472713716
19-4071.00,5565,0.038015426205036465,0.019803324261877357
19-4071.00,5564,0.027356871129918622,0.015709415616730022
19-4071.00,5563,0.08106120076611448,0.03208250392909567
19-4012.00,5549,0.006547482834469,0.004243074480343515
19-4012.00,5548,0.03397036443321772,0.010848580350047635
19-4012.00,5547,0.006752204011992439,0.0037962174149721232
19-4012.00,5544,0.1398539926459531,0.035343965826227244
19-4012.00,5543,0.00888303443791543,0.00488262914632957
19-4012.00,5542,0.10713034859038481,0.040372411356594244
19-4012.00,5541,0.2535021543518104,0.039618802812241546
19-4012.00,5540,0.01556242014422131,0.0047340741249143024
19-4012.00,5538,0.012161098842156487,0.004975137796433073
19-4012.00,5530,0.019357839295417775,0.005698151727883445
19-4012.00,5528,0.06863417583716883,0.014389916465546786
19-3094.00,5526,0.008812201361348615,0.0
19-3094.00,5525,0.00808099286800314,0.0
19-3094.00,5524,0.019587016809104317,0.0
19-3094.00,5523,0.0019115662206789549,0.0
19-3094.00,5522,0.014617735796030344,0.0
19-3094.00,5521,0.07217980441026145,0.0
19-3094.00,5520,0.03765566032418064,0.0
19-3094.00,5519,0.3616132700532837,0.0
19-3094.00,5518,0.04545133585177429,0.0
19-3094.00,5517,0.04866256869929554,0.0
19-3094.00,5516,0.01808616312125964,0.0
19-3094.00,5515,0.2400090278432666,0.0
19-3092.00,5514,0.10913801569785495,0.0
19-3092.00,5513,0.03258855028335011,0.0
19-3092.00,5512,0.024827591501796108,0.0
19-3092.00,5511,0.10207761620544256,0.0
19-3092.00,5510,0.01062636520390744,0.0
19-3092.00,5509,0.11766021960496097,0.0
19-3092.00,5508,0.10300009871821963,0.0
19-3092.00,5507,0.06605558950051241,0.0
19-3092.00,5506,0.08679361726725676,0.0
19-3092.00,5505,0.11463558135101998,0.0
19-3092.00,5504,0.03196660043637752,0.0
19-3092.00,5503,0.20063015422930158,0.0
19-3041.00,5475,0.08017504361663075,0.0
19-3041.00,5474,0.03596292986763859,0.0
19-3041.00,5473,0.06292309399078068,0.0
19-3041.00,5472,0.03477688107564429,0.0
19-3041.00,5471,0.0038600557266794734,0.0
19-3041.00,5470,0.10818571075261552,0.0
19-3041.00,5469,0.18749173341794947,0.0
19-3041.00,5468,0.060283350140351404,0.0
19-3041.00,5467,0.04485097050074343,0.0
19-3041.00,5466,0.09509894127134268,0.0
19-3041.00,5465,0.1811100673653387,0.0
19-3041.00,5464,0.07500508630818656,0.0
19-3034.00,5463,0.031061360774334613,0.02002629828698327
19-3034.00,5462,0.006506087699245088,0.0021171613412684304
19-3034.00,5461,0.082475448993827,0.019658457434852582
19-3034.00,5460,0.029212371358053987,0.009159094406193564
19-3034.00,5459,0.036045184050930996,0.017523442015562458
19-3034.00,5458,0.04167752102906364,0.022533755118043845
19-3034.00,5457,0.002232382612839216,0.000510838346745786
19-3034.00,5456,0.030943158781312666,0.0179392543596124
19-3034.00,5455,0.21649441131347447,0.026284990114768952
19-3034.00,5454,0.04069957737477561,0.01114430873881993
19-3034.00,5453,0.06128850059188708,0.017481251458369478
19-3034.00,5452,0.06870061479741241,0.014267055830112285
19-3034.00,5451,0.06852781363232761,0.02398107672921143
19-3034.00,5450,0.055516478536254805,0.013773417943296604
19-3034.00,5449,0.05265378787462886,0.01338544819827257
19-3034.00,5448,0.07130907408944687,0.017517491946526673
19-3034.00,5447,0.003534312966290409,0.0012935465689583759
19-3034.00,5446,0.05131226026676341,0.01063807235775682
13-1161.00,5445,0.012946630509826636,0.0
13-1161.00,5444,0.012707595700579534,0.0
13-1161.00,5443,0.21036589958386828,0.0
13-1161.00,5442,0.10170830053884619,0.0
13-1161.00,5441,0.049650188330368786,0.0
13-1161.00,5440,0.026152134629539286,0.0
13-1161.00,5439,0.17843317419424756,0.0
13-1161.00,5438,0.050548995951933705,0.0
13-1161.00,5437,0.03847234478639389,0.0
13-1161.00,5436,0.03986308440211442,0.0
13-1161.00,5435,0.06401335128073668,0.0
13-1161.00,5434,0.10992928130671217,0.0
13-1161.00,5433,0.1052090187848329,0.0
19-1041.00,5432,0.007372692446411135,0.0
19-1041.00,5430,0.005411675258461419,0.0
19-1041.00,5429,0.07066311624771074,0.0
19-1041.00,5428,0.122797888427018,0.0
19-1041.00,5427,0.03630741372482812,0.0
19-1041.00,5426,0.03732383607935234,0.0
19-1041.00,5425,0.06761767159187185,0.0
19-1041.00,5424,0.03133801415566238,0.0
19-1041.00,5423,0.06619616148142524,0.0
19-1041.00,5422,0.08891120220559802,0.0
19-1041.00,5421,0.09544543578948633,0.0
19-1011.00,5420,0.016302217725304508,0.0
19-1011.00,5419,0.010146960942528099,0.0
19-1011.00,5418,0.05031624145428187,0.0
19-1011.00,5417,0.1267474074568009,0.0
19-1011.00,5416,0.21317597366253113,0.0
19-1011.00,5415,0.1918727338332792,0.0
19-1011.00,5414,0.1429099840283387,0.0
19-1011.00,5413,0.14793594426551962,0.0
17-2161.00,5389,0.2462774952848793,0.0
17-2161.00,5388,0.030630587767459003,0.0
17-2161.00,5387,0.03501969007454863,0.0
17-2161.00,5386,0.04325628590006638,0.0
17-2161.00,5385,0.013077854664615024,0.0
17-2161.00,5384,0.0330756169771934,0.0
17-2161.00,5383,0.12492508077826424,0.0
17-2161.00,5382,0.006312735929612684,0.0
17-2161.00,5381,0.04478787682705545,0.0
17-2161.00,5380,0.19493321520239662,0.0
17-2161.00,5379,0.008287657778576516,0.0
17-2072.00,5357,0.0009316550288783926,0.0004931704277950047
17-2072.00,5355,0.0308592408299426,0.01342681608152851
17-2072.00,5354,0.03985964512663677,0.023504381434748315
17-2072.00,5351,0.03557237137377071,0.011349026629282983
17-2072.00,5350,0.05665867775776668,0.028201015588596383
17-2072.00,5349,0.10694181763814936,0.03122496950631444
17-2072.00,5348,0.0708585483720612,0.02666692300427371
17-2072.00,5346,0.022740934129326033,0.006932918905527717
17-2072.00,5339,0.08903561438907139,0.024267330851852332
17-2021.00,5338,0.05018039647528654,0.0
17-2021.00,5337,0.10317980397218064,0.0
17-2021.00,5336,0.19157156173180248,0.0
17-2021.00,5335,0.02129329743439631,0.0
17-2021.00,5334,0.033733247812888806,0.0
17-2021.00,5333,0.03194373076142168,0.0
17-2021.00,5332,0.10254594624954953,0.0
17-2021.00,5331,0.1254099342471494,0.0
17-2021.00,5330,0.013148989993077134,0.0
17-2021.00,5329,0.05003282440924161,0.0
17-2021.00,5328,0.045265919388156724,0.0
17-2021.00,5327,0.13467288598837276,0.0
17-2021.00,5326,0.05736312698896928,0.0
17-2021.00,5325,0.03965833454750711,0.0
15-1212.00,5323,0.04684513185539647,0.014544212529897531
15-1212.00,5322,0.04613749366976372,0.014524712280092387
15-1212.00,5321,0.11240667809385076,0.0339667890389514
15-1212.00,5320,0.07830872606336772,0.025643689200547402
15-1212.00,5319,0.15003897702910649,0.03271701867316306
15-1212.00,5318,0.04853864864976414,0.016623719927788997
15-1212.00,5317,0.11875641780655323,0.03201180029224281
15-1212.00,5316,0.12323879638593561,0.030262664759792057
15-1212.00,5315,0.11060592167132136,0.025142490083061256
15-1212.00,5314,0.11809193522286947,0.0324720956426523
15-1212.00,5313,0.04703127355207097,0.016387506545676746
13-2081.00,5310,0.03897373165172609,0.025269056783205207
13-2081.00,5308,0.04191883683669172,0.02143589611932687
13-2081.00,5306,0.00288374718610414,0.00156677987741071
13-2081.00,5305,0.06792918334565773,0.026360751749534516
13-2081.00,5302,0.07682276667578204,0.02642920454379088
13-2081.00,5301,0.09553291545322735,0.030255494238230714
13-2081.00,5299,0.011136163316799817,0.00432775884678271
13-2081.00,5298,0.026740890248609563,0.017130704660859974
13-2081.00,5297,0.041780879501470386,0.018903820292306178
13-2081.00,5294,0.07888137541673161,0.012854979375051716
13-2081.00,5293,0.08769295237596211,0.03216012582780004
13-2081.00,5292,0.06861123097632987,0.022403841886195583
13-2081.00,5291,0.05827464990512427,0.018472158566921165
13-2081.00,5290,0.11398496029545666,0.02862622795136014
13-2081.00,5289,0.023224130531059397,0.013470550011857773
13-2081.00,5288,0.12388251852285465,0.036857056269104425
11-9131.00,5271,0.007279825836313975,0.0035983412761533724
11-9131.00,5270,0.008542719154753674,0.005380408092296493
11-9131.00,5269,0.044138251773094606,0.010547562927002202
11-9131.00,5268,0.014065886365200687,0.005653310015863206
11-9131.00,5267,0.01748932924984652,0.008755519195381811
11-9131.00,5266,0.04136300035969451,0.009305966536485388
11-9131.00,5265,0.09969824210400044,0.016785462350330304
11-9131.00,5264,0.0594823097856008,0.008043327273877144
11-9131.00,5263,0.02813462582105402,0.00997779773420764
11-9131.00,5262,0.13025490104453966,0.020142493519381532
11-9131.00,5261,0.20104358815933027,0.021132230310597896
11-9131.00,5260,0.19932293743301052,0.025501198224109026
11-9033.00,5259,0.02821360565275625,0.019059039035320864
11-9033.00,5258,0.012573849669525987,0.008632658022916946
11-9033.00,5255,0.03130701354323692,0.021761109381368052
11-9033.00,5254,0.00426656043274111,0.0021162320192367728
11-9033.00,5253,0.006991220141528761,0.004614296617620527
11-9033.00,5250,0.016978554371757763,0.010115351112532376
11-9033.00,5249,0.05525870550221631,0.021211164930299408
11-9033.00,5248,0.025012844515691888,0.006703742505070718
11-9033.00,5246,0.02090248812302866,0.017616698667117445
11-9033.00,5245,0.0077573644802220185,0.004968854136379658
11-9033.00,5244,0.007528455360720228,0.003066793194243558
11-9033.00,5243,0.1539940601717848,0.039714449545716644
11-9033.00,5242,0.014632925816801194,0.009150311417164297
11-9033.00,5241,0.03689441774172954,0.021726442991117773
11-9033.00,5240,0.044610715206724855,0.01854899781398688
11-9033.00,5239,0.03374210067377241,0.008947882820772845
11-9033.00,5238,0.04244268619939367,0.009163562639680104
11-9033.00,5237,0.03459722792806416,0.019746128525682353
11-9033.00,5236,0.04755421264885105,0.021125467556825213
11-9033.00,5235,0.023423186542147145,0.019188842102765766
11-9032.00,5234,0.015451164343213251,0.007110389143153054
11-9032.00,5233,0.01215797175576792,0.0034523700446409144
11-9032.00,5232,0.04239118196352945,0.01669679058645846
11-9032.00,5231,0.035872195665048325,0.021449910500763135
11-9032.00,5230,0.009022938847985225,0.003394421623594641
11-9032.00,5229,0.02324084122719667,0.005975535771491108
11-9032.00,5228,0.004293458388673605,0.0028565864980691813
11-9032.00,5226,0.05648869341877875,0.019836288632837887
11-9032.00,5225,0.13579755344194505,0.03183659788787815
11-9032.00,5224,0.015837731046866976,0.005552731792162159
11-9032.00,5223,0.04266348603357965,0.011678513715460177
11-9032.00,5222,0.041093179331914295,0.011084393963507834
11-9032.00,5221,0.05863422922599783,0.019591266568423447
11-9032.00,5220,0.010971537401889976,0.0075718249428348905
11-9032.00,5219,0.019809179904717214,0.006787671873015922
11-9032.00,5218,0.006163385443099928,0.0033431758769186734
11-9032.00,5217,0.05701344684778103,0.021254124267357975
11-9032.00,5216,0.008038743551566994,0.0033347755328953107
11-9032.00,5215,0.12459973661978856,0.027395340356261975
11-9032.00,5214,0.016232419928095532,0.005610959849522629
11-9032.00,5213,0.008638658097506422,0.003202691776740675
11-9032.00,5212,0.09071259739628254,0.02035580329098841
11-9032.00,5211,0.029370325954186354,0.003969111507815968
11-9032.00,5210,0.0047376317978424344,0.0029253996973951923
11-9031.00,5209,0.01910167796128315,0.010868737098546024
11-9031.00,5208,0.007906397550848892,0.0029006853146236484
11-9031.00,5207,0.011698686914807745,0.003579089164427464
11-9031.00,5206,0.017021272882228877,0.006030316104968329
11-9031.00,5205,0.0070783548999751415,0.004063263553519302
11-9031.00,5204,0.14259863107724885,0.0292755653306076
11-9031.00,5203,0.018894789228213672,0.007002749337057675
11-9031.00,5202,0.05244956821315019,0.01180109068586306
11-9031.00,5201,0.036493260994409714,0.010158386968346842
11-9031.00,5200,0.07571521344039621,0.028153291119769094
11-9031.00,5199,0.10042746038648333,0.019809412792087092
11-9031.00,5198,0.049650273522523235,0.016100537075716317
11-9031.00,5197,0.04466384745657661,0.015228941623342592
11-9031.00,5196,0.11207341187363372,0.021898555624295712
11-9031.00,5195,0.055110376953053354,0.015234007946037664
11-9031.00,5194,0.09085829963353828,0.01905363319725199
11-9031.00,5193,0.158258477011629,0.026027413851255538
49-3091.00,5189,0.008503526403437002,0.004414002629757427
49-3091.00,5188,0.025963422138011737,0.0060617475594800935
49-3091.00,5187,0.09707355007846512,0.016599427566153437
49-3091.00,5186,0.07776105708878375,0.019996371558890735
49-3091.00,5185,0.06854602290734135,0.016140247987275202
49-3091.00,5184,0.10868663168728053,0.01627802801772908
43-9081.00,5165,0.012820890620914658,0.0053809740064511375
43-9081.00,5163,0.10734979108215062,0.029733696546102164
43-9081.00,5162,0.0803432432117614,0.015543371324937955
43-9081.00,5161,0.09525561895943505,0.025689083226196265
43-9081.00,5160,0.11798622287845557,0.019550424157092138
43-9081.00,5159,0.1646562184630977,0.022512855077052384
43-9081.00,5158,0.14483533403636478,0.020572442399116507
39-3091.00,5134,0.04529577372755126,0.00958799994037851
39-3091.00,5132,0.026842350523598898,0.014090649895526643
39-3091.00,5131,0.07586582061844213,0.02550544122776799
39-3091.00,5130,0.13565793711174187,0.0212305437619343
39-3091.00,5127,0.02545937127291056,0.010289613882003154
39-3091.00,5126,0.0267737593606217,0.011583222771496614
39-3091.00,5125,0.03519582783293824,0.011640343267336928
39-3091.00,5124,0.043110716796856074,0.014541518007590978
39-3091.00,5123,0.06107425061834942,0.022437771241684824
39-3091.00,5121,0.032319036830704605,0.007766903600541929
39-3091.00,5120,0.03046714304868326,0.010743177661728184
39-3091.00,5119,0.12041357602967837,0.02669384201292064
39-3091.00,5118,0.10507577973887194,0.02842962632446144
39-3091.00,5117,0.08646330883816757,0.022724225308799608
39-3091.00,5116,0.14998534765088417,0.026556269602987796
39-3031.00,5115,0.01696214849934478,0.006290527129922463
39-3031.00,5114,0.015202189328059963,0.00545125676779675
39-3031.00,5113,0.04521857436004317,0.017443134614182707
39-3031.00,5112,0.01871314721801451,0.010311450233110546
39-3031.00,5111,0.010060232844513874,0.006172814382438289
39-3031.00,5109,0.036693054714188975,0.009705809224758772
39-3031.00,5108,0.04555216376141923,0.016268418852562888
39-3031.00,5107,0.047028537839808246,0.012826823696724738
39-3031.00,5106,0.038488855651087665,0.015151540272038883
39-3031.00,5105,0.0336559889537293,0.007924426107050938
39-3031.00,5104,0.0484456587345269,0.01790075757794842
39-3031.00,5103,0.041759277426346046,0.00982664905725727
39-3031.00,5102,0.03126922307602068,0.009944800300314386
39-3031.00,5100,0.0381352506898712,0.015084975926830767
39-3031.00,5099,0.06253488491451431,0.014686637250648418
39-3031.00,5098,0.03126943037997497,0.011189836426732953
39-3031.00,5097,0.06908526419986459,0.02052047089372239
39-3031.00,5096,0.10662304774672977,0.019135244003274522
39-2021.00,5091,0.017499697342365776,0.006731372015043057
39-2021.00,5090,0.008325630708160116,0.0021918127433907396
39-2021.00,5089,0.02298275191490982,0.005856965059653402
39-2021.00,5088,0.00570467720510228,0.0032964765655121406
39-2021.00,5087,0.016028104103757577,0.0030764320073845583
39-2021.00,5086,0.03629614573652958,0.009513665996180492
39-2021.00,5085,0.023693027606879333,0.007847881093039775
39-2021.00,5084,0.058323814084598725,0.015825298714505852
39-2021.00,5083,0.0032383024958451533,0.0013217640578692077
39-2021.00,5082,0.04092630824253408,0.006387474117922918
39-2021.00,5081,0.004485844930060887,0.0011301748035127204
39-2021.00,5080,0.08450622676501802,0.014101274754417156
39-2021.00,5079,0.05843450185587715,0.017591954772772662
39-2021.00,5078,0.04634940653110242,0.008545763142125221
39-2021.00,5077,0.04639124480152784,0.008741937288933433
39-2021.00,5076,0.08786294930159948,0.011909836607517163
39-2021.00,5075,0.10236747163925404,0.011989795343041407
39-2021.00,5074,0.07948452666072275,0.020249671932379858
39-2021.00,5072,0.09526633486023796,0.013278430491906171
35-2011.00,5070,0.06294819779649735,0.01109778129262993
35-2011.00,5068,0.080614730989283,0.010754454426035575
35-2011.00,5067,0.05939645829552212,0.014561921085763112
35-2011.00,5065,0.07938367238470255,0.008088877461435579
35-2011.00,5064,0.061589368439495286,0.01420455351877291
35-2011.00,5063,0.08051002916121623,0.010673499393718774
35-2011.00,5062,0.09281825298158461,0.007716820026409421
35-2011.00,5061,0.07967684822884735,0.010471346694156598
35-2011.00,5058,0.08100364792584425,0.006327899172526491
35-2011.00,5057,0.07862769880999493,0.005769140467415958
35-2011.00,5056,0.06605986524247838,0.015528453525747613
35-2011.00,5055,0.09750480133490998,0.0042712531768412335
35-2011.00,5054,0.07986642840962394,0.009566917766160444
33-9092.00,5052,0.008988012324901982,0.005752844343229954
33-9092.00,5050,0.016347923793742343,0.0036518508797760323
33-9092.00,5049,0.1221850129945503,0.023615698524283527
33-9092.00,5048,0.07555609267801214,0.008150607063009865
33-9092.00,5047,0.025249216341712347,0.009879651167203187
33-9092.00,5046,0.049430179424036824,0.009867602416508735
33-9092.00,5045,0.10262240918254371,0.020856819763457265
33-9092.00,5044,0.06388328747745174,0.011894049222188932
33-9092.00,5043,0.09063920354960348,0.021700095091649184
33-9092.00,5042,0.02397953582000634,0.005023546207316139
33-9092.00,5041,0.283954208467442,0.017904164368353008
33-9092.00,5040,0.03277916022502275,0.013066439784705371
33-9092.00,5039,0.037913322186130485,0.01305831706099846
53-7073.00,5023,0.03632819843621297,0.00876275694016418
53-7073.00,5021,0.06751265287275957,0.022533227211017456
53-7073.00,5020,0.06578782385658065,0.02851310552518194
53-7073.00,5019,0.07107753279570468,0.022510311597673405
53-7073.00,5018,0.03973665238043938,0.020623938835377983
53-7073.00,5017,0.03698216794041863,0.013033041589511084
53-7073.00,5016,0.04900754301805822,0.01950896588270585
53-7073.00,5015,0.054318735478565,0.009010256410218676
53-7073.00,5014,0.08303910632444178,0.019619396187200478
53-7073.00,5013,0.17742379326927063,0.025717244110281604
53-7061.00,5012,0.012888060453122543,0.00774097838608971
53-7061.00,5011,0.060690365078167094,0.01852500811173998
53-7061.00,5009,0.019899267458288728,0.007123025494683933
53-7061.00,5008,0.059015759643875614,0.014076388428210997
53-7061.00,5007,0.03907233303026538,0.012582778614274504
53-7061.00,5006,0.0668444746026999,0.014099632527386313
53-7061.00,5005,0.02578729509780493,0.0052874611816711515
53-7061.00,5004,0.026213647465960423,0.008320009754999956
53-7061.00,5003,0.00836365274957817,0.0022776269073720248
53-7061.00,5002,0.03480800378811665,0.011893312528399935
53-7061.00,5001,0.0228781115035792,0.009864048119713248
53-7061.00,5000,0.06935846397349489,0.012751306133407019
53-7061.00,4999,0.03611613847186654,0.007268365817800234
53-7061.00,4998,0.052015270789731366,0.011844126072418895
53-7061.00,4997,0.0793018140794557,0.018507589394690185
53-7061.00,4996,0.12004697795850382,0.018273827698127295
53-7061.00,4995,0.05522017599393947,0.013287105132537648
53-7061.00,4994,0.038059167047501764,0.01157179549505827
53-7061.00,4993,0.0936496334679003,0.01943089643963525
53-7061.00,4992,0.07977138734614757,0.016058131904935546
53-7041.00,4991,0.24941494535332473,0.09078410834057157
53-7041.00,4986,0.21331429170684016,0.07187206628424554
53-7041.00,4985,0.5372707629398351,0.09283100996555961
51-9051.00,4976,0.0457138754632291,0.012687666208944407
51-9051.00,4975,0.006267167613149277,0.002593580929285126
51-9051.00,4974,0.05469045027019217,0.014723833736511613
51-9051.00,4973,0.03761499656760075,0.010847428184749342
51-9051.00,4972,0.06296026339997692,0.013476692887829623
51-9051.00,4971,0.08659275495515288,0.02085662429546703
51-9051.00,4970,0.040345883688560166,0.009675896945192285
51-9051.00,4969,0.06553652015648263,0.018068266001451203
51-9051.00,4968,0.02288218467782374,0.005165322450023322
51-9051.00,4967,0.061315452890448964,0.013098308194504076
51-9051.00,4966,0.07141180644625678,0.013818365162381196
51-9051.00,4965,0.07795982388253428,0.01562756720601931
51-9051.00,4964,0.05005762182162298,0.012965879335334933
51-9051.00,4963,0.15865333009511748,0.016357951521994294
51-9051.00,4962,0.11416708116528294,0.0209317590219895
51-9051.00,4961,0.0438307869065689,0.01336711331689501
51-3093.00,4960,0.05240481787009876,0.013425129336185962
51-3093.00,4959,0.051049009521820086,0.014343782823365172
51-3093.00,4958,0.06142945709742567,0.009363052231852926
51-3093.00,4957,0.04751951335117661,0.009872129135026128
51-3093.00,4956,0.044447248813185056,0.008460300488291137
51-3093.00,4955,0.036691787717861,0.007588910489720946
51-3093.00,4954,0.04240033577147209,0.008029164344076505
51-3093.00,4953,0.04935760065626051,0.010335909070572462
51-3093.00,4952,0.06947198741898654,0.014896649991254616
51-3093.00,4951,0.08459497192380963,0.014083133645835732
51-3093.00,4950,0.05042346406150723,0.010314578790331963
51-3093.00,4949,0.07455144025320336,0.012829358062799834
51-3093.00,4948,0.07023639438618258,0.008905882896018645
51-3093.00,4947,0.07931914231115826,0.013661637878648852
51-3093.00,4946,0.06326063944269236,0.013283902497252028
51-3093.00,4945,0.05579000821917509,0.010196256800243244
51-3093.00,4944,0.0670521811839852,0.010561301813502604
51-3092.00,4943,0.0340501551105309,0.00849103115861787
51-3092.00,4942,0.04093780167083691,0.008135226805014073
51-3092.00,4941,0.034070494735549205,0.008812070400995574
51-3092.00,4940,0.025989812009955,0.006276745135904039
51-3092.00,4939,0.021282644534625663,0.005777783058151462
51-3092.00,4938,0.03971243386677702,0.007955498678706503
51-3092.00,4937,0.03356527924363871,0.008361518818070582
51-3092.00,4936,0.018627443319178715,0.008335202168960575
51-3092.00,4935,0.03364904124564293,0.006432430272298548
51-3092.00,4934,0.03896373588505045,0.006430277079216762
51-3092.00,4933,0.03147716712428145,0.009922392004287215
51-3092.00,4932,0.03232644495022267,0.010065468308654686
51-3092.00,4931,0.04202281135643245,0.007977082810653064
51-3092.00,4930,0.04042647964812963,0.008468688293726774
51-3092.00,4929,0.04372908236120579,0.008850455111935154
51-3092.00,4928,0.03289913412032138,0.007778073998619018
51-3092.00,4927,0.04370117134444271,0.0084696234173734
51-3092.00,4926,0.05854898309339695,0.008410078772117786
51-3092.00,4925,0.051236571439273175,0.007906706568393838
51-3092.00,4924,0.060982104079935935,0.006919281530024815
51-3092.00,4923,0.051845814142531726,0.00687452563577279
51-3092.00,4922,0.04890220703486537,0.007288358478351666
51-3092.00,4921,0.03451654420653453,0.008778910926393966
51-3092.00,4920,0.05255980127296116,0.007844694980641182
51-3092.00,4919,0.053976842203679536,0.005855842382794488
47-5043.00,4895,0.07542228430693187,0.01003430609360417
47-5043.00,4894,0.09263128411181608,0.008586374066387282
47-5043.00,4893,0.05037336292934941,0.015989180868282094
47-5043.00,4891,0.09052426043925943,0.009206207579728436
47-5043.00,4890,0.08412069095930905,0.009020245626971873
47-5043.00,4889,0.09134276503608472,0.008850432184108864
47-4051.00,4888,0.0003408996538739387,0.0002189617601940576
47-4051.00,4886,0.025262372068673156,0.011342179052527813
47-4051.00,4885,0.06811620447105671,0.04999829956231068
47-4051.00,4883,0.022701730992834773,0.008898124717498398
47-4051.00,4881,0.01857678574105374,0.00906838286108301
47-4051.00,4880,0.10168124819669752,0.04197404142292704
47-4051.00,4879,0.027937234904797128,0.007286926004281955
47-4051.00,4878,0.03085228432075953,0.007689254339326945
47-4051.00,4877,0.043806572208588135,0.010633458529913776
47-4051.00,4876,0.03689922550231131,0.010928219236521208
47-4051.00,4875,0.09678137795739812,0.017905525489037455
47-4051.00,4874,0.07103299946142999,0.018129142964952064
47-4051.00,4872,0.17408305827584616,0.04032172597894265
47-4051.00,4871,0.11672084573578773,0.043348926322461755
47-3015.00,4870,0.014749424595748753,0.007036162815105631
47-3015.00,4869,0.03334851275923562,0.02523221063157794
47-3015.00,4868,0.010570057978229025,0.007020397694306804
47-3015.00,4866,0.03791783192845928,0.013795836698216974
47-3015.00,4865,0.05609671284687613,0.013532458427647828
47-3015.00,4864,0.09290349669936199,0.016542884393330858
47-3015.00,4863,0.02728131036741015,0.007431039469574522
47-3015.00,4862,0.08002809548836172,0.016160379395355563
47-3015.00,4861,0.11341625987672432,0.018533191208896797
47-3015.00,4860,0.09712378541504088,0.023674553490823622
47-3015.00,4859,0.07312172546831018,0.016433736486025707
47-3015.00,4858,0.1328726252142615,0.023986588457605262
47-3015.00,4857,0.11452115105203513,0.01766438638771243
47-3013.00,4855,0.006963681174256235,0.0061396695125829825
47-3013.00,4854,0.003246341865498096,0.002049246899944343
47-3013.00,4853,0.007184647991010751,0.004835681951081758
47-3013.00,4852,0.005351288977743467,0.0029734044556155395
47-3013.00,4851,0.008750189847611634,0.005282907784698075
47-3013.00,4850,0.028308305227035296,0.009578201585524948
47-3013.00,4849,0.02002156690564633,0.008796846672385946
47-3013.00,4848,0.02595148844464976,0.013564201958677469
47-3013.00,4847,0.01601071652954238,0.00946274512723332
47-3013.00,4846,0.007421578511315573,0.0031381554403997506
47-3013.00,4845,0.009576028020205518,0.006759495185661235
47-3013.00,4844,0.08729717668673907,0.019881046682721306
47-3013.00,4843,0.020840088233368206,0.009058213206652264
47-3013.00,4842,0.046008267330694165,0.01090383279769669
47-3013.00,4841,0.05116810610384219,0.012905733749468812
47-3013.00,4840,0.1177999025595281,0.014520710484327225
47-3013.00,4839,0.06026285993792906,0.012902939098135049
47-3013.00,4838,0.07768758932733534,0.013330209201852133
47-3013.00,4837,0.039274114982594845,0.011154069414129239
47-3013.00,4836,0.09489128316209607,0.012040983612442343
47-3013.00,4835,0.07967514680341464,0.015566314129009235
47-3013.00,4834,0.056039022220804445,0.011708790417828204
47-3013.00,4833,0.08211348008225641,0.012489855740923319
47-3013.00,4832,0.046994516101411,0.009872290140557807
47-2071.00,4813,0.018241328187610293,0.008152823986554423
47-2071.00,4812,0.011960751971625211,0.006521837412704345
47-2071.00,4811,0.015550062906524213,0.010357103298159198
47-2071.00,4809,0.09347730189840561,0.03468075969460567
47-2071.00,4806,0.044568487572858015,0.020064168142578945
47-2071.00,4805,0.061542851963741756,0.019089905020813727
47-2071.00,4804,0.04944690746261386,0.0195894321379396
47-2071.00,4803,0.09281397341199786,0.028471266051707314
47-2071.00,4802,0.03851144153189825,0.01778841844090821
47-2071.00,4801,0.04076822792354729,0.014182023637484381
47-2071.00,4800,0.08049370234558377,0.03160827400229466
47-2071.00,4799,0.06437155977934142,0.02762822258468659
47-2071.00,4798,0.10105763732228916,0.028961522298967788
47-2071.00,4797,0.06706575961605721,0.020998997171424616
47-2071.00,4796,0.16352979487390068,0.02233368071401267
47-2021.00,4781,0.007025560345344752,0.00548138253368633
47-2021.00,4780,0.012819894194310436,0.007346358758385293
47-2021.00,4779,0.013820821384533737,0.008285416672377833
47-2021.00,4778,0.06464847559962797,0.010882342909828027
47-2021.00,4777,0.020165565756672468,0.00436599917310503
47-2021.00,4776,0.030002438599077117,0.010188187922190605
47-2021.00,4775,0.1411736538286975,0.02014272151577751
47-2021.00,4774,0.06706759110172346,0.013980070930534626
47-2021.00,4773,0.13833432528694492,0.014221114676805034
47-2021.00,4772,0.10754138270789948,0.015499296679307559
47-2021.00,4771,0.09141572873296341,0.023633453061494208
47-2021.00,4770,0.09106445301809012,0.016530482405768335
47-2021.00,4769,0.1233784149357534,0.015266203987185673
47-2021.00,4768,0.09154169450836121,0.016139149026919493
43-5071.00,4744,0.06522484115144954,0.017384014955010303
43-5071.00,4742,0.0796514547679869,0.021359516817101055
43-5071.00,4741,0.10278407256058958,0.031169781232349827
43-5071.00,4740,0.05382924084403928,0.015957762745232956
43-5071.00,4739,0.1097838174178323,0.027342030333567788
43-5071.00,4737,0.12957594976896786,0.03223665102947687
43-4141.00,4735,0.0007089007389394298,0.00029958303038450705
43-4141.00,4734,0.0062475479668963295,0.003860910332394613
43-4141.00,4733,0.02728578954090667,0.006241540376101335
43-4141.00,4732,0.0012528538918806418,0.0007108675005260327
43-4141.00,4731,0.024444387555498173,0.007768396333180296
43-4141.00,4730,0.14300852109906068,0.027921235445133776
43-4141.00,4729,0.03718264421723996,0.01143545684398285
43-4141.00,4728,0.18326764178450047,0.028378131471072498
43-4141.00,4727,0.012448695682104565,0.0030891231213047137
43-4141.00,4726,0.12631631570710952,0.024796124070275222
43-4141.00,4725,0.09684641778310338,0.021528527373081335
43-4141.00,4724,0.08830513065688755,0.019573498485850802
43-4141.00,4723,0.12469060906938187,0.022659882041306416
43-4141.00,4722,0.11586818353702281,0.022433463388606113
43-3041.00,4677,0.04323464489877683,0.01097158418309449
43-3041.00,4676,0.03459918951160863,0.007207271848158476
43-3041.00,4675,0.020632911556595725,0.006038857118704462
43-3041.00,4674,0.05623498318410182,0.007971239749457515
43-3041.00,4673,0.051222086681180945,0.012632859857088159
43-3041.00,4672,0.010939423745992903,0.006195213539863847
43-3041.00,4671,0.07602458667191357,0.008162818323256667
43-3041.00,4670,0.04479352411646965,0.009977473416424588
43-3041.00,4669,0.038607890457347645,0.007363363768316516
43-3041.00,4668,0.0911347166177421,0.007127469998792579
43-3041.00,4667,0.052680215026376986,0.006300744425649255
43-3041.00,4666,0.04058415728038785,0.005724963581087954
43-3041.00,4665,0.08520525174978763,0.007173607506785287
43-3041.00,4664,0.09908492975924652,0.007687322030463279
43-3041.00,4663,0.044967922267345604,0.006024158823576405
43-3041.00,4662,0.09728338692687691,0.007605160319433187
43-3041.00,4661,0.11277017954824863,0.005975883252823947
43-2011.00,4640,0.053680549892746426,0.017571563793862037
43-2011.00,4638,0.05847178241648867,0.016423103563493475
43-2011.00,4635,0.07018562995281141,0.01675469255914443
43-2011.00,4634,0.07922840395864236,0.008002774372855412
43-2011.00,4633,0.09565461594609942,0.019043687167733154
43-2011.00,4631,0.15993321079475042,0.012482971425436118
43-2011.00,4630,0.14921483878943634,0.01158120013163219
41-9041.00,4629,0.01713178958357988,0.011111715174879397
41-9041.00,4628,0.012176883510702738,0.005532030448846451
41-9041.00,4627,0.1208219365964716,0.011978863495118093
41-9041.00,4626,0.07064374189643417,0.013461983128347765
41-9041.00,4625,0.09097762083115184,0.014109523934411398
41-9041.00,4624,0.036220842415310955,0.016646904810442457
41-9041.00,4623,0.04550093262014088,0.010458194241396712
41-9041.00,4622,0.11152071136068664,0.015013076527680854
41-9041.00,4621,0.12048595358000788,0.01893926001627069
41-9041.00,4620,0.1432866226619158,0.011166713510958009
41-9041.00,4619,0.11211377492847996,0.020902439556942654
41-9041.00,4618,0.11911919001511768,0.015489092148240189
41-9021.00,4615,0.01142221169471415,0.006140188973909087
41-9021.00,4614,0.013225471917632731,0.004226977430723397
41-9021.00,4613,0.013818274568551087,0.004698252989653524
41-9021.00,4612,0.07612468281811581,0.0266515470950663
41-9021.00,4611,0.10242118939599021,0.03150415026905147
41-9021.00,4610,0.11533732067086822,0.024689928435556296
41-9021.00,4609,0.038487146400987764,0.017065769940455295
41-9021.00,4608,0.018162664594411442,0.00969409691904116
41-9021.00,4607,0.01189792060886218,0.004479668910145537
41-9021.00,4606,0.04037950628938118,0.013293627711814804
41-9021.00,4605,0.07895028389531403,0.0281642473644688
41-9021.00,4604,0.08260736297144679,0.019674292257963636
41-9021.00,4603,0.06455286901592416,0.015413873019945202
41-9021.00,4602,0.08003931621441972,0.023617583087066293
41-9021.00,4601,0.07942240150131125,0.018663470026034717
41-9021.00,4600,0.050838692621524705,0.01889367649730604
41-9021.00,4599,0.12231268482054462,0.03143659204587692
41-3011.00,4598,0.006041322142119947,0.004476591663442202
41-3011.00,4597,0.00926208403934189,0.001530254751178393
41-3011.00,4596,0.029542091466414403,0.006233989195757583
41-3011.00,4595,0.01722677517180158,0.003329220016712973
41-3011.00,4594,0.058198379772015134,0.012825621446756095
41-3011.00,4593,0.03220417095263197,0.008449486103948361
41-3011.00,4592,0.055167482137192324,0.007296983458040197
41-3011.00,4591,0.025841417086850584,0.0021201293579295633
41-3011.00,4590,0.05161623235903681,0.006430272690223435
41-3011.00,4589,0.06681287984455936,0.01134999645799076
41-3011.00,4588,0.04140792769467238,0.006304857028470214
41-3011.00,4587,0.06173470951906132,0.007119604559119669
41-3011.00,4586,0.07794975079616585,0.008875809444177084
41-3011.00,4585,0.08117356580249754,0.011620134837405538
41-3011.00,4584,0.036514275353091846,0.004854638817495434
41-3011.00,4583,0.04569310389561308,0.006446381240776653
41-3011.00,4582,0.08204724328508514,0.01155876116432607
41-3011.00,4581,0.10609769743156602,0.014287168758615692
41-3011.00,4580,0.0653879486718711,0.007066216842879285
41-3011.00,4579,0.05008094257841166,0.00966841590632706
39-9031.00,4577,0.0011272366263663602,0.0
39-9031.00,4576,0.0005043719123016984,0.0
39-9031.00,4575,0.018381149331258683,0.0
39-9031.00,4573,0.007858139527609484,0.0
39-9031.00,4572,0.005772967005561184,0.0
39-9031.00,4570,0.014504763839278534,0.0
39-9031.00,4569,0.000435376400333032,0.0
39-9031.00,4568,0.04345339312807777,0.0
39-9031.00,4567,0.018227233031935255,0.0
39-9031.00,4566,0.0801239891715234,0.0
39-9031.00,4565,0.09503654322568139,0.0
39-9031.00,4564,0.02095171854841411,0.0
39-9031.00,4563,0.03545072627018194,0.0
39-9031.00,4562,0.06042693835428484,0.0
39-9031.00,4561,0.11505004124091145,0.0
39-9031.00,4560,0.10150698965537444,0.0
39-9031.00,4559,0.13519481857131085,0.0
39-9031.00,4558,0.08608399379050771,0.0
39-9031.00,4557,0.10263136498775549,0.0
39-9031.00,4556,0.05727824538133247,0.0
39-7011.00,4555,0.03413624486222735,0.016575017282196663
39-7011.00,4553,0.0554497554328291,0.019404823933145805
39-7011.00,4552,0.0009367642020186227,0.0006396799827530249
39-7011.00,4551,0.038301996547923566,0.016785104056671357
39-7011.00,4550,0.04850193516401153,0.016882520837030304
39-7011.00,4549,0.010141717410166597,0.005623629001041903
39-7011.00,4548,0.04524896708848195,0.014474695184569984
39-7011.00,4547,0.06414106890416614,0.017446537329343505
39-7011.00,4545,0.06109502003490911,0.01748861865082929
39-7011.00,4544,0.10821838253203735,0.0231193690645798
39-7011.00,4543,0.029258595113943416,0.014827505104630727
39-7011.00,4542,0.07080893555467556,0.019965244767091706
39-7011.00,4541,0.10764961065112501,0.020743919967966498
39-7011.00,4540,0.14113250458221333,0.02100256684979718
39-7011.00,4539,0.09381194428208493,0.018885523868587974
39-7011.00,4538,0.026639222249130123,0.011936785603254273
39-6012.00,4536,0.0013770350941654415,0.0
39-6012.00,4535,0.010574816727188753,0.0
39-6012.00,4534,0.0318621793153432,0.0
39-6012.00,4533,0.019571359240065898,0.0
39-6012.00,4532,0.05667441008151321,0.0
39-6012.00,4531,0.05621896284327728,0.0
39-6012.00,4530,0.11617597103251585,0.0
39-6012.00,4529,0.1969809237033231,0.0
39-4021.00,4527,0.014046431089185752,0.002784413768937077
39-4021.00,4526,0.01760221267530402,0.008334223345224004
39-4021.00,4525,0.02578789885330415,0.006828981367422665
39-4021.00,4523,0.03999057689605339,0.02261281085462883
39-4021.00,4522,0.06691568106659304,0.021242306306749108
39-4021.00,4521,0.049944260588553994,0.015525563331521799
39-4021.00,4520,0.04398820385928338,0.007266261159869275
39-4021.00,4519,0.0355532765256886,0.006458177292237966
39-4021.00,4518,0.06512596996129238,0.020400616954380443
39-4021.00,4517,0.0647556934940153,0.018696919221815572
39-4021.00,4516,0.016459109130645543,0.006475774519518613
39-4021.00,4514,0.03391293527728307,0.008850011631294098
39-4021.00,4513,0.028340202168294658,0.005196877815583202
39-4021.00,4512,0.11214214878365555,0.023771744104416785
39-4021.00,4511,0.09509978127211706,0.021927237220427248
39-4011.00,4510,0.012343051206631461,0.007490454955493188
39-4011.00,4508,0.05506385014742556,0.013380241364705222
39-4011.00,4507,0.029396263042847492,0.006253384777499419
39-4011.00,4506,0.03112255714548917,0.004936190372382817
39-4011.00,4505,0.02568801134655334,0.004889059969159365
39-4011.00,4504,0.01682434590430053,0.005974323434433385
39-4011.00,4503,0.025824511251537115,0.006390219183332104
39-4011.00,4502,0.0034536522899265227,0.0003927234237165807
39-4011.00,4501,0.06434180344225297,0.013907034843831332
39-4011.00,4500,0.045616000596186916,0.008709454421244081
39-4011.00,4499,0.07571079227586101,0.016596467117850837
39-4011.00,4498,0.009778262791367339,0.006709903597882526
39-4011.00,4497,0.04108863160354139,0.010481362079880353
39-4011.00,4496,0.03562806090050132,0.00793963455080596
39-4011.00,4495,0.05153356133192386,0.016810441257322846
39-4011.00,4494,0.04746748403486581,0.012307823694610275
39-4011.00,4493,0.057014633977916965,0.010953624930419353
39-4011.00,4492,0.033279110922263336,0.007194571914376652
39-4011.00,4491,0.003691421249025308,0.001166031864770293
39-4011.00,4490,0.05437601010281421,0.01312685923061597
39-4011.00,4489,0.04644524510379012,0.0076266351879646374
39-4011.00,4488,0.05289934103112357,0.01100875853190606
39-4011.00,4487,0.08069422720292546,0.015658507507731196
39-3093.00,4486,0.03158252449014459,0.010723392517403028
39-3093.00,4485,0.004438704935805913,0.001515299130249582
39-3093.00,4484,0.025358247295205378,0.007092092821436309
39-3093.00,4483,0.0421076380870485,0.011473999116675456
39-3093.00,4482,0.03160028293714571,0.007997743466884541
39-3093.00,4481,0.010224598535845425,0.006619522619198895
39-3093.00,4480,0.03190146760130648,0.007830550131754894
39-3093.00,4479,0.039102602974986155,0.014387571005600683
39-3093.00,4478,0.01967152942367898,0.007699481370088502
39-3093.00,4477,0.06768936956692302,0.011101593290063497
39-3093.00,4476,0.09323621404560634,0.016332860339671962
39-3093.00,4475,0.04288260953756431,0.010863298054411386
39-3093.00,4474,0.003075894083150695,0.002438843896126434
39-3093.00,4473,0.07877773111031568,0.02078912334210035
39-3093.00,4472,0.05162887003044869,0.009820236777678503
39-3093.00,4471,0.031226925835801698,0.008252032064279134
39-3093.00,4470,0.009527946185603377,0.003083912387714277
39-3093.00,4469,0.08331569590673503,0.01603542306138261
39-3093.00,4468,0.03184212746919326,0.007929400708424416
39-3093.00,4467,0.03573211516148854,0.009744672379663937
39-3093.00,4466,0.07918152582957545,0.018704222575231532
39-3093.00,4465,0.08425919123699098,0.01858642356564857
39-3011.00,4464,0.001911249353692652,0.0008769225352451197
39-3011.00,4462,0.009458037864697429,0.0030388884452265093
39-3011.00,4461,0.018991897712674705,0.005437240096676623
39-3011.00,4460,0.018450906189459184,0.006120194303971448
39-3011.00,4459,0.058861159019840466,0.005675005039255989
39-3011.00,4458,0.035475289826545214,0.005185217963247244
39-3011.00,4457,0.03587618343852734,0.006268243995234579
39-3011.00,4456,0.061035241505383614,0.00534504814965865
39-3011.00,4455,0.06412967757883611,0.005352838590817532
39-3011.00,4454,0.05404054440617538,0.005428596699476247
39-3011.00,4453,0.03228745859021774,0.004624588162425703
39-3011.00,4452,0.0543940920651967,0.005444603067200417
39-3011.00,4451,0.043682913097390565,0.005429585452901065
39-3011.00,4450,0.0685153499869143,0.005101269774632908
39-3011.00,4449,0.07299765030539207,0.004787415399759525
39-3011.00,4448,0.06861818172533009,0.004958149924950072
39-3011.00,4447,0.0675763257213931,0.005066362195403736
39-3011.00,4446,0.07106257301684407,0.004992955561275424
39-3011.00,4445,0.06664007242101037,0.005338811074118621
33-9031.00,4411,0.029274571725665794,0.010558948108820125
33-9031.00,4410,0.11559461713627696,0.014543800071395843
33-9031.00,4409,0.15857795731397123,0.014250830205861143
33-9031.00,4408,0.13294802969693906,0.015047849253356208
33-9031.00,4407,0.1503690582240753,0.013382059964025327
31-9096.00,4333,0.0058998810269655835,0.00246409931439207
31-9096.00,4332,0.02853624266448055,0.006134871096904426
31-9096.00,4330,0.028201150722012337,0.010361302452728458
31-9096.00,4329,0.040055230543807656,0.010862281486225409
31-9096.00,4328,0.007147830800616414,0.0020791020730140213
31-9096.00,4327,0.0740527203440543,0.012157845978999396
31-9096.00,4326,0.01047828915020601,0.002390225062651714
31-9096.00,4325,0.02840491318817208,0.0050612677647144085
31-9096.00,4324,0.03175763128358189,0.00612206697082774
31-9096.00,4323,0.04475130737452817,0.009769522026947626
31-9096.00,4322,0.04410480114549552,0.00715762082534313
31-9096.00,4321,0.029070104749401478,0.005271166819300319
31-9096.00,4320,0.024381781600594607,0.004052363780509347
31-9096.00,4319,0.010613972835210218,0.003996169055457014
31-9096.00,4318,0.011546583784431989,0.002770517096903244
31-9096.00,4317,0.08842139353663948,0.010831440267961994
31-9096.00,4316,0.030613721595054322,0.00644797543794963
31-9096.00,4315,0.050918606222679366,0.012242837105504684
31-9096.00,4314,0.06384595879295975,0.012603577953231759
31-9096.00,4313,0.03855850280128136,0.008513628481490192
31-9096.00,4312,0.10133974373076893,0.009940040895716679
31-9096.00,4311,0.08940702055374385,0.009379909427380215
31-9096.00,4310,0.0101820313768246,0.003318898579050978
31-9096.00,4309,0.02465537573237751,0.0072351090859225494
31-9096.00,4308,0.02603506369884657,0.0061508595852553275
31-9096.00,4307,0.013792615654738272,0.0057903727009796764
31-9096.00,4306,0.02206301402180149,0.003314156373663308
31-9093.00,4303,0.030387136543924522,0.009021404845409102
31-9093.00,4302,0.06643109810170424,0.015897433119423255
31-9093.00,4301,0.020001868451558314,0.0098276172141067
31-9093.00,4299,0.044302840936814754,0.011543489626339574
31-9093.00,4298,0.054059681373429175,0.012014945065020368
31-9093.00,4297,0.08196802129164751,0.016599734477597407
31-9093.00,4296,0.06570920913368468,0.01819175205517358
31-9093.00,4295,0.05746484998526387,0.014543041177070901
31-9093.00,4294,0.0916282840122522,0.019841620275014297
31-9093.00,4293,0.09558996072407051,0.019454067671001437
31-9093.00,4292,0.13005877643428385,0.015822140083503442
31-9093.00,4291,0.1447979661509542,0.016029487417637905
31-2022.00,4290,0.017843400538371048,0.005693096893319448
31-2022.00,4289,0.006885415197593347,0.0037515142291482846
31-2022.00,4288,0.008798207775774348,0.003905269888882977
31-2022.00,4287,0.019383415016800593,0.00612425191832779
31-2022.00,4286,0.036155531291356714,0.009817617340499029
31-2022.00,4285,0.030133777818974455,0.00550864392705939
31-2022.00,4284,0.04902482273934152,0.013569885143403503
31-2022.00,4283,0.09665903036142144,0.011164847301742269
31-2022.00,4282,0.06056378874791449,0.009758288225572662
31-2022.00,4281,0.036257687879616744,0.010021802345760162
31-2022.00,4280,0.06702225328249592,0.012697166980396263
31-2022.00,4279,0.0581901717503052,0.01257017582994712
31-2022.00,4278,0.06697127014554527,0.011167817578927259
31-2022.00,4277,0.04956679653849963,0.0070648880143713046
31-2022.00,4276,0.07840910347469097,0.009158657399929007
31-2022.00,4275,0.08089147866966602,0.011570854493459017
31-2022.00,4274,0.06989456576640654,0.01196180159771567
31-2022.00,4273,0.11827936484628213,0.008873292627603238
31-2011.00,4272,0.0053241709895703185,0.002805191056249843
31-2011.00,4271,0.009254695373460192,0.004967570265389971
31-2011.00,4270,0.04798049849094691,0.00838093937390004
31-2011.00,4268,0.029001997847255434,0.010739349913049711
31-2011.00,4266,0.07339546889653169,0.00794415349879407
31-2011.00,4265,0.019237034055327555,0.00525909320942352
31-2011.00,4264,0.06963193440546978,0.01926340709014907
31-2011.00,4263,0.04100535165877731,0.0069356742451270395
31-2011.00,4262,0.059257984102224555,0.016698558482139872
31-2011.00,4261,0.06869031067668198,0.007569404985595908
31-2011.00,4258,0.09233660408624694,0.024864667640379482
31-2011.00,4257,0.0852608064174102,0.017863051049232425
31-2011.00,4256,0.11081922710089662,0.024607609729296237
31-2011.00,4255,0.10484528011293054,0.0183752032235882
31-2011.00,4254,0.09790042045093464,0.01910988206200364
31-1121.00,4253,0.04069410214369379,0.008963048469016828
31-1121.00,4252,0.016982933164201765,0.0046884111788052215
31-1121.00,4250,0.027765135919281536,0.0062428254724943575
31-1121.00,4249,0.0366722869228209,0.006217567635155748
31-1121.00,4248,0.020096310845799666,0.006734251100201848
31-1121.00,4247,0.06497183420376669,0.014469481130777718
31-1121.00,4246,0.042668215102254124,0.006509126762130528
31-1121.00,4245,0.09836418975751568,0.010482583700837331
31-1121.00,4244,0.11465643577693102,0.01694163256461167
31-1121.00,4242,0.06802716370777305,0.014846114291118047
31-1121.00,4241,0.11907449471727917,0.011078136492263168
31-1121.00,4240,0.11621319858413115,0.012918304612253104
29-9091.00,4239,0.009277235750934133,0.002354366724557829
29-9091.00,4238,0.019766581682476678,0.008586959158594391
29-9091.00,4237,0.0017314815170689215,0.0005219653063069021
29-9091.00,4236,0.016430649012022087,0.00969446389449959
29-9091.00,4235,0.06416605181173131,0.015316814266886282
29-9091.00,4234,0.005112036806993259,0.0015741246244816937
29-9091.00,4233,0.00833720806684527,0.0033827242140247434
29-9091.00,4232,0.01538084131073442,0.0033832459675585957
29-9091.00,4231,0.055651740955413365,0.012773460307432432
29-9091.00,4230,0.007672217756127966,0.0017028754859407733
29-9091.00,4229,0.051347940192892814,0.01686042741343412
29-9091.00,4228,0.029547207586251678,0.008159855946626259
29-9091.00,4227,0.03414523386265681,0.009995468137316782
29-9091.00,4226,0.013419516710020823,0.003905965907650569
29-9091.00,4225,0.08111985433446268,0.012822658338811804
29-9091.00,4224,0.08555144479867864,0.009188026365896723
29-9091.00,4223,0.05376743475907753,0.006470153646186673
29-9091.00,4222,0.16752288395980477,0.01892109668649883
29-9091.00,4221,0.10465219499699806,0.012888404302383409
29-2081.00,4220,0.015579787279732818,0.0
29-2081.00,4219,0.025847204152012478,0.0
29-2081.00,4218,0.02199163329806915,0.0
29-2081.00,4217,0.024298996040283398,0.0
29-2081.00,4216,0.034677334200721305,0.0
29-2081.00,4215,0.03220510397343098,0.0
29-2081.00,4214,0.02270080418056837,0.0
29-2081.00,4213,0.02126941802003117,0.0
29-2081.00,4212,0.04705686353035343,0.0
29-2081.00,4211,0.07192324340146442,0.0
29-2081.00,4210,0.06695799531341243,0.0
29-2081.00,4209,0.07486508443262353,0.0
29-2081.00,4208,0.0724893659847752,0.0
29-2081.00,4207,0.07486508443262353,0.0
29-2081.00,4206,0.040282991459769116,0.0
29-2081.00,4205,0.06951165545525755,0.0
29-2081.00,4204,0.07783829749610718,0.0
29-2081.00,4203,0.04896415565754974,0.0
29-2081.00,4202,0.04895577283267177,0.0
29-2081.00,4201,0.07783829749610718,0.0
29-2056.00,4200,0.0035037210131398217,0.0025680198011747463
29-2056.00,4199,0.030475741872175492,0.004705744695505254
29-2056.00,4198,0.01865718884275859,0.0037037130570457466
29-2056.00,4197,0.009339170240736216,0.002914454056633632
29-2056.00,4196,0.013415041280183308,0.0033424550040724696
29-2056.00,4195,0.021568139529813044,0.003602628245516441
29-2056.00,4194,0.05524490512111211,0.005420565427162894
29-2056.00,4193,0.014863936526446098,0.0026550598794130077
29-2056.00,4192,0.015445966186185496,0.0031814281834837877
29-2056.00,4191,0.021480554860781362,0.004254464549052413
29-2056.00,4190,0.025307055738796425,0.003110298137112655
29-2056.00,4189,0.03208769266992167,0.005392555644859431
29-2056.00,4188,0.02665660068338526,0.004504788030405444
29-2056.00,4187,0.050137075810356785,0.004917068066713049
29-2056.00,4186,0.05928110820992982,0.007018638142564339
29-2056.00,4185,0.022443113209605903,0.0030307223753717983
29-2056.00,4184,0.05624459723862608,0.004994618153577659
29-2056.00,4183,0.052491222443969775,0.005045638088091334
29-2056.00,4182,0.03197609578020916,0.00411447604804476
29-2056.00,4181,0.04555627625266806,0.0050590319804641355
29-2056.00,4180,0.0027748958662097882,0.0005763962478178055
29-2056.00,4179,0.050004334774411595,0.00546890368899283
29-2056.00,4178,0.06939236248638314,0.006069706950275376
29-2056.00,4177,0.0319439854048831,0.004622025809563413
29-2056.00,4176,0.02197476635229478,0.002538498495232768
29-2051.00,4175,0.053781033220581156,0.020618769007118915
29-2051.00,4174,0.024264356813451175,0.008736250586161088
29-2051.00,4173,0.08391092189391647,0.02693100791828365
29-2051.00,4172,0.017539446131269378,0.008621448982708375
29-2051.00,4171,0.059590853118811585,0.02409900473902161
29-2051.00,4170,0.03233040128851156,0.008783687354537006
29-2051.00,4169,0.10026205791018128,0.027812571627779024
29-2051.00,4167,0.15502731830569375,0.04100247656734671
29-2051.00,4166,0.08300772386891765,0.032960475994179034
29-2051.00,4165,0.09304120176369848,0.025613406490557565
29-2033.00,4163,0.001817040439337647,0.001533737517773219
29-2033.00,4162,0.008190576311336387,0.0029342799785325485
29-2033.00,4161,0.02539718416751017,0.004151295896744051
29-2033.00,4160,0.02003420780346238,0.0060152237016682115
29-2033.00,4159,0.023797298663198282,0.004999875459192781
29-2033.00,4158,0.061817195258107284,0.006134700338915618
29-2033.00,4157,0.035113216681168874,0.004706477638601292
29-2033.00,4156,0.05073099792321249,0.005455767631100306
29-2033.00,4155,0.09474876717574615,0.0069384624625545175
29-2033.00,4154,0.07787106427779308,0.0043938423114629685
29-2033.00,4153,0.0630391958012183,0.006115921040570617
29-2033.00,4152,0.09463606600413665,0.005009247041610765
29-2033.00,4150,0.10272271709902622,0.005380135504907452
29-2033.00,4149,0.10613834832523518,0.005538665418080905
29-2033.00,4148,0.09143853052548291,0.005669694051445415
29-2031.00,4144,0.049606190502888226,0.007505819946336292
29-2031.00,4143,0.04415320753998609,0.008220337841560553
29-2031.00,4142,0.047162543053094495,0.00776287851149531
29-2031.00,4141,0.016679502829087277,0.005232289684668051
29-2031.00,4140,0.038417558474260094,0.00783551757663931
29-2031.00,4138,0.0066241985903310345,0.0029550159234834916
29-2031.00,4137,0.016473469586679855,0.0035910257267530495
29-2031.00,4136,0.07306376025925268,0.007204756077005529
29-2031.00,4135,0.055070363075030826,0.006828495971017011
29-2031.00,4134,0.07873499339075367,0.006525717821867053
29-2031.00,4133,0.09275235011232838,0.005527068804718258
29-2031.00,4132,0.08349189797059191,0.006435169331471086
29-2031.00,4131,0.05431824319834048,0.007562239441123447
29-2031.00,4129,0.08622937537751475,0.007304889202677729
29-2031.00,4128,0.06848246235777265,0.006120396123717509
29-2031.00,4127,0.060806554177064584,0.00641913801687467
29-1131.00,4126,0.012592402732657711,0.004033204286704751
29-1131.00,4124,0.007519255077610929,0.003284938808598959
29-1131.00,4123,0.018256005520052836,0.004685021118923903
29-1131.00,4122,0.019010812503649936,0.006149325922517497
29-1131.00,4121,0.031015697192133353,0.00595342489388025
29-1131.00,4119,0.05386724853860756,0.011009648132662603
29-1131.00,4117,0.003975291326219868,0.003300125244633562
29-1131.00,4116,0.005096857601342732,0.0022175599010280504
29-1131.00,4115,0.022602831823823673,0.0067617105219027656
29-1131.00,4114,0.04092561056567723,0.009231551609419438
29-1131.00,4113,0.06252218902669887,0.00844758826322761
29-1131.00,4112,0.054546973169495236,0.008251492362785932
29-1131.00,4110,0.055022442895688826,0.006425087367399244
29-1131.00,4109,0.11186107026237248,0.009051873213855985
29-1131.00,4108,0.13395497651824553,0.012482649273551931
29-1131.00,4107,0.10405587158771892,0.011896060665306869
29-1131.00,4106,0.12465526366271416,0.010755984060255687
29-1124.00,4104,0.005774385875939227,0.0034458181828323775
29-1124.00,4103,0.01410305397892627,0.003101736306891318
29-1124.00,4102,0.01685641182770819,0.003611896124970206
29-1124.00,4101,0.041031809903960964,0.004850839526951265
29-1124.00,4100,0.026133329447715764,0.004122677401888226
29-1124.00,4099,0.023433408477148244,0.004034773123964417
29-1124.00,4098,0.04425361970398989,0.006282424901945198
29-1124.00,4097,0.03813765537531115,0.005861004311625752
29-1124.00,4096,0.017174505490928305,0.004869424961785893
29-1124.00,4095,0.051504470818699834,0.006895352748271049
29-1124.00,4094,0.06187044437711395,0.007237589493986866
29-1124.00,4093,0.06347425069349184,0.005943231494085209
29-1124.00,4092,0.022916979331491488,0.003685454691717918
29-1124.00,4091,0.06383123523332078,0.008980550985081841
29-1124.00,4090,0.07536320465126335,0.00709400687767746
29-1124.00,4089,0.07182786150455964,0.007308169818555999
29-1124.00,4088,0.08311171613876056,0.008392877011159993
29-1124.00,4087,0.07057343287501011,0.008177161713483093
29-1124.00,4086,0.08486165137256663,0.007462899512567747
29-1124.00,4085,0.07947964982674244,0.007735702987152406
29-1071.00,4084,0.03184106047127123,0.0
29-1071.00,4083,0.05212182760726446,0.0
29-1071.00,4082,0.04274572758378634,0.0
29-1071.00,4081,0.04093005811759021,0.0
29-1071.00,4080,0.0978290564790685,0.0
29-1071.00,4079,0.05891192102748927,0.0
29-1071.00,4078,0.11576166461193749,0.0
29-1071.00,4077,0.0986841842711694,0.0
29-1071.00,4076,0.12112806078095467,0.0
29-1071.00,4075,0.12219305148017759,0.0
29-1071.00,4074,0.10029259325913074,0.0
29-1071.00,4073,0.11756079431016005,0.0
27-4032.00,4071,0.025276517053745264,0.013151758938431863
27-4032.00,4070,0.021528584387039133,0.013189079303490467
27-4032.00,4068,0.022583152658666963,0.010236553128352643
27-4032.00,4067,0.023337821108895266,0.010930385129554427
27-4032.00,4066,0.05135722403189455,0.011160599239930262
27-4032.00,4065,0.022259770586255532,0.007568655878364633
27-4032.00,4064,0.0518112776100591,0.011734061936784279
27-4032.00,4063,0.026291666072205743,0.013199884481495798
27-4032.00,4062,0.022773007253316966,0.013576266261115084
27-4032.00,4061,0.07767561651176297,0.01356176122397605
27-4032.00,4060,0.07633902329422408,0.010330953066662336
27-4032.00,4059,0.043921510239712046,0.012522134405697905
27-4032.00,4058,0.06218979607773422,0.010545106535647228
27-4032.00,4057,0.07912761337107288,0.010466944952275483
27-4032.00,4056,0.06021350435101671,0.01113122079772681
27-4032.00,4055,0.04035355178978494,0.012559892585066791
27-4032.00,4054,0.04820522074961998,0.011333788051772228
27-4032.00,4053,0.07906984753086252,0.011612723799471756
27-4032.00,4052,0.06495799368933247,0.011621127341568883
27-4032.00,4051,0.04377876853079419,0.016989997435526955
27-4032.00,4050,0.05694853310200452,0.012287365481107116
27-4031.00,4046,0.047772632952209744,0.01811674010863813
27-4031.00,4044,0.030788302341043794,0.016666465120089475
27-4031.00,4043,0.024720667443674852,0.014133735870407445
27-4031.00,4042,0.004003634450412304,0.0025437516105047482
27-4031.00,4038,0.06326957264801482,0.017954713813531434
27-4031.00,4037,0.07629925974700515,0.024847762675651617
27-4031.00,4035,0.09221150792353666,0.025133643006101828
27-4031.00,4033,0.083562771076376,0.022443983858798717
27-4031.00,4032,0.0810438531602669,0.022489874985637957
27-4031.00,4031,0.08546874920022053,0.021865871157794415
27-4031.00,4030,0.09993099674992852,0.02156520377227253
27-4012.00,4026,0.011220229984745918,0.00428137879030932
27-4012.00,4025,0.007650459982102038,0.00391182404227953
27-4012.00,4024,0.002264636549208227,0.0011403842732972446
27-4012.00,4023,0.01642129722574064,0.007280765870666562
27-4012.00,4022,0.05543882371165076,0.017565628219105497
27-4012.00,4021,0.03239938281320874,0.013562615510871102
27-4012.00,4020,0.006915373450076744,0.002356469068663213
27-4012.00,4018,0.013456315643638347,0.005089521647952642
27-4012.00,4017,0.003832519509275675,0.0016690816517923165
27-4012.00,4016,0.010836002212897652,0.007675824470123839
27-4012.00,4015,0.052765508400442994,0.015258030541631006
27-4012.00,4014,0.03178513100328202,0.013083602086652475
27-4012.00,4013,0.04273090782462821,0.013273132446061412
27-4012.00,4012,0.05338769828481083,0.016349031243906856
27-4012.00,4011,0.11081809683805002,0.02263312090555508
27-4012.00,4010,0.02372527109615802,0.008464339521726863
27-4012.00,4009,0.0702130250949742,0.015512687142180319
27-4012.00,4008,0.0381289980093805,0.01299423422630936
27-4012.00,4007,0.07484978517318845,0.02080626930323318
27-4011.00,4006,0.02710894213526095,0.01593457689303827
27-4011.00,4005,0.005964676522375483,0.004927256066412268
27-4011.00,4004,0.02267375471140221,0.017558332406785473
27-4011.00,4003,0.005214022213840095,0.0017813175646054832
27-4011.00,4002,0.032083802610755975,0.01500265085921862
27-4011.00,4001,0.04173855705039214,0.02621886786490078
27-4011.00,4000,0.00921895288434697,0.005208276635940849
27-4011.00,3999,0.0344897215773319,0.01939215363303467
27-4011.00,3998,0.022747558613667722,0.015153607606814104
27-4011.00,3997,0.0737014748354031,0.03394743103597295
27-4011.00,3996,0.016852951005698714,0.00620044640545003
27-4011.00,3995,0.01917544208725125,0.007320636203226392
27-4011.00,3994,0.017121059402166457,0.009344310113132184
27-4011.00,3993,0.10401740070706704,0.03589222569426431
27-4011.00,3992,0.02452756568134876,0.0164054514977893
27-4011.00,3991,0.02932440877504829,0.016451051187889032
27-4011.00,3990,0.03966459569043788,0.019206457382801058
27-4011.00,3989,0.02456726313204679,0.016417492819138364
27-4011.00,3988,0.012394427377509863,0.004931358381431113
27-4011.00,3987,0.0762897509207494,0.036326440963504555
27-4011.00,3985,0.025505051877609416,0.009396411838767302
27-4011.00,3984,0.012678655308990226,0.004993527266932815
27-4011.00,3982,0.0524528253888674,0.02011085716658888
27-4011.00,3981,0.03258267955393661,0.016904884870546952
27-4011.00,3980,0.04324248679256304,0.017589647762596382
27-3042.00,3979,0.026039394852514573,0.010230534246944879
27-3042.00,3978,0.043217185705441766,0.012721707055248128
27-3042.00,3977,0.047892994384050515,0.014283276922973718
27-3042.00,3976,0.06908058145530298,0.014765285209120833
27-3042.00,3975,0.034915184303651786,0.010374945581137204
27-3042.00,3974,0.047739611018356526,0.018171462038220735
27-3042.00,3973,0.05934259691881756,0.018725982064679212
27-3042.00,3972,0.04942195332383719,0.01291308723278236
27-3042.00,3971,0.0738101825955561,0.01510030579053881
27-3042.00,3970,0.04287587116570768,0.01433018589795939
27-3042.00,3969,0.017994286471294786,0.009545634485988436
27-3042.00,3968,0.08809098389524209,0.022237424083718052
27-3042.00,3967,0.1171558153310383,0.020879538782218633
27-3042.00,3966,0.20710943941368623,0.026385385858373897
27-3011.00,3944,0.00749361011443924,0.005088937852716465
27-3011.00,3943,0.006457833060351197,0.004617572270610889
27-3011.00,3942,0.01996494873209568,0.007215474038347185
27-3011.00,3941,0.0040113672555818925,0.0021059263169164004
27-3011.00,3940,0.008688980275800987,0.003308558430466561
27-3011.00,3938,0.013625291573595608,0.0058742222453537106
27-3011.00,3937,0.029921127962622737,0.011665899962294902
27-3011.00,3936,0.0632075970470739,0.01918959261136813
27-3011.00,3935,0.09221215869052009,0.021431441825278754
27-3011.00,3934,0.08867598613430677,0.027685689419770787
27-3011.00,3933,0.013321868368303734,0.010501101039803023
27-3011.00,3932,0.004421480553957561,0.002137522486261585
27-3011.00,3931,0.015038871321277687,0.006614975871937297
27-3011.00,3930,0.02969959835628943,0.013030693166412805
27-3011.00,3929,0.0971598105729272,0.021174120020801764
27-3011.00,3928,0.05526214781468921,0.015098504138440294
27-3011.00,3927,0.058595821109068164,0.0146583549352236
27-3011.00,3925,0.059977250292809293,0.014327866427071416
27-3011.00,3924,0.08151791271737649,0.015506190573274237
27-2023.00,3923,0.023871979985151046,0.0
27-2023.00,3922,0.03481195477777431,0.0
27-2023.00,3921,0.046915786335263054,0.0
27-2023.00,3920,0.013380197133864307,0.0
27-2023.00,3919,0.10391864538773973,0.0
27-2023.00,3918,0.008348530421388353,0.0
27-2023.00,3917,0.09533508617246422,0.0
27-2023.00,3916,0.03808779828150484,0.0
27-2023.00,3915,0.07899819613818058,0.0
27-2023.00,3914,0.06606611007576456,0.0
27-2023.00,3913,0.08195551574510201,0.0
27-2023.00,3912,0.07078758974887013,0.0
27-2023.00,3911,0.0966188270530291,0.0
27-2023.00,3910,0.0787552082922605,0.0
27-2023.00,3909,0.10308285238704688,0.0
27-2012.05,3907,0.028458235650504232,0.01152032261923398
27-2012.05,3906,0.06953644350261473,0.020432936533049208
27-2012.05,3903,0.017032593701370682,0.0038490721353431124
27-2012.05,3902,0.08579420226841453,0.028180831870169343
27-2012.05,3901,0.0343829294226725,0.014397623059284565
27-2012.05,3900,0.03458479227604579,0.012245146856043578
27-2012.05,3899,0.1857663077109256,0.04146444618895026
27-2012.05,3898,0.0932160078254944,0.0321333955066828
27-2012.05,3896,0.1376226436826258,0.03253836355833815
27-2012.05,3895,0.10074374846805514,0.02120889657385701
27-2012.05,3894,0.21286209549127666,0.054548938332708886
25-4013.00,3827,0.023860866105609526,0.01677326347330926
25-4013.00,3826,0.0058997986155768225,0.003069031897725887
25-4013.00,3825,0.0019984072020888116,0.0011515230406133994
25-4013.00,3824,0.005523229059236285,0.0016696569208907589
25-4013.00,3823,0.01649273277256518,0.00919230270482425
25-4013.00,3822,0.012814503949960157,0.003941137342430237
25-4013.00,3820,0.05082712602941475,0.02405165350563292
25-4013.00,3819,0.04470205779111401,0.02442454614406988
25-4013.00,3818,0.1077818340728402,0.03104708989829085
25-4013.00,3817,0.011018257272256131,0.007949783077980395
25-4013.00,3815,0.04711423690715646,0.0258214812196731
25-4013.00,3814,0.013984982803930023,0.004151160821357085
25-4013.00,3813,0.06585872996894392,0.023685713038968416
25-4013.00,3811,0.05706212699095273,0.022733322219444404
25-4013.00,3810,0.05074932759165376,0.023912542709931685
25-4013.00,3809,0.0683298277315058,0.02120709471654901
25-4013.00,3808,0.06671653193337043,0.021460397883466497
25-4013.00,3807,0.016170616612389967,0.00803594811057018
25-4013.00,3806,0.07442725478215917,0.024245735158841583
23-1011.00,3793,0.00998191894887928,0.004270065625257774
23-1011.00,3792,0.03424279271116528,0.01660036791571501
23-1011.00,3791,0.015222353928820716,0.008346364927718616
23-1011.00,3790,0.047150771223976325,0.008370520890696568
23-1011.00,3789,0.09896209639169223,0.01519325851667042
23-1011.00,3788,0.03232211241879913,0.008793856457523131
23-1011.00,3787,0.04762120541239588,0.011926742756916315
23-1011.00,3786,0.038127591548498894,0.01557074323155033
23-1011.00,3785,0.006495383874191762,0.0016145026786865066
23-1011.00,3783,0.04951910301336375,0.012897690786479454
23-1011.00,3782,0.02639131726710363,0.011639140091812734
23-1011.00,3781,0.01485598635331372,0.01048175634534874
23-1011.00,3780,0.05652408745938313,0.012784366375137947
23-1011.00,3779,0.024774754377382812,0.008378316611501188
23-1011.00,3778,0.0719864369791997,0.01745295623251605
23-1011.00,3777,0.02667213104675767,0.005682170644756153
23-1011.00,3776,0.02169353282020266,0.010026771474678958
23-1011.00,3775,0.10700408555381846,0.0181089990844938
23-1011.00,3774,0.09366153486326416,0.014610447671750995
23-1011.00,3773,0.05598702970718367,0.012052373885770434
21-1093.00,3771,0.006900452601694307,0.0032248579763780737
21-1093.00,3770,0.0599011825923693,0.029922752391235017
21-1093.00,3768,0.005220735850390053,0.0031962053819682614
21-1093.00,3767,0.010649474313287702,0.004925434939669243
21-1093.00,3765,0.02905208379701585,0.01610311086789234
21-1093.00,3764,0.017498559274207796,0.006955641395283146
21-1093.00,3763,0.010010128742918848,0.005562486473064816
21-1093.00,3762,0.012878298139889797,0.005201196488608293
21-1093.00,3761,0.016282736468406073,0.011197754771694322
21-1093.00,3759,0.09246997573196294,0.02955227186185932
21-1093.00,3758,0.09612876725875821,0.03208963101987559
21-1093.00,3757,0.0768150898834182,0.01703401990538513
21-1093.00,3756,0.08669263524751344,0.033090217611059014
21-1093.00,3755,0.07038213457245912,0.026819972080158037
21-1093.00,3754,0.10392631901598838,0.02646819226586896
21-1093.00,3753,0.08803057096990345,0.031344224306753106
19-4021.00,3752,0.011808355577446725,0.006077542126022605
19-4021.00,3750,0.030464653674641188,0.01613127053994114
19-4021.00,3749,0.08082593358339994,0.01836644690500422
19-4021.00,3748,0.031022115331811446,0.013732552616332208
19-4021.00,3747,0.05769910305919151,0.017984407889166974
19-4021.00,3746,0.013106354417185018,0.0037413787265067754
19-4021.00,3745,0.04162700584678457,0.017097934684713656
19-4021.00,3744,0.06163345222941599,0.01372317918002819
19-4021.00,3743,0.09202241548615499,0.037463091979598746
19-4021.00,3742,0.044150164051487535,0.011924676427460834
19-4021.00,3741,0.06990055703375116,0.014271453333305168
19-4021.00,3740,0.1471233337862461,0.022719854101211325
19-4021.00,3739,0.027909024014574683,0.007252186156817168
19-4021.00,3738,0.05720969265288347,0.015340940209548414
19-4021.00,3737,0.12315196906728032,0.02642257005850245
19-3093.00,3736,0.0016074744786212314,0.0009885300649071754
19-3093.00,3735,0.037719514269187585,0.0241281003288799
19-3093.00,3734,0.02756429390427624,0.01007400158891145
19-3093.00,3733,0.0023622671807355614,0.0007275485082105871
19-3093.00,3732,0.011718817041951364,0.007152770424749023
19-3093.00,3730,0.02028179413456106,0.01145472817713599
19-3093.00,3729,0.029924017323850638,0.021872979810208738
19-3093.00,3728,0.10172238125466564,0.021807782699609167
19-3093.00,3727,0.06657843097943629,0.01876683775795261
19-3093.00,3726,0.062359840761627,0.019497506680572083
19-3093.00,3725,0.12031485917550487,0.04851615399033327
19-3093.00,3724,0.01023988985547253,0.0063754781486972945
19-3093.00,3723,0.005772307778229326,0.003652475073419301
19-3093.00,3722,0.12874030551014543,0.05387295984850125
19-3093.00,3721,0.017343756245184576,0.010129358358256185
19-3093.00,3720,0.061830482682048694,0.024144359705828317
19-3093.00,3719,0.015159451179225656,0.008974835424135514
19-3093.00,3718,0.18253148258341306,0.0523435039229593
19-3093.00,3717,0.09622863366186322,0.031198363306961435
19-2042.00,3716,0.006564536710227068,0.0
19-2042.00,3714,0.00688049323967194,0.0
19-2042.00,3713,0.031377333692031543,0.0
19-2042.00,3712,0.11367883598353154,0.0
19-2042.00,3711,0.007726364691232385,0.0
19-2042.00,3709,0.009496225408235163,0.0
19-2042.00,3707,0.012705632122381688,0.0
19-2042.00,3706,0.02474364407007563,0.0
19-2042.00,3705,0.07776055794441437,0.0
19-2042.00,3704,0.11602485562803544,0.0
19-2042.00,3703,0.04270661955993048,0.0
19-2042.00,3702,0.16779667385251545,0.0
19-1031.03,3701,0.017042448778112413,0.008598343694327977
19-1031.03,3700,0.007645046279159141,0.002079557781561496
19-1031.03,3699,0.013738440183223491,0.0031146444479227676
19-1031.03,3698,0.020814142628417544,0.004742668498096334
19-1031.03,3697,0.002684887418206599,0.0009993890193922322
19-1031.03,3696,0.040580989133419336,0.018861231811031387
19-1031.03,3695,0.005838678368499862,0.0019802736139945465
19-1031.03,3694,0.004312048500447166,0.0012859860156370472
19-1031.03,3693,0.02622090316941467,0.0087236277333912
19-1031.03,3692,0.08098606766160861,0.019171213352073876
19-1031.03,3691,0.21770630173886676,0.03364710654708224
19-1031.03,3690,0.06478734279352713,0.01877217005122946
19-1031.03,3689,0.01308316683644669,0.007986410009248393
19-1031.03,3688,0.042898187931396096,0.018839810525788682
19-1031.03,3687,0.03702085207949716,0.009616591244010446
19-1031.03,3686,0.301233875822213,0.04129524473951135
19-1022.00,3685,0.028873985982919195,0.0
19-1022.00,3684,0.04866141391940906,0.0
19-1022.00,3683,0.06987825944890391,0.0
19-1022.00,3682,0.024575919969566186,0.0
19-1022.00,3681,0.023971997102765895,0.0
19-1022.00,3680,0.03664878133424823,0.0
19-1022.00,3679,0.11979130692273891,0.0
19-1022.00,3678,0.04518965756214334,0.0
19-1022.00,3677,0.05550330980854729,0.0
19-1022.00,3676,0.11047255019055992,0.0
19-1022.00,3675,0.1608187959108116,0.0
17-3026.00,3672,0.1835379508169488,0.06384471609287048
17-3026.00,3668,0.11161212706807831,0.02182098193786428
17-3026.00,3663,0.1478893623565655,0.041243129062556935
17-3026.00,3660,0.1679024157732481,0.03412164501784238
17-3025.00,3658,0.02711088755196821,0.011520430739802015
17-3025.00,3657,0.03199554885550946,0.017531140876848178
17-3025.00,3656,0.031155423918215,0.017104031379096427
17-3025.00,3655,0.034809450419206814,0.01240769950752093
17-3025.00,3654,0.07879936204378062,0.025409525823481806
17-3025.00,3653,0.017727390035875257,0.008499612930244127
17-3025.00,3652,0.03018077327973726,0.013093901681445166
17-3025.00,3650,0.01782920567473823,0.01405953587801833
17-3025.00,3649,0.02819939105357159,0.013452130619802204
17-3025.00,3648,0.009917656379770866,0.003817431915895907
17-3025.00,3647,0.012195806904448254,0.004749291022399477
17-3025.00,3646,0.03441076887947794,0.0069652081728343845
17-3025.00,3644,0.051756277001990064,0.018612502509758985
17-3025.00,3643,0.11586444858042738,0.026930397199783233
17-3025.00,3641,0.06528054551318328,0.010915586178398969
17-3025.00,3640,0.06316146807403245,0.024394572878131626
17-2171.00,3601,0.012380236257471807,0.007598728773464655
17-2171.00,3600,0.008368132809299938,0.005418099426352178
17-2171.00,3599,0.007012312995633807,0.005148149580981672
17-2171.00,3598,0.051893172168285845,0.015688291999095254
17-2171.00,3597,0.041310255839381055,0.032119848419469646
17-2171.00,3595,0.038729301908154636,0.027331903779797422
17-2171.00,3594,0.01770133348633001,0.008928037162465303
17-2171.00,3593,0.04448405522351225,0.028092433027505113
17-2171.00,3592,0.05047567955867872,0.03258025712918077
17-2171.00,3591,0.035746803719179404,0.011678616049643743
17-2171.00,3590,0.05219498862420654,0.01229138914805209
17-2171.00,3589,0.043225449934658065,0.019411814365866
17-2171.00,3588,0.0303259377305604,0.008601889379476712
17-2171.00,3587,0.03619073655126191,0.010515190496497
17-2171.00,3586,0.10118258150896929,0.030324180728920236
17-2171.00,3585,0.037597696563963716,0.009773885070587277
17-2171.00,3584,0.06593808180302038,0.01374935610609762
17-2171.00,3583,0.08802829101354075,0.031918736353220505
17-2171.00,3582,0.07631762839966835,0.033979825948456194
17-2171.00,3581,0.0673078673115567,0.03008881535445004
17-2171.00,3580,0.05716438133644353,0.008260851586477916
17-2171.00,3579,0.03642507525622292,0.008601238035831274
17-2151.00,3578,0.0027669240796512964,0.0022562274231809685
17-2151.00,3577,0.02215692778479669,0.018981269361928548
17-2151.00,3576,0.01454995392576565,0.006690902376997263
17-2151.00,3575,0.024316308743495715,0.011755675656179734
17-2151.00,3574,0.06798909838818688,0.02793684422321342
17-2151.00,3573,0.010693497360383959,0.00375236901127322
17-2151.00,3572,0.09146620269579579,0.044949444980634
17-2151.00,3571,0.03909028116680739,0.02926420279425651
17-2151.00,3570,0.07972607312753423,0.05538252253922007
17-2151.00,3569,0.0948451511054194,0.03141881689057012
17-2151.00,3568,0.04821172213248079,0.01483154431142627
17-2151.00,3567,0.09944198091048323,0.043106662508545904
17-2151.00,3566,0.0887836500854652,0.04543468382255952
17-2151.00,3565,0.044933441393978,0.012381930007116565
17-2151.00,3563,0.04425733666917447,0.02078432607791776
17-2151.00,3562,0.0485438766608113,0.019523839996360898
17-2151.00,3561,0.1233839687585474,0.04788518636351164
17-2041.00,3560,0.02118963728279848,0.0
17-2041.00,3559,0.012657741904895893,0.0
17-2041.00,3558,0.0688697205793343,0.0
17-2041.00,3557,0.01950360445340168,0.0
17-2041.00,3556,0.02259848142649489,0.0
17-2041.00,3555,0.043189839479077674,0.0
17-2041.00,3554,0.030106915675661285,0.0
17-2041.00,3553,0.015417157033178176,0.0
17-2041.00,3552,0.033245168429896915,0.0
17-1022.00,3550,0.002594643535209227,0.0
17-1022.00,3549,0.0022815461190494935,0.0
17-1022.00,3548,0.0011599649847565535,0.0
17-1022.00,3547,0.002842103532668323,0.0
17-1022.00,3546,0.017807495321142543,0.0
17-1022.00,3545,0.00012064189320298717,0.0
17-1022.00,3544,0.008828002550868668,0.0
17-1022.00,3543,0.10448518878294265,0.0
17-1022.00,3542,0.055558222685929456,0.0
17-1022.00,3541,0.05777282139984658,0.0
17-1022.00,3540,0.05040908221502873,0.0
17-1022.00,3539,0.0451929682210562,0.0
17-1022.00,3538,0.0011884855641745185,0.0
17-1022.00,3537,0.04051687781664459,0.0
17-1022.00,3536,0.06566682823409645,0.0
17-1022.00,3535,0.03951016423709782,0.0
17-1022.00,3534,0.02785787213692183,0.0
17-1022.00,3533,0.08912978104033675,0.0
17-1022.00,3532,0.06940340251182037,0.0
17-1022.00,3531,0.08350453722039432,0.0
17-1022.00,3530,0.07357065568778329,0.0
17-1022.00,3529,0.0730522130326083,0.0
17-1022.00,3528,0.08733683762690035,0.0
17-1021.00,3527,0.006135924544271723,0.004690281996740654
17-1021.00,3526,0.05281290244798318,0.016627279635945742
17-1021.00,3525,0.02146726632247763,0.014621451785927494
17-1021.00,3524,0.12316957565490827,0.029401446818822435
17-1021.00,3523,0.04344524011446663,0.01695808043177917
17-1021.00,3522,0.10325475829048546,0.02009164691801348
17-1021.00,3521,0.03774321267081342,0.02061201990118485
17-1021.00,3520,0.05667629250199871,0.01896572579736955
17-1021.00,3519,0.06846702653597458,0.020740504854807572
17-1021.00,3518,0.07803744239706156,0.018351605885577677
17-1021.00,3517,0.14532149253060522,0.03496909209448024
17-1021.00,3516,0.08728201162515128,0.026173394883735806
17-1021.00,3515,0.10105810411319668,0.026906703198750048
17-1021.00,3514,0.07512875025060564,0.018918679384591283
15-2011.00,3513,0.0043065170154731125,0.0
15-2011.00,3512,0.006874788993813655,0.0
15-2011.00,3511,0.03201181773218325,0.0
15-2011.00,3510,0.008256603536969689,0.0
15-2011.00,3509,0.01358439261434494,0.0
15-2011.00,3508,0.03193592679710005,0.0
15-2011.00,3507,0.0005761466218888603,0.0
15-2011.00,3506,0.16263242349728382,0.0
15-2011.00,3505,0.0010134061714228496,0.0
15-2011.00,3504,0.09479822926902302,0.0
15-2011.00,3503,0.1310535068852378,0.0
15-2011.00,3502,0.10798924013676992,0.0
15-2011.00,3501,0.19169566035193233,0.0
15-2011.00,3500,0.20521422940137504,0.0
15-1211.00,3484,0.01817593909461265,0.007211225038126106
15-1211.00,3483,0.01369555418252266,0.012094985747109181
15-1211.00,3482,0.07853275372249646,0.019787818304414003
15-1211.00,3481,0.04199877439225567,0.013501290582330464
15-1211.00,3480,0.010966747900684519,0.0040512443589788005
15-1211.00,3479,0.005437568657739534,0.0026226912234058124
15-1211.00,3478,0.07012582540963652,0.026844508272570147
15-1211.00,3477,0.010025271876485838,0.0028935658467181217
15-1211.00,3476,0.0065535212814921764,0.002238840409841535
15-1211.00,3475,0.014784518095960503,0.007948811033003407
15-1211.00,3474,0.07796763141206738,0.029842449721184307
15-1211.00,3473,0.01700762597208344,0.006191204411622663
15-1211.00,3472,0.01887667261982161,0.009708837799158324
15-1211.00,3471,0.013507182958264244,0.010533152357326903
15-1211.00,3470,0.010171378365172429,0.00378848912942452
15-1211.00,3469,0.011305029005874866,0.002536823702052125
15-1211.00,3468,0.0449378968636464,0.017007600311333717
15-1211.00,3467,0.022975084687600192,0.011711194720624133
15-1211.00,3466,0.15029013306804037,0.030500870533674965
15-1211.00,3465,0.0906123913937626,0.025940013751131905
15-1211.00,3464,0.15359672385485423,0.037847163241302835
13-2072.00,3426,0.008111637467513057,0.003126655002157378
13-2072.00,3425,0.026404540294346253,0.006874773999789314
13-2072.00,3423,0.007020825346727122,0.005436138338964167
13-2072.00,3422,0.05051128828733432,0.01724683184581743
13-2072.00,3421,0.04070649091435115,0.006861551312767535
13-2072.00,3418,0.08147754783861225,0.012535872989193493
13-2072.00,3417,0.028992124040362905,0.013580648954160543
13-2072.00,3416,0.04251237449857175,0.00870876337423967
13-2072.00,3415,0.05485132957985758,0.014087859545675293
13-2072.00,3414,0.056154723117807004,0.013915274100903237
13-2072.00,3413,0.049335504289807534,0.015077492309473176
13-2072.00,3412,0.09719902682619473,0.01972069361373774
13-2072.00,3411,0.07229727873525098,0.01010409198907989
13-2072.00,3410,0.1067101536771508,0.01879422070801808
13-2072.00,3409,0.11344820415398756,0.015146673923955455
13-2072.00,3408,0.10568090739459308,0.020109773908683307
13-2072.00,3407,0.058586043537531975,0.01564267789274846
13-2031.00,3406,0.035774747646877283,0.025135908133154774
13-2031.00,3405,0.07697966638870701,0.035983554689368584
13-2031.00,3404,0.062025151867937944,0.030104962995290103
13-2031.00,3403,0.04005571008413287,0.02907626541559306
13-2031.00,3402,0.10258230284699285,0.029024609379194
13-2031.00,3401,0.1330097407826151,0.03522378513353822
13-2031.00,3400,0.03147462041589863,0.01063020834202259
13-2031.00,3399,0.08906245216641852,0.034423305353987174
13-2031.00,3398,0.1853532153308764,0.05661967752966336
13-2031.00,3397,0.04939891022666652,0.025397386887543175
13-2031.00,3396,0.048098686560986,0.03188744085321984
13-2031.00,3395,0.04764750549803242,0.025147682645089642
13-2031.00,3394,0.09853729018385841,0.03623409469060347
13-1141.00,3372,0.00033460119403611906,0.0
13-1141.00,3371,0.10656318000815122,0.0
13-1141.00,3370,0.012103896740171729,0.0
13-1141.00,3369,0.0017735844957269273,0.0
13-1141.00,3368,0.006422738872611266,0.0
13-1141.00,3366,0.0035075313111898017,0.0
13-1141.00,3365,0.028778126839051288,0.0
13-1141.00,3364,0.0015892958473729159,0.0
13-1141.00,3363,0.08737472653901407,0.0
13-1141.00,3362,0.01132877238375485,0.0
13-1141.00,3361,0.005020484277073269,0.0
13-1141.00,3360,0.0004821272675057335,0.0
13-1141.00,3359,0.2982866541974041,0.0
13-1141.00,3358,0.0028067604427976125,0.0
13-1141.00,3357,0.020883327926803245,0.0
13-1141.00,3356,0.0350188148403735,0.0
13-1141.00,3355,0.06213859611243688,0.0
13-1141.00,3354,0.025314517440126336,0.0
13-1141.00,3353,0.08464196621407237,0.0
13-1141.00,3352,0.10080803714927675,0.0
13-1141.00,3351,0.04678938923767683,0.0
39-4031.00,3350,0.039926236554129316,0.004364093975832563
39-4031.00,3349,0.04042627664000213,0.0040503509079655555
39-4031.00,3348,0.049887720398449915,0.004702486050083757
39-4031.00,3347,0.03996900779376363,0.006726723419389319
39-4031.00,3346,0.03965794274748665,0.00492568390503622
39-4031.00,3345,0.027369153727494166,0.0032461762713555707
39-4031.00,3344,0.01288639083435829,0.0034013257337228912
39-4031.00,3343,0.037332913414079294,0.008232078996845402
39-4031.00,3342,0.06441630851395104,0.01014331929211641
39-4031.00,3341,0.041406993347657794,0.005669335093815188
39-4031.00,3340,0.04787101561970238,0.004946087860225273
39-4031.00,3339,0.08291419054523433,0.014664861594531396
39-4031.00,3337,0.05830746290756759,0.004656259414245078
39-4031.00,3336,0.044721213552132884,0.004579588489665327
39-4031.00,3335,0.05287964994765805,0.005665185584600896
39-4031.00,3334,0.0671289098889701,0.00806289042122694
39-4031.00,3332,0.06001580019115165,0.005206970633208977
11-9021.00,3331,0.00022624705528082736,0.0
11-9021.00,3327,0.0883206914259325,0.0
11-9021.00,3326,0.027050273726256097,0.0
11-9021.00,3325,0.029239598682024488,0.0
11-9021.00,3323,0.06141503407458427,0.0
11-9021.00,3318,0.10142641981731085,0.0
11-9021.00,3317,0.03717840227634203,0.0
11-9021.00,3315,0.07681218164498964,0.0
11-9021.00,3314,0.058355540033480105,0.0
11-3111.00,3290,0.04331493928212689,0.0
11-3111.00,3289,0.004976808959924126,0.0
11-3111.00,3288,0.00535832309107918,0.0
11-3111.00,3287,0.006257784512999361,0.0
11-3111.00,3285,0.03745619165968714,0.0
11-3111.00,3283,0.02592777880900559,0.0
11-3111.00,3282,0.004355429149491649,0.0
11-3111.00,3280,0.0015569099779364482,0.0
11-3111.00,3279,0.07958878996651633,0.0
11-3111.00,3278,0.012671023898483949,0.0
11-3111.00,3277,0.013758088763160503,0.0
11-3111.00,3276,0.009756726232289636,0.0
11-3111.00,3275,0.15608423186550774,0.0
11-3111.00,3274,0.02140859657065063,0.0
11-3111.00,3273,0.021310463436910596,0.0
11-3111.00,3272,0.02618898461983965,0.0
11-3111.00,3271,0.09054471487863557,0.0
11-3111.00,3270,0.25057156275604203,0.0
11-3111.00,3269,0.013719635429427102,0.0
11-3111.00,3268,0.024283123156258628,0.0
11-3111.00,3267,0.11845475298496036,0.0
11-3111.00,3266,0.03245513999906697,0.0
11-2011.00,3245,0.006067109009101398,0.003591119427411462
11-2011.00,3244,0.015028130242244128,0.00896339618533826
11-2011.00,3243,0.05340876698839478,0.013407191804504769
11-2011.00,3242,0.03003370323952048,0.007194164916977984
11-2011.00,3241,0.05426627026007882,0.0164530806741239
11-2011.00,3240,0.024888762546402793,0.005951407699778593
11-2011.00,3239,0.021945727790700875,0.005317530962151648
11-2011.00,3238,0.0691668431574276,0.01870431298445901
11-2011.00,3237,0.06914272499950322,0.01413677460920946
11-2011.00,3236,0.04023583275012521,0.010655884524017365
11-2011.00,3235,0.03456838479915813,0.009164508408140622
11-2011.00,3234,0.03405943141989062,0.005491527552469917
11-2011.00,3233,0.03068353564716134,0.011996988520994603
11-2011.00,3231,0.11716080920010705,0.019017439382607287
11-2011.00,3229,0.04960208821814985,0.01518576272408389
11-2011.00,3228,0.029050971243493647,0.013103373732277096
11-2011.00,3227,0.07541186598093332,0.013636690968408178
11-2011.00,3226,0.08468723213726731,0.01921246266386204
11-2011.00,3224,0.10340946989324908,0.021006472366091395
11-2011.00,3223,0.011399363636008757,0.0043365708629688705
53-7064.00,3222,0.07257938886092528,0.01295894744843862
53-7064.00,3221,0.05855541284824814,0.016343930475525435
53-7064.00,3220,0.028062396039944603,0.008980829166670617
53-7064.00,3219,0.04454552054188609,0.008072438209435246
53-7064.00,3218,0.11259937733349178,0.013086988844132983
53-7064.00,3217,0.045191783651474714,0.013335319551367257
53-7064.00,3216,0.08447222155587587,0.019200124626715147
53-7064.00,3215,0.071429390033691,0.017493852193765782
53-7064.00,3214,0.08121424542433107,0.014236598253473585
53-7064.00,3212,0.11680696181209999,0.015776296470479893
53-7064.00,3211,0.11407001724804726,0.01439600867375337
53-7051.00,3206,0.09553647341500972,0.03391156589718745
53-7051.00,3205,0.03992586020599246,0.01558803880382547
53-7051.00,3203,0.16870390982628433,0.03479024988787456
53-7051.00,3202,0.19274766986402853,0.030336078456865836
53-7051.00,3201,0.16797562155707707,0.026804520412045476
53-6021.00,3198,0.03295225154482139,0.011909035260232188
53-6021.00,3195,0.035455808484828974,0.012820693867968832
53-6021.00,3192,0.19534816767586421,0.04227695143151122
53-6021.00,3191,0.16994979103952804,0.04037957263175588
53-6021.00,3190,0.035731356588773945,0.01206895212140742
53-6021.00,3188,0.10673664578727796,0.028458118926686336
53-3031.00,3164,0.12726494394127938,0.0241224012800596
53-3031.00,3161,0.2624504966019048,0.031218890172156788
53-3031.00,3158,0.3951430549686505,0.03809598316083415
53-3031.00,3156,0.106739881755508,0.03906982784936253
53-3031.00,3155,0.10840162273265745,0.03816742052042065
53-3052.00,3151,0.01568177393498057,0.004989097399096077
53-3052.00,3150,0.10497223264009876,0.010941518309572051
53-3052.00,3149,0.06441812476299984,0.009562774608344178
53-3052.00,3148,0.05265929317043924,0.008578445119161589
53-3052.00,3146,0.14927473724253004,0.011845513492664552
53-3052.00,3144,0.03465604278508573,0.006283617740057321
51-9111.00,3143,0.03913392934319272,0.007950769328552121
51-9111.00,3142,0.07424750657490924,0.013297200234608082
51-9111.00,3141,0.04770067443101989,0.008187243583600363
51-9111.00,3140,0.05635053874361454,0.007499669240103329
51-9111.00,3139,0.03817733326257062,0.009123323696054718
51-9111.00,3138,0.055033081483422855,0.011345746724398706
51-9111.00,3137,0.0721115321729804,0.01212262929953803
51-9111.00,3136,0.05101410079955142,0.006467317301096326
51-9111.00,3135,0.03350495354819199,0.005099380481463713
51-9111.00,3134,0.06541666329628207,0.009183699445709235
51-9111.00,3133,0.04367820924865963,0.007754829507454529
51-9111.00,3132,0.05818837104740932,0.008912704295472482
51-9111.00,3131,0.043236132468034955,0.008177164264310376
51-9111.00,3130,0.053866632345938394,0.009999247979674573
51-9111.00,3129,0.04258048566725607,0.008274213611694297
51-9111.00,3128,0.031209374802633826,0.005570412519701374
51-9111.00,3127,0.05188587711323504,0.00951326624396812
51-9111.00,3126,0.0423294448626251,0.008500496104346273
51-9111.00,3125,0.036335675456607104,0.006895866804878005
51-9111.00,3124,0.06399948333186485,0.0075127264635380005
51-4041.00,3123,0.013505817513082179,0.003843554602718306
51-4041.00,3122,0.028067033160497384,0.008240483738043402
51-4041.00,3121,0.0054444347319992075,0.0038753594430029964
51-4041.00,3120,0.008157277524763583,0.004048388524672745
51-4041.00,3119,0.02499792348881246,0.0040074685112988125
51-4041.00,3117,0.02437925808367634,0.004689885439336201
51-4041.00,3116,0.03143757419262718,0.008443092695721735
51-4041.00,3115,0.028169868581023935,0.0036887775604363764
51-4041.00,3114,0.016775194505239566,0.004484999453151387
51-4041.00,3113,0.01449886614075262,0.0046179297361939025
51-4041.00,3112,0.016475824170106526,0.0047008743256753815
51-4041.00,3110,0.03340986314132066,0.006925622921444896
51-4041.00,3109,0.005122763702012591,0.0021075345146538463
51-4041.00,3107,0.008033022929410752,0.003653661596924341
51-4041.00,3106,0.048521016330906296,0.0066250784771641445
51-4041.00,3103,0.026101884108802726,0.004921335349787444
51-4041.00,3101,0.019692664061104842,0.005451540074065914
51-4041.00,3098,0.0714210059071207,0.008832838969908672
51-4041.00,3097,0.05012995843512119,0.009187026449013957
51-4041.00,3095,0.0743970807409072,0.00850585057339724
51-4041.00,3094,0.09430185941047717,0.008221111442267134
49-9098.00,3092,0.01512449930899065,0.0035087809137407115
49-9098.00,3091,0.07724779400481367,0.024325451641222826
49-9098.00,3090,0.09242660835706777,0.018644675680133223
49-9098.00,3088,0.06495436914273646,0.021720261682484386
49-9098.00,3087,0.0501273322706937,0.01710373298596385
49-9098.00,3086,0.07803414850363768,0.01593987826212216
49-9098.00,3085,0.0213781585355749,0.00542367207320235
49-9098.00,3084,0.07203971495442499,0.016886959991284565
49-9098.00,3083,0.10157046068730184,0.018435961350246825
49-9098.00,3082,0.07593727721816793,0.01692406563266269
49-9098.00,3081,0.08436956313169826,0.014830741821481917
49-9098.00,3080,0.07385735137996359,0.015198707637719121
49-9062.00,3079,0.03811241475223475,0.014012752080537653
49-9062.00,3078,0.008258054072758599,0.005830742524818279
49-9062.00,3077,0.0350118918381065,0.009518143005278949
49-9062.00,3076,0.01560629218085201,0.006301970423113496
49-9062.00,3075,0.012153626616749591,0.006151608236748726
49-9062.00,3074,0.044816605816093764,0.01428396988578484
49-9062.00,3073,0.014812434763954605,0.008395867686374694
49-9062.00,3072,0.034186662958062074,0.007101726524937432
49-9062.00,3071,0.05290749162273474,0.014162328888552029
49-9062.00,3070,0.026459617732669177,0.010998028908328784
49-9062.00,3069,0.07036882108369083,0.015409003746078022
49-9062.00,3068,0.03540478295788731,0.013715386822863013
49-9062.00,3067,0.027693719451678943,0.006650736544577985
49-9062.00,3066,0.155240238432301,0.01769847092429412
49-9062.00,3065,0.10098476930754126,0.015831482827875745
49-9062.00,3064,0.11691114541406966,0.015332296212355429
49-9062.00,3063,0.05506648346836686,0.01031413448824881
49-9062.00,3062,0.03637309136363179,0.0097878215244527
49-9044.00,3060,0.01941859805498506,0.0
49-9044.00,3059,0.01918200722667707,0.0
49-9044.00,3058,0.024048471899031768,0.0
49-9044.00,3057,0.043182836336809284,0.0
49-9044.00,3056,0.027165536487296305,0.0
49-9044.00,3055,0.05316652553882076,0.0
49-9044.00,3054,0.01691436985266895,0.0
49-9044.00,3053,0.04953889222645332,0.0
49-9044.00,3052,0.0370782492624285,0.0
49-9044.00,3051,0.07556516300142938,0.0
49-9044.00,3050,0.05871362427766289,0.0
49-9044.00,3049,0.052647322137200483,0.0
49-9044.00,3048,0.06956960543700476,0.0
49-9044.00,3047,0.07040415762967554,0.0
49-9044.00,3046,0.027765461029612432,0.0
49-9044.00,3045,0.06876335252894628,0.0
49-9044.00,3043,0.0144657987668742,0.0
49-9044.00,3041,0.06940897854210698,0.0
49-9071.00,3037,0.01887449117373129,0.011373337556813702
49-9071.00,3035,0.03378687197493521,0.012928987897222159
49-9071.00,3034,0.016473395494799044,0.0071151682147159116
49-9071.00,3033,0.018581915760219885,0.007796322157285302
49-9071.00,3032,0.01121366173105968,0.005459606237443895
49-9071.00,3031,0.03692684722451155,0.02150045758350913
49-9071.00,3030,0.09342119084725467,0.02142563713106776
49-9071.00,3028,0.033337273400155965,0.009313881212201874
49-9071.00,3026,0.04404983815537161,0.011691783215137494
49-9071.00,3025,0.038359712978721615,0.007972660445643051
49-9071.00,3024,0.06596567968634576,0.010445058518298838
49-9071.00,3023,0.040332131461059406,0.00693904642460323
49-9071.00,3022,0.05092854029702846,0.017332587654089775
49-3042.00,3017,0.0341001196204009,0.007432538305415518
49-3042.00,3016,0.03458790731870823,0.013148163017081188
49-3042.00,3015,0.03129090327983877,0.0053623681026477325
49-3042.00,3014,0.08114474592801833,0.011833413933811343
49-3042.00,3013,0.06037856579365324,0.009673351572804833
49-3042.00,3012,0.03234096849994019,0.006185808381001537
49-3042.00,3011,0.02299836173760444,0.003376630280115298
49-3042.00,3010,0.02176213949110087,0.0060658846131321845
49-3042.00,3009,0.04404876329765507,0.012587049139458167
49-3042.00,3008,0.061219730634997034,0.009840723995779527
49-3042.00,3007,0.039296219671427074,0.007636585140945152
49-3042.00,3006,0.03202627439922263,0.00550722783577851
49-3042.00,3005,0.042417855418418415,0.00509092305480112
49-3042.00,3004,0.03618893126976407,0.005920041681991468
49-3042.00,3003,0.04220566898677166,0.009701698264254413
49-3042.00,3002,0.08749957069431821,0.010656692964210195
49-3042.00,3001,0.12833126644869167,0.019671344839275986
49-3042.00,3000,0.0908843129786396,0.020749395030358237
49-3031.00,2999,0.002363065156877601,0.0017095774481178582
49-3031.00,2998,0.00984497539580059,0.004370320168689034
49-3031.00,2997,0.0027131479591701777,0.0015383900737687727
49-3031.00,2996,0.004907084812018114,0.001410848800263831
49-3031.00,2995,0.028276464528919538,0.007117207879228639
49-3031.00,2993,0.015816870087619166,0.006004602506560884
49-3031.00,2992,0.027042914505893353,0.007525280542356923
49-3031.00,2991,0.03875394797482538,0.007329981262500455
49-3031.00,2990,0.023685169934684752,0.007937082676472687
49-3031.00,2989,0.0253711797649473,0.0072190994547858605
49-3031.00,2988,0.034734499778439676,0.005630736897752657
49-3031.00,2987,0.045298218474877576,0.0080320846647087
49-3031.00,2986,0.053198057579643694,0.008502729799553377
49-3031.00,2985,0.09739729278891718,0.012036382032456536
49-3031.00,2984,0.043673170354371245,0.011253976252580058
49-3031.00,2983,0.05552730208406165,0.00839911577529838
49-3031.00,2982,0.059208315665754706,0.011377362846761815
49-3031.00,2981,0.2145728180872857,0.023028281097246167
49-3021.00,2957,0.011298080357513758,0.00904959329343313
49-3021.00,2956,0.01652793376654158,0.006142690242678671
49-3021.00,2955,0.02345871961059656,0.010011263184891204
49-3021.00,2954,0.034144576991690795,0.013260484234063492
49-3021.00,2953,0.011870105490585101,0.007363868429289896
49-3021.00,2952,0.011116710241932453,0.007891099450415662
49-3021.00,2951,0.024919697339971944,0.008971667914799648
49-3021.00,2950,0.024418273058096886,0.007696902549038328
49-3021.00,2949,0.033087312898186796,0.008664995006183307
49-3021.00,2948,0.0488651181638932,0.008824116355222084
49-3021.00,2947,0.03417692112590544,0.008805709860754081
49-3021.00,2946,0.040594199585817774,0.008493271001034405
49-3021.00,2945,0.027810628987374075,0.008097539264093291
49-3021.00,2944,0.05096115891285782,0.014496405389418614
49-3021.00,2943,0.05952139339787398,0.014056746814732056
49-3021.00,2942,0.037719441225417996,0.009923499958042077
49-3021.00,2941,0.018569468234896046,0.008020250077029471
49-3021.00,2940,0.04500064414406978,0.013080985313457154
49-3021.00,2938,0.06300723517999239,0.008670599407359428
49-3021.00,2937,0.04371377896324023,0.012130153140011172
49-3021.00,2936,0.028316608735510326,0.008486010657608843
49-3021.00,2935,0.060326713662574354,0.011018610584568513
49-3021.00,2934,0.08845991358564055,0.016405551112076377
49-3021.00,2933,0.0928991659782787,0.016294398331508097
49-1011.00,2932,0.010141058553924746,0.002736788119488164
49-1011.00,2931,0.026894401849115894,0.00858207101465561
49-1011.00,2930,0.02776142806829139,0.0026110867916401084
49-1011.00,2929,0.06180667986510467,0.010409367881069786
49-1011.00,2927,0.017303216923245966,0.004430054571525231
49-1011.00,2926,0.020379060816359793,0.004823398031100041
49-1011.00,2925,0.05411139320286112,0.011866713341197276
49-1011.00,2924,0.011242159018347376,0.0040644151216860745
49-1011.00,2923,0.04661135729593833,0.010882389937689878
49-1011.00,2922,0.010883213730007625,0.006727902147206418
49-1011.00,2921,0.02308633893193839,0.0071206999294258395
49-1011.00,2920,0.029227893298665007,0.005985351321357862
49-1011.00,2919,0.047102780944255844,0.00992399259525751
49-1011.00,2918,0.1019387310731345,0.03873649799960248
49-1011.00,2917,0.036612505488048674,0.005383582197325591
49-1011.00,2916,0.0325794810137996,0.008121760094560084
49-1011.00,2915,0.10384686714528629,0.04056366323257078
49-1011.00,2914,0.10514770162821638,0.022353428361076445
49-1011.00,2912,0.08907280955157895,0.037282184714525685
47-2111.00,2891,0.0501189563659905,0.013742566487512434
47-2111.00,2890,0.026744824992715365,0.009085507882416285
47-2111.00,2888,0.08249255831298823,0.01629894060161583
47-2111.00,2887,0.1069773336908417,0.014015054977930826
47-2111.00,2886,0.04498020927670232,0.015137942735736636
47-2111.00,2885,0.031019504231821548,0.015429696469348666
47-2111.00,2884,0.013484041764298564,0.0026749336574543696
47-2111.00,2883,0.10882957385996343,0.014714570245781284
47-2111.00,2882,0.08913299005520468,0.015133666382926387
47-2111.00,2881,0.04787742057638138,0.015916834927799862
47-2111.00,2880,0.0472947686381506,0.016158534474528807
47-2111.00,2879,0.04880038370149683,0.017007572960053098
47-2111.00,2878,0.052583090835776905,0.015179227814951873
47-2111.00,2877,0.021472249830290897,0.015888892481769123
47-2111.00,2876,0.05260628769637439,0.015690586391847887
47-2111.00,2875,0.03510433203031435,0.006590034132553607
47-2111.00,2874,0.025706983494161482,0.008201545535439038
47-2111.00,2873,0.08752668415584816,0.013643228957454647
47-2044.00,2871,0.03267857650695442,0.010311708687670312
47-2044.00,2870,0.04085277972713563,0.013206000562915836
47-2044.00,2869,0.0531108629313491,0.012890192069924035
47-2044.00,2868,0.017073205813436007,0.009863479181343485
47-2044.00,2867,0.02386394564145806,0.006345232056113808
47-2044.00,2866,0.011881640485970223,0.004726124530947174
47-2044.00,2865,0.005340989094976272,0.0016851166188495117
47-2044.00,2864,0.03778128202628167,0.01066760045836381
47-2044.00,2863,0.008798881202090604,0.0029042545557500334
47-2044.00,2862,0.035893494015788265,0.007562386428111624
47-2044.00,2861,0.02809385178077811,0.006343049428937431
47-2044.00,2860,0.031607235348855726,0.010899088202901669
47-2044.00,2859,0.03363475770269169,0.007601689459568752
47-2044.00,2858,0.03339814639785918,0.010469526346756398
47-2044.00,2857,0.00878235708774384,0.005369343374415255
47-2044.00,2856,0.026313926904609812,0.0068310029091363704
47-2044.00,2855,0.05359503001435989,0.011028432335724722
47-2044.00,2854,0.005107387273695654,0.0019369441346892995
47-2044.00,2853,0.08872902683200544,0.01988159881662483
47-2044.00,2852,0.08103582076421915,0.014052211674934915
47-2044.00,2851,0.08083621595546005,0.011059070028107767
47-2044.00,2850,0.09084364630840447,0.015050667430769608
47-2044.00,2849,0.06014397850778537,0.011029145339870665
47-2044.00,2848,0.11060296167609145,0.014632619731730759
47-2041.00,2847,0.04918807474346371,0.010052254182727547
47-2041.00,2846,0.026171607764487955,0.0067781873301905075
47-2041.00,2845,0.01351515523381251,0.0053329819774442025
47-2041.00,2844,0.05777875904817798,0.010001461353722915
47-2041.00,2843,0.0495332103262133,0.007150253081821673
47-2041.00,2842,0.057147377956524394,0.012881749488589675
47-2041.00,2841,0.06367183145607222,0.015175166944708286
47-2041.00,2840,0.05688981214262746,0.009799679396596154
47-2041.00,2839,0.044304010957040084,0.009957904255279652
47-2041.00,2838,0.06441209966017382,0.009859120489554939
47-2041.00,2837,0.06088947508412423,0.012749038217248463
47-2041.00,2836,0.129314292761196,0.0180016575273696
47-2041.00,2835,0.08423745222613126,0.013929056847888418
47-2041.00,2834,0.10111088202776508,0.012570237369741723
47-2041.00,2833,0.07588805626594183,0.010552628384815337
43-9031.00,2832,0.016503294745262437,0.007078026042226242
43-9031.00,2831,0.05657177282583724,0.013759488947517126
43-9031.00,2830,0.01972490855735187,0.005307869712980934
43-9031.00,2829,0.05292866281758138,0.011471923585756084
43-9031.00,2828,0.04601569560580224,0.009581510836566227
43-9031.00,2827,0.051068613967984844,0.008289357569490206
43-9031.00,2825,0.05567872938801663,0.01032053609960888
43-9031.00,2824,0.0994280493346419,0.013896228065367805
43-9031.00,2822,0.048692334458759735,0.011069727756715202
43-9031.00,2821,0.060767591668036136,0.016740470178966838
43-9031.00,2820,0.10407448346797377,0.02095380056401732
43-9031.00,2819,0.017548799383190816,0.011093916177016707
43-9031.00,2818,0.08940321655573584,0.016625470261645427
43-9031.00,2817,0.09822732560506957,0.01596183741499771
43-9031.00,2816,0.11989081325148182,0.015306214379187616
43-9031.00,2815,0.06347570836727381,0.013509895119588437
43-6014.00,2814,0.003979307629493536,0.0016393486643305434
43-6014.00,2813,0.058062530905943675,0.010110590833585559
43-6014.00,2812,0.007973573212798273,0.00358336981230945
43-6014.00,2809,0.01688666265944158,0.0040950521158045665
43-6014.00,2808,0.006054013171927448,0.0020893763242806973
43-6014.00,2806,0.029566899206051968,0.005959770791154223
43-6014.00,2805,0.039696710842047574,0.005611873658771447
43-6014.00,2804,0.006970789458619165,0.0017960444232223633
43-6014.00,2803,0.0066192167461299675,0.0026449981852691875
43-6014.00,2802,0.010709819266498624,0.003285498857828236
43-6014.00,2801,0.04252270758057285,0.011445131407708073
43-6014.00,2800,0.0317450010621613,0.005999415791263672
43-6014.00,2799,0.004882663110878062,0.0019064517442112425
43-6014.00,2797,0.013644602120270818,0.0052442549486714915
43-6014.00,2796,0.06254951151911793,0.009281151915339719
43-6014.00,2795,0.035205028806472284,0.006308798830192066
43-6014.00,2794,0.02956210068813546,0.005666524826877161
43-6014.00,2793,0.029800784489521302,0.005440419391775101
43-6014.00,2791,0.07656934039276436,0.008097493209156016
43-6014.00,2790,0.09402343673227596,0.009711424076855976
43-6011.00,2788,0.017565145588575234,0.008338176215284803
43-6011.00,2787,0.0075742587808707235,0.003595629319794221
43-6011.00,2785,0.013677186088267979,0.008194296700173638
43-6011.00,2784,0.008036243742448256,0.003206629842750553
43-6011.00,2782,0.0052498260908935,0.00306874650292507
43-6011.00,2781,0.003003044648900413,0.0008630496267316929
43-6011.00,2780,0.01778893294010897,0.006446965825187494
43-6011.00,2779,0.045245109064339206,0.014863706144242301
43-6011.00,2776,0.07403560689956659,0.012420860736746989
43-6011.00,2775,0.05941088340490608,0.01145367118395565
43-6011.00,2774,0.05374542011134662,0.012440832753857807
43-6011.00,2773,0.083228605173145,0.009629458790671168
43-6011.00,2772,0.048102370891544705,0.009053321082810905
43-6011.00,2771,0.08042261071198051,0.012708573600701534
43-6011.00,2770,0.10686596989973855,0.021259205833264915
43-5032.00,2735,0.00792251086070351,0.00459478253414291
43-5032.00,2733,0.05071313735803043,0.010008608537960649
43-5032.00,2732,0.06946012166156981,0.016884437406665214
43-5032.00,2731,0.08450520370152999,0.012635594872624908
43-5032.00,2730,0.10179936000238977,0.015934086400246364
43-5032.00,2729,0.06379690721747906,0.010913873479652891
43-5032.00,2728,0.07653832461542216,0.016704886029917324
43-5032.00,2727,0.12472080601352122,0.015376576142543926
43-5032.00,2726,0.09869854191476837,0.01319943680226295
43-5032.00,2725,0.11605295884604337,0.011572254878075554
43-5032.00,2724,0.04545264196084468,0.01111112479291677
43-5032.00,2723,0.16033948584769764,0.014110951446709898
43-5031.00,2722,0.023373525521607035,0.007462933858384652
43-5031.00,2721,0.010768670313057263,0.0057423138352305485
43-5031.00,2720,0.018401103414314307,0.006454672077195747
43-5031.00,2719,0.04109121302565719,0.009369563465834539
43-5031.00,2718,0.0865539683479836,0.006135089564940119
43-5031.00,2717,0.06935729711032257,0.008374344457610778
43-5031.00,2716,0.013337618939776497,0.006298547733367096
43-5031.00,2715,0.07489635420192148,0.009387635179727799
43-5031.00,2714,0.03128201592918371,0.006654057276388544
43-5031.00,2713,0.04350076522284249,0.009058400568137035
43-5031.00,2712,0.05233477854325138,0.010983786341951652
43-5031.00,2711,0.07358092833552025,0.006228613053373445
43-5031.00,2710,0.07533625301279367,0.008661793709882298
43-5031.00,2709,0.057041827962047625,0.006373996018478876
43-5031.00,2708,0.0679347408383267,0.010652813688207157
43-5031.00,2707,0.09245260487061902,0.010668931219782124
43-5031.00,2706,0.08856748423126029,0.006090973797600837
43-5031.00,2705,0.08018885017951492,0.008165784774272329
43-4161.00,2704,0.039789811511614044,0.028878512366397806
43-4161.00,2703,0.035409599753695495,0.013359650012544608
43-4161.00,2702,0.07957750349497282,0.029621421736033153
43-4161.00,2701,0.02134011159028089,0.012962374792652344
43-4161.00,2700,0.00861664976142685,0.00512823721703522
43-4161.00,2699,0.04614224987106016,0.028163552564590372
43-4161.00,2698,0.0485038049275686,0.029937123324827578
43-4161.00,2697,0.027469143644188374,0.013216269988533282
43-4161.00,2696,0.02309505314077003,0.009420516223638868
43-4161.00,2695,0.05238488086316396,0.029529512245511067
43-4161.00,2694,0.030878945032092965,0.012454451045392306
43-4161.00,2693,0.04961862129330447,0.01096664512468915
43-4161.00,2692,0.0766700825474998,0.013944762639121458
43-4161.00,2691,0.07214861975659795,0.014616142537164775
43-4161.00,2690,0.0558941868457841,0.028357695846768175
43-4161.00,2689,0.09214116750051364,0.03081273871808944
43-4161.00,2687,0.09752106858006486,0.02862042376908651
43-4151.00,2686,0.030472074383296695,0.011795096550345155
43-4151.00,2684,0.019827731628152618,0.010462172742580935
43-4151.00,2683,0.10399435177462345,0.03794016597798353
43-4151.00,2682,0.024907438729504832,0.00987250904734348
43-4151.00,2681,0.02841279107489539,0.011532428426089598
43-4151.00,2679,0.05142396291149737,0.021905711812362786
43-4151.00,2678,0.08183019861943869,0.021516130902105936
43-4151.00,2677,0.06939831068610712,0.019670407917922975
43-4151.00,2676,0.05100075364918514,0.021494352575047736
43-4151.00,2675,0.09326669021327628,0.02721685947211285
43-4151.00,2674,0.06625813035475597,0.028484867997320498
43-4151.00,2673,0.05344061080449022,0.02057965799007333
43-4151.00,2672,0.10198241575093313,0.03317364611423418
43-4151.00,2670,0.07698237925111157,0.018974589881150177
43-4151.00,2669,0.04928166992037802,0.01888462155181156
43-4151.00,2668,0.09752049024835345,0.02802238044182318
43-4121.00,2667,0.007115444108945391,0.002370944501846267
43-4121.00,2664,0.023343673214717024,0.006075766022922246
43-4121.00,2662,0.006588996417665593,0.0019254171128345082
43-4121.00,2661,0.025228798357555534,0.005483985772440585
43-4121.00,2660,0.010611163661327363,0.004443010418520701
43-4121.00,2658,0.029737181309128728,0.00619921588780035
43-4121.00,2657,0.029198505285045084,0.009475842220116699
43-4121.00,2656,0.01682099558132522,0.003750350955307816
43-4121.00,2655,0.015860866658595058,0.003277728733906029
43-4121.00,2654,0.009967951745724169,0.003760747817432817
43-4121.00,2653,0.024156143132554014,0.007219281671803369
43-4121.00,2652,0.05628866830214974,0.009952328718316196
43-4121.00,2650,0.05177713137227535,0.010954252934073108
43-4121.00,2649,0.06082568743439315,0.009455524579133115
43-4121.00,2648,0.07044644331313533,0.01053232783475665
43-4121.00,2647,0.047056455374066455,0.008355149053906014
43-4121.00,2646,0.0773627509283049,0.011903633929045712
43-4121.00,2645,0.08948118875036765,0.012771602580744158
43-4121.00,2644,0.007072684814946893,0.0032088010406880196
43-4121.00,2643,0.0392885173546255,0.008531193451670395
43-4111.00,2641,0.027169817055146036,0.011390827704133943
43-4111.00,2640,0.02671790936530153,0.009064700876284852
43-4111.00,2638,0.05433695707879241,0.011657137936747846
43-4111.00,2637,0.017575162298679767,0.006160026451715546
43-4111.00,2636,0.09158321777972883,0.014878950292928586
43-4111.00,2635,0.043002964992512514,0.011140505335318783
43-4111.00,2634,0.07133515359810683,0.017337969161314144
43-4111.00,2633,0.06921688799430471,0.012592842631962779
43-4111.00,2632,0.07327695575305732,0.01439029148399064
43-4111.00,2631,0.06402166646752724,0.012791709716450637
43-4111.00,2630,0.07926493828794952,0.018628826417593922
43-4111.00,2629,0.0782757613869804,0.014665327760765135
43-4111.00,2628,0.07274964440799755,0.01585158599002401
43-4111.00,2627,0.10936103428581885,0.01699167450247672
43-4081.00,2626,0.02359472202444503,0.005544311103641493
43-4081.00,2625,0.014884952758904368,0.00435586220062343
43-4081.00,2624,0.022008111601732196,0.003703274021758326
43-4081.00,2623,0.04028199130751953,0.004573278158954255
43-4081.00,2622,0.04426898069894753,0.006093806208402743
43-4081.00,2620,0.07633763018297236,0.005469691637860272
43-4081.00,2619,0.06328877809636738,0.006575098225824329
43-4081.00,2618,0.06087799535301299,0.0054978316150135756
43-4081.00,2617,0.061873008137611596,0.005366453979092343
43-4081.00,2616,0.06699353915023339,0.005513934517345647
43-4081.00,2615,0.0789692735491453,0.004563754314299266
43-4081.00,2613,0.06398660410537613,0.005638225987218115
43-4081.00,2612,0.0754999148023865,0.0054308581776202755
43-4081.00,2611,0.07506662777631759,0.005388024388940404
43-4081.00,2610,0.08418207550665081,0.004380951200946989
43-4071.00,2607,0.011865588269470822,0.0062009974130572045
43-4071.00,2605,0.041877570223631186,0.015596758974006189
43-4071.00,2604,0.03956669530055878,0.018277503893693144
43-4071.00,2603,0.030579687333891905,0.014902093033581297
43-4071.00,2602,0.06767124670599749,0.016754844970174175
43-4071.00,2601,0.04798416955719834,0.013679083320184336
43-4071.00,2600,0.0599552522373628,0.017149866395062562
43-4071.00,2599,0.08532050188773532,0.018663150035285167
43-4071.00,2597,0.06416958527069185,0.01601828370650683
43-4071.00,2596,0.054703229412371365,0.00954017885189386
43-4071.00,2595,0.034692531927648707,0.016985019266833448
43-4071.00,2593,0.04954617725807765,0.012756092194046673
43-4051.00,2591,0.015704481261004342,0.003689021284142569
43-4051.00,2589,0.016123733996750936,0.007283884436676331
43-4051.00,2584,0.1401192420908908,0.030425612723302305
43-4051.00,2583,0.09983564567500496,0.029044015315890393
43-4051.00,2582,0.09288377993258667,0.039555105129803
43-4051.00,2580,0.1349869698047853,0.0467905181955223
43-4051.00,2579,0.07420146849751715,0.023140312271091982
43-4051.00,2578,0.19033695022304786,0.034467787290060954
43-3071.00,2575,0.0044902896062953114,0.0026815888603623156
43-3071.00,2574,0.004691604705492419,0.0030925016020548865
43-3071.00,2573,0.0083740665364997,0.003926655589750202
43-3071.00,2572,0.006345395999494485,0.002759272554636841
43-3071.00,2571,0.008307854820422383,0.002095337479993182
43-3071.00,2570,0.012496512002106146,0.003655895095020536
43-3071.00,2569,0.03523003808224024,0.006239255787698191
43-3071.00,2568,0.012127074899952349,0.003919552731099389
43-3071.00,2567,0.013038260360538366,0.004354429898810892
43-3071.00,2566,0.026952902674844185,0.004759574069499574
43-3071.00,2565,0.03662628071368712,0.00614356065252948
43-3071.00,2564,0.012454671361997743,0.0034107003611299172
43-3071.00,2563,0.01667135258804795,0.0034866823581361866
43-3071.00,2562,0.025193847358471924,0.005037805096549321
43-3071.00,2561,0.026727504880611316,0.0042267994633995
43-3071.00,2560,0.026292578862619362,0.004292023914939633
43-3071.00,2559,0.02701437685816384,0.004421268890123039
43-3071.00,2558,0.04548825582580814,0.006468377136386498
43-3071.00,2557,0.04971541063925096,0.009621766504137182
43-3071.00,2556,0.034835344098322,0.006337861851425604
43-3071.00,2555,0.03184383975683286,0.005389904344613471
43-3071.00,2554,0.0491084804005819,0.006382383084684812
43-3071.00,2553,0.09260925295103008,0.006697184332102111
43-3071.00,2552,0.08961404083713319,0.00815942112345397
43-3071.00,2551,0.09339549891859462,0.00695971571980637
43-3071.00,2550,0.090043482277971,0.00744804466922499
43-3071.00,2549,0.04830652159897099,0.00584792347131195
43-3061.00,2548,0.029988855339776247,0.014616890037921514
43-3061.00,2547,0.00826484601824689,0.003980128810532404
43-3061.00,2546,0.034502607119485135,0.012962970741756593
43-3061.00,2545,0.08168513335927456,0.027375874188598194
43-3061.00,2544,0.03966159701961978,0.012154141004380644
43-3061.00,2542,0.041301773546172864,0.01146399148827682
43-3061.00,2541,0.04668024368883405,0.012713294015935588
43-3061.00,2540,0.07065521070205076,0.016327960567991903
43-3061.00,2539,0.0902471022297981,0.016186405057234038
43-3061.00,2538,0.05695184234565424,0.013456793243626617
43-3061.00,2537,0.05570953034943808,0.012824606931870436
43-3061.00,2536,0.054615223836901226,0.01426393610505725
43-3061.00,2535,0.041048189336593294,0.012629233978408122
43-3061.00,2534,0.09400429775214317,0.015963119080558863
43-3061.00,2533,0.07216340587559585,0.015513895488762194
43-3061.00,2532,0.04754716556105717,0.011094568059719546
43-3061.00,2531,0.07020722995438419,0.012912325981307942
43-3051.00,2530,0.013750975755810078,0.01339658803039189
43-3051.00,2529,0.0330220868748617,0.020824273303858318
43-3051.00,2528,0.035415255064905234,0.01678297534869098
43-3051.00,2527,0.031893076811677024,0.018874493911258373
43-3051.00,2526,0.07855519047383007,0.03111318805060455
43-3051.00,2524,0.052853136149093635,0.018185189949933546
43-3051.00,2523,0.04645393989127921,0.022828471153404164
43-3051.00,2522,0.02731876998432018,0.01769590098153218
43-3051.00,2521,0.03379586426599082,0.016646535978003033
43-3051.00,2520,0.06679643842540328,0.018580450976273925
43-3051.00,2519,0.10944781544645749,0.02173293026716035
43-3051.00,2518,0.0602654209887882,0.019344183979112823
43-3051.00,2517,0.05162018654682509,0.01906770488706462
43-3051.00,2516,0.074207423555255,0.021087180397131783
43-3051.00,2515,0.027241918404317597,0.013908573810195881
43-3031.00,2514,0.009870682238369026,0.004512782875633282
43-3031.00,2511,0.006208847057273961,0.002915005623320844
43-3031.00,2510,0.0009290488538282657,0.0004045475249945786
43-3031.00,2509,0.03881107030326882,0.00910422628168445
43-3031.00,2508,0.01255590721111602,0.0060856680383906256
43-3031.00,2507,0.006895697863439163,0.004490793208206432
43-3031.00,2506,0.014820097153782925,0.003286171037966041
43-3031.00,2505,0.02185299846849619,0.007441273210942172
43-3031.00,2504,0.004403980300511963,0.0028963746404615355
43-3031.00,2503,0.010880605710417404,0.005798983827752526
43-3031.00,2502,0.0429237496154103,0.010633520306768608
43-3031.00,2501,0.026526530212021535,0.0073588493922253
43-3031.00,2500,0.03224460644403434,0.006200828181058973
43-3031.00,2499,0.021290682679257097,0.0053869001436405205
43-3031.00,2498,0.11048936901013699,0.01367799701219151
43-3031.00,2497,0.04126449419853331,0.00833815152006349
43-3031.00,2496,0.026021055653155926,0.006536978322741882
43-3031.00,2495,0.13060609402607348,0.012412813584379092
43-3031.00,2494,0.0389208023933078,0.00839886080193651
43-3031.00,2493,0.04587814733329174,0.009526055632989819
43-3031.00,2492,0.013077639426777508,0.005730357922898321
43-3031.00,2491,0.01969331002977846,0.006572806657858618
43-3031.00,2490,0.024519475407614157,0.00554612276682428
43-3031.00,2489,0.027908516135166796,0.005641374766631006
43-3031.00,2488,0.060075781138717275,0.012304109353206779
43-3031.00,2487,0.12903652558139053,0.012532722751401403
43-3031.00,2486,0.07568799385295417,0.007330790865160353
43-3011.00,2484,0.011646325957976777,0.0018255642962888162
43-3011.00,2483,0.07548568855761059,0.018062001602420483
43-3011.00,2482,0.015081291768449839,0.008116089464992803
43-3011.00,2481,0.07813761322410369,0.015351337715918496
43-3011.00,2480,0.029977894408092155,0.007297031978605518
43-3011.00,2479,0.036946457383704535,0.009097456878055294
43-3011.00,2478,0.08349897401052696,0.017154757811275095
43-3011.00,2477,0.09304995558284263,0.017255291041344687
43-3011.00,2476,0.09188133942356518,0.01830642616499903
43-3011.00,2475,0.0822142954169986,0.01495266293101421
43-3011.00,2474,0.11866319082333404,0.01810234409312824
43-3011.00,2473,0.09489144883195359,0.017215242391164457
43-3011.00,2472,0.06907211186774687,0.01599652783514599
41-9022.00,2471,0.00043846697779071074,0.0
41-9022.00,2470,0.0038747126775202693,0.0
41-9022.00,2469,0.0029735935486741106,0.0
41-9022.00,2468,0.007025670057719749,0.0
41-9022.00,2467,0.005994329727086924,0.0
41-9022.00,2466,0.0018347399856369362,0.0
41-9022.00,2465,0.005164091551639419,0.0
41-9022.00,2464,0.02442741678084313,0.0
41-9022.00,2463,0.031169486368577692,0.0
41-9022.00,2462,0.06314336344374116,0.0
41-9022.00,2461,0.02105551614011084,0.0
41-9022.00,2460,0.02076563731001696,0.0
41-9022.00,2459,0.019651362498696832,0.0
41-9022.00,2458,0.03601670297167356,0.0
41-9022.00,2457,0.009347768071385324,0.0
41-9022.00,2456,0.03582831114921408,0.0
41-9022.00,2455,0.03841725669920791,0.0
41-9022.00,2454,0.022180308287471032,0.0
41-9022.00,2453,0.0620270143699331,0.0
41-9022.00,2452,0.005209263930548698,0.0
41-9022.00,2451,0.007995589362742866,0.0
41-9022.00,2450,0.05019170969391972,0.0
41-9022.00,2449,0.08268485657279848,0.0
41-9022.00,2448,0.05398455037707033,0.0
41-9022.00,2447,0.038787211043056984,0.0
41-9022.00,2446,0.05836894579403723,0.0
41-9022.00,2445,0.048255352755231476,0.0
41-9022.00,2444,0.032449386647832854,0.0
41-9022.00,2443,0.030916651373110886,0.0
41-9022.00,2442,0.04301011223099422,0.0
41-9022.00,2441,0.04596890668416207,0.0
41-9022.00,2440,0.034375812591985216,0.0
41-2022.00,2439,0.01892318209696385,0.005368585589735024
41-2022.00,2438,0.02381387848861129,0.004811757741528478
41-2022.00,2437,0.022018401891951117,0.004874721172522869
41-2022.00,2436,0.03259805506128987,0.008139091496865501
41-2022.00,2435,0.039637173213143376,0.007652549652280046
41-2022.00,2434,0.042426785861089895,0.0077229618341079585
41-2022.00,2433,0.038256002211234416,0.007377406880686846
41-2022.00,2432,0.04285761644937344,0.009225556185981988
41-2022.00,2430,0.09075915379338316,0.010750445720236389
41-2022.00,2429,0.07437971260860142,0.010643580793774966
41-2022.00,2427,0.09386175580381886,0.011420960405117564
41-2022.00,2426,0.07099779222460187,0.008864934192904558
41-2022.00,2425,0.09089242448215355,0.011330767251591312
41-2011.00,2424,0.0268745752897797,0.008093745847947595
41-2011.00,2423,0.017895334685728275,0.006839977529935846
41-2011.00,2422,0.03148275312865125,0.0070356622846388
41-2011.00,2421,0.01883641695471051,0.008291445795067989
41-2011.00,2419,0.04700704231741735,0.011099604802509287
41-2011.00,2417,0.021367226014414292,0.0070901204074966554
41-2011.00,2416,0.02303962696815819,0.006350156790007074
41-2011.00,2414,0.01861138423664897,0.006548789631361569
41-2011.00,2413,0.0249424834984871,0.00870401819294629
41-2011.00,2412,0.045044787354617526,0.01318635239422088
41-2011.00,2411,0.01836889437725471,0.0060621082924319355
41-2011.00,2408,0.05602148602359314,0.0069846714565969786
41-2011.00,2405,0.05513043925298117,0.01230826887010361
41-2011.00,2403,0.08359995753717944,0.015192979100303958
41-2011.00,2402,0.0248210723684309,0.007974087534620061
41-2011.00,2401,0.09107555612855889,0.0151413223388194
41-2011.00,2400,0.11232541189700793,0.016907685826163494
39-9032.00,2399,0.03526926058945833,0.01333992511948066
39-9032.00,2398,0.010073010316062881,0.00416419707242983
39-9032.00,2397,0.04221919334423475,0.011944305655025534
39-9032.00,2396,0.021163371423108483,0.005327816854049228
39-9032.00,2395,0.03298010637236402,0.009839624405866852
39-9032.00,2394,0.027393942978885668,0.0049005772012831175
39-9032.00,2393,0.0177881215476321,0.003961759659602572
39-9032.00,2392,0.02493769150020118,0.006101667652200104
39-9032.00,2391,0.013253199334183965,0.002851842518052547
39-9032.00,2390,0.044031257924267875,0.00804478732593971
39-9032.00,2389,0.03331565215393653,0.010740074247132707
39-9032.00,2388,0.043776711551291654,0.008208750170878671
39-9032.00,2387,0.07062973349756166,0.01866823166885756
39-9032.00,2386,0.029115993049396674,0.003776811970428166
39-9032.00,2385,0.043129827893094365,0.010310400687296389
39-9032.00,2383,0.014221012083152016,0.004455453440981187
39-9032.00,2382,0.08421943055757293,0.014166905031298757
39-9032.00,2381,0.06996982166750364,0.011035143138324585
39-9032.00,2380,0.14793731381079986,0.031290784241601845
31-1122.00,2379,0.12486190696411312,0.01956104143803724
31-1122.00,2378,0.07147285152649994,0.01981549932788445
31-1122.00,2377,0.013914717457948223,0.007019497256082364
31-1122.00,2376,0.06861559983398538,0.01724454935716978
31-1122.00,2375,0.046176519431353764,0.017500162702242854
31-1122.00,2374,0.12446845004406398,0.029862269992531897
31-1122.00,2373,0.11445854212837567,0.014872718547715645
31-1122.00,2372,0.07417433730592807,0.014904679245811856
31-1122.00,2371,0.11494975239339555,0.016760263699739243
31-1122.00,2370,0.1332095872038134,0.01765170030442637
31-1122.00,2369,0.11369773571052291,0.01727647703460811
39-9011.01,2368,0.08137000663116133,0.0
39-9011.01,2367,0.087127532809887,0.0
39-9011.01,2366,0.048417927848694975,0.0
39-9011.01,2365,0.11207681291769826,0.0
39-9011.01,2364,0.07289865205655743,0.0
39-9011.01,2363,0.02894874325278529,0.0
39-9011.01,2362,0.04424792353694218,0.0
39-9011.01,2361,0.01881672143363093,0.0
39-9011.01,2360,0.03748958629645799,0.0
39-9011.01,2359,0.030556858866402706,0.0
39-9011.01,2358,0.11703967634764553,0.0
39-9011.01,2357,0.023382444188427255,0.0
39-9011.01,2356,0.06744099916486938,0.0
39-9011.01,2355,0.06997490943601026,0.0
39-9011.01,2354,0.07016983535652213,0.0
39-9011.01,2353,0.010439528520283646,0.0
39-9011.01,2352,0.050674319562713586,0.0
39-9011.01,2351,0.023597708684318118,0.0
39-9011.00,2349,0.0033878417118146705,0.0014262310565019045
39-9011.00,2348,0.018020630209634198,0.0027641291619388353
39-9011.00,2347,0.01788660478029364,0.005007533906411505
39-9011.00,2346,0.05578486263257994,0.011866818378397382
39-9011.00,2344,0.025516048984959534,0.007683156908370588
39-9011.00,2342,0.06347065773036269,0.010350641793578126
39-9011.00,2339,0.050097264211455765,0.006658740572668625
39-9011.00,2338,0.04569944418638956,0.0074577030526726895
39-9011.00,2337,0.03916580048212564,0.007204826833531671
39-9011.00,2336,0.10484920559774741,0.012534090503668643
39-9011.00,2335,0.0424555514382462,0.008284502709575764
39-9011.00,2334,0.07313370445660086,0.009525786320061163
39-9011.00,2333,0.0409813284003055,0.007475362119219179
39-9011.00,2332,0.055492546351065604,0.00943508365990544
39-9011.00,2331,0.05398968436331679,0.007250608304907038
39-6011.00,2328,0.02773243291211366,0.011868907644305888
39-6011.00,2327,0.06821637689935296,0.0212580842062889
39-6011.00,2326,0.020254773172039164,0.005050086651346352
39-6011.00,2325,0.013501489675419113,0.0014600281468997898
39-6011.00,2324,0.11524935123417672,0.022656868905755006
39-6011.00,2322,0.008252373590814427,0.00208417838907156
39-6011.00,2321,0.0868881052474135,0.021320733512701306
39-6011.00,2320,0.03757893342436771,0.006783547056471427
39-6011.00,2319,0.0442194388353466,0.01721148668756911
39-6011.00,2318,0.02921884924439754,0.010520799477847885
39-6011.00,2317,0.15974696738800018,0.032438344126574356
39-6011.00,2316,0.12709123043013051,0.023326512201922278
39-6011.00,2315,0.1383969281991061,0.023105844659250308
39-6011.00,2314,0.12365274974732186,0.019797894330289483
35-9031.00,2313,0.010250995147417816,0.005142404105444833
35-9031.00,2312,0.016895108721256165,0.007650061503741208
35-9031.00,2310,0.014026903216295936,0.006944618439921449
35-9031.00,2307,0.052493894128765914,0.010389929672878847
35-9031.00,2305,0.049607468663468705,0.008542662658677291
35-9031.00,2304,0.05591019378071451,0.009079893519748961
35-9031.00,2303,0.04026948252498453,0.0078216989919388
35-9031.00,2302,0.07981678505516253,0.009822366108124479
35-9031.00,2301,0.03699651765942535,0.0091947203464447
35-9031.00,2297,0.10146474053859544,0.0071081917806871935
35-9031.00,2296,0.10337171799590615,0.006949117045079655
35-3031.00,2295,0.012527804715446785,0.003882325367351781
35-3031.00,2294,0.01462560581744591,0.00511819962847124
35-3031.00,2293,0.029032861215040878,0.006719824496300995
35-3031.00,2292,0.02246036568812212,0.008303619655570261
35-3031.00,2291,0.01841965325642474,0.0033820293656356454
35-3031.00,2290,0.039697676417640326,0.006381802622451811
35-3031.00,2289,0.02566785174946351,0.006189937249544262
35-3031.00,2288,0.0353749913782819,0.0065584233178401915
35-3031.00,2287,0.031088129739477482,0.007435520918042749
35-3031.00,2286,0.03024781737975267,0.0065934553899265275
35-3031.00,2285,0.058879695079678024,0.0036340320943583524
35-3031.00,2284,0.05017401126352631,0.005302792789850237
35-3031.00,2283,0.050220102565798314,0.005553010490941393
35-3031.00,2281,0.05858393334389874,0.00439456382785511
35-3031.00,2280,0.04096588094295037,0.005058459620575283
35-3031.00,2279,0.06297237312052494,0.0035907738678936474
35-3031.00,2278,0.05876590787533639,0.004941752888198349
35-3031.00,2277,0.05808789795165524,0.005204885021655392
35-3031.00,2276,0.0623939238133031,0.0035039374136760486
35-3031.00,2275,0.03149838193199722,0.007809250939095157
35-3011.00,2241,0.007404579775729964,0.0018617623145196203
35-3011.00,2239,0.0019854993290481892,0.0015991778767420791
35-3011.00,2238,0.033592601649413814,0.012210010318919749
35-3011.00,2237,0.051851287880024376,0.008610340240179749
35-3011.00,2236,0.035001731683590664,0.008657520858479182
35-3011.00,2235,0.01699944762681911,0.0015095737668230763
35-3011.00,2234,0.0011842551995959489,0.00044562011713188994
35-3011.00,2233,0.009061680409170419,0.003029602820060139
35-3011.00,2232,0.0750798054500488,0.015170418028353606
35-3011.00,2231,0.08379684867162321,0.01077434115148739
35-3011.00,2230,0.09317452106716366,0.012105251069437236
35-3011.00,2229,0.10256538899239029,0.011784385207791823
35-3011.00,2228,0.10719937245565937,0.010138986000349856
35-3011.00,2227,0.09843960620864606,0.012439956074152783
35-3011.00,2226,0.020204556470011407,0.006039117379402908
35-3011.00,2225,0.042243311063235096,0.013935905798314586
35-3011.00,2224,0.06242519929472697,0.01094501415263664
35-3011.00,2223,0.10084599033913554,0.011096349110117755
35-2021.00,2222,0.019303232393565666,0.0057003883693559345
35-2021.00,2221,0.015306647213977755,0.0020081018686734123
35-2021.00,2220,0.02907681866011236,0.008963402741998609
35-2021.00,2217,0.03755738589194028,0.005381567102934448
35-2021.00,2216,0.02075577804374887,0.005668568881250895
35-2021.00,2215,0.038318653511135184,0.012166174673987569
35-2021.00,2214,0.024525353419702352,0.004792303154469045
35-2021.00,2213,0.02805454077011408,0.004483839319952687
35-2021.00,2212,0.04624183640143268,0.013696193667466832
35-2021.00,2211,0.01595385513443857,0.0023547941629205984
35-2021.00,2210,0.0544912323363382,0.008676329042739534
35-2021.00,2209,0.025999889754451458,0.007836899524446826
35-2021.00,2208,0.05283659316744977,0.012131928765371277
35-2021.00,2207,0.027517537117277682,0.004998433453574094
35-2021.00,2206,0.03096391424622652,0.005218063673589203
35-2021.00,2204,0.05573704821777077,0.011916454181264984
35-2021.00,2203,0.050484713602793295,0.009319102782880806
35-2021.00,2201,0.035275075077155243,0.00586330942993135
35-2021.00,2200,0.03731647993251868,0.014875384352458705
35-2021.00,2199,0.029799942023969028,0.013120498926633957
35-2021.00,2197,0.038696322603324,0.003948929857692806
35-2015.00,2194,0.014590178642172675,0.007807867569668205
35-2015.00,2192,0.09963483792508804,0.023232326896265126
35-2015.00,2191,0.0978310776000628,0.02656531885222142
35-2015.00,2190,0.07392873601562017,0.020320224656098933
35-2015.00,2189,0.11160516938237183,0.022735063107238412
35-2015.00,2188,0.11427128450890793,0.027094093203681023
35-2015.00,2187,0.14462653903791522,0.01889697868237169
35-2014.00,2186,0.0022075333983310177,0.0013746595632693236
35-2014.00,2185,0.011721278546483227,0.007163370956836105
35-2014.00,2184,0.01319719753788098,0.005396758368124907
35-2014.00,2182,0.011724880131244708,0.00708241382669515
35-2014.00,2181,0.010772640942356082,0.004579204749301232
35-2014.00,2180,0.05576386676743836,0.014556842367930097
35-2014.00,2179,0.009849850413183796,0.002608472705505076
35-2014.00,2178,0.023133966148934624,0.01041873049472095
35-2014.00,2177,0.04817804494784034,0.012066137073879402
35-2014.00,2176,0.07194274084628802,0.014064474092314476
35-2014.00,2175,0.042625039423719494,0.017709797736425135
35-2014.00,2173,0.12257895969761029,0.010461523486858835
35-2014.00,2172,0.07681525125498424,0.012787673870363047
35-2014.00,2171,0.06697957088615782,0.012733866029283338
35-2014.00,2170,0.0935512667172961,0.01058780047990508
35-2014.00,2169,0.09652392434278,0.009876802316373836
35-1012.00,2167,0.03577006777552262,0.01761087254762924
35-1012.00,2166,0.02319060123377709,0.012840133150170742
35-1012.00,2165,0.025958653979983915,0.016935483479618058
35-1012.00,2158,0.05060668325075408,0.0211809005588837
35-1012.00,2154,0.07165701821093365,0.016228522644897173
35-1012.00,2153,0.05498946791529419,0.015503999228484855
35-1012.00,2151,0.06318974170087999,0.020458940527646907
35-1012.00,2150,0.05947703262718036,0.015470611481982356
35-1012.00,2148,0.06106231922881063,0.016312970117144117
35-1012.00,2147,0.059693616900065784,0.01295657210105864
35-1012.00,2146,0.05870140458553991,0.019865436933322506
35-1012.00,2145,0.0555269948565474,0.016441344095619023
35-1012.00,2144,0.05773853441398896,0.01428954337688273
33-9032.00,2143,0.01227867946983642,0.007201508217609693
33-9032.00,2141,0.0694539923623556,0.024557631205319046
33-9032.00,2140,0.042047092536118415,0.02310469188041348
33-9032.00,2139,0.07207679082815897,0.0298635111005514
33-9032.00,2138,0.050588262684020495,0.022627462142216233
33-9032.00,2137,0.10924489762891783,0.02436415727162491
33-9032.00,2136,0.12965009061267221,0.021404905483297033
33-9032.00,2135,0.0054901913713918575,0.003875219139966461
33-9032.00,2134,0.08565092957960449,0.02542787793558375
33-9032.00,2133,0.14962328524454335,0.022099246763145446
33-9032.00,2132,0.06060800332900053,0.024904045271612146
33-9032.00,2131,0.09522620897870451,0.025538671819114837
33-3021.02,2129,0.05205186787121747,0.011637182988315765
33-3021.02,2127,0.016899569877029303,0.0033562444005093835
33-3021.02,2125,0.11848351780656392,0.029358279436466392
33-3021.02,2123,0.0460442117379108,0.014163454281278642
33-3021.02,2122,0.04443066097412858,0.01284442496311021
33-3021.02,2121,0.012836099661801601,0.005715700003621968
33-3021.02,2120,0.06565263774363625,0.01198351512527265
33-3012.00,2119,0.01377805961712824,0.003878597054684906
33-3012.00,2118,0.027304145593563034,0.006043476481428322
33-3012.00,2117,0.031646993500971464,0.005446706087153773
33-3012.00,2116,0.010813584150264196,0.003984495720803228
33-3012.00,2114,0.02905824657264006,0.005391925239921907
33-3012.00,2113,0.031060047359041408,0.004832884817411227
33-3012.00,2112,0.024087631834938086,0.00475706514008507
33-3012.00,2111,0.010534753327312116,0.0034398801726749206
33-3012.00,2110,0.034452496290229506,0.004830321332103782
33-3012.00,2109,0.032093785910088386,0.003914939331226969
33-3012.00,2108,0.034447887850085936,0.00610126339049974
33-3012.00,2107,0.028298412368932168,0.00451062529308997
33-3012.00,2105,0.04774969131430824,0.0062907214728154396
33-3012.00,2104,0.016615235788914783,0.0029105246663875357
33-3012.00,2103,0.009616626256355634,0.0039030685961752563
33-3012.00,2102,0.04638689671286193,0.00798184643361182
33-3011.00,2098,0.015206673475032073,0.009803068535997462
33-3011.00,2097,0.08781155283236373,0.017132242288986257
33-3011.00,2095,0.0034585555094135438,0.0017249983252389741
33-3011.00,2094,0.1408290275085962,0.018494896878210206
33-3011.00,2093,0.02130417327177635,0.015880198529692118
33-3011.00,2092,0.022837872916381705,0.011655516193379843
33-3011.00,2091,0.04644802154145117,0.015088257732880918
31-9095.00,2055,0.06319911386131273,0.01572380172810267
31-9095.00,2054,0.06637809373173309,0.018903368251860155
31-9095.00,2053,0.09160840667293618,0.0165339802782255
31-9095.00,2052,0.18005574162877822,0.026232112584869044
31-9095.00,2049,0.055080768895659826,0.021839355047204762
31-9095.00,2048,0.1805113648365294,0.02322231958440702
31-9095.00,2046,0.18882383331282718,0.02676062621998903
31-9095.00,2045,0.14733780311879327,0.02128333266479968
31-9092.00,2043,0.01604872795278212,0.005512162370466888
31-9092.00,2042,0.02940562596668879,0.01209487872692357
31-9092.00,2041,0.016176577718815418,0.004929408320820596
31-9092.00,2040,0.03627666901565984,0.01119534804819786
31-9092.00,2039,0.01940397401730672,0.005101890088938063
31-9092.00,2038,0.081156917525977,0.011074629779694657
31-9092.00,2037,0.032410265896156996,0.007332927709597285
31-9092.00,2036,0.06267662995514041,0.009340261751157429
31-9092.00,2035,0.007064637306609654,0.003065158401311518
31-9092.00,2034,0.061441362310890375,0.010899651467645462
31-9092.00,2033,0.045352148394044306,0.005850237874835944
31-9092.00,2032,0.09698103483878552,0.00909385105775398
31-9092.00,2031,0.06258596643823633,0.011371702719856115
31-9092.00,2030,0.04870599669683333,0.01209663994754113
31-9092.00,2029,0.081094016603357,0.009202522796311449
31-9092.00,2027,0.035374097996084757,0.011620851213099527
31-9092.00,2026,0.08867391606716933,0.008678342601320634
31-9092.00,2025,0.09326978269198961,0.010009560937668431
31-9092.00,2024,0.08590165260747248,0.01130853770393598
31-2021.00,2023,0.005502215658706242,0.0025212837895440747
31-2021.00,2021,0.015178683050662414,0.0034148636192319077
31-2021.00,2019,0.028018194521101377,0.0074827978903440305
31-2021.00,2018,0.08763127358192015,0.009974768926890143
31-2021.00,2017,0.04365900963424269,0.01218606524974495
31-2021.00,2016,0.04631323547726274,0.005892682654753054
31-2021.00,2015,0.027268447980303905,0.009789816102886054
31-2021.00,2014,0.01824460976175347,0.0052497991642323025
31-2021.00,2013,0.08664371739911113,0.010073146901618028
31-2021.00,2012,0.031244874280162486,0.004924495249523776
31-2021.00,2009,0.03550864426364601,0.0031805743167797446
31-2021.00,2008,0.12341320639108214,0.004961851476681564
31-1133.00,2007,0.03892123624844267,0.004779965747633271
31-1133.00,2006,0.02389708095540235,0.00820301803183004
31-1133.00,2005,0.09597189732436076,0.01739855630224384
31-1133.00,2004,0.03800714746935392,0.005260876997569233
31-1133.00,2003,0.043245845111312235,0.008136808118050095
31-1133.00,2002,0.01799126524107338,0.006344682573103478
31-1133.00,2001,0.03246049575224756,0.012966463152915726
31-1133.00,2000,0.04367518840157645,0.007387144801793459
31-1133.00,1999,0.03571570669031971,0.008152322028826898
31-1133.00,1998,0.06591328023622779,0.010600496614021062
31-1133.00,1997,0.04418429856505393,0.010121602154099517
31-1133.00,1996,0.08393147512050698,0.009605541755273986
31-1133.00,1994,0.09258440231301923,0.020325159097254897
29-2055.00,1972,0.027556675253020194,0.005248992820547304
29-2055.00,1971,0.03872469311146907,0.006132630495424819
29-2055.00,1970,0.04179599724167381,0.008661075959035926
29-2055.00,1969,0.07734209456295009,0.009721221750493104
29-2055.00,1968,0.07865359283059227,0.008914380854580494
29-2055.00,1967,0.061645255038484045,0.008797689932937182
29-2055.00,1965,0.06555198435286125,0.007321148496978667
29-2055.00,1964,0.04445053664399189,0.0064271533624831526
29-2055.00,1963,0.08732942921727355,0.008840817405984216
29-2055.00,1961,0.07681183107548567,0.0077245284266889555
29-2055.00,1960,0.08811300024103637,0.00884939765356994
29-2055.00,1959,0.0668868291988866,0.008002451647013789
29-2052.00,1958,0.00899632604331242,0.0034702192549014256
29-2052.00,1957,0.008221849747350027,0.0037271056228633174
29-2052.00,1956,0.017190129596421366,0.004771863948970884
29-2052.00,1955,0.04301343038152321,0.0046833626455962275
29-2052.00,1954,0.060506173336608446,0.00790675122907881
29-2052.00,1953,0.05033792747782256,0.006476395780925319
29-2052.00,1952,0.054806179785753154,0.007320446811075243
29-2052.00,1951,0.03181081714438412,0.007020850595480026
29-2052.00,1949,0.03477719667537394,0.00618938286386564
29-2052.00,1947,0.03545317870681156,0.0061735311828831005
29-2052.00,1946,0.06740078125085229,0.006480954105465481
29-2052.00,1945,0.04514916659963206,0.005788642257147738
29-2052.00,1944,0.06226158655784881,0.0060581484316067314
29-2052.00,1943,0.06621888468271363,0.0073253185847143186
29-2052.00,1941,0.08663659848019345,0.005946778481845255
29-2052.00,1940,0.058184897130791544,0.006600491392850645
29-2052.00,1939,0.07791175018388541,0.006437750592601911
29-2012.00,1917,0.07614025450814514,0.016632197349653946
29-2012.00,1915,0.05494763459178378,0.00943117646873761
29-2012.00,1914,0.0725486846836831,0.021710077164265085
29-2012.00,1911,0.0040836255026328715,0.0014991927642949445
29-2012.00,1910,0.08859994571432978,0.022560425647166354
29-2012.00,1909,0.043281141543618847,0.012979653630012387
29-2012.00,1908,0.10810150302994385,0.020541189869310434
29-2012.00,1907,0.10099754923498429,0.026764273951652533
29-2012.00,1906,0.017576508024736863,0.008574046196486098
29-2012.00,1905,0.05841075279401154,0.013152798574404928
29-2012.00,1904,0.130642600747392,0.01755625065827577
29-2012.00,1902,0.1630975595700459,0.016624876972684773
29-2011.00,1901,0.00499719406057346,0.0021718185442070746
29-2011.00,1899,0.05081164886918326,0.0066783686753612275
29-2011.00,1898,0.03921523972730275,0.0076882131579088546
29-2011.00,1896,0.03395667630113381,0.007031000728373933
29-2011.00,1895,0.02101303568911616,0.005641992181935228
29-2011.00,1894,0.05543004903213928,0.006012351637336978
29-2011.00,1893,0.05429067370187874,0.009210485468169863
29-2011.00,1892,0.06648653216444013,0.00850015047311883
29-2011.00,1890,0.13076262074915146,0.00848738073823056
29-2011.00,1889,0.12470940613884375,0.012363555931208995
29-2011.00,1888,0.06711300029173152,0.008097497071259941
29-2011.00,1887,0.09542686342329938,0.007239821691702554
29-2011.00,1886,0.12222451107544695,0.007722002669039567
29-1127.00,1885,0.0017255144844637873,0.0012347462090094203
29-1127.00,1884,0.020906155389543653,0.009135532023195406
29-1127.00,1883,0.009103072282881548,0.002433512144356973
29-1127.00,1882,0.003926530790002192,0.001972259341828526
29-1127.00,1879,0.03859733509506623,0.015466746629706455
29-1127.00,1878,0.022827567007553586,0.00854282690117708
29-1127.00,1876,0.05241845790015688,0.009931134030592106
29-1127.00,1875,0.04123039564639302,0.008821699867515366
29-1127.00,1874,0.06357226645537505,0.013002801805176727
29-1127.00,1873,0.059997497792626885,0.01613987047435179
29-1127.00,1871,0.10580384156683396,0.01640519032081527
29-1127.00,1869,0.030400730234757225,0.00996595999023833
29-1127.00,1867,0.11637230605115363,0.016408383197841683
29-1141.00,1866,0.0022528627180151573,0.0008864426034799773
29-1141.00,1865,0.017188177921265917,0.004699684910506406
29-1141.00,1864,0.008882703353581281,0.0036943353424890475
29-1141.00,1863,0.010217299303754679,0.004354033081610509
29-1141.00,1862,0.007876110012615864,0.003020456450016586
29-1141.00,1861,0.026189397610603574,0.009447832337033354
29-1141.00,1860,0.01954777776725159,0.00675866297768872
29-1141.00,1859,0.009360270935802429,0.0035414761235801643
29-1141.00,1857,0.019909059716446655,0.006555816035242323
29-1141.00,1856,0.010154945084164162,0.003715525613922585
29-1141.00,1855,0.04373096649391062,0.007203855552985975
29-1141.00,1854,0.017645149883619475,0.005486719511346096
29-1141.00,1852,0.013629589264746908,0.006859918086688052
29-1141.00,1851,0.02806822203749105,0.006396792218368311
29-1141.00,1850,0.04051264864005174,0.007079396375891166
29-1141.00,1849,0.04388804684414643,0.01092322652944261
29-1141.00,1848,0.04192921179517675,0.010985356600856658
29-1141.00,1847,0.04332843259994201,0.009987963283260534
29-1141.00,1846,0.05384303998426821,0.010147517807084162
29-1141.00,1845,0.07955260077743162,0.015604671166299211
29-1141.00,1844,0.029225796529641735,0.007019124994791327
29-1141.00,1843,0.05738230360981394,0.010024553809173126
29-1141.00,1842,0.04052702507236131,0.00987422061229685
29-1141.00,1841,0.08887493082107664,0.014765153096688697
29-1141.00,1840,0.07677443648705716,0.01408479788368331
29-1141.00,1839,0.0851237812034379,0.00938698470569102
29-1223.00,1838,0.0025274468414442025,0.0007323621148528154
29-1223.00,1837,0.01621061001091725,0.007793248286077642
29-1223.00,1835,0.026073870136950325,0.005409037039684305
29-1223.00,1834,0.05747104076642919,0.008672784111682196
29-1223.00,1833,0.07117715554966944,0.010137321625459618
29-1223.00,1832,0.10612264878033606,0.011359067967390852
29-1223.00,1831,0.12522003640454624,0.017122700906736166
29-1223.00,1830,0.1426645741173405,0.0143941866245357
29-1223.00,1829,0.13465623691574494,0.01624098978655046
29-1223.00,1828,0.20102934680482204,0.01685892297727443
29-1223.00,1827,0.10134755268766418,0.011853430723598275
29-1051.00,1826,0.00447843073766615,0.003622515104618811
29-1051.00,1825,0.023726911356049585,0.0070706531549815065
29-1051.00,1824,0.10439951613532793,0.009899207766980259
29-1051.00,1823,0.02616721222157843,0.00972733149786309
29-1051.00,1822,0.04152611424205693,0.011531537139702985
29-1051.00,1820,0.06219574758456418,0.016365542772744445
29-1051.00,1819,0.02264577834291659,0.006157379216445904
29-1051.00,1818,0.010161165991241512,0.002714921537278989
29-1051.00,1816,0.019527747334809803,0.006067126598860238
29-1051.00,1815,0.03766214995805865,0.008535549579697172
29-1051.00,1814,0.05385885070694376,0.011659365092893132
29-1051.00,1813,0.030131788780203027,0.006856033880346383
29-1051.00,1812,0.09777465514705841,0.011313701814933375
29-1051.00,1811,0.05577760701113962,0.009998859960769638
29-1051.00,1810,0.09176104595179402,0.014741120167315996
29-1051.00,1809,0.10459832121738402,0.012179238561128883
29-1051.00,1808,0.1427260776085637,0.007300814702920148
27-3041.00,1795,0.0038667697767333898,0.003224166501283704
27-3041.00,1794,0.0029321269610528126,0.001471756900648754
27-3041.00,1793,0.02351901773211182,0.008711201545500175
27-3041.00,1792,0.002154190823228842,0.0017611370001415255
27-3041.00,1791,0.05474834894910045,0.011517885533213985
27-3041.00,1790,0.019141558766920353,0.008278733273613035
27-3041.00,1789,0.05832719741013086,0.011834078363550452
27-3041.00,1788,0.022083448605776764,0.008219974745498244
27-3041.00,1787,0.06520515596641044,0.012467618365043755
27-3041.00,1786,0.07814560183697548,0.010674088011449347
27-3041.00,1785,0.03548322053362901,0.010323064671790108
27-3041.00,1784,0.05164630068842259,0.012554328459943994
27-3041.00,1783,0.06039185858562448,0.012988153244223364
27-3041.00,1782,0.06389662160705963,0.012113831888603942
27-3041.00,1781,0.034416485986944585,0.010415660775116199
27-3041.00,1780,0.07870416044703421,0.01626137150103695
27-3041.00,1779,0.04528739886316227,0.010668966052288297
27-3041.00,1778,0.031385489815726024,0.010317306450059818
27-3041.00,1777,0.11695341985529654,0.017149101177411603
27-3041.00,1776,0.08115165192430608,0.01221087379655301
27-3031.00,1775,0.0038467239124975023,0.0
27-3031.00,1774,0.0061571223562380956,0.0
27-3031.00,1773,0.00652174612580303,0.0
27-3031.00,1772,0.07109307046002135,0.0
27-3031.00,1771,0.02146042509875686,0.0
27-3031.00,1770,0.03433729782300033,0.0
27-3031.00,1769,0.0853451802695711,0.0
27-3031.00,1768,0.02382696522863823,0.0
27-3031.00,1767,0.022589559667478186,0.0
27-3031.00,1765,0.06147386573827246,0.0
27-3031.00,1764,0.15584112086383806,0.0
27-2022.00,1761,0.011980477189085131,0.009503157637016004
27-2022.00,1760,0.02507858313468185,0.018080607317547185
27-2022.00,1758,0.028862313035565197,0.00896634117241163
27-2022.00,1757,0.03904765667304093,0.01853197662225887
27-2022.00,1756,0.05342557489517268,0.018613660730169502
27-2022.00,1755,0.011180476093292877,0.004613891914688717
27-2022.00,1754,0.052774010353885056,0.019039500700851354
27-2022.00,1753,0.04035953986004638,0.017185427861785032
27-2022.00,1752,0.05204352571549408,0.017830234189518155
27-2022.00,1751,0.050178195107737314,0.01746322206835526
27-2022.00,1750,0.09420259475635498,0.017915387535482035
27-2022.00,1748,0.012650460274151079,0.005122131789413863
27-2022.00,1747,0.0696810415532195,0.0186711333886167
27-2022.00,1746,0.028380217271576694,0.007829801493880887
27-2022.00,1745,0.05173493393775256,0.009373444356739894
27-2022.00,1742,0.05815753527795469,0.017531502500707022
27-1025.00,1741,0.001883865982984336,0.0
27-1025.00,1740,0.06449961867454887,0.0
27-1025.00,1739,0.03209037121133964,0.0
27-1025.00,1738,0.04762299701114299,0.0
27-1025.00,1737,0.07860552826751115,0.0
27-1025.00,1736,0.09855878496217343,0.0
27-1025.00,1735,0.06336161278781208,0.0
27-1025.00,1734,0.031852649818563276,0.0
27-1023.00,1732,0.0006582457043201033,0.0001555865858718298
27-1023.00,1731,0.012900004082785282,0.0025714301767673646
27-1023.00,1730,0.024275449727414123,0.003557073304756263
27-1023.00,1729,0.06964097594862763,0.012363448147673728
27-1023.00,1728,0.003995981651504328,0.002281507093708377
27-1023.00,1727,0.061226944359124465,0.01524874582081232
27-1023.00,1726,0.11946480781588956,0.02364534197370563
27-1023.00,1725,0.12021684641739543,0.02279571963415032
27-1023.00,1724,0.11081182914041565,0.015659568921500812
27-1023.00,1723,0.02106465398561803,0.003190188868669739
27-1023.00,1722,0.14178751118252347,0.02376295130687979
27-1023.00,1721,0.04246708115370641,0.008170606534805077
27-1023.00,1720,0.11407542216133722,0.017898970534152018
27-1023.00,1719,0.09679617419618966,0.019045971357392288
25-4031.00,1718,0.0007131773317229956,0.0002390195221992337
25-4031.00,1717,0.002416470162349301,0.0005581165084216017
25-4031.00,1714,0.009548360449373952,0.007111269319954713
25-4031.00,1710,0.005078411894201507,0.00329193090504349
25-4031.00,1707,0.014151431414702527,0.007450105398143102
25-4031.00,1706,0.008090460319664029,0.003104174700074085
25-4031.00,1705,0.01518870519693239,0.006380128103127921
25-4031.00,1704,0.02894269176649332,0.006917045403753987
25-4031.00,1703,0.0421000014591077,0.00977711579847848
25-4031.00,1702,0.03881543009328429,0.012312437440761935
25-4031.00,1701,0.011369557440968837,0.003213717535077301
25-4031.00,1700,0.03169466908952016,0.009774244264721779
25-4031.00,1699,0.02990059652868739,0.011288066762641004
25-4031.00,1698,0.03291345195068483,0.008484244403954093
25-4031.00,1697,0.02900385312918424,0.010337696050261636
25-4031.00,1696,0.07820498950791702,0.013357946835883273
25-4031.00,1695,0.018205146138972093,0.0049767402493252995
25-4031.00,1693,0.0237411322199674,0.010448457079477525
25-4031.00,1690,0.03331412677159318,0.009508129085934246
25-4031.00,1689,0.041215135172997554,0.008589656215086998
25-4031.00,1688,0.1294842310760071,0.016132263918345723
25-4012.00,1657,0.003815918085213374,0.0016838534080060913
25-4012.00,1656,0.0015859126124359061,0.0005567887210767646
25-4012.00,1655,0.07244324344138764,0.030930872503089634
25-4012.00,1654,0.040785458529999034,0.017208078237825296
25-4012.00,1653,0.01753861648332173,0.011068871694214432
25-4012.00,1652,0.042165407652989075,0.01554365724353449
25-4012.00,1651,0.020707312676628897,0.007852425184226217
25-4012.00,1649,0.10125884130962676,0.023127360808449758
25-4012.00,1648,0.020875262775337248,0.004988861887312515
25-4012.00,1647,0.1239788881376194,0.025885421784386024
25-4012.00,1646,0.06399469613688817,0.021690495996078283
25-4012.00,1645,0.1124241419505584,0.023634519855463852
25-4012.00,1644,0.21041812183275196,0.041273656727103245
23-2011.00,1641,0.0024690277652547514,0.0026823602138332306
23-2011.00,1639,0.07424230096472861,0.03969351688164204
23-2011.00,1636,0.12283095817932216,0.0291374410873346
21-1092.00,1633,0.030843139351435678,0.009284324580454181
21-1092.00,1632,0.026535601617368617,0.010349599274412456
21-1092.00,1631,0.04932670073378537,0.010933955079930415
21-1092.00,1630,0.010722073860016454,0.005539115274658921
21-1092.00,1629,0.02823421105081652,0.00983973482596746
21-1092.00,1628,0.04885298176716836,0.011161082321417486
21-1092.00,1627,0.01367264851228424,0.0070483141624139685
21-1092.00,1625,0.06903766899579546,0.009694785751982682
21-1092.00,1624,0.031326125964767026,0.008008271726139311
21-1092.00,1623,0.02534226532159869,0.008191234345110135
21-1092.00,1622,0.034628594772397395,0.00825496280278102
21-1092.00,1621,0.04713655950340621,0.00923645678283115
21-1092.00,1620,0.06633764128738397,0.009381204940713607
21-1092.00,1619,0.028454047754594577,0.010154354038535913
21-1092.00,1618,0.0726322806097047,0.010672252402618767
21-1092.00,1617,0.08334787951065883,0.012982577427157286
21-1092.00,1616,0.04629784973560879,0.009348827109853802
21-1092.00,1615,0.07297820200402717,0.01201725750485116
21-1092.00,1614,0.08805562334071357,0.013412703671432418
21-1014.00,1612,0.0035377443297998994,0.0
21-1014.00,1610,0.015489686616444774,0.0
21-1014.00,1609,0.003405420052279211,0.0
21-1014.00,1608,0.013421617095314977,0.0
21-1014.00,1607,0.005766609010073739,0.0
21-1014.00,1606,0.05151945330732631,0.0
21-1014.00,1605,0.015446790228336584,0.0
21-1014.00,1604,0.03626231776819176,0.0
21-1014.00,1603,0.008431786167130502,0.0
21-1014.00,1602,0.011075402154891313,0.0
21-1014.00,1601,0.0039237068008769116,0.0
21-1014.00,1600,0.06683368647549537,0.0
21-1014.00,1598,0.04149627938702846,0.0
21-1014.00,1597,0.004785271134272343,0.0
21-1014.00,1596,0.06905572054809493,0.0
21-1014.00,1595,0.10209010028737682,0.0
21-1014.00,1594,0.08510473118521764,0.0
21-1014.00,1593,0.09166514811563788,0.0
21-1014.00,1592,0.10344347486815528,0.0
21-1014.00,1591,0.11656189414786566,0.0
19-4092.00,1590,0.01832710574655029,0.00942636634805703
19-4092.00,1589,0.06058604084649521,0.033963334975570206
19-4092.00,1587,0.012403592700416978,0.005967036928268639
19-4092.00,1584,0.04401994718149768,0.015773450773976874
19-4092.00,1582,0.08823134594506171,0.02019585047159396
19-4092.00,1577,0.10541675018493768,0.018672528959250485
19-4092.00,1575,0.008378200691496043,0.003017287963666946
19-4092.00,1574,0.08217086394281162,0.019341334473901507
19-4092.00,1573,0.03879990513350665,0.015552519578401583
19-4092.00,1571,0.001474135997182114,0.00046635296037802776
19-4042.00,1570,0.08594065655642881,0.0
19-4042.00,1567,0.02463620935266038,0.0
19-4042.00,1566,0.06955937517704772,0.0
19-4042.00,1565,0.033112673714431086,0.0
19-4042.00,1564,0.019222829234771904,0.0
19-4042.00,1563,0.0585647786280327,0.0
19-4042.00,1562,0.019285085870436022,0.0
19-4042.00,1561,0.06052392799790705,0.0
19-4042.00,1560,0.047889839831617806,0.0
19-4042.00,1559,0.011498108486791694,0.0
19-4042.00,1558,0.003270050378253363,0.0
19-4042.00,1557,0.04398869231696051,0.0
19-4042.00,1556,0.07024092805601502,0.0
19-4042.00,1555,0.04700784440045112,0.0
19-4042.00,1554,0.03207370694046994,0.0
19-4042.00,1553,0.03170826451344269,0.0
19-4042.00,1552,0.07401141394611763,0.0
19-4042.00,1550,0.06827567991447053,0.0
19-4042.00,1549,0.05043927264912335,0.0
19-4031.00,1548,0.017123765748309597,0.011498613501523395
19-4031.00,1546,0.0042883497991977985,0.002622151798809998
19-4031.00,1544,0.05969942543474468,0.021823330528774394
19-4031.00,1543,0.03985142891394073,0.01576287964151909
19-4031.00,1542,0.0542894458361405,0.028951139256675605
19-4031.00,1541,0.11378556345521622,0.04332224416109477
19-4031.00,1540,0.06207213760284716,0.015454783249068252
19-4031.00,1539,0.10202347893868763,0.046900966334248236
19-4031.00,1538,0.1052295199430966,0.02888730726316292
19-4031.00,1537,0.14335228172798425,0.018825999221944396
19-4031.00,1536,0.1040008739376352,0.024074859606511793
19-4031.00,1535,0.11888242522460757,0.037232715233159824
19-2041.00,1534,0.0074465623882770116,0.005555000459597187
19-2041.00,1533,0.012171990924807592,0.007931126104609979
19-2041.00,1530,0.07627857588785955,0.02509927458984013
19-2041.00,1529,0.024816322196978977,0.012468446107477736
19-2041.00,1526,0.029815542058878253,0.01785134255019467
19-2041.00,1525,0.010674081527960677,0.0033741387781244716
19-2041.00,1524,0.011585406956130473,0.008326187572253577
19-2041.00,1523,0.0367375070343616,0.006071589502211979
19-2041.00,1522,0.012686206705409325,0.004493196716535657
19-2041.00,1520,0.05651197808734799,0.026776325445275778
19-2041.00,1519,0.09157065724872222,0.030065126791131137
19-2041.00,1517,0.08625618133550073,0.024081710412529423
19-2041.00,1515,0.023687162190038635,0.014034426754423991
19-2041.00,1514,0.025568074588666622,0.004909406149358337
19-2031.00,1513,0.0799260372941125,0.018677684188354936
19-2031.00,1511,0.06311107886485307,0.021509006647618328
19-2031.00,1510,0.07449726878905093,0.016894765693128703
19-2031.00,1509,0.09132888454878428,0.023240133128700702
19-2031.00,1508,0.09017888706334741,0.024829067247390126
19-2031.00,1507,0.11653146429095927,0.020902983148023687
19-2031.00,1506,0.1603280564742787,0.03000899570703106
19-2031.00,1505,0.0977900256874005,0.02135771848848177
19-1023.00,1504,0.0077043611645188975,0.007139921174990699
19-1023.00,1502,0.007097902946804969,0.006650835062260581
19-1023.00,1501,0.05159763975750328,0.0384228389750251
19-1023.00,1499,0.030269791215451328,0.021480050257330238
19-1023.00,1498,0.08538821220068264,0.017353873030228385
19-1023.00,1497,0.11678310104573551,0.03719571604120259
19-1023.00,1496,0.03325779189226805,0.013415537358200235
19-1023.00,1494,0.07410015049550261,0.02187560074960853
19-1023.00,1493,0.12805989810628984,0.0327081975542703
19-1023.00,1492,0.09422133068104972,0.03610485230083918
17-3027.00,1489,0.04643726250947646,0.0248246858929002
17-3027.00,1488,0.008054079209169538,0.0027061165367038478
17-3027.00,1487,0.04845464499664521,0.02348539912504206
17-3027.00,1486,0.040702683930997935,0.014993568620522863
17-3027.00,1485,0.09421796920887862,0.05357395326516673
17-3027.00,1483,0.01105068552167211,0.0045325884967555505
17-3027.00,1482,0.028636453707376337,0.011001600463333183
17-3027.00,1480,0.026975592840022766,0.014654790471212174
17-3027.00,1477,0.0120887058712432,0.003233336385900001
17-3027.00,1476,0.03494061369793984,0.007203768290353348
17-3027.00,1475,0.05400220253601425,0.03168641744877164
17-3027.00,1474,0.021811275274403907,0.006840092326893799
17-3022.00,1472,0.030772647619530268,0.015019157384332266
17-3022.00,1471,0.0640949726735794,0.030173681714719732
17-3022.00,1470,0.021028751181085246,0.006216351205358858
17-3022.00,1469,0.06433236740807557,0.0337120318790395
17-3022.00,1468,0.04825756552132996,0.026116466914378834
17-3022.00,1467,0.08229413312562953,0.03628557114863887
17-3022.00,1466,0.07405139871404323,0.011394461487746503
17-3022.00,1465,0.09879298065096086,0.024890456876471786
17-3022.00,1464,0.11682690263006319,0.031698064075850706
17-3022.00,1463,0.08008742867257558,0.030777327972961774
17-3022.00,1462,0.15899937456569996,0.034179158676947805
17-3022.00,1461,0.1426600279125849,0.024809221064654458
17-3013.00,1460,0.004216894512926592,0.0015434130083642735
17-3013.00,1459,0.024094712410533403,0.009398818269975693
17-3013.00,1458,0.018825628371595324,0.008406172748090688
17-3013.00,1457,0.015675229365772453,0.006941421765464228
17-3013.00,1456,0.0083583044495424,0.0027886267703387596
17-3013.00,1455,0.1170557473506141,0.013576196290642089
17-3013.00,1454,0.07308008801842301,0.010775477273550063
17-3013.00,1453,0.06752562177495511,0.015132852199907952
17-3013.00,1452,0.05665281091185267,0.008418177048926136
17-3013.00,1451,0.06506585322012337,0.014669703266940972
17-3013.00,1450,0.046309634175571344,0.009718429069752281
17-3013.00,1449,0.08074695701825516,0.00991538670851389
17-3013.00,1448,0.060986630126664346,0.01605609487850231
17-3013.00,1447,0.2084257797637989,0.015544690879686164
17-2141.00,1431,0.011520492455996961,0.008598499606874425
17-2141.00,1430,0.024538551555888043,0.011494904528211404
17-2141.00,1429,0.026799374253153298,0.011289948736726988
17-2141.00,1427,0.01619908173495018,0.009632079479670609
17-2141.00,1423,0.029956579768310572,0.01468537214134255
17-2141.00,1421,0.026051085612689887,0.007685549166894442
17-2141.00,1420,0.01260117899814683,0.007461687051635497
17-2141.00,1419,0.014012938423983374,0.008374900499161828
17-2141.00,1418,0.028390862814320128,0.010094260036005859
17-2141.00,1413,0.04305998113535785,0.014818290856521992
17-2141.00,1412,0.07675864961972426,0.022210861670988208
17-2141.00,1411,0.15796178565147084,0.02390412682909415
17-2112.00,1410,0.021470258942025696,0.008082413506521459
17-2112.00,1409,0.013643449966840814,0.00739772309246555
17-2112.00,1408,0.04751622559640108,0.017516609901283123
17-2112.00,1407,0.058150817820916356,0.017848429675673294
17-2112.00,1406,0.045732964455544596,0.015075834976486468
17-2112.00,1405,0.08115309049789685,0.028531292733687447
17-2112.00,1404,0.017747001270461128,0.0044801838753089325
17-2112.00,1403,0.06382370138530422,0.013243439544922993
17-2112.00,1402,0.014022786947935288,0.006476027426256433
17-2112.00,1400,0.07420804207201105,0.01929719791081141
17-2112.00,1399,0.044671126092742264,0.009458107565797869
17-2112.00,1398,0.05221264887883631,0.017220797924398002
17-2112.00,1395,0.02717864658675595,0.009711068836508763
17-2112.00,1394,0.09339250417340199,0.020517040335339434
17-2112.00,1393,0.08810351087060611,0.016933912149262105
17-2112.00,1392,0.04072887989546127,0.015069557550395777
17-2112.00,1391,0.06094522078375482,0.01359583960565824
17-2081.00,1390,0.03184301077491721,0.0
17-2081.00,1389,0.03550999879471922,0.0
17-2081.00,1388,0.01626027819770203,0.0
17-2081.00,1387,0.029082442144627234,0.0
17-2081.00,1385,0.0025034879146057904,0.0
17-2081.00,1383,0.04213649485602792,0.0
17-2081.00,1381,0.005583337854803527,0.0
17-2081.00,1380,0.1102839959845079,0.0
17-2081.00,1379,0.007202648215536356,0.0
17-2081.00,1378,0.03874273619069068,0.0
17-2081.00,1377,0.046209087005743145,0.0
17-2081.00,1376,0.016425602841656072,0.0
17-2081.00,1375,0.017002808506841674,0.0
17-2081.00,1374,0.05443968329319878,0.0
17-2081.00,1373,0.02606862040905392,0.0
17-2081.00,1372,0.04374754992408119,0.0
17-2081.00,1371,0.023129513935184014,0.0
17-2081.00,1370,0.06498375543294149,0.0
17-2081.00,1369,0.02510606271502825,0.0
17-2081.00,1368,0.012573277465863852,0.0
17-2081.00,1366,0.019146766860617705,0.0
17-2071.00,1365,0.003196149076232446,0.0016251128384547043
17-2071.00,1364,0.007896186557633285,0.004437214399212308
17-2071.00,1363,0.04303968434453191,0.028513717930780856
17-2071.00,1361,0.014029987247288614,0.005374989843007427
17-2071.00,1358,0.05009523255393542,0.018562236302193977
17-2071.00,1357,0.08633470193439857,0.015995309888629
17-2071.00,1356,0.01447941152207897,0.004474338863717954
17-2071.00,1355,0.023390399701850122,0.0061226024362578116
17-2071.00,1354,0.05141313980229835,0.02813142307419634
17-2071.00,1353,0.0339988313721914,0.012015392338086158
17-2071.00,1351,0.029221996414838525,0.008079156527059072
17-2071.00,1350,0.05668254299504451,0.023247888606686782
17-2071.00,1349,0.16277472539544077,0.035973472794421035
17-2071.00,1348,0.14754496775032055,0.0367063845458908
17-2071.00,1347,0.09517818019184805,0.029755477549263304
17-2011.00,1346,0.047321038173465745,0.00881920232489463
17-2011.00,1345,0.05321034433179488,0.016433761095345126
17-2011.00,1344,0.00681996831430921,0.0029838802861006917
17-2011.00,1341,0.04416223632698938,0.01304761997118532
17-2011.00,1340,0.03658468365928273,0.014056602124610833
17-2011.00,1339,0.1498465574631136,0.04579156608425008
17-2011.00,1337,0.09112192514701098,0.04146560650651789
17-2011.00,1335,0.2134094799456998,0.037992021141934125
15-1244.00,1333,0.011875420439531648,0.004567683705822368
15-1244.00,1332,0.00907050399227496,0.0029130229741518663
15-1244.00,1330,0.03425166700706761,0.009619532979101503
15-1244.00,1329,0.02782190595297019,0.007298109216686069
15-1244.00,1328,0.01432183489779184,0.005321766094090322
15-1244.00,1327,0.054781220393258744,0.01658010495820327
15-1244.00,1326,0.06231322597950304,0.020066263950708273
15-1244.00,1325,0.06841136072666576,0.01788585909632265
15-1244.00,1324,0.05098676686476339,0.016999747849754353
15-1244.00,1323,0.013573518968953157,0.0024849529965657513
15-1244.00,1322,0.04980381760227711,0.01848680619529267
15-1244.00,1321,0.027446107158485923,0.004902274099849761
15-1244.00,1320,0.1316008096689531,0.03074628325563289
15-1244.00,1319,0.023490808762963035,0.006301791774129344
15-1244.00,1318,0.19551412133865922,0.02708720087541127
15-1244.00,1317,0.04130069436361022,0.00479172196504208
15-1242.00,1315,0.02439961501664538,0.02131878669514054
15-1242.00,1314,0.013420869529654834,0.006951060379134269
15-1242.00,1313,0.05840317668091753,0.01878397421356847
15-1242.00,1312,0.01735382102578023,0.008137072650686217
15-1242.00,1311,0.011626171072101654,0.005308974013657935
15-1242.00,1309,0.008433477363864217,0.003763777552672756
15-1242.00,1306,0.0543440192435735,0.023322069301341057
15-1242.00,1305,0.06325163697543339,0.014019655443690136
15-1242.00,1303,0.11394646227810974,0.02736729052619278
15-1242.00,1302,0.03325300919889794,0.015038943412506415
15-1242.00,1301,0.03155987558312405,0.012541330229580363
15-1242.00,1300,0.1227784489197268,0.02672210765902325
15-1242.00,1299,0.12597217737147653,0.036168454427377324
15-1242.00,1298,0.016421385026743944,0.008662586657581583
15-1232.00,1297,0.0038149469029390235,0.0020890023127395235
15-1232.00,1296,0.009437591091790208,0.004442628523453213
15-1232.00,1295,0.050335779244792316,0.030651329912347567
15-1232.00,1293,0.00672628763569172,0.0022702994366139303
15-1232.00,1292,0.01865102943317745,0.0048061602903158515
15-1232.00,1291,0.025606820078157237,0.006677351376250542
15-1232.00,1290,0.017767512229006605,0.005423932035629875
15-1232.00,1289,0.06109535578134304,0.03032227926157464
15-1232.00,1288,0.14753117684916722,0.03632701855166636
15-1232.00,1287,0.12873566503624764,0.03214271974297194
15-1232.00,1286,0.08368045586608541,0.0320772156772813
15-1232.00,1285,0.141982056358369,0.03701721743328982
15-1232.00,1284,0.07662005704284049,0.028713673686298378
15-1232.00,1283,0.03690782836579888,0.006853790734146188
15-1232.00,1282,0.1911074380845937,0.041243982287424145
15-1251.00,1281,0.013407910645502957,0.008450406348686839
15-1251.00,1280,0.010377266648458025,0.008430078581261087
15-1251.00,1279,0.0315651289214375,0.018108041385131973
15-1251.00,1278,0.03391209745240634,0.00998965782356858
15-1251.00,1277,0.03502250066012818,0.011656717224065635
15-1251.00,1276,0.04963338996752052,0.019943073411009097
15-1251.00,1275,0.025349801964157273,0.012036880362790721
15-1251.00,1274,0.01490680309189831,0.006975044658911488
15-1251.00,1273,0.14759913367386854,0.027067883184259754
15-1251.00,1272,0.11116255516738865,0.021198179640130602
15-1251.00,1271,0.06886292430059811,0.018683790660126088
15-1251.00,1270,0.11588288305512771,0.025504958292648157
15-1251.00,1269,0.06409665341389914,0.01732569527197415
15-1251.00,1268,0.0956425910522665,0.021714790982884577
15-1251.00,1267,0.11671305081205327,0.02488754939564759
13-2053.00,1266,0.042338053663653306,0.0
13-2053.00,1265,0.1394638922332965,0.0
13-2053.00,1264,0.11930855442356987,0.0
13-2053.00,1263,0.1290114267691717,0.0
13-2053.00,1262,0.21131356025417428,0.0
13-2053.00,1261,0.084327243053248,0.0
13-2041.00,1259,0.13819101448164162,0.0
13-2041.00,1258,0.010068893654008492,0.0
13-2041.00,1257,0.10595506503332895,0.0
13-2041.00,1256,0.013044463019406777,0.0
13-2041.00,1255,0.18407922383518224,0.0
13-2041.00,1254,0.12236477538567171,0.0
13-2041.00,1253,0.03177989313311209,0.0
13-2041.00,1252,0.02882359052713131,0.0
13-2041.00,1251,0.12828530466458016,0.0
13-2041.00,1250,0.23647936198185002,0.0
13-1121.00,1229,0.004892359928826905,0.003141178191183743
13-1121.00,1228,0.009556835557074577,0.0061460616758033364
13-1121.00,1227,0.0004140786902158679,0.00023674628688304103
13-1121.00,1226,0.035717660885885565,0.014230264942677144
13-1121.00,1225,0.0024715419673768608,0.0016556790728761588
13-1121.00,1224,0.023058890689957905,0.016595411274293884
13-1121.00,1223,0.004403498233648073,0.0025520812809552975
13-1121.00,1222,0.0619615589926857,0.017918307936419988
13-1121.00,1221,0.06658360173357644,0.0175313665611808
13-1121.00,1220,0.011266373312704667,0.004233198203345089
13-1121.00,1219,0.0372396742315947,0.017946684934833722
13-1121.00,1218,0.024175417326643057,0.00473262153972568
13-1121.00,1217,0.06173250686299862,0.01455933904510575
13-1121.00,1216,0.05275288230907938,0.018921587633849584
13-1121.00,1215,0.042180626387073046,0.016201250362916492
13-1121.00,1214,0.10927451977428189,0.025866332834204617
13-1121.00,1213,0.031188042575276027,0.012270629059616926
13-1121.00,1212,0.05642367913565174,0.015251768590581036
13-1121.00,1211,0.09784934260554054,0.025635129648727432
13-1121.00,1210,0.07888799720899389,0.02324939650352083
13-1121.00,1209,0.1879689115909145,0.03617881564952775
13-1023.00,1160,0.0018627612820748215,0.0
13-1023.00,1159,0.005399567859582825,0.0
13-1023.00,1158,0.031117023106772685,0.0
13-1023.00,1157,0.04548822027126934,0.0
13-1023.00,1156,0.018393005650952983,0.0
13-1023.00,1155,0.061821393841747056,0.0
13-1023.00,1154,0.0018427643595172578,0.0
13-1023.00,1153,0.021762981410295475,0.0
13-1023.00,1152,0.02984572295039981,0.0
13-1023.00,1151,0.09272173080726662,0.0
13-1023.00,1150,0.02236549965654081,0.0
13-1023.00,1149,0.024389410607180542,0.0
13-1023.00,1148,0.023211981867000412,0.0
13-1023.00,1147,0.03627799089875388,0.0
13-1023.00,1146,0.16442816029065557,0.0
13-1023.00,1145,0.10747063661708588,0.0
13-1023.00,1144,0.03560946751325481,0.0
13-1023.00,1143,0.12837884098851482,0.0
13-1023.00,1142,0.14761284002113434,0.0
11-9151.00,1141,0.01992097938455971,0.01339107977284158
11-9151.00,1139,0.06024976792973661,0.02198659986071086
11-9151.00,1138,0.015095005809395021,0.00991425498655268
11-9151.00,1137,0.02742912189456816,0.02164690328340758
11-9151.00,1136,0.014950690586613162,0.011048405360948086
11-9151.00,1135,0.016194962378727234,0.010279345969418317
11-9151.00,1134,0.02399780615354342,0.01452150499773278
11-9151.00,1133,0.050473561629269664,0.021959537706767267
11-9151.00,1132,0.0617947043233419,0.023853949792967455
11-9151.00,1131,0.15309511972413548,0.0287248504084575
11-9151.00,1130,0.08424663919643444,0.01697397789899142
11-9151.00,1129,0.16649842925324304,0.029944536164433815
11-9151.00,1128,0.06533297372103042,0.018395581681191105
11-9151.00,1127,0.0656373208223473,0.020903591062493544
11-9081.00,1126,0.005455137724084575,0.004967653712836243
11-9081.00,1125,0.026594242174154625,0.0057233654677655245
11-9081.00,1124,0.022081862800115166,0.010639733317805353
11-9081.00,1123,0.032439949520891326,0.00851892167118898
11-9081.00,1122,0.028088056601007837,0.011270208761715427
11-9081.00,1121,0.03644038523818988,0.014103744957882731
11-9081.00,1120,0.04168456437818098,0.00685484477980377
11-9081.00,1119,0.01585042465269504,0.0033680163067520423
11-9081.00,1118,0.007091982206066112,0.004752673385231374
11-9081.00,1117,0.05026502413173583,0.010966159635700724
11-9081.00,1116,0.052236413190819,0.006422582916665533
11-9081.00,1115,0.03964198766310294,0.012325111544623289
11-9081.00,1114,0.05788767421899671,0.01723094356114972
11-9081.00,1113,0.0331729851871924,0.00967709239542565
11-9081.00,1112,0.12447642797617296,0.018061957775550194
11-9081.00,1111,0.027449455263996392,0.005734402794174294
11-9081.00,1109,0.07077789851190487,0.013041465561920937
11-9081.00,1108,0.019360120934103983,0.0019323037378613332
11-9081.00,1107,0.07169153607138488,0.013647063401365888
11-9081.00,1106,0.03177329670373882,0.004520220518142904
11-9081.00,1105,0.052408560527026034,0.012497568042253097
11-9081.00,1104,0.08797935122857069,0.01844075047129634
11-9051.00,1103,0.016802575266520046,0.008592053473027073
11-9051.00,1102,0.029835168675454042,0.015620062496064438
11-9051.00,1101,0.014599037879662683,0.004882365305345975
11-9051.00,1100,0.01692711441086973,0.004718562960138043
11-9051.00,1099,0.015686486077499204,0.00547788139375227
11-9051.00,1098,0.06083708527666237,0.02598669927229709
11-9051.00,1096,0.022658177803626157,0.006423816828184579
11-9051.00,1095,0.011206527786215299,0.0029060328000494805
11-9051.00,1094,0.012792875968929777,0.002668521355967436
11-9051.00,1093,0.015772313578027913,0.005031491306807142
11-9051.00,1092,0.014416691827106655,0.0023819298433175695
11-9051.00,1091,0.024399861062041506,0.006176339287175723
11-9051.00,1090,0.05181972169984573,0.014060138316639603
11-9051.00,1089,0.0949838707651384,0.022646070844477045
11-9051.00,1088,0.03431620180729697,0.00855782839206101
11-9051.00,1087,0.0329822858554853,0.009875866089538901
11-9051.00,1086,0.0684583353717598,0.014447588898222235
11-9051.00,1085,0.04428882290423059,0.008933137380496762
11-9051.00,1084,0.04880595570302859,0.012933483311170366
11-9051.00,1083,0.03529159711908988,0.009753196851982188
11-9051.00,1082,0.03593220645812106,0.008872580492255653
11-9051.00,1081,0.025162224011662234,0.00466652608326144
11-9051.00,1080,0.08948594547424785,0.01905894083100819
11-9051.00,1079,0.032581742263521785,0.006535820015574062
11-9051.00,1078,0.03620120396663061,0.006293074544236745
11-9051.00,1077,0.061488058458931155,0.015232352996737098
11-9041.00,1071,0.057512271604056676,0.015954768526946057
11-9041.00,1070,0.03278513727458352,0.009175099808175574
11-9041.00,1063,0.04968824767524976,0.023876053336834055
11-9041.00,1060,0.0808801183477584,0.01575734873362343
11-3061.00,1036,0.008947037254761658,0.0
11-3061.00,1035,0.10387085147919156,0.0
11-3061.00,1034,0.020486699381638752,0.0
11-3061.00,1033,0.010142642601543248,0.0
11-3061.00,1032,0.18478300568387337,0.0
11-3061.00,1031,0.04091075935459865,0.0
11-3061.00,1030,0.05329878257304222,0.0
11-3061.00,1029,0.010513814733920171,0.0
11-3061.00,1028,0.026437374993987576,0.0
11-3061.00,1027,0.0594918647983725,0.0
11-3061.00,1026,0.04702801608228068,0.0
11-3061.00,1025,0.04870191015246403,0.0
11-3061.00,1024,0.0037753971648772184,0.0
11-3061.00,1023,0.03664242976111481,0.0
11-3061.00,1022,0.10534052287240271,0.0
11-3061.00,1021,0.07295916913300106,0.0
11-3061.00,1020,0.08677136387749756,0.0
11-3131.00,1019,0.03414919597615853,0.0
11-3131.00,1018,0.007655883594499915,0.0
11-3131.00,1017,0.06430385948099485,0.0
11-3131.00,1016,0.006298475114525724,0.0
11-3131.00,1015,0.18252118601778594,0.0
11-3131.00,1014,0.2039295843252024,0.0
11-3131.00,1013,0.1692538310233207,0.0
11-3131.00,1012,0.044700610731448,0.0
11-3131.00,1011,0.049495582918464634,0.0
11-3131.00,1010,0.028064712890794395,0.0
11-3131.00,1009,0.15797552932990455,0.0
11-3131.00,1008,0.05165154859690038,0.0
11-3121.00,1007,0.005730967827472503,0.0
11-3121.00,1006,0.0032617861497586296,0.0
11-3121.00,1005,0.009696707983262371,0.0
11-3121.00,1004,0.014042679685819834,0.0
11-3121.00,1003,0.008718648101159963,0.0
11-3121.00,1002,0.05241762536985113,0.0
11-3121.00,1001,0.01540109294292347,0.0
11-3121.00,1000,0.004309864467670741,0.0
11-3121.00,999,0.002795913103647975,0.0
11-3121.00,998,0.0017864445951738049,0.0
11-3121.00,997,0.0077307618996978675,0.0
11-3121.00,996,0.02266023115607674,0.0
11-3121.00,995,0.034898062294346395,0.0
11-3121.00,994,0.030075162198089162,0.0
11-3121.00,993,0.033371940903630284,0.0
11-3121.00,992,0.012204327392881914,0.0
11-3121.00,991,0.20837072448308389,0.0
11-3121.00,990,0.19597114354236614,0.0
11-3121.00,989,0.016158265955467165,0.0
11-3121.00,988,0.01402836945937832,0.0
11-3121.00,987,0.04318822740943196,0.0
11-3121.00,986,0.08161865047866083,0.0
11-3121.00,985,0.05733455055733337,0.0
11-3121.00,984,0.03660788167015888,0.0
11-3121.00,983,0.0409499936159818,0.0
11-3121.00,982,0.04666997675667487,0.0
11-3021.00,981,0.014971244357941683,0.004182565197868774
11-3021.00,980,0.056664467523611754,0.008126230143250911
11-3021.00,979,0.015247135990906057,0.0064639622907456595
11-3021.00,978,0.05181452475890534,0.00733377484373383
11-3021.00,977,0.03713903128182082,0.014833142770701137
11-3021.00,976,0.03898848955771131,0.013037913526730878
11-3021.00,975,0.04829385554491648,0.007435605741322192
11-3021.00,974,0.024608043777083675,0.007248785568604735
11-3021.00,973,0.049143306547723434,0.01894802459507452
11-3021.00,972,0.029172874722394982,0.006802152337301327
11-3021.00,971,0.03518672838982955,0.012086971568119024
11-3021.00,970,0.05812067331970264,0.013893740072635915
11-3021.00,969,0.10103020467631206,0.017880062402324027
11-3021.00,968,0.10679380967757218,0.021358776331574722
11-3021.00,967,0.03911178752446858,0.010928595866887823
11-3021.00,966,0.12419984595920534,0.036801139631154625
11-2021.00,965,0.012254848908052198,0.007186150796934165
11-2021.00,964,0.02488386807719364,0.011134336400681632
11-2021.00,963,0.030999523799979584,0.01281127302945282
11-2021.00,962,0.020041817853464504,0.010716213307372366
11-2021.00,961,0.03599297079658635,0.012590308440497522
11-2021.00,960,0.005919181461480197,0.0025765990036271456
11-2021.00,959,0.011551525509704544,0.0057408686995814645
11-2021.00,958,0.053208030095527444,0.019164827707021638
11-2021.00,957,0.056138200891880465,0.019435164571275382
11-2021.00,956,0.043781718852607815,0.01193160637910656
11-2021.00,955,0.011317322620889284,0.0038721833905635277
11-2021.00,954,0.10766021691024055,0.04224019102610499
11-2021.00,952,0.06590847997104615,0.02031594433870032
11-2021.00,951,0.18017047345927326,0.03650919645584777
11-2021.00,950,0.036150563206631854,0.007336343757249842
11-1021.00,948,0.014309739436502324,0.014661433431159103
11-1021.00,947,0.04041683647526426,0.01740542109164436
11-1021.00,945,0.019285454594066765,0.011615819108888516
11-1021.00,933,0.16580629760951587,0.03798695749873212
51-8031.00,932,0.1154614807364825,0.0
51-8031.00,930,0.02602406114728813,0.0
51-8031.00,929,0.23294343140463203,0.0
51-8031.00,928,0.14328075212295963,0.0
51-8031.00,927,0.12179933994769307,0.0
51-8031.00,926,0.1553490635193384,0.0
51-8031.00,925,0.1807929899987495,0.0
49-2094.00,901,0.054816969412986666,0.025472430356557597
49-2094.00,900,0.015863730608602206,0.009907041625734275
49-2094.00,899,0.02852589174130775,0.005134846350028889
49-2094.00,898,0.03298752204602985,0.010397279198834706
49-2094.00,897,0.024147619293080777,0.010389385920901495
49-2094.00,895,0.02655915434379393,0.010560525401186563
49-2094.00,894,0.03478474213285095,0.010441745766037716
49-2094.00,893,0.04424785776674533,0.007941247844088544
49-2094.00,892,0.09657869500449118,0.04507525306121112
49-2094.00,891,0.04607869474927131,0.01733086366649204
49-2094.00,890,0.08553489210959309,0.04575024577331136
49-2094.00,889,0.05327465330407521,0.024292153131249754
49-2094.00,888,0.04358566082013816,0.014715517654476477
49-2094.00,887,0.0715595831109934,0.02617275068409998
49-2094.00,886,0.07881880474516144,0.025347385809005144
49-2094.00,885,0.04742927839885202,0.00939280221376839
49-2094.00,884,0.05215535960996433,0.030449259247452936
49-2094.00,883,0.11452094890828424,0.045148295699600036
49-2094.00,882,0.048529941893778086,0.010859245394294606
47-4011.00,880,0.06116931075195732,0.0
47-4011.00,878,0.11012849919394499,0.0
47-4011.00,875,0.09351912893174537,0.0
47-4011.00,873,0.042796162163393686,0.0
47-4011.00,872,0.0989810578055991,0.0
47-4011.00,871,0.1452242774391798,0.0
47-4011.00,870,0.10820663944788239,0.0
47-4011.00,869,0.07302258360987927,0.0
43-9061.00,844,0.010257561167560172,0.003947794762436004
43-9061.00,843,0.00878681167804441,0.004387170941250037
43-9061.00,842,0.010746316373034574,0.005757069739877536
43-9061.00,841,0.025143560880196692,0.007296620041431266
43-9061.00,840,0.045371972172040094,0.007809034866072109
43-9061.00,839,0.01804286346209533,0.005915608885487457
43-9061.00,838,0.013813946408199627,0.005909393902600111
43-9061.00,837,0.03719177809405758,0.008008240602321429
43-9061.00,836,0.00998532081576934,0.002928650826530888
43-9061.00,835,0.05521947024731024,0.009858380662414637
43-9061.00,834,0.05465661760590589,0.007769565824732739
43-9061.00,833,0.05191320915745327,0.010665720630563218
43-9061.00,832,0.0651607831256002,0.01028316112121569
43-9061.00,831,0.06267430097065423,0.014272616193732568
43-9061.00,830,0.15544413022534503,0.015369725448456948
43-9061.00,829,0.021776126080209183,0.006373461175374746
43-9061.00,828,0.062322489706875664,0.012019273125679963
43-9061.00,827,0.1573728050467247,0.015054102566859724
43-9061.00,826,0.09796683706207145,0.013292679889476439
43-9061.00,825,0.03615309972085234,0.012041512920738762
43-9022.00,807,0.05580279894587048,0.010326358881567048
43-9022.00,806,0.01596578588121052,0.007186196659957577
43-9022.00,805,0.06091846550840712,0.008452094276667455
43-9022.00,804,0.02241415905710587,0.006930116010403849
43-9022.00,803,0.05551226239528041,0.015476365277994961
43-9022.00,802,0.049578717260327705,0.008023163218094872
43-9022.00,801,0.027341681243503897,0.008074100503486371
43-9022.00,800,0.033271525968900595,0.012207518610675072
43-9022.00,799,0.03203947133078444,0.010217440490364361
43-9022.00,798,0.043156018948401854,0.008610055721740598
43-9022.00,797,0.027379513447953276,0.009592715194664866
43-9022.00,796,0.04512772551351417,0.012602684278261164
43-9022.00,795,0.08767378384146556,0.010901624419807267
43-9022.00,794,0.08233082419328232,0.011181642133253096
43-9022.00,793,0.07281338032673529,0.01194319808126131
43-9022.00,792,0.04002977520420483,0.008876177298758274
43-9022.00,791,0.13312993288522587,0.013706505944674052
43-9022.00,790,0.08948771820382938,0.020682389872038177
43-6013.00,789,0.029072117225947988,0.009096531734415802
43-6013.00,788,0.057201191524708664,0.013064043557774453
43-6013.00,787,0.06093709049152365,0.011576211443818972
43-6013.00,786,0.03818195741188265,0.010116056021818462
43-6013.00,784,0.01916879268746535,0.007311472924992623
43-6013.00,783,0.07340344338770664,0.008307879550385837
43-6013.00,782,0.10117170866314543,0.00913720567804126
43-6013.00,781,0.0646549490746573,0.00905606532288326
43-6013.00,780,0.06999224942872746,0.01237411962187532
43-6013.00,779,0.08849047652346234,0.012000416593242951
43-6013.00,778,0.07769913940445833,0.01027258477030762
43-6013.00,777,0.1344160362530312,0.009219184132416116
43-6013.00,776,0.04616261662476706,0.01180446536207801
43-6013.00,775,0.09110348992067106,0.01221088249786575
43-6012.00,774,0.06529458046410754,0.023841870197166652
43-6012.00,773,0.030071299103241165,0.018945037975574005
43-6012.00,772,0.01646226284204331,0.010736467205316753
43-6012.00,771,0.05134503075726829,0.01660400003991343
43-6012.00,770,0.02585993514661308,0.01605373812444727
43-6012.00,769,0.05872727841935912,0.01633064502416711
43-6012.00,768,0.13878976415837815,0.031474147299289504
43-6012.00,767,0.1512175052573655,0.03015494218214934
43-6012.00,766,0.07983706783400028,0.027055484403762507
43-6012.00,765,0.17051721119760804,0.02896951898991251
43-6012.00,764,0.08666075539796121,0.02001098980142554
43-4171.00,762,0.04815412413203051,0.013443962820308198
43-4171.00,760,0.01244707784144833,0.004593669322700597
43-4171.00,758,0.03578055179145613,0.012657548528874591
43-4171.00,757,0.002283484842652347,0.001031064894911264
43-4171.00,755,0.03672316886649938,0.007076131842783457
43-4171.00,754,0.03678394109534226,0.013489719507857401
43-4171.00,753,0.06453329680642735,0.014357399477811469
43-4171.00,752,0.04128437708758789,0.011755409526399295
43-4171.00,751,0.09334864293362471,0.01824356327046815
43-4171.00,750,0.05916572082199777,0.013497510612734635
43-4171.00,749,0.07461269056273004,0.011030287550590906
43-4171.00,748,0.040237324932230784,0.009114878040664
43-4171.00,747,0.15226662700879337,0.016399783252125676
43-4171.00,746,0.06238785983996378,0.012777678889945982
43-4171.00,745,0.08929557354661687,0.013823662060986142
43-4171.00,744,0.15069553789059847,0.013327774357902382
41-3041.00,743,0.11766392188862203,0.022670910150373723
41-3041.00,742,0.06819790314236694,0.013526390766461484
41-3041.00,741,0.15359386206488088,0.0323087626175658
41-3041.00,740,0.13065300954667483,0.025429417194466515
41-3041.00,739,0.14242486733343612,0.02658768520238247
41-3041.00,738,0.13680980979106605,0.026676312844668645
41-3041.00,737,0.1245507215957003,0.023627669014179786
41-3021.00,736,0.012734414626276787,0.0053582583662414515
41-3021.00,735,0.032377128165820515,0.013583912116708579
41-3021.00,733,0.019224749384790824,0.01099549013088012
41-3021.00,732,0.023926997651722452,0.007928124622236766
41-3021.00,731,0.03998893464665888,0.011819681982937919
41-3021.00,730,0.021962203586775867,0.008519875459209821
41-3021.00,729,0.07626226046535524,0.018091583765226748
41-3021.00,728,0.10171025149995676,0.02414051378241855
41-3021.00,727,0.03397560620454977,0.00847793395169835
41-3021.00,726,0.020558391247501265,0.004869901502621296
41-3021.00,725,0.05099530213188786,0.014981042290075713
41-3021.00,724,0.10144754581143509,0.011809649308510368
41-3021.00,723,0.07028194702413072,0.01362477166630429
41-3021.00,722,0.05541804491404468,0.013931143536595894
41-3021.00,721,0.10322938989848279,0.019280284950235697
41-3021.00,720,0.09579208364630731,0.02004202222902609
41-3021.00,719,0.07743384706373983,0.02217167534137233
41-3021.00,718,0.06268090203056337,0.011983316808801589
41-2031.00,717,0.00788083530724971,0.004380467437225762
41-2031.00,716,0.012290164263006578,0.004979863132914616
41-2031.00,715,0.006689511466942538,0.004203667034966329
41-2031.00,714,0.011491759958863503,0.0037019173305986317
41-2031.00,713,0.02089366503607371,0.00678886652812877
41-2031.00,712,0.05787715929702555,0.00990421903409616
41-2031.00,711,0.02368044361557902,0.0068820736130327425
41-2031.00,710,0.037522188276537166,0.009430328983561921
41-2031.00,709,0.055118750541372975,0.011076593597952851
41-2031.00,708,0.034937294359864694,0.00891063714961356
41-2031.00,707,0.021424315270907573,0.007121717807042678
41-2031.00,706,0.04182215809559804,0.012007109046378046
41-2031.00,705,0.01856310058435678,0.007346390469351585
41-2031.00,704,0.03485738661722725,0.009183782554658897
41-2031.00,703,0.03384788195689929,0.010881838467446827
41-2031.00,702,0.06743372054157551,0.009504692214412651
41-2031.00,701,0.0841759665033696,0.011042669213371138
41-2031.00,700,0.08236572985794384,0.008879027747816728
41-2031.00,699,0.033842018428898606,0.007071626416196357
41-2031.00,698,0.03159130175869837,0.010375270874903022
41-2031.00,697,0.0676709866966514,0.014310076631792361
41-2031.00,696,0.0617414920213202,0.008176927866592335
41-2031.00,695,0.048357919538534605,0.012429528068822035
41-2031.00,694,0.10392425000550357,0.009360372706116851
41-2021.00,693,0.00843215919753308,0.00375007166470798
41-2021.00,692,0.06764975020817578,0.011102366658316265
41-2021.00,691,0.06503983022169503,0.00976269192974615
41-2021.00,690,0.06134781012608586,0.011103104800615406
41-2021.00,689,0.08929503353695195,0.01267722953936996
41-2021.00,688,0.04702893903079069,0.010731972796947549
41-2021.00,687,0.06149453908814702,0.011923781285841102
41-2021.00,686,0.052019177291438415,0.009404693638862436
41-2021.00,685,0.059118519551322135,0.015873873403606215
41-2021.00,684,0.06407902327897891,0.010197450690767136
41-2021.00,683,0.04973216957270665,0.013731938853400658
41-2021.00,682,0.08375137346569755,0.009223227234554595
41-2021.00,681,0.09895464635768211,0.012683493083919502
41-2021.00,680,0.05028479064036419,0.008701316475681868
41-2021.00,679,0.040581324678768155,0.010293435737111568
41-2021.00,678,0.10119091375366249,0.012322372935513097
41-1011.00,677,0.01792667044952085,0.006564563878231497
41-1011.00,676,0.032113711114582895,0.011704678079564344
41-1011.00,675,0.013670866020680603,0.00435390330790833
41-1011.00,674,0.011716083321548186,0.0030778238434514007
41-1011.00,673,0.01716244740669462,0.0042930680894198376
41-1011.00,672,0.0151556312479618,0.0019579523229932335
41-1011.00,671,0.06649231318360355,0.014432456516323387
41-1011.00,670,0.01924748527524067,0.004279803146027856
41-1011.00,669,0.0286338667853424,0.010457625826348266
41-1011.00,668,0.06279961110906954,0.01699219895714404
41-1011.00,667,0.03084768653541114,0.011003495826840182
41-1011.00,666,0.06314049720589442,0.013749891945853026
41-1011.00,665,0.016278123430550313,0.009000409190260924
41-1011.00,664,0.04013790535528957,0.010835617347037514
41-1011.00,663,0.04965370168018934,0.011193833502128419
41-1011.00,662,0.035580913236612145,0.00936542140001013
41-1011.00,661,0.02460649734239925,0.0069665708452866515
41-1011.00,660,0.09991424151466638,0.013717739125497244
41-1011.00,659,0.0789356550241598,0.018209924002764246
41-1011.00,658,0.09917156813538104,0.017355998595451772
41-1011.00,657,0.17681452462520164,0.015133067935181373
39-5012.00,656,0.0001789276194841903,0.0001141390734285536
39-5012.00,654,0.009123838811531688,0.0037603339380182367
39-5012.00,653,0.0007668889534148107,0.00040384360340014287
39-5012.00,652,0.025374559835216682,0.008761667380012765
39-5012.00,651,0.02146360691788494,0.009722168335713776
39-5012.00,650,0.027944430024491092,0.011607260181277694
39-5012.00,649,0.039768765017065846,0.010709268219181325
39-5012.00,648,0.008959264068666576,0.008324742218836669
39-5012.00,647,0.02076601984269449,0.005750774799613477
39-5012.00,646,0.05755266119963444,0.010873334065661011
39-5012.00,645,0.04363583869775086,0.010395482337280342
39-5012.00,644,0.0500538963828113,0.011521040489450303
39-5012.00,643,0.06796369491902904,0.015562045936988438
39-5012.00,642,0.07599420616102469,0.015297000485600454
39-5012.00,641,0.0743743037494509,0.011652690759944398
39-5012.00,640,0.06728282249826055,0.01410481460946493
39-5012.00,639,0.04394176922687759,0.008632673291490926
39-5012.00,638,0.09278204235312834,0.012760544914528105
39-5012.00,637,0.0696029170562421,0.012817635653262348
39-5012.00,636,0.08542802289531692,0.014090784672439575
39-5012.00,635,0.09490939753086212,0.012786989317448837
33-1012.00,583,0.018979361260101284,0.011110896682363283
33-1012.00,582,0.030638978580841122,0.010718276226710932
33-1012.00,581,0.008983372633454273,0.0034254337943799497
33-1012.00,580,0.019994803660476377,0.005718251950882115
33-1012.00,579,0.018886772508000707,0.007813369526725475
33-1012.00,578,0.05125184807034969,0.00897024324755863
33-1012.00,577,0.035223163955249756,0.007359944900594378
33-1012.00,576,0.020195093722469887,0.011402589611004363
33-1012.00,575,0.010000300174813955,0.004848265710333899
33-1012.00,574,0.15552060460839232,0.022403486799603398
33-1012.00,573,0.02751063935915918,0.009888593466626204
33-1012.00,572,0.00811245729851179,0.004884309082309791
33-1012.00,571,0.03768847881350151,0.008740163581232772
33-1012.00,570,0.07571591674400423,0.017745520565464773
33-1012.00,569,0.11533077582242893,0.019869445691189227
33-1012.00,568,0.06098418577976157,0.01901323222384283
33-1012.00,567,0.01178160504270313,0.0035332635583438026
33-1012.00,566,0.13226669830952603,0.020811369995067226
33-1012.00,565,0.03605563775577081,0.0058818208308941055
33-1012.00,564,0.12487930590048342,0.021499959105126983
31-9091.00,563,0.04821182503133003,0.011164311203067242
31-9091.00,562,0.0398990960278559,0.008131060658068786
31-9091.00,561,0.05322020960073385,0.01823610272860498
31-9091.00,560,0.040537414988456935,0.015554907840461011
31-9091.00,559,0.050779293204249516,0.01439601559337662
31-9091.00,558,0.03845667432775871,0.008030275428594911
31-9091.00,557,0.06730137218800447,0.016106396742371222
31-9091.00,556,0.023529918918267216,0.007312992959777192
31-9091.00,555,0.05824532121698748,0.013360550849802685
31-9091.00,554,0.08728457647633743,0.009559486439241802
31-9091.00,553,0.06719193617121441,0.011259805206273935
31-9091.00,552,0.12480726986821446,0.011676113565333964
31-9091.00,551,0.12484969843112771,0.010398956917124513
31-9091.00,550,0.132985854002195,0.008230938507418111
29-2061.00,529,0.033175533000830114,0.008183387342526471
29-2061.00,528,0.03466901834294393,0.00788078088554672
29-2061.00,527,0.0006561071683195826,0.00027159493235593275
29-2061.00,525,0.025550027173439252,0.005911332751484069
29-2061.00,524,0.014593453196941244,0.004450084739206294
29-2061.00,523,0.012741314947513821,0.0016824780256797533
29-2061.00,522,0.019448198210077424,0.00533450460731598
29-2061.00,521,0.029951427735389023,0.005673576781137777
29-2061.00,520,0.03426639521397753,0.0055243427633794515
29-2061.00,519,0.029455608600462962,0.006045014988113229
29-2061.00,518,0.02065700385817912,0.006205144687602889
29-2061.00,517,0.039320239928647006,0.006366093696089544
29-2061.00,516,0.056374928450671095,0.010003140523206987
29-2061.00,515,0.03479935987141403,0.004508838346682666
29-2061.00,514,0.06095092820684767,0.009309158229252079
29-2061.00,513,0.11130161297478833,0.014405464929933451
29-2061.00,512,0.042769640201064545,0.005714494274240484
29-2061.00,511,0.06995814270239119,0.007684490091399942
29-2061.00,510,0.07944441553927861,0.009864919918039653
29-2061.00,509,0.09463052556806895,0.011643805399270828
29-2061.00,508,0.08166653116104894,0.008639054642815435
29-2061.00,507,0.07361958794770561,0.008434181523939042
29-2032.00,450,0.009188059159366564,0.002705462423733814
29-2032.00,449,0.0049734984290579765,0.002252973248396033
29-2032.00,448,0.04211925179487303,0.004046497167099657
29-2032.00,447,0.03164531695649253,0.00398912698184105
29-2032.00,446,0.015359823933839474,0.002584153387955259
29-2032.00,445,0.017068309906532193,0.0039026833528796644
29-2032.00,444,0.01087986065658783,0.0034633986413898574
29-2032.00,443,0.05278015632820552,0.004175745971339468
29-2032.00,442,0.03203435732918616,0.0029160812394679447
29-2032.00,441,0.05816788183364666,0.004549449469115215
29-2032.00,440,0.07432995419268565,0.0039073982307400446
29-2032.00,439,0.0703489389975816,0.004574539856808727
29-2032.00,438,0.03467524075771379,0.004526976762914419
29-2032.00,437,0.05693895422336624,0.00371487120368111
29-2032.00,436,0.08437724873491617,0.0030816974636715603
29-2032.00,435,0.08064403787822266,0.003303935108249645
29-2032.00,434,0.07478803886128178,0.003528433908648682
29-2032.00,433,0.0839638293197823,0.0031051196910626896
29-2032.00,432,0.084817143717398,0.002195524212336191
29-2032.00,431,0.08090009698926391,0.002987700677494285
29-1292.00,428,2.3013927214134117e-05,5.317463379010493e-06
29-1292.00,427,0.021714411792206317,0.005766327676615736
29-1292.00,425,0.0003301950500757213,0.00018930742283443743
29-1292.00,424,0.0049586781796310654,0.0023207773651408425
29-1292.00,422,0.07402723418881293,0.012914787350242552
29-1292.00,421,0.11067344582381643,0.008060881668268816
29-1292.00,420,0.04790754275550814,0.006021633606424797
29-1292.00,419,0.058787298321594336,0.007820470609808585
29-1292.00,418,0.09148146623921387,0.009416232019850826
29-1292.00,417,0.12811833650556706,0.006210504068630171
29-1292.00,416,0.12028936768197365,0.008461342828855805
29-1126.00,415,0.03470773635901966,0.005061981128050164
29-1126.00,414,0.0234274133615429,0.003761926133889033
29-1126.00,413,0.023874894960046324,0.003991837417808506
29-1126.00,412,0.01554140903064096,0.004287846166405398
29-1126.00,411,0.021523980830244763,0.004627812389001959
29-1126.00,410,0.05373688038749172,0.006746473768488361
29-1126.00,409,0.01810042440313997,0.0041792156491212715
29-1126.00,408,0.03624831914156826,0.004775303080500931
29-1126.00,407,0.0581019507992288,0.004512597795008394
29-1126.00,406,0.042135711608224505,0.004427112177308379
29-1126.00,405,0.04278420272181691,0.00465910086699968
29-1126.00,404,0.10824291089020516,0.007980501365420053
29-1126.00,403,0.06572927210830078,0.006464625417873315
29-1126.00,401,0.0620918538821125,0.005312110480869787
29-1126.00,400,0.10064872275489574,0.005897183624770187
29-1126.00,399,0.069378384031133,0.006978223575663757
29-1126.00,398,0.01456312991669416,0.002524096370208989
29-1126.00,397,0.07229361754086634,0.005886081396173588
29-1125.00,396,0.06816523613825626,0.0
29-1125.00,395,0.0971429335106006,0.0
29-1125.00,394,0.07445912317482858,0.0
29-1125.00,393,0.16534457182748905,0.0
29-1125.00,392,0.11700092616120229,0.0
29-1125.00,391,0.06323265680794268,0.0
29-1125.00,390,0.10742528810390548,0.0
29-1125.00,389,0.09035490132331218,0.0
29-1125.00,388,0.0656439277544652,0.0
29-1125.00,387,0.11944909161322263,0.0
29-1123.00,386,0.005776680264729287,0.004483503705871841
29-1123.00,385,0.0038187744925797626,0.001126156970045013
29-1123.00,384,0.0011955379379278265,0.0006738740432376969
29-1123.00,383,0.013449410197208266,0.004303264381256091
29-1123.00,382,0.007628826548202697,0.0012510365832509405
29-1123.00,381,0.03478995961549462,0.005378359311917308
29-1123.00,380,0.0025945422106587865,0.0010364299529415978
29-1123.00,379,0.0049580805525458755,0.0015647775001289912
29-1123.00,378,0.05396320558288419,0.015408767228335797
29-1123.00,377,0.07894010127860863,0.009979646765769049
29-1123.00,375,0.052853987683244015,0.008573147036980512
29-1123.00,374,0.05318339421393126,0.0058716507895657495
29-1123.00,373,0.059388687604478366,0.006179808871439247
29-1123.00,372,0.01569338056697501,0.002215112168724389
29-1123.00,371,0.05692905750631434,0.008853755122562727
29-1123.00,370,0.08545553236776086,0.010446010995612067
29-1123.00,369,0.043302123267640644,0.005751274501322722
29-1123.00,368,0.07348376687264302,0.009154994804287048
29-1123.00,367,0.04348384131558836,0.005598311823785743
29-1123.00,366,0.08290834665691242,0.009554424507558251
29-1123.00,365,0.08297205906911823,0.009961903184159189
29-1123.00,364,0.04317362736837776,0.005415609556522253
29-1123.00,363,0.09476717031207436,0.01011572679571238
29-1122.00,362,0.0029265999404835654,0.0
29-1122.00,361,0.005377949388467782,0.0
29-1122.00,360,0.015664928895907624,0.0
29-1122.00,359,0.06876997267143312,0.0
29-1122.00,358,0.09430432106971172,0.0
29-1122.00,357,0.03561679570835708,0.0
29-1122.00,356,0.01625343388465352,0.0
29-1122.00,355,0.040859868574904944,0.0
29-1122.00,354,0.03887735274598462,0.0
29-1122.00,353,0.05948254062662935,0.0
29-1122.00,352,0.05003144639063368,0.0
29-1122.00,351,0.10911813008356251,0.0
29-1122.00,350,0.11661367497962849,0.0
29-1122.00,349,0.07155038205211647,0.0
29-1122.00,348,0.08514094343349257,0.0
29-1122.00,347,0.13571217245580794,0.0
29-1041.00,346,0.0302886728003914,0.0
29-1041.00,345,0.06184684358922076,0.0
29-1041.00,344,0.03706765538922623,0.0
29-1041.00,343,0.0055190532427140514,0.0
29-1041.00,342,0.03346298641969242,0.0
29-1041.00,341,0.16137586153197828,0.0
29-1041.00,340,0.08135776303343736,0.0
29-1041.00,339,0.17683621262304716,0.0
29-1041.00,338,0.19120466562885238,0.0
29-1041.00,337,0.22104028574143997,0.0
29-1031.00,336,0.00665982237841633,0.0
29-1031.00,335,0.0033653777627127906,0.0
29-1031.00,334,0.0003750897599717686,0.0
29-1031.00,333,0.001779167592172263,0.0
29-1031.00,332,0.00019087953839041238,0.0
29-1031.00,331,0.007022890745185396,0.0
29-1031.00,330,0.014442376702714217,0.0
29-1031.00,329,0.009921968897510154,0.0
29-1031.00,328,0.004922872334516138,0.0
29-1031.00,327,0.035878957651839835,0.0
29-1031.00,326,0.010635579684889922,0.0
29-1031.00,325,0.023824719300186065,0.0
29-1031.00,324,0.007148578620354824,0.0
29-1031.00,323,0.0013621584911673967,0.0
29-1031.00,322,0.004781089137445713,0.0
29-1031.00,321,0.006809472936508826,0.0
29-1031.00,320,0.0008628218072207828,0.0
29-1031.00,319,0.0005356725604288437,0.0
29-1031.00,318,0.011830441088812281,0.0
29-1031.00,317,0.15313427696029167,0.0
29-1031.00,316,0.12147658357012388,0.0
29-1031.00,315,0.07403257546044816,0.0
29-1031.00,314,0.1487274341893779,0.0
27-1024.00,313,0.002391750562467747,0.0
27-1024.00,312,0.023365351652154163,0.0
27-1024.00,310,0.048768012713838634,0.0
27-1024.00,309,0.04423073945753694,0.0
27-1024.00,308,0.03181475852475047,0.0
27-1024.00,307,0.0852637563913101,0.0
27-1024.00,306,0.06515777833537856,0.0
27-1024.00,305,0.024428960201634705,0.0
27-1024.00,304,0.06093893130807541,0.0
27-1024.00,303,0.07319305342325003,0.0
27-1024.00,302,0.013100236852842478,0.0
27-1024.00,301,0.10069972046181093,0.0
27-1024.00,300,0.12876695493694051,0.0
27-1024.00,299,0.1293372058670846,0.0
27-1011.00,298,0.010873495088843143,0.0050024398702462145
27-1011.00,297,0.027031024664443726,0.013846099201454033
27-1011.00,296,0.014029453517546886,0.011578210683960706
27-1011.00,295,0.05958050410476631,0.0172636723913393
27-1011.00,294,0.13539755574593645,0.026975219453821007
27-1011.00,293,0.01558779434715748,0.011445637978882891
27-1011.00,292,0.0740790942582381,0.018005918436828694
27-1011.00,291,0.11658324706188436,0.035212827042444494
27-1011.00,290,0.0318079187702305,0.012923759511020648
27-1011.00,289,0.024826587191183757,0.01478629160269816
27-1011.00,288,0.06741617635745087,0.0169408456201039
27-1011.00,287,0.08732586173695905,0.0192698561668872
27-1011.00,286,0.12079150385046153,0.025081276672257055
27-1011.00,285,0.06996805793714886,0.016130112274584257
27-1011.00,284,0.09402413340751073,0.024504026901313206
21-1023.00,282,0.01126249522215778,0.0050870271543102495
21-1023.00,281,0.08360391954013184,0.02063401463863992
21-1023.00,280,0.024162596121769693,0.005146413392756829
21-1023.00,279,0.06860630072409236,0.02078432566463944
21-1023.00,278,0.06916546888567755,0.02303110997643033
21-1023.00,277,0.023749579600592985,0.004914119801813076
21-1023.00,276,0.12930877880279576,0.023810943330007606
21-1023.00,275,0.10642126092923418,0.016927239838862705
21-1023.00,273,0.16862723259469067,0.030933344982231274
21-1022.00,272,0.008734105280964844,0.0
21-1022.00,271,0.01452483074384801,0.0
21-1022.00,270,0.05175270354247664,0.0
21-1022.00,269,0.007778600714856773,0.0
21-1022.00,268,0.06612398183685722,0.0
21-1022.00,267,0.10530346311589922,0.0
21-1022.00,266,0.059785981271838574,0.0
21-1022.00,265,0.08684773662231549,0.0
21-1022.00,264,0.08338006866271996,0.0
21-1022.00,263,0.08931932544223947,0.0
21-1022.00,262,0.03373561709687542,0.0
21-1022.00,261,0.06082344210908843,0.0
21-1022.00,260,0.10167018920081171,0.0
21-1022.00,259,0.00510937983097884,0.0
21-1022.00,258,0.11469750289446984,0.0
21-1021.00,257,0.003628905817090153,0.0012648215965268609
21-1021.00,256,0.02420786359986887,0.012440228154780119
21-1021.00,255,0.006043501640315477,0.002599418447340202
21-1021.00,254,0.011039955425822229,0.006887629126295295
21-1021.00,253,0.02164889356242586,0.019976383225700375
21-1021.00,252,0.05054655589592451,0.02087189708443369
21-1021.00,250,0.06452277512256228,0.016954042329371144
21-1021.00,246,0.02709034596895991,0.015963087842670667
21-1021.00,245,0.07278893983114591,0.028271319257875877
21-1021.00,244,0.029728020552516367,0.009194687927272432
21-1021.00,243,0.02203777650158875,0.008616704970252227
21-1021.00,242,0.06532479054447503,0.03034113022909542
21-1021.00,241,0.08360803781965827,0.02961376443815149
21-1021.00,240,0.06137897409912775,0.02635637657473701
21-1021.00,239,0.08150360595922863,0.020815704584403707
21-1021.00,238,0.07480685766997766,0.019312588905508896
21-1021.00,237,0.14906502210743947,0.03491284925852869
21-1021.00,236,0.08304578519673023,0.01900154888183401
21-1021.00,235,0.06798339268514268,0.018630558327969154
19-3051.00,233,0.19394952902627507,0.0
19-3051.00,232,0.016662772011804265,0.0
19-3051.00,231,0.016326340682242882,0.0
19-3051.00,230,0.019042801460393458,0.0
19-3051.00,229,0.042450108996750474,0.0
19-3051.00,228,0.039379194962699045,0.0
19-3051.00,227,0.033347871933522205,0.0
19-3051.00,226,0.07246196230363237,0.0
19-3051.00,225,0.05648889805389682,0.0
19-3051.00,222,0.042446869426734576,0.0
19-3051.00,220,0.15349088090539856,0.0
19-1032.00,219,0.046731963859865146,0.021211222157077533
19-1032.00,218,0.001232717308196172,0.0010325418670218455
19-1032.00,217,0.022978474541714523,0.01308292664852176
19-1032.00,216,0.05541873623990647,0.02477635895228698
19-1032.00,215,0.007639488526449772,0.004821970082625578
19-1032.00,214,0.02676633000143664,0.011560102076015748
19-1032.00,213,0.02333319918270221,0.022366195627986696
19-1032.00,212,0.04461098734933539,0.017128695364143222
19-1032.00,211,0.08294768804618421,0.02488333290581863
19-1032.00,209,0.010163528460204223,0.00398432347953139
19-1032.00,208,0.04995131347994426,0.010492404968236427
19-1032.00,207,0.054499372509779924,0.01613228187425178
19-1032.00,206,0.0383270148517998,0.012688579691248368
19-1032.00,205,0.14777780015307965,0.0608730270595318
19-1032.00,204,0.03783960705611274,0.013019827910537211
19-1032.00,203,0.0190583453306515,0.011329543223606317
19-1032.00,202,0.05138175344137904,0.024941009356413177
19-1032.00,201,0.010654094848752817,0.00542258816618327
19-1032.00,200,0.03572149676513841,0.012103274208352109
19-1032.00,199,0.018940996063160808,0.006998522051608925
19-1032.00,198,0.010437776355539111,0.0020333521838673055
19-1032.00,197,0.0781645039525262,0.017220586089452435
19-1032.00,196,0.031483617503857884,0.00794148437963501
19-1032.00,195,0.09393919417228311,0.024185905908125947
19-1029.04,194,0.011974305895660151,0.006355040160850453
19-1029.04,192,0.007551348867514531,0.0031534434418716622
19-1029.04,191,0.026061186553181313,0.014365894505001886
19-1029.04,189,0.00813058228182633,0.00414486344066351
19-1029.04,188,0.020777494295345172,0.01243781674544706
19-1029.04,186,0.16022279427960678,0.039625083852900075
19-1029.04,185,0.16979193402853995,0.055792503839273984
19-1029.04,184,0.050114465001287946,0.040153125725171324
19-1029.04,182,0.034209590498982284,0.014020239123131302
19-1029.04,181,0.006873363578074606,0.0042602873890129405
19-1029.04,180,0.0020743824029363254,0.0009112588377485921
19-1029.04,178,0.18223323369491168,0.06262989576868468
19-1029.04,177,0.0046363375848769445,0.0018150956797921881
19-1029.04,176,0.029107694320665355,0.018242380788205195
19-1029.04,175,0.03662215104743498,0.019584908175967516
19-1029.04,174,0.16232754806743083,0.032761590900120166
19-1029.04,173,0.029527297388603855,0.00971602076719828
17-2051.00,155,0.015436084223283273,0.0
17-2051.00,153,0.03110066180536686,0.0
17-2051.00,152,0.01093414735064742,0.0
17-2051.00,151,0.031484491994699756,0.0
17-2051.00,150,0.02643568367625403,0.0
17-2051.00,148,0.04325475256195677,0.0
17-2051.00,147,0.10892988647874143,0.0
17-1011.00,140,0.0006630587900645699,0.0
17-1011.00,139,0.0067115494353690505,0.0
17-1011.00,138,0.012928162785537212,0.0
17-1011.00,136,0.06809352709828015,0.0
17-1011.00,134,0.0773251797533353,0.0
17-1011.00,131,0.04125063082788745,0.0
17-1011.00,130,0.09839459147160882,0.0
13-1151.00,111,0.049206346376628206,0.0
13-1151.00,108,0.027515520220696366,0.0
13-1151.00,106,0.011842211000292091,0.0
13-1151.00,105,0.025562652457192893,0.0
13-1151.00,103,0.03591549679602783,0.0
13-1151.00,102,0.03590764736213368,0.0
13-1151.00,101,0.037145141162673166,0.0
13-1151.00,100,0.06017624320887062,0.0
13-1151.00,99,0.041915423163494385,0.0
13-1151.00,98,0.06668321826904322,0.0
13-1151.00,97,0.08830594443144016,0.0
13-1151.00,95,0.0308076766746966,0.0
13-1151.00,94,0.13838451361252002,0.0
13-1151.00,93,0.09122154698214777,0.0
13-1051.00,92,0.01494494899328404,0.0
13-1051.00,91,0.03530589866544017,0.0
13-1051.00,90,0.028728883227809254,0.0
13-1051.00,89,0.016546494881070514,0.0
13-1051.00,88,0.02319847945106013,0.0
13-1051.00,87,0.025639500845745358,0.0
13-1051.00,86,0.0551659164104167,0.0
13-1051.00,85,0.09339843651339874,0.0
13-1051.00,84,0.039989331897787764,0.0
13-1051.00,83,0.14196797781030884,0.0
13-1051.00,82,0.07533432094918467,0.0
13-1051.00,81,0.046383826309463416,0.0
13-1051.00,80,0.3568178870718636,0.0
13-1022.00,79,0.01526588384008319,0.007783304536593965
13-1022.00,78,0.008927061211555341,0.004399518438106279
13-1022.00,77,0.04413517685418335,0.01666947005894542
13-1022.00,76,0.040994470973859894,0.02589983260494626
13-1022.00,72,0.02405182519085859,0.00952382794987611
13-1022.00,68,0.04758256659247182,0.009023478217558828
13-1022.00,66,0.09124777554188507,0.021624935831738544
11-9111.00,63,0.025463438239196275,0.0
11-9111.00,62,0.0487737394355407,0.0
11-9111.00,61,0.020515665394606263,0.0
11-9111.00,60,0.028021057001490123,0.0
11-9111.00,59,0.032995322419350985,0.0
11-9111.00,58,0.07990797982702384,0.0
11-9111.00,57,0.035551754869049774,0.0
11-9111.00,56,0.04997399282392463,0.0
11-9111.00,55,0.08049468231737801,0.0
11-9111.00,54,0.0587029394746851,0.0
11-9111.00,53,0.04545909657785333,0.0
11-9111.00,52,0.08310993893381535,0.0
11-9111.00,51,0.026155928689806537,0.0
11-9111.00,50,0.03160624330073404,0.0
11-9111.00,49,0.11788145553332026,0.0
11-9111.00,48,0.029259922678899427,0.0
11-9111.00,47,0.04638877914062496,0.0
11-9111.00,46,0.15973806334270038,0.0
11-3051.00,45,0.01585999120690937,0.011208765425823684
11-3051.00,44,0.05596683188736848,0.014927365348098362
11-3051.00,43,0.035614914614145635,0.01372324795412657
11-3051.00,41,0.0340335781564503,0.007629600142724646
11-3051.00,40,0.0771349749825972,0.014721390254955684
11-3051.00,39,0.11361833977502096,0.015607313543880695
11-3051.00,38,0.09724561689145123,0.022212160575166066
11-3051.00,37,0.06003261581659962,0.017097041318029582
11-3051.00,36,0.05539731045572495,0.016150812006968565
11-3051.00,35,0.10234283851953258,0.01216813693129544
11-3051.00,34,0.12237364696112098,0.01769654585508508
11-3051.00,33,0.04726921565015448,0.005907349768727262
11-3051.00,32,0.18311012508292418,0.01999845573919404
11-3012.00,30,0.011574282102043386,0.0045917775420847295
11-3012.00,26,0.03449100598815053,0.030134388578556284
11-3012.00,24,0.18318494777881017,0.041235593761275065
11-3012.00,23,0.11759509605938179,0.02705871101382255
11-3012.00,22,0.09010519549026684,0.01874759250796502
11-3012.00,21,0.13636651397496205,0.02805917967721284
11-3012.00,20,0.13755735242301326,0.04043248695877195
11-3012.00,19,0.289125606183372,0.05256873442932792
11-2022.00,17,0.002593527452392955,0.0
11-2022.00,16,0.008108029134743384,0.0
11-2022.00,15,0.059218574776587304,0.0
11-2022.00,14,0.20989643324528082,0.0
11-2022.00,13,0.1629061574205101,0.0
11-2022.00,12,0.010851168294628084,0.0
11-2022.00,11,0.03667017057409001,0.0
11-2022.00,10,0.0041619115771175455,0.0
11-2022.00,9,0.004372360897119963,0.0
11-2022.00,8,0.015007679137474427,0.0
11-2022.00,7,0.016760746013672393,0.0
11-2022.00,6,0.02383531485309253,0.0
11-2022.00,5,0.03282442286501724,0.0
11-2022.00,4,0.004734042579592692,0.0
11-2022.00,3,0.1058401726783981,0.0
11-2022.00,2,0.08364299109300012,0.0
11-2022.00,1,0.2185762974072823,0.0
