onetsoc_code,task_id,pi,SE_pi
11-2022.00,1,0.2185762974072823,0.0
11-2022.00,2,0.08364299109300012,0.0
11-2022.00,3,0.1058401726783981,0.0
11-2022.00,4,0.004734042579592692,0.0
11-2022.00,5,0.03282442286501724,0.0
11-2022.00,6,0.02383531485309253,0.0
11-2022.00,7,0.016760746013672393,0.0
11-2022.00,8,0.015007679137474427,0.0
11-2022.00,9,0.004372360897119963,0.0
11-2022.00,10,0.0041619115771175455,0.0
11-2022.00,11,0.03667017057409001,0.0
11-2022.00,12,0.010851168294628084,0.0
11-2022.00,13,0.1629061574205101,0.0
11-2022.00,14,0.20989643324528082,0.0
11-2022.00,15,0.059218574776587304,0.0
11-2022.00,16,0.008108029134743384,0.0
11-2022.00,17,0.002593527452392955,0.0
11-3012.00,19,0.29945407860159573,0.05337901800911844
11-3012.00,20,0.14247133198774226,0.041576817231232514
11-3012.00,21,0.14123795305969822,0.02884407744565442
11-3012.00,22,0.09332403535244643,0.019312465430593864
11-3012.00,23,0.12179596128955228,0.0278467091792343
11-3012.00,24,0.18972888799061977,0.04227269520542496
11-3012.00,30,0.011987751718345294,0.00475069780938273
11-3051.00,32,0.18311012508292418,0.01999845573919404
11-3051.00,33,0.04726921565015448,0.005907349768727262
11-3051.00,34,0.12237364696112098,0.01769654585508508
11-3051.00,35,0.10234283851953258,0.01216813693129544
11-3051.00,36,0.05539731045572495,0.016150812006968565
11-3051.00,37,0.06003261581659962,0.017097041318029582
11-3051.00,38,0.09724561689145123,0.022212160575166066
11-3051.00,39,0.11361833977502096,0.015607313543880695
11-3051.00,40,0.0771349749825972,0.014721390254955684
11-3051.00,41,0.0340335781564503,0.007629600142724646
11-3051.00,43,0.035614914614145635,0.01372324795412657
11-3051.00,44,0.05596683188736848,0.014927365348098362
11-3051.00,45,0.01585999120690937,0.011208765425823684
11-9111.00,46,0.15973806334270038,0.0
11-9111.00,47,0.04638877914062496,0.0
11-9111.00,48,0.029259922678899427,0.0
11-9111.00,49,0.11788145553332026,0.0
11-9111.00,50,0.03160624330073404,0.0
11-9111.00,51,0.026155928689806537,0.0
11-9111.00,52,0.08310993893381535,0.0
11-9111.00,53,0.04545909657785333,0.0
11-9111.00,54,0.0587029394746851,0.0
11-9111.00,55,0.08049468231737801,0.0
11-9111.00,56,0.04997399282392463,0.0
11-9111.00,57,0.035551754869049774,0.0
11-9111.00,58,0.07990797982702384,0.0
11-9111.00,59,0.032995322419350985,0.0
11-9111.00,60,0.028021057001490123,0.0
11-9111.00,61,0.020515665394606263,0.0
11-9111.00,62,0.0487737394355407,0.0
11-9111.00,63,0.025463438239196275,0.0
13-1022.00,66,0.09790132456566589,0.02310893047215628
13-1022.00,68,0.05105216283873869,0.00969988575793307
13-1022.00,72,0.025805621347186,0.010212111872270935
13-1022.00,76,0.04398368052673643,0.027711917938063955
13-1022.00,77,0.04735339846154461,0.017847445381682443
13-1022.00,78,0.009577999155594437,0.004720826081461959
13-1022.00,79,0.016379032143350184,0.008347357316689449
13-1051.00,80,0.3568178870718636,0.0
13-1051.00,81,0.046383826309463416,0.0
13-1051.00,82,0.07533432094918467,0.0
13-1051.00,83,0.14196797781030884,0.0
13-1051.00,84,0.039989331897787764,0.0
13-1051.00,85,0.09339843651339874,0.0
13-1051.00,86,0.0551659164104167,0.0
13-1051.00,87,0.025639500845745358,0.0
13-1051.00,88,0.02319847945106013,0.0
13-1051.00,89,0.016546494881070514,0.0
13-1051.00,90,0.028728883227809254,0.0
13-1051.00,91,0.03530589866544017,0.0
13-1051.00,92,0.01494494899328404,0.0
13-1151.00,93,0.09122154698214777,0.0
13-1151.00,94,0.13838451361252002,0.0
13-1151.00,95,0.0308076766746966,0.0
13-1151.00,97,0.08830594443144016,0.0
13-1151.00,98,0.06668321826904322,0.0
13-1151.00,99,0.041915423163494385,0.0
13-1151.00,100,0.06017624320887062,0.0
13-1151.00,101,0.037145141162673166,0.0
13-1151.00,102,0.03590764736213368,0.0
13-1151.00,103,0.03591549679602783,0.0
13-1151.00,105,0.025562652457192893,0.0
13-1151.00,106,0.011842211000292091,0.0
13-1151.00,108,0.027515520220696366,0.0
13-1151.00,111,0.049206346376628206,0.0
17-1011.00,130,0.09839459147160882,0.0
17-1011.00,131,0.04125063082788745,0.0
17-1011.00,134,0.0773251797533353,0.0
17-1011.00,136,0.06809352709828015,0.0
17-1011.00,138,0.012928162785537212,0.0
17-1011.00,139,0.0067115494353690505,0.0
17-1011.00,140,0.0006630587900645699,0.0
17-2051.00,147,0.10892988647874143,0.0
17-2051.00,148,0.04325475256195677,0.0
17-2051.00,150,0.02643568367625403,0.0
17-2051.00,151,0.031484491994699756,0.0
17-2051.00,152,0.01093414735064742,0.0
17-2051.00,153,0.03110066180536686,0.0
17-2051.00,155,0.015436084223283273,0.0
19-1029.04,173,0.03189342745403829,0.010572899288716079
19-1029.04,174,0.1753354467205206,0.035870995422216986
19-1029.04,175,0.03955681762100567,0.02116819771184949
19-1029.04,176,0.03144020006141028,0.019709713041573124
19-1029.04,177,0.005007864230499275,0.001973195681179403
19-1029.04,178,0.1968362475600847,0.06689408300933787
19-1029.04,181,0.007424151277968236,0.004611704958485225
19-1029.04,182,0.036950929793958955,0.015197332986899336
19-1029.04,184,0.05413031991655947,0.04325224557624395
19-1029.04,185,0.1833979811613278,0.05978264028830367
19-1029.04,186,0.1730620313328161,0.04292912395526745
19-1029.04,192,0.008156466002173336,0.0034245710414712227
19-1029.04,194,0.012933850713445112,0.006883328688010438
19-1032.00,195,0.09630501513166224,0.024732199748615513
19-1032.00,196,0.03227651979372743,0.008135064284881198
19-1032.00,197,0.08013304566038044,0.017620068220814945
19-1032.00,198,0.01070064757014585,0.0020838693166988446
19-1032.00,199,0.01941801745846425,0.007171217839445076
19-1032.00,200,0.03662112834588591,0.012396598478503032
19-1032.00,201,0.010922413957922155,0.00555757916094901
19-1032.00,202,0.05267578231071685,0.02553331370804397
19-1032.00,203,0.019538322120229327,0.011609076459673117
19-1032.00,204,0.038792582395712094,0.01333459081207174
19-1032.00,205,0.15149952482842555,0.06209409689611482
19-1032.00,206,0.03929226536140632,0.012995214543986024
19-1032.00,207,0.05587191736597894,0.016515141342675146
19-1032.00,208,0.05120931729209786,0.010743915699748318
19-1032.00,209,0.010419492851470973,0.004083533682974984
19-1032.00,211,0.08503669232859058,0.0254520308259855
19-1032.00,212,0.04573449718800926,0.01753932174806301
19-1032.00,214,0.027440429295996493,0.011842938165067537
19-1032.00,215,0.007831885983486334,0.004942404103447171
19-1032.00,216,0.05681443490321648,0.025361873398101396
19-1032.00,217,0.02355717821449297,0.013404324114188591
19-1032.00,219,0.047908889641981735,0.021718057530146058
19-3051.00,220,0.15349088090539853,0.0
19-3051.00,222,0.042446869426734576,0.0
19-3051.00,225,0.05648889805389681,0.0
19-3051.00,226,0.07246196230363236,0.0
19-3051.00,227,0.0333478719335222,0.0
19-3051.00,228,0.03937919496269904,0.0
19-3051.00,229,0.04245010899675047,0.0
19-3051.00,230,0.019042801460393454,0.0
19-3051.00,231,0.01632634068224288,0.0
19-3051.00,232,0.016662772011804265,0.0
19-3051.00,233,0.19394952902627505,0.0
21-1021.00,235,0.06798339268514268,0.018630558327969154
21-1021.00,236,0.08304578519673023,0.01900154888183401
21-1021.00,237,0.14906502210743947,0.03491284925852869
21-1021.00,238,0.07480685766997766,0.019312588905508896
21-1021.00,239,0.08150360595922863,0.020815704584403707
21-1021.00,240,0.06137897409912775,0.02635637657473701
21-1021.00,241,0.08360803781965827,0.02961376443815149
21-1021.00,242,0.06532479054447503,0.03034113022909542
21-1021.00,243,0.02203777650158875,0.008616704970252227
21-1021.00,244,0.029728020552516367,0.009194687927272432
21-1021.00,245,0.07278893983114591,0.028271319257875877
21-1021.00,246,0.02709034596895991,0.015963087842670667
21-1021.00,250,0.06452277512256228,0.016954042329371144
21-1021.00,252,0.05054655589592451,0.02087189708443369
21-1021.00,253,0.02164889356242586,0.019976383225700375
21-1021.00,254,0.011039955425822229,0.006887629126295295
21-1021.00,255,0.006043501640315477,0.002599418447340202
21-1021.00,256,0.02420786359986887,0.012440228154780119
21-1021.00,257,0.003628905817090153,0.0012648215965268609
21-1022.00,258,0.11469750289446984,0.0
21-1022.00,259,0.00510937983097884,0.0
21-1022.00,260,0.10167018920081171,0.0
21-1022.00,261,0.06082344210908843,0.0
21-1022.00,262,0.03373561709687542,0.0
21-1022.00,263,0.08931932544223947,0.0
21-1022.00,264,0.08338006866271996,0.0
21-1022.00,265,0.08684773662231549,0.0
21-1022.00,266,0.059785981271838574,0.0
21-1022.00,267,0.10530346311589922,0.0
21-1022.00,268,0.06612398183685722,0.0
21-1022.00,269,0.007778600714856773,0.0
21-1022.00,270,0.05175270354247664,0.0
21-1022.00,271,0.01452483074384801,0.0
21-1022.00,272,0.008734105280964844,0.0
21-1023.00,273,0.1748202561371168,0.03196675217560346
21-1023.00,275,0.11032970065280807,0.01759003597156215
21-1023.00,276,0.13405778819496736,0.024667212805655696
21-1023.00,277,0.024621809449390415,0.005109507497278643
21-1023.00,278,0.07170564801653895,0.02384419983841891
21-1023.00,279,0.07112594377940068,0.02152573945835868
21-1023.00,281,0.08667436690491555,0.021375658141083016
27-1011.00,284,0.09402413340751073,0.024504026901313206
27-1011.00,285,0.06996805793714886,0.016130112274584257
27-1011.00,286,0.12079150385046153,0.025081276672257055
27-1011.00,287,0.08732586173695905,0.0192698561668872
27-1011.00,288,0.06741617635745087,0.0169408456201039
27-1011.00,289,0.024826587191183757,0.01478629160269816
27-1011.00,290,0.0318079187702305,0.012923759511020648
27-1011.00,291,0.11658324706188436,0.035212827042444494
27-1011.00,292,0.0740790942582381,0.018005918436828694
27-1011.00,293,0.01558779434715748,0.011445637978882891
27-1011.00,294,0.13539755574593645,0.026975219453821007
27-1011.00,295,0.05958050410476631,0.0172636723913393
27-1011.00,296,0.014029453517546886,0.011578210683960706
27-1011.00,297,0.027031024664443726,0.013846099201454033
27-1011.00,298,0.010873495088843143,0.0050024398702462145
27-1024.00,299,0.1293372058670846,0.0
27-1024.00,300,0.12876695493694051,0.0
27-1024.00,301,0.10069972046181093,0.0
27-1024.00,302,0.013100236852842478,0.0
27-1024.00,303,0.07319305342325003,0.0
27-1024.00,304,0.06093893130807541,0.0
27-1024.00,305,0.024428960201634705,0.0
27-1024.00,306,0.06515777833537856,0.0
27-1024.00,307,0.0852637563913101,0.0
27-1024.00,308,0.03181475852475047,0.0
27-1024.00,309,0.04423073945753694,0.0
27-1024.00,310,0.048768012713838634,0.0
27-1024.00,312,0.023365351652154163,0.0
27-1024.00,313,0.002391750562467747,0.0
29-1031.00,314,0.1487274341893779,0.0
29-1031.00,315,0.07403257546044816,0.0
29-1031.00,316,0.12147658357012388,0.0
29-1031.00,317,0.15313427696029167,0.0
29-1031.00,318,0.011830441088812281,0.0
29-1031.00,319,0.0005356725604288437,0.0
29-1031.00,320,0.0008628218072207828,0.0
29-1031.00,321,0.006809472936508826,0.0
29-1031.00,322,0.004781089137445713,0.0
29-1031.00,323,0.0013621584911673967,0.0
29-1031.00,324,0.007148578620354824,0.0
29-1031.00,325,0.023824719300186065,0.0
29-1031.00,326,0.010635579684889922,0.0
29-1031.00,327,0.035878957651839835,0.0
29-1031.00,328,0.004922872334516138,0.0
29-1031.00,329,0.009921968897510154,0.0
29-1031.00,330,0.014442376702714217,0.0
29-1031.00,331,0.007022890745185396,0.0
29-1031.00,332,0.00019087953839041238,0.0
29-1031.00,333,0.001779167592172263,0.0
29-1031.00,334,0.0003750897599717686,0.0
29-1031.00,335,0.0033653777627127906,0.0
29-1031.00,336,0.00665982237841633,0.0
29-1041.00,337,0.22104028574143997,0.0
29-1041.00,338,0.19120466562885238,0.0
29-1041.00,339,0.17683621262304716,0.0
29-1041.00,340,0.08135776303343736,0.0
29-1041.00,341,0.16137586153197828,0.0
29-1041.00,342,0.03346298641969242,0.0
29-1041.00,343,0.0055190532427140514,0.0
29-1041.00,344,0.03706765538922623,0.0
29-1041.00,345,0.06184684358922076,0.0
29-1041.00,346,0.0302886728003914,0.0
29-1122.00,347,0.13571217245580794,0.0
29-1122.00,348,0.08514094343349257,0.0
29-1122.00,349,0.07155038205211647,0.0
29-1122.00,350,0.11661367497962849,0.0
29-1122.00,351,0.10911813008356251,0.0
29-1122.00,352,0.05003144639063368,0.0
29-1122.00,353,0.05948254062662935,0.0
29-1122.00,354,0.03887735274598462,0.0
29-1122.00,355,0.040859868574904944,0.0
29-1122.00,356,0.01625343388465352,0.0
29-1122.00,357,0.03561679570835708,0.0
29-1122.00,358,0.09430432106971172,0.0
29-1122.00,359,0.06876997267143312,0.0
29-1122.00,360,0.015664928895907624,0.0
29-1122.00,361,0.005377949388467782,0.0
29-1122.00,362,0.0029265999404835654,0.0
29-1123.00,363,0.09476717031207436,0.01011572679571238
29-1123.00,364,0.04317362736837776,0.005415609556522253
29-1123.00,365,0.08297205906911823,0.009961903184159189
29-1123.00,366,0.08290834665691242,0.009554424507558251
29-1123.00,367,0.04348384131558836,0.005598311823785743
29-1123.00,368,0.07348376687264302,0.009154994804287048
29-1123.00,369,0.043302123267640644,0.005751274501322722
29-1123.00,370,0.08545553236776086,0.010446010995612067
29-1123.00,371,0.05692905750631434,0.008853755122562727
29-1123.00,372,0.01569338056697501,0.002215112168724389
29-1123.00,373,0.059388687604478366,0.006179808871439247
29-1123.00,374,0.05318339421393126,0.0058716507895657495
29-1123.00,375,0.052853987683244015,0.008573147036980512
29-1123.00,377,0.07894010127860863,0.009979646765769049
29-1123.00,378,0.05396320558288419,0.015408767228335797
29-1123.00,379,0.0049580805525458755,0.0015647775001289912
29-1123.00,380,0.0025945422106587865,0.0010364299529415978
29-1123.00,381,0.03478995961549462,0.005378359311917308
29-1123.00,382,0.007628826548202697,0.0012510365832509405
29-1123.00,383,0.013449410197208266,0.004303264381256091
29-1123.00,384,0.0011955379379278265,0.0006738740432376969
29-1123.00,385,0.0038187744925797626,0.001126156970045013
29-1123.00,386,0.005776680264729287,0.004483503705871841
29-1125.00,387,0.11944909161322263,0.0
29-1125.00,388,0.0656439277544652,0.0
29-1125.00,389,0.09035490132331218,0.0
29-1125.00,390,0.10742528810390548,0.0
29-1125.00,391,0.06323265680794268,0.0
29-1125.00,392,0.11700092616120229,0.0
29-1125.00,393,0.16534457182748905,0.0
29-1125.00,394,0.07445912317482858,0.0
29-1125.00,395,0.0971429335106006,0.0
29-1125.00,396,0.06816523613825626,0.0
29-1126.00,397,0.07229361754086634,0.005886081396173588
29-1126.00,398,0.01456312991669416,0.002524096370208989
29-1126.00,399,0.069378384031133,0.006978223575663757
29-1126.00,400,0.10064872275489574,0.005897183624770187
29-1126.00,401,0.0620918538821125,0.005312110480869787
29-1126.00,403,0.06572927210830078,0.006464625417873315
29-1126.00,404,0.10824291089020516,0.007980501365420053
29-1126.00,405,0.04278420272181691,0.00465910086699968
29-1126.00,406,0.042135711608224505,0.004427112177308379
29-1126.00,407,0.0581019507992288,0.004512597795008394
29-1126.00,408,0.03624831914156826,0.004775303080500931
29-1126.00,409,0.01810042440313997,0.0041792156491212715
29-1126.00,410,0.05373688038749172,0.006746473768488361
29-1126.00,411,0.021523980830244763,0.004627812389001959
29-1126.00,412,0.01554140903064096,0.004287846166405398
29-1126.00,413,0.023874894960046324,0.003991837417808506
29-1126.00,414,0.0234274133615429,0.003761926133889033
29-1126.00,415,0.03470773635901966,0.005061981128050164
29-1292.00,416,0.12093623206043283,0.008491797258394981
29-1292.00,417,0.12880730170432017,0.006226247019374758
29-1292.00,418,0.09197341413901342,0.00945690094792202
29-1292.00,419,0.0591034310764911,0.007857483868045584
29-1292.00,420,0.04816516887380298,0.006050344519829173
29-1292.00,421,0.11126859991868233,0.008090975973494847
29-1292.00,422,0.07442532075087052,0.012976077615929974
29-1292.00,424,0.004985343813846772,0.002333137957336891
29-1292.00,425,0.0003319706967513463,0.00019032200193674816
29-1292.00,427,0.021831182540596218,0.005796198585950458
29-2032.00,431,0.0892101951379581,0.0033116292878944778
29-2032.00,432,0.09352960285174261,0.002470093206989825
29-2032.00,434,0.08247030336299287,0.0038913182653951984
29-2032.00,435,0.088927833507837,0.0036519940782825167
29-2032.00,436,0.09304452163814875,0.0034155700530231464
29-2032.00,437,0.06278775188479514,0.00408840026705813
29-2032.00,438,0.03823709871277215,0.0049784306236140795
29-2032.00,439,0.07757521695623454,0.005026079046143342
29-2032.00,440,0.08196516400969159,0.004301838764811613
29-2032.00,441,0.06414291554965565,0.004999028845880631
29-2032.00,442,0.035324942426645384,0.0032116559336374515
29-2032.00,443,0.05820176020402061,0.00459115642113678
29-2032.00,444,0.01199744534764648,0.003815485358061355
29-2032.00,445,0.018821575178568084,0.004297273050317157
29-2032.00,446,0.01693759267809459,0.0028468139761470873
29-2032.00,447,0.03489593963361847,0.004388849127662155
29-2032.00,448,0.04644576226137356,0.004450357014895731
29-2032.00,449,0.005484378658204463,0.002483337122842938
29-2061.00,507,0.07748766189702712,0.008859533218799056
29-2061.00,508,0.08595740252452215,0.009073994067020157
29-2061.00,509,0.09960254294774322,0.012209036468976229
29-2061.00,510,0.08361853390550526,0.01035445793819006
29-2061.00,511,0.07363383930534222,0.00807571878287233
29-2061.00,512,0.04501681565661187,0.006010200787983766
29-2061.00,513,0.11714955211254958,0.015081895488664288
29-2061.00,514,0.06415337342769492,0.009775969324765469
29-2061.00,515,0.03662776588568426,0.004744814125094812
29-2061.00,516,0.059336944378956404,0.010504111248510075
29-2061.00,517,0.041386179171027826,0.006693242857268452
29-2061.00,518,0.0217423511240673,0.006525843424993689
29-2061.00,519,0.031003246606394134,0.006356585123082283
29-2061.00,520,0.036066798535420906,0.005809997401650657
29-2061.00,521,0.0315251167575354,0.0059665551138221576
29-2061.00,522,0.020470033172140484,0.005610941218032946
29-2061.00,523,0.013410761080023925,0.0017725002016808792
29-2061.00,525,0.026892460583746287,0.006216484021417695
29-2061.00,529,0.03491862092800679,0.008601452678382727
31-9091.00,550,0.132985854002195,0.008230938507418111
31-9091.00,551,0.12484969843112771,0.010398956917124513
31-9091.00,552,0.12480726986821446,0.011676113565333964
31-9091.00,553,0.06719193617121441,0.011259805206273935
31-9091.00,554,0.08728457647633743,0.009559486439241802
31-9091.00,555,0.05824532121698748,0.013360550849802685
31-9091.00,556,0.023529918918267216,0.007312992959777192
31-9091.00,557,0.06730137218800447,0.016106396742371222
31-9091.00,558,0.03845667432775871,0.008030275428594911
31-9091.00,559,0.050779293204249516,0.01439601559337662
31-9091.00,560,0.040537414988456935,0.015554907840461011
31-9091.00,561,0.05322020960073385,0.01823610272860498
31-9091.00,562,0.0398990960278559,0.008131060658068786
31-9091.00,563,0.04821182503133003,0.011164311203067242
33-1012.00,564,0.1309552925448723,0.022459026007812407
33-1012.00,565,0.03780992019575783,0.006180157031487089
33-1012.00,566,0.13870211758601145,0.02174594513774382
33-1012.00,567,0.012354837528043615,0.003707034581929543
33-1012.00,568,0.06395136353307199,0.019893113215224762
33-1012.00,569,0.120942179958055,0.02077038235244356
33-1012.00,570,0.07939986498175983,0.01856600591170639
33-1012.00,571,0.03952220692615337,0.009164819068414622
33-1012.00,572,0.008507167869999215,0.005121274011893383
33-1012.00,574,0.1630874397194146,0.02338991505610589
33-1012.00,575,0.010486863499809295,0.0050837451394359105
33-1012.00,576,0.021177683422621586,0.011948870017350106
33-1012.00,577,0.03693694248902673,0.007721955904496218
33-1012.00,578,0.053745500178120464,0.00941313653265647
33-1012.00,580,0.020967648273298344,0.005997695189984603
33-1012.00,581,0.009420457479088614,0.0035929064159001935
33-1012.00,582,0.03212971416198905,0.01123125998358097
33-1012.00,583,0.019902799652906766,0.01164368727530854
39-5012.00,635,0.09490939753086212,0.012786989317448837
39-5012.00,636,0.08542802289531692,0.014090784672439575
39-5012.00,637,0.0696029170562421,0.012817635653262348
39-5012.00,638,0.09278204235312834,0.012760544914528105
39-5012.00,639,0.04394176922687759,0.008632673291490926
39-5012.00,640,0.06728282249826055,0.01410481460946493
39-5012.00,641,0.0743743037494509,0.011652690759944398
39-5012.00,642,0.07599420616102469,0.015297000485600454
39-5012.00,643,0.06796369491902904,0.015562045936988438
39-5012.00,644,0.0500538963828113,0.011521040489450303
39-5012.00,645,0.04363583869775086,0.010395482337280342
39-5012.00,646,0.05755266119963444,0.010873334065661011
39-5012.00,647,0.02076601984269449,0.005750774799613477
39-5012.00,648,0.008959264068666576,0.008324742218836669
39-5012.00,649,0.039768765017065846,0.010709268219181325
39-5012.00,650,0.027944430024491092,0.011607260181277694
39-5012.00,651,0.02146360691788494,0.009722168335713776
39-5012.00,652,0.025374559835216682,0.008761667380012765
39-5012.00,653,0.0007668889534148107,0.00040384360340014287
39-5012.00,654,0.009123838811531688,0.0037603339380182367
39-5012.00,656,0.0001789276194841903,0.0001141390734285536
41-1011.00,657,0.180042079654209,0.015424887387470148
41-1011.00,658,0.1009818362349525,0.017653782730037922
41-1011.00,659,0.08037653874613489,0.018522659562749434
41-1011.00,660,0.10173806630142349,0.013963172512313757
41-1011.00,661,0.025055661936835498,0.007093140419870572
41-1011.00,662,0.036230403744798224,0.009534080106671984
41-1011.00,663,0.050560075491427034,0.011394013177042599
41-1011.00,664,0.04087057875165161,0.011029469959581052
41-1011.00,665,0.016575262702634673,0.009162805420372478
41-1011.00,666,0.0642930576628076,0.013992307610002433
41-1011.00,667,0.03141077718659862,0.011200399960027179
41-1011.00,668,0.06394594906453122,0.017287601043498097
41-1011.00,669,0.029156546587461925,0.010645116580890842
41-1011.00,670,0.019598826987849007,0.004359049393507233
41-1011.00,671,0.06770605736135693,0.014685858432332461
41-1011.00,672,0.015432280657595018,0.001996774648228942
41-1011.00,673,0.017475729042097415,0.004372159481485753
41-1011.00,674,0.011929947559935207,0.0031346999954126194
41-1011.00,675,0.01392041267115778,0.00443357475069074
41-1011.00,676,0.032699911654542314,0.011913698115095336
41-2021.00,678,0.10119091375366249,0.012322372935513097
41-2021.00,679,0.040581324678768155,0.010293435737111568
41-2021.00,680,0.05028479064036419,0.008701316475681868
41-2021.00,681,0.09895464635768211,0.012683493083919502
41-2021.00,682,0.08375137346569755,0.009223227234554595
41-2021.00,683,0.04973216957270665,0.013731938853400658
41-2021.00,684,0.06407902327897891,0.010197450690767136
41-2021.00,685,0.059118519551322135,0.015873873403606215
41-2021.00,686,0.052019177291438415,0.009404693638862436
41-2021.00,687,0.06149453908814702,0.011923781285841102
41-2021.00,688,0.04702893903079069,0.010731972796947549
41-2021.00,689,0.08929503353695195,0.01267722953936996
41-2021.00,690,0.06134781012608586,0.011103104800615406
41-2021.00,691,0.06503983022169503,0.00976269192974615
41-2021.00,692,0.06764975020817578,0.011102366658316265
41-2021.00,693,0.00843215919753308,0.00375007166470798
41-2031.00,694,0.10392425000550355,0.00936037270611685
41-2031.00,695,0.0483579195385346,0.012429528068822034
41-2031.00,696,0.06174149202132019,0.008176927866592333
41-2031.00,697,0.06767098669665139,0.01431007663179236
41-2031.00,698,0.03159130175869836,0.010375270874903022
41-2031.00,699,0.0338420184288986,0.007071626416196356
41-2031.00,700,0.08236572985794384,0.008879027747816728
41-2031.00,701,0.08417596650336959,0.011042669213371138
41-2031.00,702,0.0674337205415755,0.00950469221441265
41-2031.00,703,0.03384788195689929,0.010881838467446826
41-2031.00,704,0.03485738661722725,0.009183782554658897
41-2031.00,705,0.01856310058435678,0.007346390469351584
41-2031.00,706,0.041822158095598035,0.012007109046378042
41-2031.00,707,0.021424315270907573,0.007121717807042677
41-2031.00,708,0.03493729435986469,0.008910637149613558
41-2031.00,709,0.05511875054137297,0.01107659359795285
41-2031.00,710,0.03752218827653716,0.00943032898356192
41-2031.00,711,0.023680443615579017,0.006882073613032742
41-2031.00,712,0.05787715929702554,0.00990421903409616
41-2031.00,713,0.02089366503607371,0.006788866528128769
41-2031.00,714,0.011491759958863501,0.0037019173305986313
41-2031.00,715,0.006689511466942537,0.004203667034966329
41-2031.00,716,0.012290164263006576,0.004979863132914615
41-2031.00,717,0.00788083530724971,0.004380467437225762
41-3021.00,718,0.06268090203056337,0.011983316808801589
41-3021.00,719,0.07743384706373983,0.02217167534137233
41-3021.00,720,0.09579208364630731,0.02004202222902609
41-3021.00,721,0.10322938989848279,0.019280284950235697
41-3021.00,722,0.05541804491404468,0.013931143536595894
41-3021.00,723,0.07028194702413072,0.01362477166630429
41-3021.00,724,0.10144754581143509,0.011809649308510368
41-3021.00,725,0.05099530213188786,0.014981042290075713
41-3021.00,726,0.020558391247501265,0.004869901502621296
41-3021.00,727,0.03397560620454977,0.00847793395169835
41-3021.00,728,0.10171025149995676,0.02414051378241855
41-3021.00,729,0.07626226046535524,0.018091583765226748
41-3021.00,730,0.021962203586775867,0.008519875459209821
41-3021.00,731,0.03998893464665888,0.011819681982937919
41-3021.00,732,0.023926997651722452,0.007928124622236766
41-3021.00,733,0.019224749384790824,0.01099549013088012
41-3021.00,735,0.032377128165820515,0.013583912116708579
41-3021.00,736,0.012734414626276787,0.0053582583662414515
41-3041.00,737,0.1245507215957003,0.023627669014179786
41-3041.00,738,0.13680980979106605,0.026676312844668645
41-3041.00,739,0.14242486733343612,0.02658768520238247
41-3041.00,740,0.13065300954667483,0.025429417194466515
41-3041.00,741,0.15359386206488088,0.0323087626175658
41-3041.00,742,0.06819790314236694,0.013526390766461484
41-3041.00,743,0.11766392188862203,0.022670910150373723
43-4171.00,744,0.15069553789059847,0.013327774357902382
43-4171.00,745,0.08929557354661687,0.013823662060986142
43-4171.00,746,0.06238785983996378,0.012777678889945982
43-4171.00,747,0.15226662700879337,0.016399783252125676
43-4171.00,748,0.040237324932230784,0.009114878040664
43-4171.00,749,0.07461269056273004,0.011030287550590906
43-4171.00,750,0.05916572082199777,0.013497510612734635
43-4171.00,751,0.09334864293362471,0.01824356327046815
43-4171.00,752,0.04128437708758789,0.011755409526399295
43-4171.00,753,0.06453329680642735,0.014357399477811469
43-4171.00,754,0.03678394109534226,0.013489719507857401
43-4171.00,755,0.03672316886649938,0.007076131842783457
43-4171.00,757,0.002283484842652347,0.001031064894911264
43-4171.00,758,0.03578055179145613,0.012657548528874591
43-4171.00,760,0.01244707784144833,0.004593669322700597
43-4171.00,762,0.04815412413203051,0.013443962820308198
43-6012.00,764,0.08890200501428126,0.020516101474617163
43-6012.00,765,0.17492718469042615,0.02966451768048982
43-6012.00,766,0.081901840946459,0.027713681896316487
43-6012.00,767,0.15512834326105682,0.03086465086703143
43-6012.00,768,0.1423791917399941,0.032208182702626736
43-6012.00,769,0.06024610305480657,0.01674697240233168
43-6012.00,770,0.026528733490906897,0.016461499974361627
43-6012.00,771,0.052672933219648346,0.017025080006167554
43-6012.00,772,0.01688801542300174,0.011011779290848291
43-6012.00,773,0.03084901315925054,0.019423760845434745
43-6012.00,774,0.06698325087484806,0.024430557125222314
43-6013.00,775,0.09110348992067106,0.01221088249786575
43-6013.00,776,0.04616261662476706,0.01180446536207801
43-6013.00,777,0.1344160362530312,0.009219184132416116
43-6013.00,778,0.07769913940445833,0.01027258477030762
43-6013.00,779,0.08849047652346234,0.012000416593242951
43-6013.00,780,0.06999224942872746,0.01237411962187532
43-6013.00,781,0.0646549490746573,0.00905606532288326
43-6013.00,782,0.10117170866314543,0.00913720567804126
43-6013.00,783,0.07340344338770664,0.008307879550385837
43-6013.00,784,0.01916879268746535,0.007311472924992623
43-6013.00,786,0.03818195741188265,0.010116056021818462
43-6013.00,787,0.06093709049152365,0.011576211443818972
43-6013.00,788,0.057201191524708664,0.013064043557774453
43-6013.00,789,0.029072117225947988,0.009096531734415802
43-9022.00,790,0.09200682017408927,0.021210869474313433
43-9022.00,791,0.13687757427069355,0.014065827256331438
43-9022.00,792,0.041156623531662336,0.009119400865943856
43-9022.00,793,0.07486309545551496,0.012262437357863634
43-9022.00,794,0.08464845778145826,0.01148216936598956
43-9022.00,795,0.09014182309923406,0.011195902269315982
43-9022.00,796,0.046398082435516644,0.012943485540343034
43-9022.00,798,0.04437087183037913,0.008846154449669609
43-9022.00,799,0.03294139057708399,0.010497395481779038
43-9022.00,800,0.034208127865832466,0.012540793187340277
43-9022.00,801,0.028111356507028288,0.008296857401602143
43-9022.00,802,0.050974370729209045,0.00824419409207634
43-9022.00,803,0.05707494666503701,0.015889321345483643
43-9022.00,804,0.023045123320982453,0.007122209733880259
43-9022.00,805,0.06263333576733915,0.008684914762526127
43-9022.00,806,0.016415226804248652,0.007385881157437056
43-9022.00,807,0.05737366189323462,0.010606273701184013
43-9061.00,825,0.03652778571716165,0.012162922596061701
43-9061.00,826,0.09898215254631201,0.013424912842175927
43-9061.00,827,0.15900379621224608,0.015203725749369276
43-9061.00,828,0.06296839183777453,0.012139646100791155
43-9061.00,829,0.02200181100236302,0.006439016713697063
43-9061.00,830,0.15705513285730816,0.015521057694966083
43-9061.00,831,0.06332384922747035,0.014413888478842016
43-9061.00,832,0.06583610095821274,0.01038779152497329
43-9061.00,833,0.05245123086637896,0.01077344589728644
43-9061.00,834,0.05522307164112529,0.007850689056114746
43-9061.00,835,0.05579175761367824,0.00995864727585674
43-9061.00,836,0.010088807374521225,0.002959148767845625
43-9061.00,837,0.03757722881715698,0.00809030234986157
43-9061.00,838,0.013957112341767821,0.005970196393402141
43-9061.00,839,0.018229857338824214,0.005976508666426997
43-9061.00,840,0.045842201356510105,0.007889656847828842
43-9061.00,841,0.025404145456122466,0.007371414557250142
43-9061.00,842,0.010857689790195902,0.0058163435219462595
43-9061.00,843,0.008877877044870246,0.004432464534531686
47-4011.00,869,0.07302258360987927,0.0
47-4011.00,870,0.10820663944788239,0.0
47-4011.00,871,0.1452242774391798,0.0
47-4011.00,872,0.0989810578055991,0.0
47-4011.00,873,0.042796162163393686,0.0
47-4011.00,875,0.09351912893174537,0.0
47-4011.00,878,0.11012849919394499,0.0
47-4011.00,880,0.06116931075195732,0.0
49-2094.00,882,0.048529941893778086,0.010859245394294606
49-2094.00,883,0.11452094890828424,0.045148295699600036
49-2094.00,884,0.05215535960996433,0.030449259247452936
49-2094.00,885,0.04742927839885202,0.00939280221376839
49-2094.00,886,0.07881880474516144,0.025347385809005144
49-2094.00,887,0.0715595831109934,0.02617275068409998
49-2094.00,888,0.04358566082013816,0.014715517654476477
49-2094.00,889,0.05327465330407521,0.024292153131249754
49-2094.00,890,0.08553489210959309,0.04575024577331136
49-2094.00,891,0.04607869474927131,0.01733086366649204
49-2094.00,892,0.09657869500449118,0.04507525306121112
49-2094.00,893,0.04424785776674533,0.007941247844088544
49-2094.00,894,0.03478474213285095,0.010441745766037716
49-2094.00,895,0.02655915434379393,0.010560525401186563
49-2094.00,897,0.024147619293080777,0.010389385920901495
49-2094.00,898,0.03298752204602985,0.010397279198834706
49-2094.00,899,0.02852589174130775,0.005134846350028889
49-2094.00,900,0.015863730608602206,0.009907041625734275
49-2094.00,901,0.054816969412986666,0.025472430356557597
51-8031.00,925,0.1807929899987495,0.0
51-8031.00,926,0.1553490635193384,0.0
51-8031.00,927,0.12179933994769307,0.0
51-8031.00,928,0.14328075212295963,0.0
51-8031.00,929,0.23294343140463203,0.0
51-8031.00,930,0.02602406114728813,0.0
51-8031.00,932,0.1154614807364825,0.0
11-1021.00,933,0.21625029429959255,0.04782853628332157
11-1021.00,945,0.025152755304205143,0.015124546256683413
11-1021.00,947,0.052713032667902684,0.0226012741278448
11-2021.00,950,0.0375511487575203,0.007652984883806728
11-2021.00,951,0.1871508394464205,0.03779799973913373
11-2021.00,952,0.06846198001476148,0.021096291179286145
11-2021.00,954,0.11183130944199776,0.043719543286611665
11-2021.00,955,0.0117557909912701,0.004028272705193932
11-2021.00,956,0.04547795917029043,0.01241094947830175
11-2021.00,957,0.058313169856336784,0.020179971978978688
11-2021.00,958,0.05526947510586029,0.019898849331857565
11-2021.00,960,0.006148509009730263,0.0026790164286277065
11-2021.00,961,0.03738745072607195,0.013083842612908233
11-2021.00,963,0.032200542021203565,0.013308961041361648
11-2021.00,964,0.025847946724597344,0.011567485054459101
11-2021.00,965,0.012729639970388684,0.007465915312259899
11-3021.00,966,0.12612285833175135,0.03731930640600104
11-3021.00,967,0.03971736356798999,0.011103355720293563
11-3021.00,968,0.10844732072450819,0.02169824886711664
11-3021.00,969,0.10259447661314858,0.018178862354926485
11-3021.00,970,0.05902056794542708,0.014117410369627277
11-3021.00,971,0.03573153191611801,0.012276270609188913
11-3021.00,972,0.029624564485781057,0.006915477796895764
11-3021.00,973,0.04990420271300639,0.01923702388471118
11-3021.00,974,0.024989055301550694,0.007365583956065963
11-3021.00,975,0.04904159948142126,0.007573600213743865
11-3021.00,976,0.03959215655284579,0.013241808882031966
11-3021.00,977,0.037714062724957816,0.015061959059492615
11-3021.00,978,0.052616779958333644,0.007474804037422546
11-3021.00,980,0.057541815408305816,0.008281002486926835
11-3021.00,981,0.015203047287408985,0.004251068489395265
11-3121.00,982,0.04666997675667487,0.0
11-3121.00,983,0.0409499936159818,0.0
11-3121.00,984,0.03660788167015888,0.0
11-3121.00,985,0.05733455055733337,0.0
11-3121.00,986,0.08161865047866083,0.0
11-3121.00,987,0.04318822740943196,0.0
11-3121.00,988,0.01402836945937832,0.0
11-3121.00,989,0.016158265955467165,0.0
11-3121.00,990,0.19597114354236614,0.0
11-3121.00,991,0.20837072448308389,0.0
11-3121.00,992,0.012204327392881914,0.0
11-3121.00,993,0.033371940903630284,0.0
11-3121.00,994,0.030075162198089162,0.0
11-3121.00,995,0.034898062294346395,0.0
11-3121.00,996,0.02266023115607674,0.0
11-3121.00,997,0.0077307618996978675,0.0
11-3121.00,998,0.0017864445951738049,0.0
11-3121.00,999,0.002795913103647975,0.0
11-3121.00,1000,0.004309864467670741,0.0
11-3121.00,1001,0.01540109294292347,0.0
11-3121.00,1002,0.05241762536985113,0.0
11-3121.00,1003,0.008718648101159963,0.0
11-3121.00,1004,0.014042679685819834,0.0
11-3121.00,1005,0.009696707983262371,0.0
11-3121.00,1006,0.0032617861497586296,0.0
11-3121.00,1007,0.005730967827472503,0.0
11-3131.00,1008,0.05165154859690038,0.0
11-3131.00,1009,0.15797552932990455,0.0
11-3131.00,1010,0.028064712890794395,0.0
11-3131.00,1011,0.049495582918464634,0.0
11-3131.00,1012,0.044700610731448,0.0
11-3131.00,1013,0.1692538310233207,0.0
11-3131.00,1014,0.2039295843252024,0.0
11-3131.00,1015,0.18252118601778594,0.0
11-3131.00,1016,0.006298475114525724,0.0
11-3131.00,1017,0.06430385948099485,0.0
11-3131.00,1018,0.007655883594499915,0.0
11-3131.00,1019,0.03414919597615853,0.0
11-3061.00,1020,0.08677136387749758,0.0
11-3061.00,1021,0.07295916913300107,0.0
11-3061.00,1022,0.10534052287240273,0.0
11-3061.00,1023,0.036642429761114814,0.0
11-3061.00,1024,0.003775397164877219,0.0
11-3061.00,1025,0.048701910152464035,0.0
11-3061.00,1026,0.04702801608228069,0.0
11-3061.00,1027,0.059491864798372505,0.0
11-3061.00,1028,0.02643737499398758,0.0
11-3061.00,1029,0.010513814733920173,0.0
11-3061.00,1030,0.05329878257304223,0.0
11-3061.00,1031,0.040910759354598654,0.0
11-3061.00,1032,0.1847830056838734,0.0
11-3061.00,1033,0.01014264260154325,0.0
11-3061.00,1034,0.020486699381638756,0.0
11-3061.00,1035,0.10387085147919158,0.0
11-3061.00,1036,0.00894703725476166,0.0
11-9041.00,1060,0.0872524394192099,0.017046329985004785
11-9041.00,1070,0.0353681876626527,0.009914093812125052
11-9041.00,1071,0.06204350459055896,0.01720614733313916
11-9051.00,1077,0.06148805845893116,0.0152323529967371
11-9051.00,1078,0.03620120396663062,0.006293074544236746
11-9051.00,1079,0.03258174226352179,0.006535820015574062
11-9051.00,1080,0.08948594547424786,0.01905894083100819
11-9051.00,1081,0.025162224011662238,0.00466652608326144
11-9051.00,1082,0.03593220645812106,0.008872580492255654
11-9051.00,1083,0.035291597119089885,0.009753196851982188
11-9051.00,1084,0.0488059557030286,0.012933483311170366
11-9051.00,1085,0.0442888229042306,0.008933137380496763
11-9051.00,1086,0.06845833537175981,0.014447588898222237
11-9051.00,1087,0.03298228585548531,0.009875866089538903
11-9051.00,1088,0.03431620180729698,0.00855782839206101
11-9051.00,1089,0.09498387076513841,0.022646070844477045
11-9051.00,1090,0.05181972169984574,0.014060138316639605
11-9051.00,1091,0.02439986106204151,0.006176339287175723
11-9051.00,1092,0.014416691827106656,0.00238192984331757
11-9051.00,1093,0.015772313578027917,0.005031491306807142
11-9051.00,1094,0.012792875968929779,0.0026685213559674366
11-9051.00,1095,0.0112065277862153,0.002906032800049481
11-9051.00,1096,0.02265817780362616,0.00642381682818458
11-9051.00,1098,0.060837085276662387,0.025986699272297093
11-9051.00,1099,0.015686486077499208,0.005477881393752271
11-9051.00,1100,0.016927114410869734,0.004718562960138044
11-9051.00,1101,0.014599037879662687,0.0048823653053459756
11-9051.00,1102,0.02983516867545405,0.01562006249606444
11-9051.00,1103,0.016802575266520046,0.008592053473027075
11-9081.00,1104,0.08797935122857069,0.01844075047129634
11-9081.00,1105,0.052408560527026034,0.012497568042253097
11-9081.00,1106,0.03177329670373882,0.004520220518142904
11-9081.00,1107,0.07169153607138488,0.013647063401365888
11-9081.00,1108,0.019360120934103983,0.0019323037378613332
11-9081.00,1109,0.07077789851190487,0.013041465561920937
11-9081.00,1111,0.027449455263996392,0.005734402794174294
11-9081.00,1112,0.12447642797617296,0.018061957775550194
11-9081.00,1113,0.0331729851871924,0.00967709239542565
11-9081.00,1114,0.05788767421899671,0.01723094356114972
11-9081.00,1115,0.03964198766310294,0.012325111544623289
11-9081.00,1116,0.052236413190819,0.006422582916665533
11-9081.00,1117,0.05026502413173583,0.010966159635700724
11-9081.00,1118,0.007091982206066112,0.004752673385231374
11-9081.00,1119,0.01585042465269504,0.0033680163067520423
11-9081.00,1120,0.04168456437818098,0.00685484477980377
11-9081.00,1121,0.03644038523818988,0.014103744957882731
11-9081.00,1122,0.028088056601007837,0.011270208761715427
11-9081.00,1123,0.032439949520891326,0.00851892167118898
11-9081.00,1124,0.022081862800115166,0.010639733317805353
11-9081.00,1125,0.026594242174154625,0.0057233654677655245
11-9081.00,1126,0.005455137724084575,0.004967653712836243
11-9151.00,1127,0.0721415641587601,0.022880204966245217
11-9151.00,1128,0.07180705818470288,0.020154877916261783
11-9151.00,1129,0.18299737048706768,0.0325670868536558
11-9151.00,1130,0.0925949482794892,0.018633978282290794
11-9151.00,1131,0.1682658777597682,0.03127675137912222
11-9151.00,1132,0.06791816866931277,0.026093757888090346
11-9151.00,1133,0.055475172340662765,0.024042989698364426
11-9151.00,1137,0.03014717438469445,0.023735301289922798
11-9151.00,1139,0.06622013885084808,0.024062190739540835
13-1023.00,1142,0.14761284002113434,0.0
13-1023.00,1143,0.12837884098851482,0.0
13-1023.00,1144,0.03560946751325481,0.0
13-1023.00,1145,0.10747063661708588,0.0
13-1023.00,1146,0.16442816029065557,0.0
13-1023.00,1147,0.03627799089875388,0.0
13-1023.00,1148,0.023211981867000412,0.0
13-1023.00,1149,0.024389410607180542,0.0
13-1023.00,1150,0.02236549965654081,0.0
13-1023.00,1151,0.09272173080726662,0.0
13-1023.00,1152,0.02984572295039981,0.0
13-1023.00,1153,0.021762981410295475,0.0
13-1023.00,1154,0.0018427643595172578,0.0
13-1023.00,1155,0.061821393841747056,0.0
13-1023.00,1156,0.018393005650952983,0.0
13-1023.00,1157,0.04548822027126934,0.0
13-1023.00,1158,0.031117023106772685,0.0
13-1023.00,1159,0.005399567859582825,0.0
13-1023.00,1160,0.0018627612820748215,0.0
13-1121.00,1209,0.18986200940551515,0.036499484521775
13-1121.00,1210,0.07968250462966563,0.0234760509940153
13-1121.00,1211,0.09883481608133425,0.025882738693434097
13-1121.00,1212,0.05699194089106318,0.015406511166099649
13-1121.00,1213,0.03150214778949051,0.012394075108005102
13-1121.00,1214,0.11037506003290957,0.026116762166245353
13-1121.00,1215,0.04260544159165135,0.016362485593589843
13-1121.00,1216,0.05328417424117583,0.019108508895928005
13-1121.00,1217,0.062354235599112726,0.014709460046243482
13-1121.00,1218,0.024418896045122478,0.004785251390288849
13-1121.00,1219,0.03761472745346844,0.018124037585040866
13-1121.00,1220,0.011379840728758946,0.0042768109016728005
13-1121.00,1221,0.0672541874696071,0.01770778992931193
13-1121.00,1222,0.06258559458945281,0.018097276587079342
13-1121.00,1223,0.0044478473380407165,0.0025780389677873996
13-1121.00,1224,0.023291124495020726,0.01676007170968338
13-1121.00,1225,0.0024964336936603953,0.0016724913896471732
13-1121.00,1226,0.03607738540199531,0.014372588387852499
13-1121.00,1229,0.00494163252295491,0.0031730276539223795
13-2041.00,1250,0.23647936198185002,0.0
13-2041.00,1251,0.12828530466458016,0.0
13-2041.00,1252,0.02882359052713131,0.0
13-2041.00,1253,0.03177989313311209,0.0
13-2041.00,1254,0.12236477538567171,0.0
13-2041.00,1255,0.18407922383518224,0.0
13-2041.00,1256,0.013044463019406777,0.0
13-2041.00,1257,0.10595506503332895,0.0
13-2041.00,1258,0.010068893654008492,0.0
13-2041.00,1259,0.13819101448164162,0.0
13-2053.00,1261,0.084327243053248,0.0
13-2053.00,1262,0.21131356025417428,0.0
13-2053.00,1263,0.1290114267691717,0.0
13-2053.00,1264,0.11930855442356987,0.0
13-2053.00,1265,0.1394638922332965,0.0
13-2053.00,1266,0.042338053663653306,0.0
15-1251.00,1267,0.11829919585957328,0.025205559205881415
15-1251.00,1268,0.09694238590017795,0.021997952456662643
15-1251.00,1269,0.06496773499961468,0.01755591742984607
15-1251.00,1270,0.11745774601836412,0.025829279298557065
15-1251.00,1271,0.06979878010744382,0.018930461176873456
15-1251.00,1272,0.11267326828063215,0.02147814362432025
15-1251.00,1273,0.14960502447413604,0.0274084943565301
15-1251.00,1274,0.015109388421765539,0.007069860579287485
15-1251.00,1275,0.025694308962828826,0.012198599881490971
15-1251.00,1276,0.050307913982965774,0.020205187362520877
15-1251.00,1277,0.035498460851274956,0.011814236618678349
15-1251.00,1278,0.034372967124228805,0.010126034966827461
15-1251.00,1279,0.031994102995585326,0.018348402083915413
15-1251.00,1280,0.010518295008069256,0.008544010394557206
15-1232.00,1282,0.1911074380845937,0.041243982287424145
15-1232.00,1283,0.03690782836579888,0.006853790734146188
15-1232.00,1284,0.07662005704284049,0.028713673686298378
15-1232.00,1285,0.141982056358369,0.03701721743328982
15-1232.00,1286,0.08368045586608541,0.0320772156772813
15-1232.00,1287,0.12873566503624764,0.03214271974297194
15-1232.00,1288,0.14753117684916722,0.03632701855166636
15-1232.00,1289,0.06109535578134304,0.03032227926157464
15-1232.00,1290,0.017767512229006605,0.005423932035629875
15-1232.00,1291,0.025606820078157237,0.006677351376250542
15-1232.00,1292,0.01865102943317745,0.0048061602903158515
15-1232.00,1293,0.00672628763569172,0.0022702994366139303
15-1232.00,1295,0.050335779244792316,0.030651329912347567
15-1232.00,1296,0.009437591091790208,0.004442628523453213
15-1232.00,1297,0.0038149469029390235,0.0020890023127395235
15-1242.00,1298,0.017136909898140772,0.009041398252306772
15-1242.00,1299,0.13146113130968018,0.037616645633011384
15-1242.00,1300,0.12812824333295778,0.027879082742438888
15-1242.00,1301,0.03293502608846437,0.013089828808191015
15-1242.00,1302,0.03470193418858968,0.015689620192064338
15-1242.00,1303,0.1189114227631654,0.028532295246498886
15-1242.00,1305,0.06600768461324094,0.014666660070616771
15-1242.00,1306,0.05671193749877045,0.024309351456007305
15-1242.00,1309,0.008800947147708845,0.00393110504801491
15-1242.00,1311,0.012132755294300636,0.005543937475985128
15-1242.00,1313,0.0609479635801786,0.019597736203644082
15-1242.00,1314,0.01400565369546061,0.0072562315165050515
15-1244.00,1317,0.04190079056821515,0.004879109111199829
15-1244.00,1318,0.19835492786672992,0.027462986151044002
15-1244.00,1319,0.02383212857365791,0.006396101042714628
15-1244.00,1320,0.13351296024225814,0.031150499535245554
15-1244.00,1321,0.027844897178624168,0.0049802833530522735
15-1244.00,1322,0.05052746359366984,0.01874834593050882
15-1244.00,1323,0.013770741251578473,0.0025247531141951085
15-1244.00,1324,0.05172760102632121,0.017241661243465416
15-1244.00,1325,0.06940537302007899,0.0181408881252965
15-1244.00,1326,0.06321863280094225,0.020348523622415186
15-1244.00,1327,0.05557718769957565,0.01681685023888813
15-1244.00,1329,0.028226156303345976,0.007407114494442252
15-1244.00,1330,0.03474934133649592,0.009761205823125282
15-1244.00,1332,0.009202297781786014,0.002956545613776138
15-1244.00,1333,0.01204796946912205,0.004634981012125848
17-2011.00,1335,0.2134094799456998,0.037992021141934125
17-2011.00,1337,0.09112192514701098,0.04146560650651789
17-2011.00,1339,0.1498465574631136,0.04579156608425008
17-2011.00,1340,0.03658468365928273,0.014056602124610833
17-2011.00,1341,0.04416223632698938,0.01304761997118532
17-2011.00,1344,0.00681996831430921,0.0029838802861006917
17-2011.00,1345,0.05321034433179488,0.016433761095345126
17-2011.00,1346,0.047321038173465745,0.00881920232489463
17-2071.00,1347,0.09957837366385788,0.030984720906677216
17-2071.00,1348,0.1543661362430805,0.03810302907935922
17-2071.00,1349,0.17029998257780657,0.03731712629038366
17-2071.00,1350,0.059303040205234636,0.024257471124026136
17-2071.00,1351,0.030572961915591817,0.008443970046578281
17-2071.00,1353,0.035570635283112294,0.012553056442672605
17-2071.00,1354,0.053790026623181046,0.029358200794422057
17-2071.00,1355,0.024471763979548266,0.006401003055497078
17-2071.00,1356,0.015148810873165247,0.004679109076762993
17-2071.00,1357,0.09032605153883441,0.016686322717046106
17-2071.00,1358,0.0524111910521787,0.01937642674817676
17-2071.00,1361,0.014678609212674627,0.0056206134392453085
17-2071.00,1364,0.00826123607291752,0.004640924074568933
17-2071.00,1365,0.003343910614354529,0.0017001072742503657
17-2081.00,1366,0.019146766860617705,0.0
17-2081.00,1368,0.012573277465863852,0.0
17-2081.00,1369,0.02510606271502825,0.0
17-2081.00,1370,0.06498375543294149,0.0
17-2081.00,1371,0.023129513935184014,0.0
17-2081.00,1372,0.04374754992408119,0.0
17-2081.00,1373,0.02606862040905392,0.0
17-2081.00,1374,0.05443968329319878,0.0
17-2081.00,1375,0.017002808506841674,0.0
17-2081.00,1376,0.016425602841656072,0.0
17-2081.00,1377,0.046209087005743145,0.0
17-2081.00,1378,0.03874273619069068,0.0
17-2081.00,1379,0.007202648215536356,0.0
17-2081.00,1380,0.1102839959845079,0.0
17-2081.00,1381,0.005583337854803527,0.0
17-2081.00,1383,0.04213649485602792,0.0
17-2081.00,1385,0.0025034879146057904,0.0
17-2081.00,1387,0.029082442144627234,0.0
17-2081.00,1388,0.01626027819770203,0.0
17-2081.00,1389,0.03550999879471922,0.0
17-2081.00,1390,0.03184301077491721,0.0
17-2112.00,1391,0.06533601135044495,0.014566330236392913
17-2112.00,1392,0.04366318679167183,0.016128291829314866
17-2112.00,1393,0.09445091694196213,0.018127732756354684
17-2112.00,1394,0.10012095508473985,0.021919815683811024
17-2112.00,1395,0.029136728672830573,0.010405745820401048
17-2112.00,1398,0.05597430242953126,0.01842021525086939
17-2112.00,1399,0.0478894516075088,0.010151358810576466
17-2112.00,1400,0.07955435088691296,0.020626132999588383
17-2112.00,1402,0.015033056824028867,0.006941837287179779
17-2112.00,1403,0.06842187171547948,0.014195069032647837
17-2112.00,1404,0.019025581686829874,0.004811649932690396
17-2112.00,1405,0.08699975443041798,0.03042931784443519
17-2112.00,1407,0.062340285986752494,0.01908757628094938
17-2112.00,1408,0.050939525937762874,0.018736810496551643
17-2112.00,1409,0.01462639055908298,0.007928027380415523
17-2141.00,1411,0.15796178565147084,0.02390412682909415
17-2141.00,1412,0.07675864961972426,0.022210861670988208
17-2141.00,1413,0.04305998113535785,0.014818290856521992
17-2141.00,1418,0.028390862814320128,0.010094260036005859
17-2141.00,1419,0.014012938423983374,0.008374900499161828
17-2141.00,1420,0.01260117899814683,0.007461687051635497
17-2141.00,1421,0.026051085612689887,0.007685549166894442
17-2141.00,1423,0.029956579768310572,0.01468537214134255
17-2141.00,1427,0.01619908173495018,0.009632079479670609
17-2141.00,1429,0.026799374253153298,0.011289948736726988
17-2141.00,1430,0.024538551555888043,0.011494904528211404
17-2141.00,1431,0.011520492455996961,0.008598499606874425
17-3013.00,1447,0.2084257797637989,0.015544690879686164
17-3013.00,1448,0.060986630126664346,0.01605609487850231
17-3013.00,1449,0.08074695701825516,0.00991538670851389
17-3013.00,1450,0.046309634175571344,0.009718429069752281
17-3013.00,1451,0.06506585322012337,0.014669703266940972
17-3013.00,1452,0.05665281091185267,0.008418177048926136
17-3013.00,1453,0.06752562177495511,0.015132852199907952
17-3013.00,1454,0.07308008801842301,0.010775477273550063
17-3013.00,1455,0.1170557473506141,0.013576196290642089
17-3013.00,1456,0.0083583044495424,0.0027886267703387596
17-3013.00,1457,0.015675229365772453,0.006941421765464228
17-3013.00,1458,0.018825628371595324,0.008406172748090688
17-3013.00,1459,0.024094712410533403,0.009398818269975693
17-3013.00,1460,0.004216894512926592,0.0015434130083642735
17-3022.00,1461,0.1426600279125849,0.024809221064654458
17-3022.00,1462,0.15899937456569996,0.034179158676947805
17-3022.00,1463,0.08008742867257558,0.030777327972961774
17-3022.00,1464,0.11682690263006319,0.031698064075850706
17-3022.00,1465,0.09879298065096086,0.024890456876471786
17-3022.00,1466,0.07405139871404323,0.011394461487746503
17-3022.00,1467,0.08229413312562953,0.03628557114863887
17-3022.00,1468,0.04825756552132996,0.026116466914378834
17-3022.00,1469,0.06433236740807557,0.0337120318790395
17-3022.00,1470,0.021028751181085246,0.006216351205358858
17-3022.00,1471,0.0640949726735794,0.030173681714719732
17-3022.00,1472,0.030772647619530268,0.015019157384332266
17-3027.00,1474,0.02273672083622824,0.007148845179515498
17-3027.00,1475,0.05629349903458907,0.03298130193217003
17-3027.00,1476,0.03642313296686694,0.007560484591535191
17-3027.00,1477,0.012601625865878752,0.003385041178357387
17-3027.00,1480,0.02812015877471966,0.015276412853012433
17-3027.00,1482,0.029851489447215888,0.011481152834889107
17-3027.00,1483,0.011519562638781776,0.004732347016398977
17-3027.00,1485,0.09821560806087103,0.05563954936074118
17-3027.00,1487,0.05051056037058679,0.024464181952656105
17-3027.00,1488,0.008395811261281805,0.002828553169656402
17-3027.00,1489,0.048407580977883446,0.0258547274576271
19-1023.00,1492,0.11625698134254535,0.043773928169682556
19-1023.00,1493,0.15800941333834842,0.039735772285701486
19-1023.00,1494,0.0914300376715872,0.026865031441903848
19-1023.00,1496,0.04103582982288854,0.016537809875822016
19-1023.00,1497,0.14409529881676048,0.04495893319501085
19-1023.00,1498,0.10535805131315801,0.02162905349874005
19-1023.00,1499,0.03734902200107902,0.02636646825083546
19-2031.00,1505,0.10029250601415811,0.021845431874900147
19-2031.00,1506,0.1644309064769642,0.03062422166789993
19-2031.00,1507,0.11951354446515393,0.02137118976479233
19-2031.00,1508,0.0924865957399594,0.025398934640991366
19-2031.00,1509,0.0936660220558204,0.023773583683328315
19-2031.00,1510,0.07640367947082861,0.017293366464097414
19-2031.00,1511,0.0647261130378126,0.02202105074392331
19-2031.00,1513,0.08197137202552553,0.019114704444677208
19-2041.00,1514,0.02773740407030714,0.0054310348827076435
19-2041.00,1517,0.09357460793410642,0.02619474504121331
19-2041.00,1519,0.0993399918434713,0.03257988930964587
19-2041.00,1520,0.061306750556646396,0.029001930756728904
19-2041.00,1522,0.01376257098621555,0.00490024071835669
19-2041.00,1523,0.0398545097173459,0.006762841865219643
19-2041.00,1526,0.03234524894686142,0.01935835117381796
19-2041.00,1530,0.08275045013545876,0.02724304295423133
19-2041.00,1533,0.013204726443153987,0.008611230693824943
19-4031.00,1535,0.11888242522460757,0.037232715233159824
19-4031.00,1536,0.1040008739376352,0.024074859606511793
19-4031.00,1537,0.14335228172798425,0.018825999221944396
19-4031.00,1538,0.1052295199430966,0.02888730726316292
19-4031.00,1539,0.10202347893868763,0.046900966334248236
19-4031.00,1540,0.06207213760284716,0.015454783249068252
19-4031.00,1541,0.11378556345521622,0.04332224416109477
19-4031.00,1542,0.0542894458361405,0.028951139256675605
19-4031.00,1543,0.03985142891394073,0.01576287964151909
19-4031.00,1544,0.05969942543474468,0.021823330528774394
19-4031.00,1546,0.0042883497991977985,0.002622151798809998
19-4031.00,1548,0.017123765748309597,0.011498613501523395
19-4042.00,1549,0.05043927264912335,0.0
19-4042.00,1550,0.06827567991447053,0.0
19-4042.00,1552,0.07401141394611763,0.0
19-4042.00,1553,0.03170826451344269,0.0
19-4042.00,1554,0.03207370694046994,0.0
19-4042.00,1555,0.04700784440045112,0.0
19-4042.00,1556,0.07024092805601502,0.0
19-4042.00,1557,0.04398869231696051,0.0
19-4042.00,1558,0.003270050378253363,0.0
19-4042.00,1559,0.011498108486791694,0.0
19-4042.00,1560,0.047889839831617806,0.0
19-4042.00,1561,0.06052392799790705,0.0
19-4042.00,1562,0.019285085870436022,0.0
19-4042.00,1563,0.0585647786280327,0.0
19-4042.00,1564,0.019222829234771904,0.0
19-4042.00,1565,0.033112673714431086,0.0
19-4042.00,1566,0.06955937517704772,0.0
19-4042.00,1567,0.02463620935266038,0.0
19-4042.00,1570,0.08594065655642881,0.0
19-4092.00,1571,0.0014976720229067624,0.00047458800542683906
19-4092.00,1573,0.03941938363961583,0.015807610871394137
19-4092.00,1574,0.0834828023062133,0.019685744600808706
19-4092.00,1575,0.008511966875469745,0.0030690736822427214
19-4092.00,1577,0.1070998319012137,0.019047402785820712
19-4092.00,1582,0.08964004584239336,0.02055722678747976
19-4092.00,1584,0.044722768774106414,0.01603515662392563
19-4092.00,1587,0.012601628212359646,0.006065562690498413
19-4092.00,1589,0.061553356357847956,0.034487584511435854
19-4092.00,1590,0.018619715948820434,0.009580203623033919
21-1014.00,1591,0.11656189414786566,0.0
21-1014.00,1592,0.10344347486815528,0.0
21-1014.00,1593,0.09166514811563788,0.0
21-1014.00,1594,0.08510473118521764,0.0
21-1014.00,1595,0.10209010028737682,0.0
21-1014.00,1596,0.06905572054809493,0.0
21-1014.00,1597,0.004785271134272343,0.0
21-1014.00,1598,0.04149627938702846,0.0
21-1014.00,1600,0.06683368647549537,0.0
21-1014.00,1601,0.0039237068008769116,0.0
21-1014.00,1602,0.011075402154891313,0.0
21-1014.00,1603,0.008431786167130502,0.0
21-1014.00,1604,0.03626231776819176,0.0
21-1014.00,1605,0.015446790228336584,0.0
21-1014.00,1606,0.05151945330732631,0.0
21-1014.00,1607,0.005766609010073739,0.0
21-1014.00,1608,0.013421617095314977,0.0
21-1014.00,1609,0.003405420052279211,0.0
21-1014.00,1610,0.015489686616444774,0.0
21-1014.00,1612,0.0035377443297998994,0.0
21-1092.00,1614,0.08927626635102014,0.013583363144707096
21-1092.00,1615,0.07398983906707172,0.012172854482519464
21-1092.00,1616,0.046939638919853484,0.009473254135192689
21-1092.00,1617,0.08450326292274263,0.013148694725006765
21-1092.00,1618,0.07363912244768495,0.01081128288714646
21-1092.00,1619,0.028848482921695555,0.010291291591896614
21-1092.00,1620,0.06725722569421229,0.009504681009975044
21-1092.00,1621,0.04778997503446326,0.009359357479404314
21-1092.00,1622,0.03510862262935904,0.008365988535162572
21-1092.00,1623,0.025693564396621436,0.008302175078332153
21-1092.00,1624,0.03176037440056449,0.008116275918702434
21-1092.00,1625,0.06999468167608174,0.00982200372877582
21-1092.00,1628,0.049530190654737,0.011308758624274464
21-1092.00,1629,0.028625598801685633,0.00997248582603577
21-1092.00,1630,0.010870705191176068,0.005615159592162376
21-1092.00,1631,0.05001047639952799,0.011078629475646912
21-1092.00,1632,0.026903442936408423,0.010489397737026522
21-1092.00,1633,0.031270692539260694,0.00940936448755314
23-2011.00,1636,0.12313498186842946,0.029211876241935088
23-2011.00,1639,0.07442606097573626,0.039786676419637325
25-4012.00,1644,0.21878578756517358,0.04262632829911672
25-4012.00,1645,0.1168948958566517,0.024563377325135596
25-4012.00,1646,0.06653956357158089,0.022529329899241383
25-4012.00,1647,0.12890913789356706,0.026887017807692138
25-4012.00,1648,0.021705406203379657,0.005200869987991546
25-4012.00,1649,0.10528558638819346,0.024031612572910192
25-4012.00,1652,0.04384219306309716,0.01615675291165545
25-4012.00,1654,0.0424073677113472,0.017881505721235525
25-4012.00,1655,0.0753240829832014,0.03209088146927865
25-4012.00,1656,0.0016489793602336219,0.0005798033406637071
25-4012.00,1657,0.0039676651244952245,0.0017522948460188344
25-4031.00,1688,0.1294842310760071,0.016132263918345723
25-4031.00,1689,0.041215135172997554,0.008589656215086998
25-4031.00,1690,0.03331412677159318,0.009508129085934246
25-4031.00,1693,0.0237411322199674,0.010448457079477525
25-4031.00,1695,0.018205146138972093,0.0049767402493252995
25-4031.00,1696,0.07820498950791702,0.013357946835883273
25-4031.00,1697,0.02900385312918424,0.010337696050261636
25-4031.00,1698,0.03291345195068483,0.008484244403954093
25-4031.00,1699,0.02990059652868739,0.011288066762641004
25-4031.00,1700,0.03169466908952016,0.009774244264721779
25-4031.00,1701,0.011369557440968837,0.003213717535077301
25-4031.00,1702,0.03881543009328429,0.012312437440761935
25-4031.00,1703,0.0421000014591077,0.00977711579847848
25-4031.00,1704,0.02894269176649332,0.006917045403753987
25-4031.00,1705,0.01518870519693239,0.006380128103127921
25-4031.00,1706,0.008090460319664029,0.003104174700074085
25-4031.00,1707,0.014151431414702527,0.007450105398143102
25-4031.00,1710,0.005078411894201507,0.00329193090504349
25-4031.00,1714,0.009548360449373952,0.007111269319954713
25-4031.00,1717,0.002416470162349301,0.0005581165084216017
25-4031.00,1718,0.0007131773317229956,0.0002390195221992337
27-1023.00,1719,0.09685993183023765,0.019058356676135098
27-1023.00,1720,0.11415056127794417,0.017911056818551242
27-1023.00,1721,0.042495053340022335,0.008176302889942488
27-1023.00,1722,0.1418809036778945,0.023777981824287968
27-1023.00,1723,0.021078528836678163,0.003192591295736941
27-1023.00,1724,0.11088481859593073,0.015670604145616537
27-1023.00,1725,0.12029603076289186,0.02281015206864974
27-1023.00,1726,0.11954349680914358,0.023660177650353952
27-1023.00,1727,0.0612672732785755,0.015258731415376385
27-1023.00,1728,0.003998613721809944,0.0022830209885284017
27-1023.00,1729,0.06968684701632374,0.01237196877179543
27-1023.00,1730,0.024291439463092458,0.003559771625793631
27-1023.00,1731,0.012908501048149439,0.0025732617125177773
27-1025.00,1734,0.031852649818563276,0.0
27-1025.00,1735,0.06336161278781208,0.0
27-1025.00,1736,0.09855878496217343,0.0
27-1025.00,1737,0.07860552826751115,0.0
27-1025.00,1738,0.04762299701114299,0.0
27-1025.00,1739,0.03209037121133964,0.0
27-1025.00,1740,0.06449961867454887,0.0
27-1025.00,1741,0.001883865982984336,0.0
27-2022.00,1742,0.05965749331991809,0.01797568134854955
27-2022.00,1745,0.05306924478568481,0.00963393321373078
27-2022.00,1746,0.02911217977524398,0.008037045470731193
27-2022.00,1747,0.07147820572378841,0.019143598289857643
27-2022.00,1750,0.09663220149438631,0.01838359441789262
27-2022.00,1751,0.051472355648127154,0.017904508342315523
27-2022.00,1752,0.0533857955444336,0.018280291549818594
27-2022.00,1753,0.0414004645844813,0.017619501782774903
27-2022.00,1754,0.054135120326284036,0.01951779315920963
27-2022.00,1755,0.011468835029911554,0.004734466136972382
27-2022.00,1756,0.054803489559670314,0.019082069557944698
27-2022.00,1757,0.040054746233604804,0.018998531193431836
27-2022.00,1758,0.029606709412413917,0.009200755159495486
27-2022.00,1760,0.02572539222440909,0.0185381823400291
27-2022.00,1761,0.012289469188495725,0.00974682879675264
27-3031.00,1764,0.15584112086383806,0.0
27-3031.00,1765,0.06147386573827246,0.0
27-3031.00,1767,0.022589559667478186,0.0
27-3031.00,1768,0.02382696522863823,0.0
27-3031.00,1769,0.0853451802695711,0.0
27-3031.00,1770,0.03433729782300033,0.0
27-3031.00,1771,0.02146042509875686,0.0
27-3031.00,1772,0.07109307046002135,0.0
27-3031.00,1773,0.00652174612580303,0.0
27-3031.00,1774,0.0061571223562380956,0.0
27-3031.00,1775,0.0038467239124975023,0.0
27-3041.00,1776,0.08554059976577998,0.012862139885599505
27-3041.00,1777,0.12327864488097655,0.018020811979206918
27-3041.00,1778,0.03308292017621723,0.010864921107497282
27-3041.00,1780,0.08296073991175322,0.017095147989217487
27-3041.00,1781,0.036277842574293055,0.010968191252424353
27-3041.00,1782,0.06735236074273805,0.012753507147929537
27-3041.00,1783,0.06365804862731586,0.013668768331041244
27-3041.00,1784,0.054439502238256623,0.0132136624148852
27-3041.00,1785,0.03740226962846289,0.010870891334981422
27-3041.00,1786,0.08237197261773277,0.011256459733132992
27-3041.00,1787,0.06873166493752395,0.013124233752574202
27-3041.00,1788,0.023277794029342862,0.008659400982779182
27-3041.00,1789,0.06148172379501818,0.01245916243983896
27-3041.00,1790,0.02017679712671224,0.008721301343453398
27-3041.00,1791,0.057709319456127735,0.012127045862031928
27-3041.00,1793,0.024791003448498963,0.009176181212364028
27-3041.00,1794,0.003090706016333704,0.0015516477842324764
29-1051.00,1808,0.14336814190205996,0.007337473720537063
29-1051.00,1809,0.1050688648513058,0.01222957243830976
29-1051.00,1810,0.09217384011055385,0.014801644564139302
29-1051.00,1811,0.056028526888141625,0.010041794789570329
29-1051.00,1812,0.09821450199166244,0.011360961651479155
29-1051.00,1813,0.03026733896135492,0.006886184266216464
29-1051.00,1814,0.05410113891038276,0.011709262457676917
29-1051.00,1815,0.037831576051100255,0.008572767055076518
29-1051.00,1816,0.019615594415779022,0.006093999539744387
29-1051.00,1818,0.010206876781957402,0.0027270869811531697
29-1051.00,1819,0.022747652127413736,0.006184602192483321
29-1051.00,1820,0.06247553996308716,0.01643452862584681
29-1051.00,1822,0.04171292267713209,0.011581410100260568
29-1051.00,1823,0.026284927448601576,0.009770034362550183
29-1051.00,1824,0.10486916542921954,0.009941296659204102
29-1051.00,1825,0.023833648700982805,0.007101841419863857
29-1223.00,1827,0.10134755268766418,0.011853430723598275
29-1223.00,1828,0.20102934680482204,0.01685892297727443
29-1223.00,1829,0.13465623691574494,0.01624098978655046
29-1223.00,1830,0.1426645741173405,0.0143941866245357
29-1223.00,1831,0.12522003640454624,0.017122700906736166
29-1223.00,1832,0.10612264878033606,0.011359067967390852
29-1223.00,1833,0.07117715554966944,0.010137321625459618
29-1223.00,1834,0.05747104076642919,0.008672784111682196
29-1223.00,1835,0.026073870136950325,0.005409037039684305
29-1223.00,1837,0.01621061001091725,0.007793248286077642
29-1223.00,1838,0.0025274468414442025,0.0007323621148528154
29-1141.00,1839,0.08854019930731379,0.009780166736172883
29-1141.00,1840,0.07985575607861048,0.014626970264599458
29-1141.00,1841,0.09244190021958335,0.015330647980231052
29-1141.00,1842,0.04215356539042528,0.010263603906165228
29-1141.00,1843,0.05968532561051841,0.01042266433041367
29-1141.00,1845,0.0827454211816015,0.01619875140860157
29-1141.00,1846,0.05600401467276734,0.010549021284632056
29-1141.00,1847,0.045067406591161166,0.010381835892421922
29-1141.00,1848,0.04361202846794578,0.011416122564611211
29-1141.00,1849,0.045649480789658706,0.01135169557146301
29-1141.00,1850,0.042138611964202634,0.007366198404018466
29-1141.00,1851,0.029194731933513147,0.0066537545220346425
29-1141.00,1852,0.014176608850274827,0.007132981187730452
29-1141.00,1854,0.01835333282210913,0.005706439428894382
29-1141.00,1855,0.04548609606543101,0.007496645455622908
29-1141.00,1856,0.01056251084004253,0.0038648284666039064
29-1141.00,1857,0.020708104015052926,0.00681721505252245
29-1141.00,1860,0.02033232212031522,0.007027879006027817
29-1141.00,1861,0.027240501436837934,0.009820917346391555
29-1141.00,1862,0.008192215388279467,0.0031419917413208157
29-1141.00,1863,0.01062736762802992,0.004528430730860831
29-1141.00,1864,0.009239208059076067,0.003842585718096655
29-1141.00,1865,0.0178780204234747,0.004888910541323251
29-1141.00,1866,0.002343280705404364,0.0009223005111754236
29-1127.00,1867,0.11637230605115362,0.01640838319784168
29-1127.00,1869,0.03040073023475722,0.009965959990238329
29-1127.00,1871,0.10580384156683395,0.016405190320815267
29-1127.00,1873,0.05999749779262688,0.01613987047435179
29-1127.00,1874,0.06357226645537505,0.013002801805176725
29-1127.00,1875,0.04123039564639301,0.008821699867515364
29-1127.00,1876,0.052418457900156874,0.009931134030592105
29-1127.00,1878,0.022827567007553583,0.00854282690117708
29-1127.00,1879,0.03859733509506623,0.015466746629706454
29-1127.00,1882,0.003926530790002192,0.001972259341828526
29-1127.00,1883,0.009103072282881548,0.0024335121443569726
29-1127.00,1884,0.02090615538954365,0.009135532023195404
29-1127.00,1885,0.001725514484463787,0.0012347462090094201
29-2011.00,1886,0.12283835818940161,0.007760993990929674
29-2011.00,1887,0.0959061249412283,0.007275834557898981
29-2011.00,1888,0.06745006133763326,0.008136637275033377
29-2011.00,1889,0.12533573311996848,0.012419542371292381
29-2011.00,1890,0.13141934873810998,0.008529357867933362
29-2011.00,1892,0.06682044690483785,0.008541082226913766
29-2011.00,1893,0.05456333728689388,0.009254829145362301
29-2011.00,1894,0.05570843489210596,0.00604212438675589
29-2011.00,1895,0.021118569278080396,0.00566991250289299
29-2011.00,1896,0.034127216625357955,0.0070654698287453774
29-2011.00,1898,0.03941219008953236,0.007725729527708737
29-2011.00,1899,0.05106683977761221,0.0067111028959104075
29-2012.00,1902,0.1630975595700459,0.016624876972684773
29-2012.00,1904,0.130642600747392,0.01755625065827577
29-2012.00,1905,0.05841075279401154,0.013152798574404928
29-2012.00,1906,0.017576508024736863,0.008574046196486098
29-2012.00,1907,0.10099754923498429,0.026764273951652533
29-2012.00,1908,0.10810150302994385,0.020541189869310434
29-2012.00,1909,0.043281141543618847,0.012979653630012387
29-2012.00,1910,0.08859994571432978,0.022560425647166354
29-2012.00,1911,0.0040836255026328715,0.0014991927642949445
29-2012.00,1914,0.0725486846836831,0.021710077164265085
29-2012.00,1915,0.05494763459178378,0.00943117646873761
29-2012.00,1917,0.07614025450814514,0.016632197349653946
29-2052.00,1939,0.07791175018388541,0.006437750592601911
29-2052.00,1940,0.058184897130791544,0.006600491392850645
29-2052.00,1941,0.08663659848019345,0.005946778481845255
29-2052.00,1943,0.06621888468271363,0.0073253185847143186
29-2052.00,1944,0.06226158655784881,0.0060581484316067314
29-2052.00,1945,0.04514916659963206,0.005788642257147738
29-2052.00,1946,0.06740078125085229,0.006480954105465481
29-2052.00,1947,0.03545317870681156,0.0061735311828831005
29-2052.00,1949,0.03477719667537394,0.00618938286386564
29-2052.00,1951,0.03181081714438412,0.007020850595480026
29-2052.00,1952,0.054806179785753154,0.007320446811075243
29-2052.00,1953,0.05033792747782256,0.006476395780925319
29-2052.00,1954,0.060506173336608446,0.00790675122907881
29-2052.00,1955,0.04301343038152321,0.0046833626455962275
29-2052.00,1956,0.017190129596421366,0.004771863948970884
29-2052.00,1957,0.008221849747350027,0.0037271056228633174
29-2052.00,1958,0.00899632604331242,0.0034702192549014256
29-2055.00,1959,0.0668868291988866,0.008002451647013789
29-2055.00,1960,0.08811300024103637,0.00884939765356994
29-2055.00,1961,0.07681183107548567,0.0077245284266889555
29-2055.00,1963,0.08732942921727355,0.008840817405984216
29-2055.00,1964,0.04445053664399189,0.0064271533624831526
29-2055.00,1965,0.06555198435286125,0.007321148496978667
29-2055.00,1967,0.061645255038484045,0.008797689932937182
29-2055.00,1968,0.07865359283059227,0.008914380854580494
29-2055.00,1969,0.07734209456295009,0.009721221750493104
29-2055.00,1970,0.04179599724167381,0.008661075959035926
29-2055.00,1971,0.03872469311146907,0.006132630495424819
29-2055.00,1972,0.027556675253020194,0.005248992820547304
31-1133.00,1994,0.09258440231301923,0.020325159097254897
31-1133.00,1996,0.08393147512050698,0.009605541755273986
31-1133.00,1997,0.04418429856505393,0.010121602154099517
31-1133.00,1998,0.06591328023622779,0.010600496614021062
31-1133.00,1999,0.03571570669031971,0.008152322028826898
31-1133.00,2000,0.04367518840157645,0.007387144801793459
31-1133.00,2001,0.03246049575224756,0.012966463152915726
31-1133.00,2002,0.01799126524107338,0.006344682573103478
31-1133.00,2003,0.043245845111312235,0.008136808118050095
31-1133.00,2004,0.03800714746935392,0.005260876997569233
31-1133.00,2005,0.09597189732436076,0.01739855630224384
31-1133.00,2006,0.02389708095540235,0.00820301803183004
31-1133.00,2007,0.03892123624844267,0.004779965747633271
31-2021.00,2009,0.0405078476227739,0.0036749084762549775
31-2021.00,2012,0.03564378850784072,0.005624478704444986
31-2021.00,2013,0.09884214322052234,0.011454396699671016
31-2021.00,2014,0.020813238226690827,0.005983361727228608
31-2021.00,2015,0.031107527719005885,0.011135314179727717
31-2021.00,2016,0.05283359938220221,0.006735669109195308
31-2021.00,2017,0.049805689468008126,0.013834360933604765
31-2021.00,2018,0.09996873580668628,0.011346073595698397
31-2021.00,2019,0.03196282983656433,0.008518018962749585
31-2021.00,2021,0.01731566475941487,0.0038981030400096284
31-2021.00,2023,0.006276863510632594,0.0028759460670427115
31-9092.00,2024,0.08590165260747248,0.01130853770393598
31-9092.00,2025,0.09326978269198961,0.010009560937668431
31-9092.00,2026,0.08867391606716933,0.008678342601320634
31-9092.00,2027,0.035374097996084757,0.011620851213099527
31-9092.00,2029,0.081094016603357,0.009202522796311449
31-9092.00,2030,0.04870599669683333,0.01209663994754113
31-9092.00,2031,0.06258596643823633,0.011371702719856115
31-9092.00,2032,0.09698103483878552,0.00909385105775398
31-9092.00,2033,0.045352148394044306,0.005850237874835944
31-9092.00,2034,0.061441362310890375,0.010899651467645462
31-9092.00,2035,0.007064637306609654,0.003065158401311518
31-9092.00,2036,0.06267662995514041,0.009340261751157429
31-9092.00,2037,0.032410265896156996,0.007332927709597285
31-9092.00,2038,0.081156917525977,0.011074629779694657
31-9092.00,2039,0.01940397401730672,0.005101890088938063
31-9092.00,2040,0.03627666901565984,0.01119534804819786
31-9092.00,2041,0.016176577718815418,0.004929408320820596
31-9092.00,2042,0.02940562596668879,0.01209487872692357
31-9092.00,2043,0.01604872795278212,0.005512162370466888
31-9095.00,2045,0.14733780311879324,0.021283332664799676
31-9095.00,2046,0.18882383331282718,0.026760626219989026
31-9095.00,2048,0.18051136483652938,0.023222319584407014
31-9095.00,2049,0.05508076889565982,0.02183935504720476
31-9095.00,2052,0.18005574162877822,0.026232112584869037
31-9095.00,2053,0.09160840667293617,0.016533980278225495
31-9095.00,2054,0.06637809373173308,0.018903368251860148
31-9095.00,2055,0.06319911386131273,0.01572380172810267
33-3011.00,2091,0.0476767951015168,0.015490711238257928
33-3011.00,2092,0.0234420444930493,0.01196365529061201
33-3011.00,2093,0.021867771116564075,0.01629540718967748
33-3011.00,2094,0.14455463259896345,0.01909654044107181
33-3011.00,2095,0.0035500509364511435,0.001771584753573878
33-3011.00,2097,0.0901345907316728,0.017616967647531075
33-3011.00,2098,0.015608963124463008,0.01006207982762403
33-3012.00,2102,0.0492927611306272,0.0084621676494441
33-3012.00,2103,0.010219050950343467,0.0041456211937806655
33-3012.00,2104,0.017656081930674472,0.0030919543715934475
33-3012.00,2105,0.050740926744615666,0.0066727969947204206
33-3012.00,2107,0.03007114034621304,0.004788878420056062
33-3012.00,2108,0.036605844054622846,0.00647367099675403
33-3012.00,2109,0.034104271566949396,0.004158282945417215
33-3012.00,2110,0.03661074118625439,0.005127623835526964
33-3012.00,2111,0.011194693245976313,0.003653717896221576
33-3012.00,2112,0.025596579344202453,0.005050241957934108
33-3012.00,2113,0.033005775416545126,0.005130301092724932
33-3012.00,2114,0.03087857366373153,0.005722772193419865
33-3012.00,2116,0.011490991169002108,0.004231909777371816
33-3012.00,2119,0.014641173470919634,0.004119155111542205
33-3021.02,2120,0.06882146798777941,0.012666138671796013
33-3021.02,2121,0.013455654674716454,0.0059989514626297554
33-3021.02,2122,0.046575178347701085,0.013494958087095919
33-3021.02,2125,0.12420231552073965,0.030763155660539075
33-3021.02,2127,0.017715254820998394,0.003548345051428075
33-3021.02,2129,0.05456423506381279,0.012259939773381578
33-9032.00,2131,0.09522620897870451,0.025538671819114837
33-9032.00,2132,0.06060800332900053,0.024904045271612146
33-9032.00,2133,0.14962328524454335,0.022099246763145446
33-9032.00,2134,0.08565092957960449,0.02542787793558375
33-9032.00,2135,0.0054901913713918575,0.003875219139966461
33-9032.00,2136,0.12965009061267221,0.021404905483297033
33-9032.00,2137,0.10924489762891783,0.02436415727162491
33-9032.00,2138,0.050588262684020495,0.022627462142216233
33-9032.00,2139,0.07207679082815897,0.0298635111005514
33-9032.00,2140,0.042047092536118415,0.02310469188041348
33-9032.00,2141,0.0694539923623556,0.024557631205319046
33-9032.00,2143,0.01227867946983642,0.007201508217609693
35-1012.00,2144,0.06299717532447432,0.015573637983478961
35-1012.00,2145,0.060584215822623834,0.017896941097006628
35-1012.00,2146,0.064047740629388,0.021599433614069356
35-1012.00,2147,0.06513032046574328,0.014138546462154516
35-1012.00,2148,0.06662367982177961,0.017760270667587466
35-1012.00,2150,0.06489401039050553,0.01684995178500587
35-1012.00,2151,0.06894486112335606,0.022238866297960475
35-1012.00,2153,0.05999773264802575,0.016883447177243997
35-1012.00,2154,0.07818331007670215,0.01767706495019723
35-1012.00,2158,0.055215777984234424,0.0230297885694493
35-1012.00,2165,0.028322885098521003,0.018443817387750635
35-1012.00,2166,0.025302726967906326,0.013991105599280742
35-1012.00,2167,0.03902789105912893,0.01916972636771273
35-2014.00,2169,0.09781480565514032,0.010012189305958962
35-2014.00,2170,0.09480239261976288,0.01072968614981746
35-2014.00,2171,0.06787533509130768,0.01289755420907102
35-2014.00,2172,0.07784255482790141,0.012951983540789889
35-2014.00,2173,0.12421829304879362,0.010609759767704483
35-2014.00,2175,0.043195093606714564,0.0179373185539122
35-2014.00,2176,0.07290488096181683,0.014243664165488334
35-2014.00,2177,0.04882236332085182,0.012222318448156692
35-2014.00,2178,0.023443352705539853,0.01055553781307896
35-2014.00,2179,0.00998157928677134,0.002643634162659067
35-2014.00,2180,0.05650963559112815,0.014743123080967051
35-2014.00,2181,0.010916710933002867,0.0046401935878191405
35-2014.00,2182,0.011881685076279258,0.007176310279694382
35-2014.00,2185,0.011878035325029573,0.007258333354692873
35-2014.00,2186,0.0022370562718540313,0.001393061860492723
35-2015.00,2187,0.14462653903791522,0.01889697868237169
35-2015.00,2188,0.11427128450890793,0.027094093203681023
35-2015.00,2189,0.11160516938237183,0.022735063107238412
35-2015.00,2190,0.07392873601562017,0.020320224656098933
35-2015.00,2191,0.0978310776000628,0.02656531885222142
35-2015.00,2192,0.09963483792508804,0.023232326896265126
35-2015.00,2194,0.014590178642172675,0.007807867569668205
35-2021.00,2197,0.038696322603324,0.003948929857692806
35-2021.00,2199,0.029799942023969028,0.013120498926633957
35-2021.00,2200,0.03731647993251868,0.014875384352458705
35-2021.00,2201,0.035275075077155243,0.00586330942993135
35-2021.00,2203,0.050484713602793295,0.009319102782880806
35-2021.00,2204,0.05573704821777077,0.011916454181264984
35-2021.00,2206,0.03096391424622652,0.005218063673589203
35-2021.00,2207,0.027517537117277682,0.004998433453574094
35-2021.00,2208,0.05283659316744977,0.012131928765371277
35-2021.00,2209,0.025999889754451458,0.007836899524446826
35-2021.00,2210,0.0544912323363382,0.008676329042739534
35-2021.00,2211,0.01595385513443857,0.0023547941629205984
35-2021.00,2212,0.04624183640143268,0.013696193667466832
35-2021.00,2213,0.02805454077011408,0.004483839319952687
35-2021.00,2214,0.024525353419702352,0.004792303154469045
35-2021.00,2215,0.038318653511135184,0.012166174673987569
35-2021.00,2216,0.02075577804374887,0.005668568881250895
35-2021.00,2217,0.03755738589194028,0.005381567102934448
35-2021.00,2220,0.02907681866011236,0.008963402741998609
35-2021.00,2221,0.015306647213977755,0.0020081018686734123
35-2021.00,2222,0.019303232393565666,0.0057003883693559345
35-3011.00,2223,0.10084599033913554,0.011096349110117755
35-3011.00,2224,0.06242519929472697,0.01094501415263664
35-3011.00,2225,0.042243311063235096,0.013935905798314586
35-3011.00,2226,0.020204556470011407,0.006039117379402908
35-3011.00,2227,0.09843960620864606,0.012439956074152783
35-3011.00,2228,0.10719937245565937,0.010138986000349856
35-3011.00,2229,0.10256538899239029,0.011784385207791823
35-3011.00,2230,0.09317452106716366,0.012105251069437236
35-3011.00,2231,0.08379684867162321,0.01077434115148739
35-3011.00,2232,0.0750798054500488,0.015170418028353606
35-3011.00,2233,0.009061680409170419,0.003029602820060139
35-3011.00,2234,0.0011842551995959489,0.00044562011713188994
35-3011.00,2235,0.01699944762681911,0.0015095737668230763
35-3011.00,2236,0.035001731683590664,0.008657520858479182
35-3011.00,2237,0.051851287880024376,0.008610340240179749
35-3011.00,2238,0.033592601649413814,0.012210010318919749
35-3011.00,2239,0.0019854993290481892,0.0015991778767420791
35-3011.00,2241,0.007404579775729964,0.0018617623145196203
35-3031.00,2275,0.03295545180696105,0.008161038896881743
35-3031.00,2276,0.06528017704895901,0.003684092484943057
35-3031.00,2277,0.0607749606200824,0.005446571361406286
35-3031.00,2278,0.06148433430831677,0.005173283208311071
35-3031.00,2279,0.06588538458971697,0.0037743720609914226
35-3031.00,2280,0.042860903714348426,0.005290181500740991
35-3031.00,2281,0.06129394189661018,0.004604800400696501
35-3031.00,2283,0.052543212328204414,0.005806933532249885
35-3031.00,2284,0.052494988908537196,0.005546376770509668
35-3031.00,2285,0.06160338514518277,0.0038161253316066055
35-3031.00,2286,0.031647037935989365,0.006891727819941039
35-3031.00,2287,0.032526221937678464,0.007770870010163827
35-3031.00,2288,0.03701138763430799,0.006854641833223072
35-3031.00,2289,0.026855209678512838,0.0064708638924300815
35-3031.00,2290,0.0415340338705115,0.006670115923974737
35-3031.00,2291,0.01927171994115664,0.0035378556711157293
35-3031.00,2292,0.023499349922153186,0.008679809076282012
35-3031.00,2293,0.030375879645377107,0.007023844395321639
35-3031.00,2294,0.015302165320905616,0.0053522655333156045
35-3031.00,2295,0.013107322955136565,0.004060501890388752
35-9031.00,2296,0.10337171799590615,0.006949117045079655
35-9031.00,2297,0.10146474053859544,0.0071081917806871935
35-9031.00,2301,0.03699651765942535,0.0091947203464447
35-9031.00,2302,0.07981678505516253,0.009822366108124479
35-9031.00,2303,0.04026948252498453,0.0078216989919388
35-9031.00,2304,0.05591019378071451,0.009079893519748961
35-9031.00,2305,0.049607468663468705,0.008542662658677291
35-9031.00,2307,0.052493894128765914,0.010389929672878847
35-9031.00,2310,0.014026903216295936,0.006944618439921449
35-9031.00,2312,0.016895108721256165,0.007650061503741208
35-9031.00,2313,0.010250995147417816,0.005142404105444833
39-6011.00,2314,0.1253450952567959,0.020088506252776805
39-6011.00,2315,0.14029106658617282,0.02343188824126584
39-6011.00,2316,0.128830635931031,0.023649009228683134
39-6011.00,2317,0.1619333082778196,0.03284663258353221
39-6011.00,2318,0.029618746443706094,0.010666287145244011
39-6011.00,2319,0.044824638225553305,0.01744404497478502
39-6011.00,2320,0.038093249032888424,0.00688815963133488
39-6011.00,2321,0.08807727973033158,0.021609620445104488
39-6011.00,2322,0.008365317843307442,0.00211483270322679
39-6011.00,2324,0.11682668552257316,0.02296844197293438
39-6011.00,2326,0.020531985563135693,0.005123697735650233
39-6011.00,2327,0.0691500049776134,0.021542745321281035
39-6011.00,2328,0.02811198660907156,0.012031318749634591
39-9011.00,2331,0.056190427433169675,0.007543178078332547
39-9011.00,2332,0.05775454951427682,0.009807420558220552
39-9011.00,2333,0.04265182111634769,0.007774425848109148
39-9011.00,2334,0.0761148015893874,0.009902196236794898
39-9011.00,2335,0.04418613685852301,0.008614153734948926
39-9011.00,2336,0.10912309912611194,0.013012588061792472
39-9011.00,2338,0.047562258097516255,0.007756489866558062
39-9011.00,2339,0.052139343329570785,0.006928980879633901
39-9011.00,2342,0.06605786696831865,0.010756063253322764
39-9011.00,2344,0.026556141525523273,0.007990687157552271
39-9011.00,2346,0.05805878127628218,0.012329145366681202
39-9011.00,2347,0.01861570371794504,0.005210024635354183
39-9011.00,2348,0.0187551923304526,0.002878863250956468
39-9011.00,2349,0.0035259378917971654,0.0014844446780118738
39-9011.01,2351,0.023597708684318118,0.0
39-9011.01,2352,0.050674319562713586,0.0
39-9011.01,2353,0.010439528520283646,0.0
39-9011.01,2354,0.07016983535652213,0.0
39-9011.01,2355,0.06997490943601026,0.0
39-9011.01,2356,0.06744099916486938,0.0
39-9011.01,2357,0.023382444188427255,0.0
39-9011.01,2358,0.11703967634764553,0.0
39-9011.01,2359,0.030556858866402706,0.0
39-9011.01,2360,0.03748958629645799,0.0
39-9011.01,2361,0.01881672143363093,0.0
39-9011.01,2362,0.04424792353694218,0.0
39-9011.01,2363,0.02894874325278529,0.0
39-9011.01,2364,0.07289865205655743,0.0
39-9011.01,2365,0.11207681291769826,0.0
39-9011.01,2366,0.048417927848694975,0.0
39-9011.01,2367,0.087127532809887,0.0
39-9011.01,2368,0.08137000663116133,0.0
31-1122.00,2369,0.11369773571052291,0.01727647703460811
31-1122.00,2370,0.1332095872038134,0.01765170030442637
31-1122.00,2371,0.11494975239339555,0.016760263699739243
31-1122.00,2372,0.07417433730592807,0.014904679245811856
31-1122.00,2373,0.11445854212837567,0.014872718547715645
31-1122.00,2374,0.12446845004406398,0.029862269992531897
31-1122.00,2375,0.046176519431353764,0.017500162702242854
31-1122.00,2376,0.06861559983398538,0.01724454935716978
31-1122.00,2377,0.013914717457948223,0.007019497256082364
31-1122.00,2378,0.07147285152649994,0.01981549932788445
31-1122.00,2379,0.12486190696411312,0.01956104143803724
39-9032.00,2380,0.14793731381079986,0.031290784241601845
39-9032.00,2381,0.06996982166750364,0.011035143138324585
39-9032.00,2382,0.08421943055757293,0.014166905031298757
39-9032.00,2383,0.014221012083152016,0.004455453440981187
39-9032.00,2385,0.043129827893094365,0.010310400687296389
39-9032.00,2386,0.029115993049396674,0.003776811970428166
39-9032.00,2387,0.07062973349756166,0.01866823166885756
39-9032.00,2388,0.043776711551291654,0.008208750170878671
39-9032.00,2389,0.03331565215393653,0.010740074247132707
39-9032.00,2390,0.044031257924267875,0.00804478732593971
39-9032.00,2391,0.013253199334183965,0.002851842518052547
39-9032.00,2392,0.02493769150020118,0.006101667652200104
39-9032.00,2393,0.0177881215476321,0.003961759659602572
39-9032.00,2394,0.027393942978885668,0.0049005772012831175
39-9032.00,2395,0.03298010637236402,0.009839624405866852
39-9032.00,2396,0.021163371423108483,0.005327816854049228
39-9032.00,2397,0.04221919334423475,0.011944305655025534
39-9032.00,2398,0.010073010316062881,0.00416419707242983
39-9032.00,2399,0.03526926058945833,0.01333992511948066
41-2011.00,2400,0.11232541189700793,0.016907685826163494
41-2011.00,2401,0.09107555612855889,0.0151413223388194
41-2011.00,2402,0.0248210723684309,0.007974087534620061
41-2011.00,2403,0.08359995753717944,0.015192979100303958
41-2011.00,2405,0.05513043925298117,0.01230826887010361
41-2011.00,2408,0.05602148602359314,0.0069846714565969786
41-2011.00,2411,0.01836889437725471,0.0060621082924319355
41-2011.00,2412,0.045044787354617526,0.01318635239422088
41-2011.00,2413,0.0249424834984871,0.00870401819294629
41-2011.00,2414,0.01861138423664897,0.006548789631361569
41-2011.00,2416,0.02303962696815819,0.006350156790007074
41-2011.00,2417,0.021367226014414292,0.0070901204074966554
41-2011.00,2419,0.04700704231741735,0.011099604802509287
41-2011.00,2421,0.01883641695471051,0.008291445795067989
41-2011.00,2422,0.03148275312865125,0.0070356622846388
41-2011.00,2423,0.017895334685728275,0.006839977529935846
41-2011.00,2424,0.0268745752897797,0.008093745847947595
41-2022.00,2425,0.09089242448215354,0.011330767251591312
41-2022.00,2426,0.07099779222460186,0.008864934192904558
41-2022.00,2427,0.09386175580381885,0.011420960405117562
41-2022.00,2429,0.07437971260860142,0.010643580793774964
41-2022.00,2430,0.09075915379338315,0.010750445720236387
41-2022.00,2432,0.042857616449373435,0.009225556185981986
41-2022.00,2433,0.038256002211234416,0.007377406880686845
41-2022.00,2434,0.04242678586108989,0.007722961834107958
41-2022.00,2435,0.03963717321314337,0.007652549652280044
41-2022.00,2436,0.03259805506128986,0.0081390914968655
41-2022.00,2437,0.022018401891951114,0.004874721172522868
41-2022.00,2438,0.023813878488611287,0.004811757741528477
41-2022.00,2439,0.018923182096963847,0.005368585589735023
41-9022.00,2440,0.034375812591985216,0.0
41-9022.00,2441,0.04596890668416207,0.0
41-9022.00,2442,0.04301011223099422,0.0
41-9022.00,2443,0.030916651373110886,0.0
41-9022.00,2444,0.032449386647832854,0.0
41-9022.00,2445,0.048255352755231476,0.0
41-9022.00,2446,0.05836894579403723,0.0
41-9022.00,2447,0.038787211043056984,0.0
41-9022.00,2448,0.05398455037707033,0.0
41-9022.00,2449,0.08268485657279848,0.0
41-9022.00,2450,0.05019170969391972,0.0
41-9022.00,2451,0.007995589362742866,0.0
41-9022.00,2452,0.005209263930548698,0.0
41-9022.00,2453,0.0620270143699331,0.0
41-9022.00,2454,0.022180308287471032,0.0
41-9022.00,2455,0.03841725669920791,0.0
41-9022.00,2456,0.03582831114921408,0.0
41-9022.00,2457,0.009347768071385324,0.0
41-9022.00,2458,0.03601670297167356,0.0
41-9022.00,2459,0.019651362498696832,0.0
41-9022.00,2460,0.02076563731001696,0.0
41-9022.00,2461,0.02105551614011084,0.0
41-9022.00,2462,0.06314336344374116,0.0
41-9022.00,2463,0.031169486368577692,0.0
41-9022.00,2464,0.02442741678084313,0.0
41-9022.00,2465,0.005164091551639419,0.0
41-9022.00,2466,0.0018347399856369362,0.0
41-9022.00,2467,0.005994329727086924,0.0
41-9022.00,2468,0.007025670057719749,0.0
41-9022.00,2469,0.0029735935486741106,0.0
41-9022.00,2470,0.0038747126775202693,0.0
41-9022.00,2471,0.00043846697779071074,0.0
43-3011.00,2472,0.06907211186774687,0.01599652783514599
43-3011.00,2473,0.09489144883195359,0.017215242391164457
43-3011.00,2474,0.11866319082333404,0.01810234409312824
43-3011.00,2475,0.0822142954169986,0.01495266293101421
43-3011.00,2476,0.09188133942356518,0.01830642616499903
43-3011.00,2477,0.09304995558284263,0.017255291041344687
43-3011.00,2478,0.08349897401052696,0.017154757811275095
43-3011.00,2479,0.036946457383704535,0.009097456878055294
43-3011.00,2480,0.029977894408092155,0.007297031978605518
43-3011.00,2481,0.07813761322410369,0.015351337715918496
43-3011.00,2482,0.015081291768449839,0.008116089464992803
43-3011.00,2483,0.07548568855761059,0.018062001602420483
43-3011.00,2484,0.011646325957976777,0.0018255642962888162
43-3031.00,2486,0.0855448075309179,0.00829410440055437
43-3031.00,2487,0.14584089474961792,0.014050555381224097
43-3031.00,2488,0.06789942331891427,0.013820343969799906
43-3031.00,2489,0.031543029742532626,0.0063679283688852315
43-3031.00,2490,0.027712635752751683,0.006260132797624393
43-3031.00,2491,0.022257961010527426,0.0074158204616006015
43-3031.00,2492,0.014780734575894173,0.006468717130621441
43-3031.00,2495,0.14761486739272772,0.01392102957775809
43-3031.00,2497,0.046638350871502615,0.0093938807689251
43-3031.00,2498,0.12487835025126408,0.015304715489680982
43-3031.00,2499,0.02406335878762109,0.006080652525049608
43-3031.00,2500,0.036443807158160674,0.0069970536506863
43-3031.00,2501,0.02998106840906699,0.008298165950440941
43-3031.00,2502,0.048513690381189405,0.011966100901410443
43-3031.00,2503,0.012297582138664833,0.006547018558505958
43-3031.00,2505,0.024698904711265318,0.008392826416271268
43-3031.00,2506,0.01675011179544405,0.003714449869283491
43-3031.00,2507,0.007793721520288927,0.005072203296278663
43-3031.00,2508,0.014191057406511788,0.006869632289840196
43-3031.00,2509,0.04386541867673599,0.01025363195830487
43-3031.00,2510,0.0010500384716493165,0.00045741441356777785
43-3031.00,2511,0.0070174224400145905,0.003293422989609115
43-3031.00,2514,0.011156136783339661,0.005096252087926656
43-3051.00,2515,0.037426360586990816,0.019011223380971994
43-3051.00,2517,0.07091848990205517,0.025933510815574056
43-3051.00,2519,0.15036508609864732,0.029677941627465315
43-3051.00,2520,0.09176841195000617,0.02532966014896947
43-3051.00,2521,0.04643051137571508,0.022701637491199186
43-3051.00,2522,0.037531943274016294,0.02413440109291768
43-3051.00,2524,0.0726123800207766,0.024764147018045572
43-3051.00,2526,0.10792319545995488,0.04170184969922972
43-3051.00,2527,0.04381636327026214,0.025710838902400134
43-3051.00,2528,0.04865531445572945,0.022883679171565814
43-3051.00,2529,0.04536745585867523,0.028338404257878393
43-3061.00,2531,0.07020722995438419,0.012912325981307942
43-3061.00,2532,0.04754716556105717,0.011094568059719546
43-3061.00,2533,0.07216340587559585,0.015513895488762194
43-3061.00,2534,0.09400429775214317,0.015963119080558863
43-3061.00,2535,0.041048189336593294,0.012629233978408122
43-3061.00,2536,0.054615223836901226,0.01426393610505725
43-3061.00,2537,0.05570953034943808,0.012824606931870436
43-3061.00,2538,0.05695184234565424,0.013456793243626617
43-3061.00,2539,0.0902471022297981,0.016186405057234038
43-3061.00,2540,0.07065521070205076,0.016327960567991903
43-3061.00,2541,0.04668024368883405,0.012713294015935588
43-3061.00,2542,0.041301773546172864,0.01146399148827682
43-3061.00,2544,0.03966159701961978,0.012154141004380644
43-3061.00,2545,0.08168513335927456,0.027375874188598194
43-3061.00,2546,0.034502607119485135,0.012962970741756593
43-3061.00,2547,0.00826484601824689,0.003980128810532404
43-3061.00,2548,0.029988855339776247,0.014616890037921514
43-3071.00,2549,0.04830652159897099,0.00584792347131195
43-3071.00,2550,0.090043482277971,0.00744804466922499
43-3071.00,2551,0.09339549891859462,0.00695971571980637
43-3071.00,2552,0.08961404083713319,0.00815942112345397
43-3071.00,2553,0.09260925295103008,0.006697184332102111
43-3071.00,2554,0.0491084804005819,0.006382383084684812
43-3071.00,2555,0.03184383975683286,0.005389904344613471
43-3071.00,2556,0.034835344098322,0.006337861851425604
43-3071.00,2557,0.04971541063925096,0.009621766504137182
43-3071.00,2558,0.04548825582580814,0.006468377136386498
43-3071.00,2559,0.02701437685816384,0.004421268890123039
43-3071.00,2560,0.026292578862619362,0.004292023914939633
43-3071.00,2561,0.026727504880611316,0.0042267994633995
43-3071.00,2562,0.025193847358471924,0.005037805096549321
43-3071.00,2563,0.01667135258804795,0.0034866823581361866
43-3071.00,2564,0.012454671361997743,0.0034107003611299172
43-3071.00,2565,0.03662628071368712,0.00614356065252948
43-3071.00,2566,0.026952902674844185,0.004759574069499574
43-3071.00,2567,0.013038260360538366,0.004354429898810892
43-3071.00,2568,0.012127074899952349,0.003919552731099389
43-3071.00,2569,0.03523003808224024,0.006239255787698191
43-3071.00,2570,0.012496512002106146,0.003655895095020536
43-3071.00,2571,0.008307854820422383,0.002095337479993182
43-3071.00,2572,0.006345395999494485,0.002759272554636841
43-3071.00,2573,0.0083740665364997,0.003926655589750202
43-3071.00,2574,0.004691604705492419,0.0030925016020548865
43-3071.00,2575,0.0044902896062953114,0.0026815888603623156
43-4051.00,2578,0.19033695022304786,0.034467787290060954
43-4051.00,2579,0.07420146849751715,0.023140312271091982
43-4051.00,2580,0.1349869698047853,0.0467905181955223
43-4051.00,2582,0.09288377993258667,0.039555105129803
43-4051.00,2583,0.09983564567500496,0.029044015315890393
43-4051.00,2584,0.1401192420908908,0.030425612723302305
43-4051.00,2589,0.016123733996750936,0.007283884436676331
43-4051.00,2591,0.015704481261004342,0.0036890212841425695
43-4071.00,2593,0.04954617725807765,0.012756092194046673
43-4071.00,2595,0.034692531927648707,0.016985019266833448
43-4071.00,2596,0.054703229412371365,0.00954017885189386
43-4071.00,2597,0.06416958527069185,0.01601828370650683
43-4071.00,2599,0.08532050188773532,0.018663150035285167
43-4071.00,2600,0.0599552522373628,0.017149866395062562
43-4071.00,2601,0.04798416955719834,0.013679083320184336
43-4071.00,2602,0.06767124670599749,0.016754844970174175
43-4071.00,2603,0.030579687333891905,0.014902093033581297
43-4071.00,2604,0.03956669530055878,0.018277503893693144
43-4071.00,2605,0.041877570223631186,0.015596758974006189
43-4071.00,2607,0.011865588269470822,0.0062009974130572045
43-4081.00,2610,0.08418207550665081,0.004380951200946989
43-4081.00,2611,0.07506662777631759,0.005388024388940404
43-4081.00,2612,0.0754999148023865,0.0054308581776202755
43-4081.00,2613,0.06398660410537613,0.005638225987218115
43-4081.00,2615,0.0789692735491453,0.004563754314299266
43-4081.00,2616,0.06699353915023339,0.005513934517345647
43-4081.00,2617,0.061873008137611596,0.005366453979092343
43-4081.00,2618,0.06087799535301299,0.0054978316150135756
43-4081.00,2619,0.06328877809636738,0.006575098225824329
43-4081.00,2620,0.07633763018297236,0.005469691637860272
43-4081.00,2622,0.04426898069894753,0.006093806208402743
43-4081.00,2623,0.04028199130751953,0.004573278158954255
43-4081.00,2624,0.022008111601732196,0.003703274021758326
43-4081.00,2625,0.014884952758904368,0.00435586220062343
43-4081.00,2626,0.02359472202444503,0.005544311103641493
43-4111.00,2627,0.10936103428581885,0.01699167450247672
43-4111.00,2628,0.07274964440799755,0.01585158599002401
43-4111.00,2629,0.0782757613869804,0.014665327760765135
43-4111.00,2630,0.07926493828794952,0.018628826417593922
43-4111.00,2631,0.06402166646752724,0.012791709716450637
43-4111.00,2632,0.07327695575305732,0.01439029148399064
43-4111.00,2633,0.06921688799430471,0.012592842631962779
43-4111.00,2634,0.07133515359810683,0.017337969161314144
43-4111.00,2635,0.043002964992512514,0.011140505335318783
43-4111.00,2636,0.09158321777972883,0.014878950292928586
43-4111.00,2637,0.017575162298679767,0.006160026451715546
43-4111.00,2638,0.05433695707879241,0.011657137936747846
43-4111.00,2640,0.02671790936530153,0.009064700876284852
43-4111.00,2641,0.027169817055146036,0.011390827704133943
43-4121.00,2643,0.03970988544808772,0.008620616615261072
43-4121.00,2644,0.007148539133633279,0.003243116000216412
43-4121.00,2645,0.09044087164102364,0.012900784761388397
43-4121.00,2646,0.07819246396047191,0.012025168565101321
43-4121.00,2647,0.04756113435462173,0.00844284024373306
43-4121.00,2648,0.07120197916708773,0.010641158545013426
43-4121.00,2649,0.061478040988904206,0.009554084979972028
43-4121.00,2650,0.05233243945209807,0.011067479661765672
43-4121.00,2652,0.05689236247141347,0.010055643896251003
43-4121.00,2653,0.024415216995924593,0.007295529609715455
43-4121.00,2654,0.010074857709746879,0.0038009232282601676
43-4121.00,2655,0.016030973946794976,0.003313053719744294
43-4121.00,2656,0.01700140022154779,0.003790607878612959
43-4121.00,2657,0.02951165832141075,0.009575194003627762
43-4121.00,2658,0.030056111628643387,0.006265020731746194
43-4121.00,2661,0.025499376413945705,0.005542384564439539
43-4121.00,2662,0.006659663193743726,0.001946144838264158
43-4121.00,2664,0.023594033364175104,0.006140210433911891
43-4121.00,2667,0.007191757019693863,0.0023963930732631045
43-4151.00,2668,0.09752049024835346,0.02802238044182319
43-4151.00,2669,0.049281669920378024,0.018884621551811562
43-4151.00,2670,0.07698237925111157,0.01897458988115018
43-4151.00,2672,0.10198241575093314,0.03317364611423418
43-4151.00,2673,0.053440610804490224,0.02057965799007333
43-4151.00,2674,0.06625813035475597,0.0284848679973205
43-4151.00,2675,0.0932666902132763,0.027216859472112852
43-4151.00,2676,0.051000753649185146,0.02149435257504774
43-4151.00,2677,0.06939831068610713,0.019670407917922975
43-4151.00,2678,0.0818301986194387,0.02151613090210594
43-4151.00,2679,0.05142396291149738,0.02190571181236279
43-4151.00,2681,0.028412791074895395,0.0115324284260896
43-4151.00,2682,0.024907438729504836,0.00987250904734348
43-4151.00,2683,0.10399435177462346,0.03794016597798354
43-4151.00,2684,0.01982773162815262,0.010462172742580935
43-4151.00,2686,0.030472074383296698,0.011795096550345155
43-4161.00,2687,0.09752106858006486,0.02862042376908651
43-4161.00,2689,0.09214116750051364,0.03081273871808944
43-4161.00,2690,0.0558941868457841,0.028357695846768175
43-4161.00,2691,0.07214861975659795,0.014616142537164775
43-4161.00,2692,0.0766700825474998,0.013944762639121458
43-4161.00,2693,0.04961862129330447,0.01096664512468915
43-4161.00,2694,0.030878945032092965,0.012454451045392306
43-4161.00,2695,0.05238488086316396,0.029529512245511067
43-4161.00,2696,0.02309505314077003,0.009420516223638868
43-4161.00,2697,0.027469143644188374,0.013216269988533282
43-4161.00,2698,0.0485038049275686,0.029937123324827578
43-4161.00,2699,0.04614224987106016,0.028163552564590372
43-4161.00,2700,0.00861664976142685,0.00512823721703522
43-4161.00,2701,0.02134011159028089,0.012962374792652344
43-4161.00,2702,0.07957750349497282,0.029621421736033153
43-4161.00,2703,0.035409599753695495,0.013359650012544608
43-4161.00,2704,0.039789811511614044,0.028878512366397806
43-5031.00,2705,0.08018885017951492,0.008165784774272329
43-5031.00,2706,0.08856748423126029,0.006090973797600837
43-5031.00,2707,0.09245260487061902,0.010668931219782124
43-5031.00,2708,0.0679347408383267,0.010652813688207157
43-5031.00,2709,0.057041827962047625,0.006373996018478876
43-5031.00,2710,0.07533625301279367,0.008661793709882298
43-5031.00,2711,0.07358092833552025,0.006228613053373445
43-5031.00,2712,0.05233477854325138,0.010983786341951652
43-5031.00,2713,0.04350076522284249,0.009058400568137035
43-5031.00,2714,0.03128201592918371,0.006654057276388544
43-5031.00,2715,0.07489635420192148,0.009387635179727799
43-5031.00,2716,0.013337618939776497,0.006298547733367096
43-5031.00,2717,0.06935729711032257,0.008374344457610778
43-5031.00,2718,0.0865539683479836,0.006135089564940119
43-5031.00,2719,0.04109121302565719,0.009369563465834539
43-5031.00,2720,0.018401103414314307,0.006454672077195747
43-5031.00,2721,0.010768670313057263,0.0057423138352305485
43-5031.00,2722,0.023373525521607035,0.007462933858384652
43-5032.00,2723,0.16033948584769764,0.014110951446709898
43-5032.00,2724,0.04545264196084468,0.01111112479291677
43-5032.00,2725,0.11605295884604337,0.011572254878075554
43-5032.00,2726,0.09869854191476837,0.01319943680226295
43-5032.00,2727,0.12472080601352122,0.015376576142543926
43-5032.00,2728,0.07653832461542216,0.016704886029917324
43-5032.00,2729,0.06379690721747906,0.010913873479652891
43-5032.00,2730,0.10179936000238977,0.015934086400246364
43-5032.00,2731,0.08450520370152999,0.012635594872624908
43-5032.00,2732,0.06946012166156981,0.016884437406665214
43-5032.00,2733,0.05071313735803043,0.010008608537960649
43-5032.00,2735,0.00792251086070351,0.00459478253414291
43-6011.00,2770,0.11002060858584706,0.021836080945976742
43-6011.00,2771,0.08279665250683703,0.013080250203198402
43-6011.00,2772,0.04952233273955277,0.00932186991189301
43-6011.00,2773,0.08568547874961076,0.00993212520068713
43-6011.00,2774,0.055331962409549476,0.012799927870106007
43-6011.00,2775,0.061164667807376165,0.011787894005561135
43-6011.00,2776,0.07622110701615203,0.012783470797850199
43-6011.00,2779,0.0465807257395584,0.015288549841301166
43-6011.00,2780,0.018314054792183183,0.006636584078501751
43-6011.00,2784,0.0082734702929087,0.003301673436178324
43-6011.00,2785,0.01408093089488542,0.008434036798152291
43-6011.00,2788,0.018083661331733086,0.00858190309107063
43-6014.00,2790,0.09641999112007846,0.009957472922633619
43-6014.00,2791,0.078521008988031,0.008306257487604192
43-6014.00,2793,0.030560373835650807,0.005579070138743377
43-6014.00,2794,0.030315606245675773,0.005810542075369154
43-6014.00,2795,0.03610236641921136,0.0064688036523312216
43-6014.00,2796,0.06414383003688155,0.009512592841356134
43-6014.00,2797,0.013992388078938387,0.005376954458765607
43-6014.00,2800,0.032554146358593564,0.00615164963666444
43-6014.00,2801,0.04360656480782607,0.011727378553489563
43-6014.00,2803,0.006787933328804167,0.002712392213272392
43-6014.00,2804,0.00714846724454258,0.001842210214669688
43-6014.00,2805,0.040708536508670734,0.005756428162502133
43-6014.00,2806,0.030320527072556593,0.006110813669121786
43-6014.00,2808,0.006208323334746845,0.0021427627861342704
43-6014.00,2809,0.017317085189167438,0.004199436462575565
43-6014.00,2812,0.00817681085793996,0.0036744189135762897
43-6014.00,2813,0.05954248120392922,0.010360528022534206
43-6014.00,2814,0.004080735821137216,0.0016812173900256945
43-9031.00,2815,0.06347570836727381,0.013509895119588437
43-9031.00,2816,0.11989081325148182,0.015306214379187616
43-9031.00,2817,0.09822732560506957,0.01596183741499771
43-9031.00,2818,0.08940321655573584,0.016625470261645427
43-9031.00,2819,0.017548799383190816,0.011093916177016707
43-9031.00,2820,0.10407448346797377,0.02095380056401732
43-9031.00,2821,0.060767591668036136,0.016740470178966838
43-9031.00,2822,0.048692334458759735,0.011069727756715202
43-9031.00,2824,0.0994280493346419,0.013896228065367805
43-9031.00,2825,0.05567872938801663,0.01032053609960888
43-9031.00,2827,0.051068613967984844,0.008289357569490206
43-9031.00,2828,0.04601569560580224,0.009581510836566227
43-9031.00,2829,0.05292866281758138,0.011471923585756084
43-9031.00,2830,0.01972490855735187,0.005307869712980934
43-9031.00,2831,0.05657177282583724,0.013759488947517126
43-9031.00,2832,0.016503294745262437,0.007078026042226242
47-2041.00,2833,0.08104856696125505,0.01121695007872926
47-2041.00,2834,0.10798658571278631,0.013336947028465563
47-2041.00,2835,0.08996573536512083,0.01478889131677575
47-2041.00,2836,0.1381078740398156,0.019035895358421318
47-2041.00,2837,0.06503005797509295,0.013558942311755673
47-2041.00,2838,0.06879222672574326,0.010487358086654956
47-2041.00,2839,0.04731675543408749,0.010604116810500604
47-2041.00,2840,0.06075841147777931,0.010428291732227306
47-2041.00,2842,0.061033492184042235,0.013703393265781232
47-2041.00,2843,0.052901548826883825,0.0076156735830291864
47-2041.00,2844,0.061707808212188055,0.01064217292267443
47-2041.00,2845,0.01443420767189965,0.0056907981635501
47-2041.00,2846,0.02795131946653607,0.00722734921614981
47-2041.00,2847,0.05253294346570335,0.010701374423291056
47-2044.00,2848,0.11060296167609145,0.014632619731730759
47-2044.00,2849,0.06014397850778537,0.011029145339870665
47-2044.00,2850,0.09084364630840447,0.015050667430769608
47-2044.00,2851,0.08083621595546005,0.011059070028107767
47-2044.00,2852,0.08103582076421915,0.014052211674934915
47-2044.00,2853,0.08872902683200544,0.01988159881662483
47-2044.00,2854,0.005107387273695654,0.0019369441346892995
47-2044.00,2855,0.05359503001435989,0.011028432335724722
47-2044.00,2856,0.026313926904609812,0.0068310029091363704
47-2044.00,2857,0.00878235708774384,0.005369343374415255
47-2044.00,2858,0.03339814639785918,0.010469526346756398
47-2044.00,2859,0.03363475770269169,0.007601689459568752
47-2044.00,2860,0.031607235348855726,0.010899088202901669
47-2044.00,2861,0.02809385178077811,0.006343049428937431
47-2044.00,2862,0.035893494015788265,0.007562386428111624
47-2044.00,2863,0.008798881202090604,0.0029042545557500334
47-2044.00,2864,0.03778128202628167,0.01066760045836381
47-2044.00,2865,0.005340989094976272,0.0016851166188495117
47-2044.00,2866,0.011881640485970223,0.004726124530947174
47-2044.00,2867,0.02386394564145806,0.006345232056113808
47-2044.00,2868,0.017073205813436007,0.009863479181343485
47-2044.00,2869,0.0531108629313491,0.012890192069924035
47-2044.00,2870,0.04085277972713563,0.013206000562915836
47-2044.00,2871,0.03267857650695442,0.010311708687670312
47-2111.00,2873,0.08752668415584816,0.013643228957454647
47-2111.00,2874,0.025706983494161482,0.008201545535439038
47-2111.00,2875,0.03510433203031435,0.006590034132553607
47-2111.00,2876,0.05260628769637439,0.015690586391847887
47-2111.00,2877,0.021472249830290897,0.015888892481769123
47-2111.00,2878,0.052583090835776905,0.015179227814951873
47-2111.00,2879,0.04880038370149683,0.017007572960053098
47-2111.00,2880,0.0472947686381506,0.016158534474528807
47-2111.00,2881,0.04787742057638138,0.015916834927799862
47-2111.00,2882,0.08913299005520468,0.015133666382926387
47-2111.00,2883,0.10882957385996343,0.014714570245781284
47-2111.00,2884,0.013484041764298564,0.0026749336574543696
47-2111.00,2885,0.031019504231821548,0.015429696469348666
47-2111.00,2886,0.04498020927670232,0.015137942735736636
47-2111.00,2887,0.1069773336908417,0.014015054977930826
47-2111.00,2888,0.08249255831298823,0.01629894060161583
47-2111.00,2890,0.026744824992715365,0.009085507882416285
47-2111.00,2891,0.0501189563659905,0.013742566487512434
49-1011.00,2912,0.09161620627188564,0.03827646742414204
49-1011.00,2914,0.10815010293132259,0.02301940111456718
49-1011.00,2915,0.10681212424945906,0.04162743591311281
49-1011.00,2916,0.0335097598000751,0.008373137023042853
49-1011.00,2917,0.03765794378565386,0.005584068719580523
49-1011.00,2918,0.10484950300891253,0.03975898509999608
49-1011.00,2919,0.048447759947097026,0.010240495451426294
49-1011.00,2920,0.03006247040846474,0.006181004264696832
49-1011.00,2921,0.023745549290508917,0.0073347169249021885
49-1011.00,2922,0.01119397444639964,0.006921473318413691
49-1011.00,2923,0.047942304123285054,0.01121981164354585
49-1011.00,2924,0.011563169105717233,0.00418556251641281
49-1011.00,2925,0.0556564970420264,0.012238155785485922
49-1011.00,2926,0.02096096719951083,0.00497617250028258
49-1011.00,2927,0.017797295255285724,0.004568348599776596
49-1011.00,2929,0.06357151593183866,0.010765612488527716
49-1011.00,2931,0.027662348137124718,0.008837773802442455
49-1011.00,2932,0.010430627673798019,0.002821900875919601
49-3021.00,2933,0.09446040123342571,0.016555843253377674
49-3021.00,2934,0.08994654410920683,0.01666841752226174
49-3021.00,2935,0.06134054614648698,0.0112021958066213
49-3021.00,2936,0.028792489088132856,0.008627327601239139
49-3021.00,2937,0.044448419496709295,0.012329316713722577
49-3021.00,2938,0.06406611569691052,0.00882141478981025
49-3021.00,2940,0.04575691134412703,0.01329492474132482
49-3021.00,2941,0.018881541095533253,0.008153760188707622
49-3021.00,2942,0.03835334273384851,0.010088068605308495
49-3021.00,2943,0.0605216919132553,0.014285379298295573
49-3021.00,2944,0.051817596719377045,0.014732005504432323
49-3021.00,2945,0.02827800599755147,0.008232636002670091
49-3021.00,2946,0.041276413412825334,0.008636008927367435
49-3021.00,2947,0.03475128811415825,0.008952511270554546
49-3021.00,2948,0.04968633054423073,0.008973328217119412
49-3021.00,2949,0.03364336826047937,0.008809491234181312
49-3021.00,2950,0.0248286391616744,0.007825366601050236
49-3021.00,2951,0.025338490228207923,0.009120647779299672
49-3021.00,2952,0.011303534308307998,0.008022673540440391
49-3021.00,2953,0.012069590889394263,0.0074866949953565675
49-3021.00,2954,0.03471840041421725,0.013477904035820963
49-3021.00,2955,0.02385295974947181,0.010177061515706779
49-3021.00,2957,0.011487952475135984,0.009200333505654173
49-3031.00,2981,0.22342050183952603,0.023845989893928898
49-3031.00,2982,0.061649708089935466,0.011839467333326255
49-3031.00,2983,0.05781691179713837,0.008753426015532572
49-3031.00,2984,0.045473987453189466,0.011708690513949509
49-3031.00,2985,0.101413367390548,0.012541125138947704
49-3031.00,2986,0.05539162335322967,0.008859144248626053
49-3031.00,2987,0.04716604271831261,0.008366951936855415
49-3031.00,2988,0.03616674022749265,0.005871057227552916
49-3031.00,2989,0.02641733359273633,0.007515521839612247
49-3031.00,2990,0.024661802926077517,0.008261447364592153
49-3031.00,2991,0.040351926129227715,0.007635538226283839
49-3031.00,2993,0.016469062036874347,0.006251220895816206
49-3031.00,2995,0.02944241470850636,0.007410426052548096
49-3031.00,2996,0.0051094232766436595,0.0014700257636008237
49-3031.00,2999,0.002460503655287433,0.001780144099198473
49-3042.00,3000,0.0908843129786396,0.020749395030358237
49-3042.00,3001,0.12833126644869167,0.019671344839275986
49-3042.00,3002,0.08749957069431821,0.010656692964210195
49-3042.00,3003,0.04220566898677166,0.009701698264254413
49-3042.00,3004,0.03618893126976407,0.005920041681991468
49-3042.00,3005,0.042417855418418415,0.00509092305480112
49-3042.00,3006,0.03202627439922263,0.00550722783577851
49-3042.00,3007,0.039296219671427074,0.007636585140945152
49-3042.00,3008,0.061219730634997034,0.009840723995779527
49-3042.00,3009,0.04404876329765507,0.012587049139458167
49-3042.00,3010,0.02176213949110087,0.0060658846131321845
49-3042.00,3011,0.02299836173760444,0.003376630280115298
49-3042.00,3012,0.03234096849994019,0.006185808381001537
49-3042.00,3013,0.06037856579365324,0.009673351572804833
49-3042.00,3014,0.08114474592801833,0.011833413933811343
49-3042.00,3015,0.03129090327983877,0.0053623681026477325
49-3042.00,3016,0.03458790731870823,0.013148163017081188
49-3042.00,3017,0.0341001196204009,0.007432538305415518
49-9071.00,3022,0.051984261436284006,0.017681001379319446
49-9071.00,3023,0.041168194767141605,0.007091669251944549
49-9071.00,3024,0.06733311260517807,0.010673216160165255
49-9071.00,3025,0.03915488911475892,0.008142863211518279
49-9071.00,3026,0.04496296751368791,0.011933053029554327
49-9071.00,3028,0.03402833707581642,0.009507564169186244
49-9071.00,3030,0.09535776168664369,0.02184712069254908
49-9071.00,3031,0.03769232082720288,0.02193210054041925
49-9071.00,3033,0.018967108839807807,0.00795751671789384
49-9071.00,3034,0.0168148800878729,0.007262469198469903
49-9071.00,3035,0.03448725558627035,0.013192751021164845
49-9071.00,3037,0.01926574918365236,0.011606336364748313
49-9044.00,3041,0.06940897854210698,0.0
49-9044.00,3043,0.0144657987668742,0.0
49-9044.00,3045,0.06876335252894628,0.0
49-9044.00,3046,0.027765461029612432,0.0
49-9044.00,3047,0.07040415762967554,0.0
49-9044.00,3048,0.06956960543700476,0.0
49-9044.00,3049,0.052647322137200483,0.0
49-9044.00,3050,0.05871362427766289,0.0
49-9044.00,3051,0.07556516300142938,0.0
49-9044.00,3052,0.0370782492624285,0.0
49-9044.00,3053,0.04953889222645332,0.0
49-9044.00,3054,0.01691436985266895,0.0
49-9044.00,3055,0.05316652553882076,0.0
49-9044.00,3056,0.027165536487296305,0.0
49-9044.00,3057,0.043182836336809284,0.0
49-9044.00,3058,0.024048471899031768,0.0
49-9044.00,3059,0.01918200722667707,0.0
49-9044.00,3060,0.01941859805498506,0.0
49-9062.00,3062,0.038071806709189054,0.010234142572296363
49-9062.00,3063,0.05763822749634683,0.010782952992210902
49-9062.00,3064,0.12237119154531845,0.016001337582977577
49-9062.00,3065,0.10570101340060731,0.016519100555715677
49-9062.00,3066,0.16249035013263866,0.018447528514456166
49-9062.00,3067,0.028987086180885857,0.006958450812576033
49-9062.00,3068,0.03705827585227521,0.014335749674929319
49-9062.00,3069,0.07365522297426974,0.016087882410753915
49-9062.00,3070,0.027695348790849332,0.011500291552393415
49-9062.00,3071,0.05537840527194808,0.014794999744585794
49-9062.00,3072,0.0357832665681231,0.007430309216054785
49-9062.00,3074,0.04690965463821587,0.014925177259579125
49-9062.00,3076,0.016335145490289728,0.006593475827359905
49-9062.00,3077,0.03664703572367268,0.00995271534856569
49-9062.00,3078,0.008643726080606214,0.006101297035820888
49-9062.00,3079,0.03989236089837392,0.014645055443686276
49-9098.00,3080,0.07385735137996359,0.015198707637719121
49-9098.00,3081,0.08436956313169826,0.014830741821481917
49-9098.00,3082,0.07593727721816793,0.01692406563266269
49-9098.00,3083,0.10157046068730184,0.018435961350246825
49-9098.00,3084,0.07203971495442499,0.016886959991284565
49-9098.00,3085,0.0213781585355749,0.00542367207320235
49-9098.00,3086,0.07803414850363768,0.01593987826212216
49-9098.00,3087,0.0501273322706937,0.01710373298596385
49-9098.00,3088,0.06495436914273646,0.021720261682484386
49-9098.00,3090,0.09242660835706777,0.018644675680133223
49-9098.00,3091,0.07724779400481367,0.024325451641222826
49-9098.00,3092,0.01512449930899065,0.0035087809137407115
51-4041.00,3094,0.09703533195949209,0.008465716848900568
51-4041.00,3095,0.07655358517468426,0.008750513431030893
51-4041.00,3097,0.05158304606374581,0.00944627902860063
51-4041.00,3098,0.07349124460962984,0.009084836987577175
51-4041.00,3101,0.020263483734911,0.005608278257757746
51-4041.00,3103,0.02685848407549494,0.005063970452936119
51-4041.00,3106,0.0499274665008178,0.006817156057178236
51-4041.00,3107,0.008265871441629082,0.0037591800422289373
51-4041.00,3109,0.005271254241245645,0.0021686513855178023
51-4041.00,3110,0.0343782951991195,0.007123709056391798
51-4041.00,3112,0.016953399197501787,0.004836404929875036
51-4041.00,3113,0.014919136248207001,0.0047510339042692125
51-4041.00,3114,0.017261447204508864,0.004614483726808318
51-4041.00,3116,0.03234883667038081,0.008682806602083632
51-4041.00,3117,0.0250859253026864,0.004825920054402455
51-4041.00,3119,0.025722523598144476,0.004125012879940984
51-4041.00,3120,0.008393727731875408,0.004165202328819475
51-4041.00,3121,0.005602249360235157,0.0039872724749201865
51-4041.00,3122,0.028880595747238776,0.008474823017550388
51-4041.00,3123,0.01389730270388122,0.003954731547362125
51-9111.00,3124,0.06399948333186485,0.0075127264635380005
51-9111.00,3125,0.036335675456607104,0.006895866804878005
51-9111.00,3126,0.0423294448626251,0.008500496104346273
51-9111.00,3127,0.05188587711323504,0.00951326624396812
51-9111.00,3128,0.031209374802633826,0.005570412519701374
51-9111.00,3129,0.04258048566725607,0.008274213611694297
51-9111.00,3130,0.053866632345938394,0.009999247979674573
51-9111.00,3131,0.043236132468034955,0.008177164264310376
51-9111.00,3132,0.05818837104740932,0.008912704295472482
51-9111.00,3133,0.04367820924865963,0.007754829507454529
51-9111.00,3134,0.06541666329628207,0.009183699445709235
51-9111.00,3135,0.03350495354819199,0.005099380481463713
51-9111.00,3136,0.05101410079955142,0.006467317301096326
51-9111.00,3137,0.0721115321729804,0.01212262929953803
51-9111.00,3138,0.055033081483422855,0.011345746724398706
51-9111.00,3139,0.03817733326257062,0.009123323696054718
51-9111.00,3140,0.05635053874361454,0.007499669240103329
51-9111.00,3141,0.04770067443101989,0.008187243583600363
51-9111.00,3142,0.07424750657490924,0.013297200234608082
51-9111.00,3143,0.03913392934319272,0.007950769328552121
53-3052.00,3146,0.15463373041998238,0.01226654161081093
53-3052.00,3148,0.05454977241724808,0.008880183457445505
53-3052.00,3149,0.06673074843587429,0.009896998818879652
53-3052.00,3150,0.10874075696599489,0.011323594220789325
53-3052.00,3151,0.016244752782442022,0.0051669969719258715
53-3031.00,3155,0.10840162273265744,0.038167420520420645
53-3031.00,3156,0.10673988175550798,0.03906982784936253
53-3031.00,3158,0.39514305496865043,0.03809598316083414
53-3031.00,3161,0.2624504966019047,0.031218890172156784
53-3031.00,3164,0.12726494394127935,0.0241224012800596
53-6021.00,3188,0.11066019237502103,0.02947153545553726
53-6021.00,3190,0.03704481028769114,0.012521784541792263
53-6021.00,3191,0.17619699805828434,0.04170052153465987
53-6021.00,3192,0.2025289970063457,0.04362687500641842
53-6021.00,3198,0.034163547751044736,0.012353870375431345
53-7051.00,3201,0.16797562155707707,0.026804520412045476
53-7051.00,3202,0.19274766986402853,0.030336078456865836
53-7051.00,3203,0.16870390982628433,0.03479024988787456
53-7051.00,3205,0.03992586020599246,0.01558803880382547
53-7051.00,3206,0.09553647341500972,0.03391156589718745
53-7064.00,3211,0.11407001724804726,0.01439600867375337
53-7064.00,3212,0.11680696181209999,0.015776296470479893
53-7064.00,3214,0.08121424542433107,0.014236598253473585
53-7064.00,3215,0.071429390033691,0.017493852193765782
53-7064.00,3216,0.08447222155587587,0.019200124626715147
53-7064.00,3217,0.045191783651474714,0.013335319551367257
53-7064.00,3218,0.11259937733349178,0.013086988844132983
53-7064.00,3219,0.04454552054188609,0.008072438209435246
53-7064.00,3220,0.028062396039944603,0.008980829166670617
53-7064.00,3221,0.05855541284824814,0.016343930475525435
53-7064.00,3222,0.07257938886092528,0.01295894744843862
11-2011.00,3224,0.12158992726162775,0.024398987275712488
11-2011.00,3226,0.09957612592143407,0.022371680726304105
11-2011.00,3227,0.08867005419088708,0.015988736677864088
11-2011.00,3229,0.05832264979885961,0.01775766301660979
11-2011.00,3231,0.13775889464727312,0.0221506294782725
11-2011.00,3233,0.036078019463007316,0.014060047972665739
11-2011.00,3234,0.040047432727312114,0.006510186032322837
11-2011.00,3236,0.04730970947292447,0.01250202198870023
11-2011.00,3237,0.08129873320150506,0.01655140698874742
11-2011.00,3238,0.08132709158174566,0.021805507897912094
11-2011.00,3239,0.02580401435699655,0.006266853465478578
11-2011.00,3240,0.029264465147853955,0.007011377762662196
11-2011.00,3241,0.0638068434205712,0.019222198871482965
11-2011.00,3242,0.03531393977805325,0.008467311930248701
11-3111.00,3266,0.03245513999906697,0.0
11-3111.00,3267,0.11845475298496036,0.0
11-3111.00,3268,0.024283123156258628,0.0
11-3111.00,3269,0.013719635429427102,0.0
11-3111.00,3270,0.25057156275604203,0.0
11-3111.00,3271,0.09054471487863557,0.0
11-3111.00,3272,0.02618898461983965,0.0
11-3111.00,3273,0.021310463436910596,0.0
11-3111.00,3274,0.02140859657065063,0.0
11-3111.00,3275,0.15608423186550774,0.0
11-3111.00,3276,0.009756726232289636,0.0
11-3111.00,3277,0.013758088763160503,0.0
11-3111.00,3278,0.012671023898483949,0.0
11-3111.00,3279,0.07958878996651633,0.0
11-3111.00,3280,0.0015569099779364482,0.0
11-3111.00,3282,0.004355429149491649,0.0
11-3111.00,3283,0.02592777880900559,0.0
11-3111.00,3285,0.03745619165968714,0.0
11-3111.00,3287,0.006257784512999361,0.0
11-3111.00,3288,0.00535832309107918,0.0
11-3111.00,3289,0.004976808959924126,0.0
11-3111.00,3290,0.04331493928212689,0.0
11-9021.00,3314,0.058355540033480105,0.0
11-9021.00,3315,0.07681218164498964,0.0
11-9021.00,3317,0.03717840227634203,0.0
11-9021.00,3318,0.10142641981731085,0.0
11-9021.00,3323,0.06141503407458427,0.0
11-9021.00,3325,0.029239598682024488,0.0
11-9021.00,3326,0.027050273726256097,0.0
11-9021.00,3327,0.0883206914259325,0.0
11-9021.00,3331,0.00022624705528082736,0.0
39-4031.00,3332,0.06170460295512444,0.005360154639079656
39-4031.00,3334,0.06901787059934796,0.008285519406820454
39-4031.00,3335,0.05436764642033833,0.005826871525526278
39-4031.00,3336,0.04597963731411739,0.004712409742668231
39-4031.00,3337,0.059948194251728835,0.004796221159474961
39-4031.00,3339,0.08524733804504893,0.01504720740856718
39-4031.00,3340,0.04921807261528098,0.005088841184825797
39-4031.00,3341,0.042572157264336476,0.005828674059206931
39-4031.00,3342,0.06622893851333117,0.010417124185326653
39-4031.00,3343,0.03838343556258094,0.008458128580527514
39-4031.00,3344,0.013249004885814469,0.0034968560284354714
39-4031.00,3346,0.040773889600017404,0.005065747294368113
39-4031.00,3347,0.04109370779976822,0.006913206623183562
39-4031.00,3348,0.05129152606010675,0.004840042186916435
39-4031.00,3349,0.041563843872452856,0.00416877867283121
39-4031.00,3350,0.0410497330072781,0.004490110730771352
13-1141.00,3351,0.04678938923767683,0.0
13-1141.00,3352,0.10080803714927675,0.0
13-1141.00,3353,0.08464196621407237,0.0
13-1141.00,3354,0.025314517440126336,0.0
13-1141.00,3355,0.06213859611243688,0.0
13-1141.00,3356,0.0350188148403735,0.0
13-1141.00,3357,0.020883327926803245,0.0
13-1141.00,3358,0.0028067604427976125,0.0
13-1141.00,3359,0.2982866541974041,0.0
13-1141.00,3360,0.0004821272675057335,0.0
13-1141.00,3361,0.005020484277073269,0.0
13-1141.00,3362,0.01132877238375485,0.0
13-1141.00,3363,0.08737472653901407,0.0
13-1141.00,3364,0.0015892958473729159,0.0
13-1141.00,3365,0.028778126839051288,0.0
13-1141.00,3366,0.0035075313111898017,0.0
13-1141.00,3368,0.006422738872611266,0.0
13-1141.00,3369,0.0017735844957269273,0.0
13-1141.00,3370,0.012103896740171729,0.0
13-1141.00,3371,0.10656318000815122,0.0
13-1141.00,3372,0.00033460119403611906,0.0
13-2031.00,3394,0.09853729018385841,0.03623409469060347
13-2031.00,3395,0.04764750549803242,0.025147682645089642
13-2031.00,3396,0.048098686560986,0.03188744085321984
13-2031.00,3397,0.04939891022666652,0.025397386887543175
13-2031.00,3398,0.1853532153308764,0.05661967752966336
13-2031.00,3399,0.08906245216641852,0.034423305353987174
13-2031.00,3400,0.03147462041589863,0.01063020834202259
13-2031.00,3401,0.1330097407826151,0.03522378513353822
13-2031.00,3402,0.10258230284699285,0.029024609379194
13-2031.00,3403,0.04005571008413287,0.02907626541559306
13-2031.00,3404,0.062025151867937944,0.030104962995290103
13-2031.00,3405,0.07697966638870701,0.035983554689368584
13-2031.00,3406,0.035774747646877283,0.025135908133154774
13-2072.00,3407,0.05900027415780293,0.015748312568592628
13-2072.00,3408,0.10642812064159815,0.020239830621551613
13-2072.00,3409,0.11425033580749692,0.015249013053725488
13-2072.00,3410,0.10746464417485059,0.018916676839942307
13-2072.00,3411,0.07280845417578435,0.010175402128893568
13-2072.00,3412,0.09788626922627512,0.01984911839838373
13-2072.00,3413,0.04968432928820933,0.015179958995125187
13-2072.00,3414,0.056551763170073564,0.014009881378899013
13-2072.00,3415,0.05523915403262158,0.014183622868555191
13-2072.00,3416,0.04281295679077677,0.008769650280112073
13-2072.00,3417,0.02919711186338458,0.013674324375010715
13-2072.00,3418,0.08205363205835858,0.01262207659821416
13-2072.00,3421,0.040994304768340165,0.0069104398949313564
13-2072.00,3422,0.05086842662634066,0.017363472711020848
13-2072.00,3425,0.02659123269485098,0.006923042673546534
13-2072.00,3426,0.008168990523235765,0.0031487809819787118
15-1211.00,3464,0.16120027884371504,0.03950973043113422
15-1211.00,3465,0.09509800985842284,0.027174831821244694
15-1211.00,3466,0.15773000067970844,0.03193596863992381
15-1211.00,3467,0.02411242873642888,0.012288887397020701
15-1211.00,3468,0.04716247406367431,0.01784034805955703
15-1211.00,3469,0.011864666005542026,0.002674675384348794
15-1211.00,3470,0.010674895841138786,0.003981464195304147
15-1211.00,3473,0.017849560722143065,0.006504959182492574
15-1211.00,3474,0.08182729168290166,0.031239167697190123
15-1211.00,3476,0.006877942650541582,0.0023541181837686705
15-1211.00,3477,0.010521556589323681,0.003044769801720704
15-1211.00,3478,0.0735972898800981,0.028115179509014737
15-1211.00,3479,0.00570674661451613,0.002754838026612095
15-1211.00,3480,0.011509638846656954,0.004257571808328132
15-1211.00,3481,0.044077855133965005,0.01417519673821017
15-1211.00,3482,0.082420389450456,0.020767695146337885
15-1211.00,3483,0.014373530227299104,0.01268915030684599
15-1211.00,3484,0.019075709277931598,0.007573845339720866
15-2011.00,3500,0.20521422940137504,0.0
15-2011.00,3501,0.19169566035193233,0.0
15-2011.00,3502,0.10798924013676992,0.0
15-2011.00,3503,0.1310535068852378,0.0
15-2011.00,3504,0.09479822926902302,0.0
15-2011.00,3505,0.0010134061714228496,0.0
15-2011.00,3506,0.16263242349728382,0.0
15-2011.00,3507,0.0005761466218888603,0.0
15-2011.00,3508,0.03193592679710005,0.0
15-2011.00,3509,0.01358439261434494,0.0
15-2011.00,3510,0.008256603536969689,0.0
15-2011.00,3511,0.03201181773218325,0.0
15-2011.00,3512,0.006874788993813655,0.0
15-2011.00,3513,0.0043065170154731125,0.0
17-1021.00,3514,0.07512875025060564,0.018918679384591283
17-1021.00,3515,0.10105810411319668,0.026906703198750048
17-1021.00,3516,0.08728201162515128,0.026173394883735806
17-1021.00,3517,0.14532149253060522,0.03496909209448024
17-1021.00,3518,0.07803744239706156,0.018351605885577677
17-1021.00,3519,0.06846702653597458,0.020740504854807572
17-1021.00,3520,0.05667629250199871,0.01896572579736955
17-1021.00,3521,0.03774321267081342,0.02061201990118485
17-1021.00,3522,0.10325475829048546,0.02009164691801348
17-1021.00,3523,0.04344524011446663,0.01695808043177917
17-1021.00,3524,0.12316957565490827,0.029401446818822435
17-1021.00,3525,0.02146726632247763,0.014621451785927494
17-1021.00,3526,0.05281290244798318,0.016627279635945742
17-1021.00,3527,0.006135924544271723,0.004690281996740654
17-1022.00,3528,0.08733683762690035,0.0
17-1022.00,3529,0.0730522130326083,0.0
17-1022.00,3530,0.07357065568778329,0.0
17-1022.00,3531,0.08350453722039432,0.0
17-1022.00,3532,0.06940340251182037,0.0
17-1022.00,3533,0.08912978104033675,0.0
17-1022.00,3534,0.02785787213692183,0.0
17-1022.00,3535,0.03951016423709782,0.0
17-1022.00,3536,0.06566682823409645,0.0
17-1022.00,3537,0.04051687781664459,0.0
17-1022.00,3538,0.0011884855641745185,0.0
17-1022.00,3539,0.0451929682210562,0.0
17-1022.00,3540,0.05040908221502873,0.0
17-1022.00,3541,0.05777282139984658,0.0
17-1022.00,3542,0.055558222685929456,0.0
17-1022.00,3543,0.10448518878294265,0.0
17-1022.00,3544,0.008828002550868668,0.0
17-1022.00,3545,0.00012064189320298717,0.0
17-1022.00,3546,0.017807495321142543,0.0
17-1022.00,3547,0.002842103532668323,0.0
17-1022.00,3548,0.0011599649847565535,0.0
17-1022.00,3549,0.0022815461190494935,0.0
17-1022.00,3550,0.002594643535209227,0.0
17-2041.00,3552,0.033245168429896915,0.0
17-2041.00,3553,0.015417157033178176,0.0
17-2041.00,3554,0.030106915675661285,0.0
17-2041.00,3555,0.043189839479077674,0.0
17-2041.00,3556,0.02259848142649489,0.0
17-2041.00,3557,0.01950360445340168,0.0
17-2041.00,3558,0.0688697205793343,0.0
17-2041.00,3559,0.012657741904895893,0.0
17-2041.00,3560,0.02118963728279848,0.0
17-2151.00,3561,0.12372631006515307,0.048013782104787385
17-2151.00,3562,0.04867856655878572,0.019581097786878266
17-2151.00,3563,0.04438013312818497,0.02084385272094561
17-2151.00,3565,0.04505811377396285,0.012422663184267692
17-2151.00,3566,0.08902998930668897,0.04555620136621661
17-2151.00,3567,0.09971789274910282,0.043223596768461166
17-2151.00,3568,0.048345490434105465,0.014878290397084127
17-2151.00,3569,0.09510830857458934,0.03151090802714075
17-2151.00,3570,0.07994728118494751,0.0555275169664574
17-2151.00,3571,0.03919874110746967,0.029344516129385295
17-2151.00,3572,0.09171998493068577,0.04506996208624322
17-2151.00,3573,0.010723167550890653,0.0037641181600139746
17-2151.00,3574,0.06817774102151555,0.028016681454904085
17-2151.00,3575,0.024383776802683905,0.011789890088219039
17-2151.00,3576,0.014590324245249755,0.006710701925868755
17-2151.00,3577,0.022218404423006138,0.01903395857166489
17-2171.00,3579,0.04084421027842044,0.009714773498257417
17-2171.00,3580,0.06409963453246746,0.0094992035527506
17-2171.00,3581,0.0754737407274286,0.03354162266868105
17-2171.00,3582,0.08557657713483707,0.03782596245118695
17-2171.00,3583,0.09870799176983978,0.03553153755754516
17-2171.00,3584,0.07393777115280344,0.015529030154320283
17-2171.00,3585,0.042159095448414396,0.011014731934673646
17-2171.00,3587,0.040581441312962645,0.011828857805253045
17-2171.00,3588,0.03400511787125772,0.009687165728443187
17-2171.00,3589,0.048469614793970446,0.021715453977856267
17-2171.00,3590,0.05852734897184993,0.013857693280520592
17-2171.00,3591,0.04008365000256652,0.013116636526644567
17-2171.00,3592,0.05659945121152846,0.03634433038524439
17-2171.00,3593,0.049880915627637495,0.03136775170198021
17-2171.00,3594,0.019848881080913903,0.010014358536515966
17-2171.00,3595,0.04342798854761046,0.030533091826846086
17-2171.00,3597,0.04632206699067196,0.035860015522993414
17-2171.00,3598,0.058188915771523006,0.017601731941488383
17-2171.00,3600,0.009383364995036048,0.006078355666952005
17-2171.00,3601,0.013882221778260168,0.008521964796448057
17-3025.00,3640,0.06748922383775821,0.026015827639808045
17-3025.00,3641,0.06975349818066559,0.011791890518274005
17-3025.00,3643,0.12380335580416571,0.02874248786438176
17-3025.00,3644,0.0553025613575375,0.019877336463844035
17-3025.00,3646,0.03676855770062826,0.007501802791773581
17-3025.00,3647,0.013031450457922152,0.005084337290286338
17-3025.00,3648,0.010597203512999254,0.004087630533637108
17-3025.00,3649,0.030131582956118987,0.014371441713385938
17-3025.00,3650,0.01905084364444248,0.015014024955433443
17-3025.00,3652,0.032248727358353484,0.013992179755541762
17-3025.00,3653,0.01894205170766619,0.00908720128882531
17-3025.00,3654,0.08419860945935946,0.027097570460224363
17-3025.00,3656,0.03329016000882225,0.018260420643516653
17-3025.00,3657,0.03418784940195495,0.018715314851546604
17-3025.00,3658,0.028968496366969604,0.012314733178802339
17-3026.00,3660,0.19704297582482103,0.04001556506797874
17-3026.00,3668,0.1309831401433371,0.02598903343560505
17-3026.00,3672,0.21539216001872072,0.07226555320538436
19-1022.00,3675,0.1608187959108116,0.0
19-1022.00,3676,0.11047255019055992,0.0
19-1022.00,3677,0.05550330980854729,0.0
19-1022.00,3678,0.04518965756214334,0.0
19-1022.00,3679,0.11979130692273891,0.0
19-1022.00,3680,0.03664878133424823,0.0
19-1022.00,3681,0.023971997102765895,0.0
19-1022.00,3682,0.024575919969566186,0.0
19-1022.00,3683,0.06987825944890391,0.0
19-1022.00,3684,0.04866141391940906,0.0
19-1022.00,3685,0.028873985982919195,0.0
19-1031.03,3686,0.3070437093619117,0.04190560097619449
19-1031.03,3687,0.03773486536068148,0.009808960041745017
19-1031.03,3688,0.04372555613610365,0.01919578635138145
19-1031.03,3690,0.06603688246127666,0.01913044606533879
19-1031.03,3691,0.22190515676536032,0.03424760634716775
19-1031.03,3692,0.08254802868230875,0.0195417843946668
19-1031.03,3693,0.02672662013852729,0.00889499971092156
19-1031.03,3694,0.004395214060543372,0.0013120771214819985
19-1031.03,3696,0.04136366601893881,0.01921753129273341
19-1031.03,3697,0.0027366702694215737,0.0010193072247434976
19-1031.03,3698,0.021215580559701287,0.004841156715147661
19-1031.03,3699,0.014003410549991753,0.0031797886328424046
19-1031.03,3700,0.007792494656815783,0.002122079301265405
19-1031.03,3701,0.01737114285423323,0.008764523321804713
19-2042.00,3702,0.16779667385251545,0.0
19-2042.00,3703,0.04270661955993048,0.0
19-2042.00,3704,0.11602485562803544,0.0
19-2042.00,3705,0.07776055794441437,0.0
19-2042.00,3706,0.02474364407007563,0.0
19-2042.00,3707,0.012705632122381688,0.0
19-2042.00,3709,0.009496225408235163,0.0
19-2042.00,3711,0.007726364691232385,0.0
19-2042.00,3712,0.11367883598353154,0.0
19-2042.00,3713,0.031377333692031543,0.0
19-2042.00,3714,0.00688049323967194,0.0
19-2042.00,3716,0.006564536710227068,0.0
19-3093.00,3717,0.09932474988366882,0.03221761983252306
19-3093.00,3718,0.18840435703575711,0.053876689029881415
19-3093.00,3720,0.06381985271827555,0.02493506429529752
19-3093.00,3721,0.017901784381034947,0.01046168835551348
19-3093.00,3722,0.1328824712369372,0.0554478258940814
19-3093.00,3725,0.12418593967454314,0.049966982574501925
19-3093.00,3726,0.06436624267365794,0.020167456192088252
19-3093.00,3727,0.06872056427525061,0.019428488759847935
19-3093.00,3728,0.10499525651786373,0.022640595773074625
19-3093.00,3729,0.030886810121922792,0.02257107117232544
19-3093.00,3730,0.020934352416205063,0.011830367144756127
19-3093.00,3732,0.012095865100967261,0.0073880619024525645
19-3093.00,3733,0.002438272143709622,0.0007540565967401001
19-3093.00,3734,0.02845116358383056,0.010420412939114259
19-3093.00,3735,0.038933123935701454,0.024897119352045284
19-3093.00,3736,0.0016591943006742603,0.0010213592514022013
19-4021.00,3737,0.13704258594061777,0.029216251775947662
19-4021.00,3739,0.031056952243667293,0.00809935770971058
19-4021.00,3740,0.16371774050366053,0.02530994708456333
19-4021.00,3741,0.07778481470614174,0.015927364700388937
19-4021.00,3743,0.10240185259104548,0.04128825069432473
19-4021.00,3744,0.06858524259041499,0.015302816860083487
19-4021.00,3745,0.04632221936371963,0.01898309818762141
19-4021.00,3746,0.014584652727753084,0.0041804827270838915
19-4021.00,3747,0.06420712839244933,0.019967186162159128
19-4021.00,3748,0.03452117687291651,0.01526126886768976
19-4021.00,3749,0.08994249164852892,0.020418996121353648
19-4021.00,3750,0.03390083772901198,0.017915230021866273
19-4021.00,3752,0.0131402493707229,0.006765517720911491
21-1093.00,3753,0.09794561927481825,0.03468802346501626
21-1093.00,3754,0.11563173523494945,0.029411454955433153
21-1093.00,3755,0.07830940638724185,0.029734349564679633
21-1093.00,3756,0.09645698934278937,0.03659574520201947
21-1093.00,3757,0.085466917519534,0.01907917310662388
21-1093.00,3758,0.10695593059941585,0.03550101456408632
21-1093.00,3759,0.10288504252109203,0.032735972309374854
21-1093.00,3761,0.018116691614234216,0.012455219379343154
21-1093.00,3762,0.014328805011937203,0.0058049831218059626
21-1093.00,3763,0.01113758831668884,0.006196843459458569
21-1093.00,3764,0.0194694548228633,0.007760225034453625
21-1093.00,3767,0.011848944577706376,0.005492617132506101
21-1093.00,3768,0.005808757120427201,0.0035611199414277515
21-1093.00,3770,0.06664796512917595,0.033145309011446876
21-1093.00,3771,0.007677663519648769,0.0035974533633440584
23-1011.00,3773,0.05598702970718367,0.012052373885770434
23-1011.00,3774,0.09366153486326416,0.014610447671750995
23-1011.00,3775,0.10700408555381846,0.0181089990844938
23-1011.00,3776,0.02169353282020266,0.010026771474678958
23-1011.00,3777,0.02667213104675767,0.005682170644756153
23-1011.00,3778,0.0719864369791997,0.01745295623251605
23-1011.00,3779,0.024774754377382812,0.008378316611501188
23-1011.00,3780,0.05652408745938313,0.012784366375137947
23-1011.00,3781,0.01485598635331372,0.01048175634534874
23-1011.00,3782,0.02639131726710363,0.011639140091812734
23-1011.00,3783,0.04951910301336375,0.012897690786479454
23-1011.00,3785,0.006495383874191762,0.0016145026786865066
23-1011.00,3786,0.038127591548498894,0.01557074323155033
23-1011.00,3787,0.04762120541239588,0.011926742756916315
23-1011.00,3788,0.03232211241879913,0.008793856457523131
23-1011.00,3789,0.09896209639169223,0.01519325851667042
23-1011.00,3790,0.047150771223976325,0.008370520890696568
23-1011.00,3791,0.015222353928820716,0.008346364927718616
23-1011.00,3792,0.03424279271116528,0.01660036791571501
23-1011.00,3793,0.00998191894887928,0.004270065625257774
25-4013.00,3806,0.07980433259236401,0.02597319950921035
25-4013.00,3807,0.017338880362252937,0.008624355261990325
25-4013.00,3808,0.07153654020161496,0.02300837966224738
25-4013.00,3809,0.07326639030586897,0.02274281276321975
25-4013.00,3810,0.05441576785032779,0.02559903137085679
25-4013.00,3811,0.06118464229457631,0.024347629874599014
25-4013.00,3813,0.07061676540315112,0.02536841389291919
25-4013.00,3814,0.014995343066863356,0.0044727266777757025
25-4013.00,3815,0.05051805609355123,0.027633333236231773
25-4013.00,3818,0.1155686496692576,0.03320271861683603
25-4013.00,3819,0.047931606478924964,0.026144037824516023
25-4013.00,3820,0.054499186920672606,0.025747236691004795
25-4013.00,3822,0.013740301697570081,0.004245066250008609
25-4013.00,3825,0.0021427842996125145,0.001236443087927248
25-4013.00,3826,0.006326035970606875,0.00329560465449037
25-4013.00,3827,0.02558472027763653,0.017971747775717074
27-2012.05,3894,0.21286209549127663,0.05454893833270887
27-2012.05,3895,0.10074374846805513,0.021208896573857
27-2012.05,3896,0.1376226436826258,0.03253836355833814
27-2012.05,3898,0.0932160078254944,0.032133395506682795
27-2012.05,3899,0.18576630771092556,0.04146444618895025
27-2012.05,3900,0.03458479227604579,0.012245146856043576
27-2012.05,3901,0.034382929422672494,0.014397623059284562
27-2012.05,3902,0.08579420226841451,0.02818083187016934
27-2012.05,3903,0.01703259370137068,0.0038490721353431115
27-2012.05,3906,0.06953644350261472,0.020432936533049204
27-2012.05,3907,0.02845823565050423,0.011520322619233978
27-2023.00,3909,0.10308285238704688,0.0
27-2023.00,3910,0.0787552082922605,0.0
27-2023.00,3911,0.0966188270530291,0.0
27-2023.00,3912,0.07078758974887013,0.0
27-2023.00,3913,0.08195551574510201,0.0
27-2023.00,3914,0.06606611007576456,0.0
27-2023.00,3915,0.07899819613818058,0.0
27-2023.00,3916,0.03808779828150484,0.0
27-2023.00,3917,0.09533508617246422,0.0
27-2023.00,3918,0.008348530421388353,0.0
27-2023.00,3919,0.10391864538773973,0.0
27-2023.00,3920,0.013380197133864307,0.0
27-2023.00,3921,0.046915786335263054,0.0
27-2023.00,3922,0.03481195477777431,0.0
27-2023.00,3923,0.023871979985151046,0.0
27-3011.00,3924,0.0820477634768854,0.015607349942765405
27-3011.00,3925,0.06036709088810373,0.014420380623878843
27-3011.00,3927,0.05897668268027067,0.014752640034064075
27-3011.00,3928,0.05562134115043155,0.015195117739896995
27-3011.00,3929,0.09779133066108611,0.02130603504036374
27-3011.00,3930,0.02989264003537103,0.013114176806405115
27-3011.00,3931,0.015136621093396635,0.0066580302816828425
27-3011.00,3932,0.004450219327456222,0.00215154548707904
27-3011.00,3933,0.013408457951350296,0.010568775453976973
27-3011.00,3934,0.08925236299476888,0.02785300279755666
27-3011.00,3935,0.09281151999271048,0.021564577446699155
27-3011.00,3936,0.06361843427518399,0.019310053229460115
27-3011.00,3937,0.03011560954155281,0.011740973835394089
27-3011.00,3938,0.013713853349138484,0.005912537944808969
27-3011.00,3940,0.008745456976994906,0.003330353973521523
27-3011.00,3941,0.004037440371492111,0.0021197189394559675
27-3011.00,3942,0.02009471706026587,0.007262579266943725
27-3011.00,3944,0.007542317139413801,0.005121994324334312
27-3042.00,3966,0.20710943941368623,0.026385385858373897
27-3042.00,3967,0.1171558153310383,0.020879538782218633
27-3042.00,3968,0.08809098389524209,0.022237424083718052
27-3042.00,3969,0.017994286471294786,0.009545634485988436
27-3042.00,3970,0.04287587116570768,0.01433018589795939
27-3042.00,3971,0.0738101825955561,0.01510030579053881
27-3042.00,3972,0.04942195332383719,0.01291308723278236
27-3042.00,3973,0.05934259691881756,0.018725982064679212
27-3042.00,3974,0.047739611018356526,0.018171462038220735
27-3042.00,3975,0.034915184303651786,0.010374945581137204
27-3042.00,3976,0.06908058145530298,0.014765285209120833
27-3042.00,3977,0.047892994384050515,0.014283276922973718
27-3042.00,3978,0.043217185705441766,0.012721707055248128
27-3042.00,3979,0.026039394852514573,0.010230534246944879
27-4011.00,3980,0.0436448465767991,0.0177555660625181
27-4011.00,3981,0.03288585268035841,0.01706251543923585
27-4011.00,3982,0.05294088491253167,0.020300034655903923
27-4011.00,3984,0.012796626808617442,0.00504231581828989
27-4011.00,3985,0.025742369569804895,0.009487882776708487
27-4011.00,3987,0.07699960666672317,0.03664961638089525
27-4011.00,3988,0.012509754212186773,0.004979494199457535
27-4011.00,3989,0.024795854950563134,0.01656967083335293
27-4011.00,3990,0.04003366415406195,0.019385121563052398
27-4011.00,3991,0.029597264562556045,0.016604175704911465
27-4011.00,3992,0.02475578812569441,0.01655751849595705
27-4011.00,3993,0.10498525482484848,0.03621308715162042
27-4011.00,3994,0.017280366284770008,0.009432576647128953
27-4011.00,3995,0.01935386445176208,0.0073919975646130525
27-4011.00,3996,0.01700976321131775,0.00626132179128283
27-4011.00,3997,0.07438724736404853,0.03425154512465314
27-4011.00,3998,0.02295921856790668,0.015294368470312656
27-4011.00,3999,0.03481063922017671,0.019571591891371854
27-4011.00,4001,0.04212692317026128,0.026457895930599728
27-4011.00,4002,0.03238233382053266,0.015143823673292863
27-4011.00,4003,0.0052625372972354275,0.001799183262321195
27-4011.00,4004,0.022884727940052654,0.01772049412654345
27-4011.00,4005,0.006020176243519959,0.004973476802576289
27-4011.00,4006,0.027361183597708186,0.01608283486321697
27-4012.00,4007,0.07730699823970806,0.0214535785168159
27-4012.00,4008,0.039380719332363145,0.01341267037477395
27-4012.00,4009,0.0725180198562022,0.016009777369443198
27-4012.00,4010,0.024504138343529658,0.008740839650979734
27-4012.00,4011,0.11445609893688348,0.023325239300722396
27-4012.00,4012,0.05514034125517216,0.01686882504825349
27-4012.00,4013,0.044133703367834835,0.013700320407606882
27-4012.00,4015,0.0544977257528792,0.015745356663097523
27-4012.00,4016,0.011191732909582475,0.007926219378622767
27-4012.00,4017,0.003958335728976154,0.0017243881613905271
27-4012.00,4018,0.013898067541125483,0.005257237441960682
27-4012.00,4020,0.0071423954243158665,0.0024349664401106695
27-4012.00,4021,0.03346300893600362,0.01399877874167828
27-4012.00,4022,0.05725880224200387,0.018121492967954077
27-4012.00,4023,0.016960385294182364,0.007518756535909129
27-4012.00,4024,0.002338981378745903,0.0011781060734403586
27-4012.00,4025,0.007901613812262133,0.004040467375001038
27-4012.00,4026,0.01158857433822776,0.004422748245658325
27-4031.00,4030,0.09993099674992853,0.02156520377227253
27-4031.00,4031,0.08546874920022055,0.02186587115779442
27-4031.00,4032,0.0810438531602669,0.02248987498563796
27-4031.00,4033,0.08356277107637601,0.022443983858798717
27-4031.00,4035,0.09221150792353668,0.02513364300610183
27-4031.00,4037,0.07629925974700516,0.02484776267565162
27-4031.00,4038,0.06326957264801483,0.017954713813531434
27-4031.00,4042,0.0040036344504123045,0.0025437516105047487
27-4031.00,4043,0.024720667443674856,0.014133735870407447
27-4031.00,4044,0.030788302341043797,0.016666465120089475
27-4031.00,4046,0.04777263295220975,0.01811674010863813
27-4032.00,4050,0.05694853310200452,0.012287365481107116
27-4032.00,4051,0.04377876853079419,0.016989997435526955
27-4032.00,4052,0.06495799368933247,0.011621127341568883
27-4032.00,4053,0.07906984753086252,0.011612723799471756
27-4032.00,4054,0.04820522074961998,0.011333788051772228
27-4032.00,4055,0.04035355178978494,0.012559892585066791
27-4032.00,4056,0.06021350435101671,0.01113122079772681
27-4032.00,4057,0.07912761337107288,0.010466944952275483
27-4032.00,4058,0.06218979607773422,0.010545106535647228
27-4032.00,4059,0.043921510239712046,0.012522134405697905
27-4032.00,4060,0.07633902329422408,0.010330953066662336
27-4032.00,4061,0.07767561651176297,0.01356176122397605
27-4032.00,4062,0.022773007253316966,0.013576266261115084
27-4032.00,4063,0.026291666072205743,0.013199884481495798
27-4032.00,4064,0.0518112776100591,0.011734061936784279
27-4032.00,4065,0.022259770586255532,0.007568655878364633
27-4032.00,4066,0.05135722403189455,0.011160599239930262
27-4032.00,4067,0.023337821108895266,0.010930385129554427
27-4032.00,4068,0.022583152658666963,0.010236553128352643
27-4032.00,4070,0.021528584387039133,0.013189079303490467
27-4032.00,4071,0.025276517053745264,0.013151758938431863
29-1071.00,4073,0.11756079431016005,0.0
29-1071.00,4074,0.10029259325913074,0.0
29-1071.00,4075,0.12219305148017759,0.0
29-1071.00,4076,0.12112806078095467,0.0
29-1071.00,4077,0.0986841842711694,0.0
29-1071.00,4078,0.11576166461193749,0.0
29-1071.00,4079,0.05891192102748927,0.0
29-1071.00,4080,0.0978290564790685,0.0
29-1071.00,4081,0.04093005811759021,0.0
29-1071.00,4082,0.04274572758378634,0.0
29-1071.00,4083,0.05212182760726446,0.0
29-1071.00,4084,0.03184106047127123,0.0
29-1124.00,4085,0.07947964982674244,0.007735702987152406
29-1124.00,4086,0.08486165137256663,0.007462899512567747
29-1124.00,4087,0.07057343287501011,0.008177161713483093
29-1124.00,4088,0.08311171613876056,0.008392877011159993
29-1124.00,4089,0.07182786150455964,0.007308169818555999
29-1124.00,4090,0.07536320465126335,0.00709400687767746
29-1124.00,4091,0.06383123523332078,0.008980550985081841
29-1124.00,4092,0.022916979331491488,0.003685454691717918
29-1124.00,4093,0.06347425069349184,0.005943231494085209
29-1124.00,4094,0.06187044437711395,0.007237589493986866
29-1124.00,4095,0.051504470818699834,0.006895352748271049
29-1124.00,4096,0.017174505490928305,0.004869424961785893
29-1124.00,4097,0.03813765537531115,0.005861004311625752
29-1124.00,4098,0.04425361970398989,0.006282424901945198
29-1124.00,4099,0.023433408477148244,0.004034773123964417
29-1124.00,4100,0.026133329447715764,0.004122677401888226
29-1124.00,4101,0.041031809903960964,0.004850839526951265
29-1124.00,4102,0.01685641182770819,0.003611896124970206
29-1124.00,4103,0.01410305397892627,0.003101736306891318
29-1124.00,4104,0.005774385875939227,0.0034458181828323775
29-1131.00,4106,0.12799989882594176,0.011034916714276892
29-1131.00,4107,0.10684780284538535,0.012195848436497073
29-1131.00,4108,0.1375491330070121,0.012794929393325133
29-1131.00,4109,0.1148624234182899,0.009295466836187774
29-1131.00,4110,0.056498754379602924,0.0065975165058015746
29-1131.00,4112,0.056010527287867345,0.0084673631619828
29-1131.00,4113,0.06419972678769122,0.008668571740056131
29-1131.00,4114,0.042023688834918145,0.00947201055489808
29-1131.00,4115,0.02320929017853086,0.006940372143914187
29-1131.00,4116,0.005233611787684515,0.0022769919007626324
29-1131.00,4119,0.05531256491205836,0.011292857422474174
29-1131.00,4121,0.03184788179784333,0.006111321963961026
29-1131.00,4122,0.019520893106048542,0.006312243669538757
29-1131.00,4123,0.01874583383703156,0.004809818227515156
29-1131.00,4124,0.007721004800766644,0.003372751028466732
29-1131.00,4126,0.012930270478725204,0.004140825226746784
29-2031.00,4127,0.06182502687701882,0.00652479112858944
29-2031.00,4128,0.06962950183864729,0.006222347547036614
29-2031.00,4129,0.08767366482862182,0.007424913173235232
29-2031.00,4131,0.05522804064625854,0.007684866847089912
29-2031.00,4132,0.08489033634456716,0.006543220891138415
29-2031.00,4133,0.09430589541224664,0.005625418673431844
29-2031.00,4134,0.0800537565139863,0.006634400137907017
29-2031.00,4135,0.05599275807220766,0.0069400193806419454
29-2031.00,4136,0.07428753368610011,0.007322458121410801
29-2031.00,4138,0.0067351498769913825,0.003004305405360927
29-2031.00,4140,0.03906102914998682,0.007962988195227026
29-2031.00,4141,0.016958874329579935,0.005318873257402556
29-2031.00,4142,0.04795248688744041,0.007888777668302902
29-2031.00,4143,0.044892746839712616,0.008353514312344086
29-2031.00,4144,0.050437063941774475,0.007627672154465054
29-2033.00,4148,0.09160498047945882,0.005678529968878769
29-2033.00,4149,0.10633155706439892,0.005546974762019073
29-2033.00,4150,0.10290970820042683,0.005388254227864299
29-2033.00,4152,0.0948083365856992,0.005016909266060503
29-2033.00,4153,0.06315394908060162,0.006126082773368326
29-2033.00,4154,0.07801281672056097,0.004400771262135712
29-2033.00,4155,0.09492124291267066,0.006949331567288714
29-2033.00,4156,0.05082334599815358,0.005465009769394508
29-2033.00,4157,0.035177134957927465,0.004714645876788561
29-2033.00,4158,0.06192972407114156,0.006144917672886964
29-2033.00,4159,0.023840618030258064,0.005008715442089736
29-2033.00,4160,0.020070677035280367,0.006025924466281179
29-2033.00,4161,0.025443415883084616,0.004158604148605601
29-2033.00,4162,0.008205486011243233,0.002939569698953131
29-2051.00,4165,0.09304120176369848,0.025613406490557565
29-2051.00,4166,0.08300772386891765,0.032960475994179034
29-2051.00,4167,0.15502731830569375,0.04100247656734671
29-2051.00,4169,0.10026205791018128,0.027812571627779024
29-2051.00,4170,0.03233040128851156,0.008783687354537006
29-2051.00,4171,0.059590853118811585,0.02409900473902161
29-2051.00,4172,0.017539446131269378,0.008621448982708375
29-2051.00,4173,0.08391092189391647,0.02693100791828365
29-2051.00,4174,0.024264356813451175,0.008736250586161088
29-2051.00,4175,0.053781033220581156,0.020618769007118915
29-2056.00,4176,0.022416223801060453,0.0025890125874489123
29-2056.00,4177,0.032585717383925274,0.004712506053414045
29-2056.00,4178,0.07078640576383816,0.006185187685692185
29-2056.00,4179,0.05100888634519228,0.0055744499732098265
29-2056.00,4181,0.04647146948691452,0.005157149955601878
29-2056.00,4182,0.03261847283388571,0.004195220104491138
29-2056.00,4183,0.05354573382175679,0.005143237222789319
29-2056.00,4184,0.057374511250258955,0.005091176912291618
29-2056.00,4185,0.022893979414098545,0.0030907721354831302
29-2056.00,4186,0.0604720235703393,0.007152126631867342
29-2056.00,4187,0.05114429405427226,0.005012367195810199
29-2056.00,4188,0.027192112858659134,0.004593288214614467
29-2056.00,4189,0.03273231162585251,0.005497842277045064
29-2056.00,4190,0.025815456514627792,0.00317186452074895
29-2056.00,4191,0.02191208395168891,0.004338382423220218
29-2056.00,4192,0.015756264676597534,0.0032445758674143946
29-2056.00,4193,0.015162542454371904,0.0027078682395575526
29-2056.00,4194,0.05635473602812063,0.0055249581741296395
29-2056.00,4195,0.02200142813451573,0.0036738215462335396
29-2056.00,4197,0.009526787537865436,0.002972541874494812
29-2056.00,4198,0.01903199851561791,0.003776994843107717
29-2056.00,4199,0.031087977881443768,0.004797913885566634
29-2081.00,4201,0.07783829749610718,0.0
29-2081.00,4202,0.04895577283267177,0.0
29-2081.00,4203,0.04896415565754974,0.0
29-2081.00,4204,0.07783829749610718,0.0
29-2081.00,4205,0.06951165545525755,0.0
29-2081.00,4206,0.040282991459769116,0.0
29-2081.00,4207,0.07486508443262353,0.0
29-2081.00,4208,0.0724893659847752,0.0
29-2081.00,4209,0.07486508443262353,0.0
29-2081.00,4210,0.06695799531341243,0.0
29-2081.00,4211,0.07192324340146442,0.0
29-2081.00,4212,0.04705686353035343,0.0
29-2081.00,4213,0.02126941802003117,0.0
29-2081.00,4214,0.02270080418056837,0.0
29-2081.00,4215,0.03220510397343098,0.0
29-2081.00,4216,0.034677334200721305,0.0
29-2081.00,4217,0.024298996040283398,0.0
29-2081.00,4218,0.02199163329806915,0.0
29-2081.00,4219,0.025847204152012478,0.0
29-2081.00,4220,0.015579787279732818,0.0
29-9091.00,4221,0.1055320375517854,0.012998179023743546
29-9091.00,4222,0.16893129935150072,0.019071307656664944
29-9091.00,4223,0.054219473793367695,0.0065288976435796875
29-9091.00,4224,0.08627070158788959,0.009271615694802334
29-9091.00,4225,0.08180185340656679,0.01292913222440655
29-9091.00,4226,0.013532338632833764,0.003939091353068387
29-9091.00,4227,0.03443230313814017,0.010078335926251679
29-9091.00,4228,0.029795619868576626,0.008228051899401234
29-9091.00,4229,0.05177963780691495,0.016996665854086594
29-9091.00,4230,0.007736720403890205,0.0017176324541961097
29-9091.00,4231,0.056119621919993035,0.012878234607174504
29-9091.00,4232,0.01551015268078264,0.0034123654008515612
29-9091.00,4234,0.0051550152416506585,0.0015875544401246057
29-9091.00,4235,0.06470551515464801,0.015440709697791884
29-9091.00,4236,0.016568786431920127,0.00977502279788151
29-9091.00,4237,0.0017460386042049219,0.0005264370552168255
29-9091.00,4238,0.019932765294081018,0.008658394449582895
29-9091.00,4239,0.009355232268873394,0.002374557949094631
31-1121.00,4240,0.11621319858413115,0.012918304612253104
31-1121.00,4241,0.11907449471727917,0.011078136492263168
31-1121.00,4242,0.06802716370777305,0.014846114291118047
31-1121.00,4244,0.11465643577693102,0.01694163256461167
31-1121.00,4245,0.09836418975751568,0.010482583700837331
31-1121.00,4246,0.042668215102254124,0.006509126762130528
31-1121.00,4247,0.06497183420376669,0.014469481130777718
31-1121.00,4248,0.020096310845799666,0.006734251100201848
31-1121.00,4249,0.0366722869228209,0.006217567635155748
31-1121.00,4250,0.027765135919281536,0.0062428254724943575
31-1121.00,4252,0.016982933164201765,0.0046884111788052215
31-1121.00,4253,0.04069410214369379,0.008963048469016828
31-2011.00,4254,0.09790042045093464,0.01910988206200364
31-2011.00,4255,0.10484528011293054,0.0183752032235882
31-2011.00,4256,0.11081922710089662,0.024607609729296237
31-2011.00,4257,0.0852608064174102,0.017863051049232425
31-2011.00,4258,0.09233660408624694,0.024864667640379482
31-2011.00,4261,0.06869031067668198,0.007569404985595908
31-2011.00,4262,0.059257984102224555,0.016698558482139872
31-2011.00,4263,0.04100535165877731,0.0069356742451270395
31-2011.00,4264,0.06963193440546978,0.01926340709014907
31-2011.00,4265,0.019237034055327555,0.00525909320942352
31-2011.00,4266,0.07339546889653169,0.00794415349879407
31-2011.00,4268,0.029001997847255434,0.010739349913049711
31-2011.00,4270,0.04798049849094691,0.00838093937390004
31-2011.00,4271,0.009254695373460192,0.004967570265389971
31-2011.00,4272,0.0053241709895703185,0.002805191056249843
31-2022.00,4273,0.11827936484628213,0.008873292627603238
31-2022.00,4274,0.06989456576640654,0.01196180159771567
31-2022.00,4275,0.08089147866966602,0.011570854493459017
31-2022.00,4276,0.07840910347469097,0.009158657399929007
31-2022.00,4277,0.04956679653849963,0.0070648880143713046
31-2022.00,4278,0.06697127014554527,0.011167817578927259
31-2022.00,4279,0.0581901717503052,0.01257017582994712
31-2022.00,4280,0.06702225328249592,0.012697166980396263
31-2022.00,4281,0.036257687879616744,0.010021802345760162
31-2022.00,4282,0.06056378874791449,0.009758288225572662
31-2022.00,4283,0.09665903036142144,0.011164847301742269
31-2022.00,4284,0.04902482273934152,0.013569885143403503
31-2022.00,4285,0.030133777818974455,0.00550864392705939
31-2022.00,4286,0.036155531291356714,0.009817617340499029
31-2022.00,4287,0.019383415016800593,0.00612425191832779
31-2022.00,4288,0.008798207775774348,0.003905269888882977
31-2022.00,4289,0.006885415197593347,0.0037515142291482846
31-2022.00,4290,0.017843400538371048,0.005693096893319448
31-9093.00,4291,0.1447979661509542,0.016029487417637905
31-9093.00,4292,0.13005877643428385,0.015822140083503442
31-9093.00,4293,0.09558996072407051,0.019454067671001437
31-9093.00,4294,0.0916282840122522,0.019841620275014297
31-9093.00,4295,0.05746484998526387,0.014543041177070901
31-9093.00,4296,0.06570920913368468,0.01819175205517358
31-9093.00,4297,0.08196802129164751,0.016599734477597407
31-9093.00,4298,0.054059681373429175,0.012014945065020368
31-9093.00,4299,0.044302840936814754,0.011543489626339574
31-9093.00,4301,0.020001868451558314,0.0098276172141067
31-9093.00,4302,0.06643109810170424,0.015897433119423255
31-9093.00,4303,0.030387136543924522,0.009021404845409102
31-9096.00,4306,0.022063014021801487,0.003314156373663308
31-9096.00,4307,0.01379261565473827,0.005790372700979676
31-9096.00,4308,0.026035063698846568,0.006150859585255327
31-9096.00,4309,0.024655375732377506,0.007235109085922549
31-9096.00,4310,0.010182031376824599,0.0033188985790509776
31-9096.00,4311,0.08940702055374383,0.009379909427380213
31-9096.00,4312,0.10133974373076891,0.009940040895716677
31-9096.00,4313,0.038558502801281355,0.00851362848149019
31-9096.00,4314,0.06384595879295975,0.012603577953231759
31-9096.00,4315,0.05091860622267936,0.012242837105504683
31-9096.00,4316,0.03061372159505432,0.006447975437949629
31-9096.00,4317,0.08842139353663947,0.01083144026796199
31-9096.00,4318,0.011546583784431987,0.002770517096903244
31-9096.00,4319,0.010613972835210216,0.003996169055457014
31-9096.00,4320,0.024381781600594607,0.004052363780509347
31-9096.00,4321,0.029070104749401474,0.005271166819300319
31-9096.00,4322,0.04410480114549551,0.007157620825343129
31-9096.00,4323,0.04475130737452816,0.009769522026947624
31-9096.00,4324,0.03175763128358189,0.006122066970827739
31-9096.00,4325,0.028404913188172076,0.005061267764714408
31-9096.00,4326,0.01047828915020601,0.0023902250626517134
31-9096.00,4327,0.0740527203440543,0.012157845978999394
31-9096.00,4328,0.007147830800616413,0.002079102073014021
31-9096.00,4329,0.04005523054380765,0.010862281486225407
31-9096.00,4330,0.028201150722012333,0.010361302452728456
31-9096.00,4332,0.028536242664480547,0.006134871096904426
31-9096.00,4333,0.0058998810269655835,0.00246409931439207
33-9031.00,4407,0.1971774119653594,0.017046326840732144
33-9031.00,4408,0.17433339498922965,0.019050061504189718
33-9031.00,4409,0.20794165759372843,0.01805954073485287
33-9031.00,4411,0.0383874472410367,0.01373249450045729
39-3011.00,4445,0.06793019575030207,0.005431164236323857
39-3011.00,4446,0.07243831406810411,0.005077995484883463
39-3011.00,4447,0.06888457451455464,0.005153500284877518
39-3011.00,4448,0.06994660040558223,0.005043071072342441
39-3011.00,4449,0.07441085362617317,0.004868249436845255
39-3011.00,4450,0.06984177788864683,0.005188850889469335
39-3011.00,4451,0.0445285956309017,0.005528226498806626
39-3011.00,4452,0.05544713844704346,0.005541453899397084
39-3011.00,4453,0.032912529993316134,0.004710071177121904
39-3011.00,4454,0.05508674625640102,0.005525221893552701
39-3011.00,4455,0.06537120073657997,0.005445985089444122
39-3011.00,4456,0.06221685770288076,0.005438700762991802
39-3011.00,4457,0.0365707310213628,0.006384005600619797
39-3011.00,4458,0.03616207628033936,0.005280738539370043
39-3011.00,4459,0.0600006859093206,0.005775195918739925
39-3011.00,4460,0.0188081078499137,0.0062361334039153435
39-3011.00,4462,0.0096411414366966,0.0030970163589935555
39-3011.00,4464,0.0019482503245756785,0.0008938480497508975
39-3093.00,4465,0.09010281484344437,0.019794426756096523
39-3093.00,4466,0.08467299835310438,0.01992178147123067
39-3093.00,4467,0.038210242812617916,0.010410838732465826
39-3093.00,4468,0.03405047299241716,0.008476911032874993
39-3093.00,4469,0.08909388532727326,0.017095078521899742
39-3093.00,4470,0.010188737375666047,0.003299441242516567
39-3093.00,4471,0.03339260530995916,0.008820178126281695
39-3093.00,4472,0.0552094845516096,0.010498259123246659
39-3093.00,4473,0.08424119927824865,0.022131919221412184
39-3093.00,4475,0.045856645078627294,0.011602713384284561
39-3093.00,4476,0.09970242067985723,0.017410385172393253
39-3093.00,4477,0.0723838271341061,0.011868295789178404
39-3093.00,4479,0.04181448390410298,0.01535493022303855
39-3093.00,4480,0.03411392853783706,0.008371705532880988
39-3093.00,4481,0.010933704622592962,0.007075561433823891
39-3093.00,4482,0.03379185582825889,0.008549562127741718
39-3093.00,4484,0.027116916590947327,0.007582205119980303
39-3093.00,4485,0.0047465422241084075,0.001621579555261304
39-3093.00,4486,0.03377286578054352,0.011453055810708553
39-4011.00,4487,0.08551314912439441,0.016546392205039152
39-4011.00,4489,0.049218876099918416,0.008087990429305645
39-4011.00,4490,0.0576232528879458,0.013884825376306188
39-4011.00,4491,0.0039118666438807586,0.0012365612482775964
39-4011.00,4492,0.03526648279146785,0.007624244166004283
39-4011.00,4493,0.0604194508904055,0.011595932897231414
39-4011.00,4494,0.05030216140029078,0.013021815824293664
39-4011.00,4495,0.054611057913795454,0.017770425248845038
39-4011.00,4496,0.03775570806491499,0.008411459049726289
39-4011.00,4497,0.04354237475742947,0.01109485056613009
39-4011.00,4498,0.010362204004419765,0.007107814731401691
39-4011.00,4499,0.08023211194439737,0.01753341248356171
39-4011.00,4500,0.048340110521546444,0.00922772489891959
39-4011.00,4501,0.06818418644562448,0.014705887936312945
39-4011.00,4503,0.027366707114796367,0.006771692276748699
39-4011.00,4504,0.01782906720968867,0.006329373817214288
39-4011.00,4505,0.027222055667785294,0.005186702155013137
39-4011.00,4506,0.032981143293212146,0.00524123505723488
39-4011.00,4507,0.031151757844603393,0.00662895606146525
39-4011.00,4508,0.05835216956944105,0.014151806926967722
39-4011.00,4510,0.013080157219033967,0.007933840587405127
39-4021.00,4511,0.09509978127211706,0.021927237220427248
39-4021.00,4512,0.11214214878365555,0.023771744104416785
39-4021.00,4513,0.028340202168294658,0.005196877815583202
39-4021.00,4514,0.03391293527728307,0.008850011631294098
39-4021.00,4516,0.016459109130645543,0.006475774519518613
39-4021.00,4517,0.0647556934940153,0.018696919221815572
39-4021.00,4518,0.06512596996129238,0.020400616954380443
39-4021.00,4519,0.0355532765256886,0.006458177292237966
39-4021.00,4520,0.04398820385928338,0.007266261159869275
39-4021.00,4521,0.049944260588553994,0.015525563331521799
39-4021.00,4522,0.06691568106659304,0.021242306306749108
39-4021.00,4523,0.03999057689605339,0.02261281085462883
39-4021.00,4525,0.02578789885330415,0.006828981367422665
39-4021.00,4526,0.01760221267530402,0.008334223345224004
39-4021.00,4527,0.014046431089185752,0.002784413768937077
39-6012.00,4529,0.1969809237033231,0.0
39-6012.00,4530,0.11617597103251585,0.0
39-6012.00,4531,0.05621896284327728,0.0
39-6012.00,4532,0.05667441008151321,0.0
39-6012.00,4533,0.019571359240065898,0.0
39-6012.00,4534,0.0318621793153432,0.0
39-6012.00,4535,0.010574816727188753,0.0
39-6012.00,4536,0.0013770350941654415,0.0
39-7011.00,4538,0.02666420031746298,0.011947951718644252
39-7011.00,4539,0.09389990635292927,0.018903649884502504
39-7011.00,4540,0.14126483642397936,0.021023779086841315
39-7011.00,4541,0.10775054750677727,0.020763714198454408
39-7011.00,4542,0.07087532902571315,0.01998370692618212
39-7011.00,4543,0.029286029217733864,0.014841256943935208
39-7011.00,4544,0.10831985269240754,0.023140785921010674
39-7011.00,4545,0.06115230532540888,0.017504955114425316
39-7011.00,4547,0.06420121029970118,0.017462889852479017
39-7011.00,4548,0.04529139444545797,0.014488293867280963
39-7011.00,4549,0.010151226715960684,0.005628934600253426
39-7011.00,4550,0.048547412642275446,0.016898194250676624
39-7011.00,4551,0.03833791012971329,0.016800619530415156
39-7011.00,4553,0.05550174748302068,0.01942267962026673
39-7011.00,4555,0.03416825245797552,0.01659033338059049
39-9031.00,4556,0.05727824538133247,0.0
39-9031.00,4557,0.10263136498775549,0.0
39-9031.00,4558,0.08608399379050771,0.0
39-9031.00,4559,0.13519481857131085,0.0
39-9031.00,4560,0.10150698965537444,0.0
39-9031.00,4561,0.11505004124091145,0.0
39-9031.00,4562,0.06042693835428484,0.0
39-9031.00,4563,0.03545072627018194,0.0
39-9031.00,4564,0.02095171854841411,0.0
39-9031.00,4565,0.09503654322568139,0.0
39-9031.00,4566,0.0801239891715234,0.0
39-9031.00,4567,0.018227233031935255,0.0
39-9031.00,4568,0.04345339312807777,0.0
39-9031.00,4569,0.000435376400333032,0.0
39-9031.00,4570,0.014504763839278534,0.0
39-9031.00,4572,0.005772967005561184,0.0
39-9031.00,4573,0.007858139527609484,0.0
39-9031.00,4575,0.018381149331258683,0.0
39-9031.00,4576,0.0005043719123016984,0.0
39-9031.00,4577,0.0011272366263663602,0.0
41-3011.00,4579,0.05038533662822191,0.009723727539164662
41-3011.00,4580,0.0657853793407099,0.007105643866673049
41-3011.00,4581,0.10674256364482013,0.014362311972585085
41-3011.00,4582,0.08254592983876194,0.011621937757345087
41-3011.00,4583,0.045970828479598484,0.0064833613464506034
41-3011.00,4584,0.03673621063582363,0.004882763295324701
41-3011.00,4585,0.08166694210813466,0.011683733504645608
41-3011.00,4586,0.07842353262024783,0.008924544516921248
41-3011.00,4587,0.0621099356485405,0.007159548086984891
41-3011.00,4588,0.0416596067996632,0.0063412410477130575
41-3011.00,4589,0.06721897130427038,0.011413459561464761
41-3011.00,4590,0.05192995796392362,0.006466840386218125
41-3011.00,4591,0.02599848229359238,0.0021323833824345474
41-3011.00,4592,0.05550279238578204,0.007338330552135601
41-3011.00,4593,0.03239990924173675,0.008498963117486715
41-3011.00,4594,0.05855211194236041,0.012898268740088344
41-3011.00,4595,0.01733148022705299,0.003349005329306015
41-3011.00,4596,0.02972164952579492,0.006270563990777139
41-3011.00,4597,0.00931837937096437,0.00153940863657593
41-9021.00,4599,0.13458971633670894,0.03431865872674532
41-9021.00,4601,0.08739435737613865,0.020529651358481043
41-9021.00,4602,0.08807319437790206,0.02589007659811982
41-9021.00,4603,0.07103230823786667,0.016980360785228073
41-9021.00,4604,0.09089900663993185,0.021627715875851047
41-9021.00,4605,0.08687485136773111,0.030821753848429216
41-9021.00,4607,0.013092164251752822,0.004938702675695109
41-9021.00,4608,0.01998572657666021,0.010663752188594925
41-9021.00,4609,0.04235026092607086,0.018744557930315018
41-9021.00,4610,0.12691420595421993,0.02708223737717952
41-9021.00,4611,0.11270162900846775,0.03441118060615662
41-9021.00,4612,0.08376563299010516,0.02918179268055234
41-9021.00,4613,0.015205272103810964,0.005182357658527439
41-9021.00,4614,0.014552967391934103,0.0046651456017216455
41-9021.00,4615,0.01256870646069898,0.006758943857928966
41-9041.00,4618,0.11911919001511768,0.015489092148240189
41-9041.00,4619,0.11211377492847996,0.020902439556942654
41-9041.00,4620,0.1432866226619158,0.011166713510958009
41-9041.00,4621,0.12048595358000788,0.01893926001627069
41-9041.00,4622,0.11152071136068664,0.015013076527680854
41-9041.00,4623,0.04550093262014088,0.010458194241396712
41-9041.00,4624,0.036220842415310955,0.016646904810442457
41-9041.00,4625,0.09097762083115184,0.014109523934411398
41-9041.00,4626,0.07064374189643417,0.013461983128347765
41-9041.00,4627,0.1208219365964716,0.011978863495118093
41-9041.00,4628,0.012176883510702738,0.005532030448846451
41-9041.00,4629,0.01713178958357988,0.011111715174879397
43-2011.00,4630,0.14921483878943634,0.01158120013163219
43-2011.00,4631,0.15993321079475042,0.012482971425436118
43-2011.00,4633,0.09565461594609942,0.019043687167733154
43-2011.00,4634,0.07922840395864236,0.008002774372855412
43-2011.00,4635,0.07018562995281141,0.01675469255914443
43-2011.00,4638,0.05847178241648867,0.016423103563493475
43-2011.00,4640,0.053680549892746426,0.017571563793862037
43-3041.00,4661,0.11277017954824864,0.005975883252823948
43-3041.00,4662,0.09728338692687692,0.007605160319433188
43-3041.00,4663,0.04496792226734561,0.006024158823576406
43-3041.00,4664,0.09908492975924653,0.007687322030463281
43-3041.00,4665,0.08520525174978763,0.007173607506785288
43-3041.00,4666,0.040584157280387854,0.005724963581087955
43-3041.00,4667,0.05268021502637699,0.006300744425649257
43-3041.00,4668,0.09113471661774211,0.007127469998792581
43-3041.00,4669,0.038607890457347645,0.007363363768316517
43-3041.00,4670,0.044793524116469655,0.009977473416424588
43-3041.00,4671,0.07602458667191357,0.008162818323256668
43-3041.00,4672,0.010939423745992905,0.006195213539863847
43-3041.00,4673,0.05122208668118095,0.01263285985708816
43-3041.00,4674,0.056234983184101826,0.007971239749457517
43-3041.00,4675,0.020632911556595728,0.006038857118704462
43-3041.00,4676,0.03459918951160864,0.007207271848158477
43-3041.00,4677,0.04323464489877684,0.010971584183094492
43-4141.00,4722,0.11729049033768538,0.02269065004609203
43-4141.00,4723,0.12622121303540912,0.022919271680284025
43-4141.00,4724,0.0893890950725941,0.019802471270274756
43-4141.00,4725,0.09803522832994951,0.021777185983169092
43-4141.00,4726,0.12786687557074505,0.025074804260865256
43-4141.00,4727,0.012601506091205167,0.0031281169590918825
43-4141.00,4728,0.18551729138885625,0.02868192531725602
43-4141.00,4729,0.03763906914876483,0.011574100070270781
43-4141.00,4730,0.144763981363499,0.028225939402403515
43-4141.00,4731,0.02474444765480151,0.007863735415832658
43-4141.00,4732,0.0012682329420759789,0.0007196497137883153
43-4141.00,4733,0.027620728458914987,0.006319758659581156
43-4141.00,4734,0.006324237957966596,0.003908311479750962
43-4141.00,4735,0.0007176026475325347,0.00030330886866029676
43-5071.00,4737,0.12957594976896786,0.03223665102947687
43-5071.00,4739,0.1097838174178323,0.027342030333567788
43-5071.00,4740,0.05382924084403928,0.015957762745232956
43-5071.00,4741,0.10278407256058958,0.031169781232349827
43-5071.00,4742,0.0796514547679869,0.021359516817101055
43-5071.00,4744,0.06522484115144954,0.017384014955010303
47-2021.00,4768,0.09218937653641752,0.016244975860633115
47-2021.00,4769,0.1242513502952432,0.015366208915268492
47-2021.00,4770,0.09170875843466954,0.016638688664074332
47-2021.00,4771,0.09206251951939139,0.023784903702022065
47-2021.00,4772,0.1083022668189738,0.015600733945035021
47-2021.00,4773,0.13931307772137214,0.014316395368191688
47-2021.00,4774,0.06754211228745101,0.014073830377870642
47-2021.00,4775,0.14217249527369105,0.020267438321823542
47-2021.00,4776,0.030214713894862803,0.010258571517608062
47-2021.00,4777,0.02030824254014616,0.004396864083548808
47-2021.00,4778,0.06510588089469044,0.010956613845873821
47-2021.00,4779,0.013918607400750875,0.008343351105626243
47-2021.00,4780,0.012910598382340075,0.00739779450426901
47-2071.00,4796,0.1720364660929962,0.023610919891662363
47-2071.00,4797,0.0705544594432209,0.02205995753700959
47-2071.00,4798,0.10631456371629706,0.03036999600513559
47-2071.00,4799,0.06772010978104269,0.028993738386687815
47-2071.00,4800,0.08468091154247429,0.033143272316481426
47-2071.00,4801,0.042888954066438785,0.014915078755887877
47-2071.00,4802,0.04051477169896595,0.018694204993765524
47-2071.00,4803,0.0976420719059913,0.029861071385387922
47-2071.00,4805,0.06474425515723754,0.02006235122164698
47-2071.00,4806,0.04688689976683769,0.02107949628367405
47-2071.00,4809,0.09833990613704628,0.036338443737144774
47-2071.00,4811,0.016358963038051046,0.01089240167908189
47-2071.00,4812,0.012582939412355639,0.006861974074121542
47-2071.00,4813,0.019190225491684303,0.00857837261025387
47-3013.00,4832,0.04724735032644046,0.009925442131425122
47-3013.00,4833,0.08255525711973602,0.01255759600534932
47-3013.00,4834,0.056340516606320216,0.011771202967255078
47-3013.00,4835,0.08010380541440404,0.01564748378221471
47-3013.00,4836,0.09540180579389777,0.012108312750838037
47-3013.00,4837,0.03948541283709162,0.011213222850815378
47-3013.00,4838,0.07810555472141659,0.013401271704431809
47-3013.00,4839,0.06058707890546957,0.012971184410618007
47-3013.00,4840,0.1184336753811891,0.014600304613197147
47-3013.00,4841,0.05144339457420484,0.01297375180277735
47-3013.00,4842,0.04625579545909115,0.010961940836940546
47-3013.00,4843,0.020952209561453782,0.009106460111894732
47-3013.00,4844,0.08776684242320973,0.019981779583595063
47-3013.00,4845,0.009627547810687547,0.006795665901484733
47-3013.00,4846,0.007461507192512216,0.00315511882906827
47-3013.00,4847,0.016096855454713517,0.009513133401857906
47-3013.00,4848,0.026091109511395184,0.013635773687266005
47-3013.00,4849,0.02012928452404974,0.008843731145419137
47-3013.00,4850,0.028460606155052724,0.0096291990665525
47-3013.00,4851,0.008797266563205586,0.005311247613611897
47-3013.00,4853,0.007223301967210798,0.004861633941023948
47-3013.00,4854,0.0032638074422894968,0.002060296305750522
47-3013.00,4855,0.0070011463314512985,0.0061725603153094
47-3015.00,4857,0.11452115105203513,0.01766438638771243
47-3015.00,4858,0.1328726252142615,0.023986588457605262
47-3015.00,4859,0.07312172546831018,0.016433736486025707
47-3015.00,4860,0.09712378541504088,0.023674553490823622
47-3015.00,4861,0.11341625987672432,0.018533191208896797
47-3015.00,4862,0.08002809548836172,0.016160379395355563
47-3015.00,4863,0.02728131036741015,0.007431039469574522
47-3015.00,4864,0.09290349669936199,0.016542884393330858
47-3015.00,4865,0.05609671284687613,0.013532458427647828
47-3015.00,4866,0.03791783192845928,0.013795836698216974
47-3015.00,4868,0.010570057978229025,0.007020397694306804
47-3015.00,4869,0.03334851275923562,0.02523221063157794
47-3015.00,4870,0.014749424595748753,0.007036162815105631
47-4051.00,4871,0.11676064940075453,0.04336282584938279
47-4051.00,4872,0.174142423367697,0.040335403307747354
47-4051.00,4874,0.07105722284410279,0.01813595172199371
47-4051.00,4875,0.09681438194669377,0.017913112242469262
47-4051.00,4876,0.036911808725129565,0.010932286724124858
47-4051.00,4877,0.04382151094650204,0.010637624909552949
47-4051.00,4878,0.030862805440451762,0.00769227314326661
47-4051.00,4879,0.027946761946271513,0.0072897538831374065
47-4051.00,4880,0.1017159231196825,0.04198757717383084
47-4051.00,4881,0.01858312072047525,0.009071562124978729
47-4051.00,4883,0.022709472644198838,0.008901310867802001
47-4051.00,4885,0.06813943318024301,0.05001438295547485
47-4051.00,4886,0.02527098693937384,0.011346162122518093
47-5043.00,4889,0.09134276503608471,0.008850432184108862
47-5043.00,4890,0.08412069095930903,0.00902024562697187
47-5043.00,4891,0.09052426043925942,0.009206207579728433
47-5043.00,4893,0.0503733629293494,0.01598918086828209
47-5043.00,4894,0.09263128411181606,0.008586374066387278
47-5043.00,4895,0.07542228430693186,0.010034306093604166
51-3092.00,4919,0.053976842203679536,0.005855842382794488
51-3092.00,4920,0.05255980127296116,0.007844694980641182
51-3092.00,4921,0.03451654420653453,0.008778910926393966
51-3092.00,4922,0.04890220703486537,0.007288358478351666
51-3092.00,4923,0.051845814142531726,0.00687452563577279
51-3092.00,4924,0.060982104079935935,0.006919281530024815
51-3092.00,4925,0.051236571439273175,0.007906706568393838
51-3092.00,4926,0.05854898309339695,0.008410078772117786
51-3092.00,4927,0.04370117134444271,0.0084696234173734
51-3092.00,4928,0.03289913412032138,0.007778073998619018
51-3092.00,4929,0.04372908236120579,0.008850455111935154
51-3092.00,4930,0.04042647964812963,0.008468688293726774
51-3092.00,4931,0.04202281135643245,0.007977082810653064
51-3092.00,4932,0.03232644495022267,0.010065468308654686
51-3092.00,4933,0.03147716712428145,0.009922392004287215
51-3092.00,4934,0.03896373588505045,0.006430277079216762
51-3092.00,4935,0.03364904124564293,0.006432430272298548
51-3092.00,4936,0.018627443319178715,0.008335202168960575
51-3092.00,4937,0.03356527924363871,0.008361518818070582
51-3092.00,4938,0.03971243386677702,0.007955498678706503
51-3092.00,4939,0.021282644534625663,0.005777783058151462
51-3092.00,4940,0.025989812009955,0.006276745135904039
51-3092.00,4941,0.034070494735549205,0.008812070400995574
51-3092.00,4942,0.04093780167083691,0.008135226805014073
51-3092.00,4943,0.0340501551105309,0.00849103115861787
51-3093.00,4944,0.07324864855167079,0.011508541265790768
51-3093.00,4945,0.06094570873881153,0.011111385617709264
51-3093.00,4946,0.06910672052527451,0.014451997129735024
51-3093.00,4947,0.08664923162794383,0.014854058186241493
51-3093.00,4948,0.0767271232208446,0.009726053549429486
51-3093.00,4949,0.0814409337579019,0.013957203498756898
51-3093.00,4950,0.055083228204980336,0.011239261997194277
51-3093.00,4952,0.07589207540730734,0.016192983090042884
51-3093.00,4953,0.0539188655758098,0.011262430128134977
51-3093.00,4954,0.04631866165360744,0.008760253070570491
51-3093.00,4955,0.04008257174965735,0.008280710450957232
51-3093.00,4956,0.04855473528105381,0.009228395186997364
51-3093.00,4957,0.051910915817278525,0.010759642531099648
51-3093.00,4958,0.06710631383194982,0.010212364942837478
51-3093.00,4959,0.05576658195673708,0.015608969826580932
51-3093.00,4960,0.057247684099171275,0.01461128633108591
51-9051.00,4961,0.0438307869065689,0.01336711331689501
51-9051.00,4962,0.11416708116528294,0.0209317590219895
51-9051.00,4963,0.15865333009511748,0.016357951521994294
51-9051.00,4964,0.05005762182162298,0.012965879335334933
51-9051.00,4965,0.07795982388253428,0.01562756720601931
51-9051.00,4966,0.07141180644625678,0.013818365162381196
51-9051.00,4967,0.061315452890448964,0.013098308194504076
51-9051.00,4968,0.02288218467782374,0.005165322450023322
51-9051.00,4969,0.06553652015648263,0.018068266001451203
51-9051.00,4970,0.040345883688560166,0.009675896945192285
51-9051.00,4971,0.08659275495515288,0.02085662429546703
51-9051.00,4972,0.06296026339997692,0.013476692887829623
51-9051.00,4973,0.03761499656760075,0.010847428184749342
51-9051.00,4974,0.05469045027019217,0.014723833736511613
51-9051.00,4975,0.006267167613149277,0.002593580929285126
51-9051.00,4976,0.0457138754632291,0.012687666208944407
53-7061.00,4992,0.08264820642859515,0.01660669929813336
53-7061.00,4993,0.09702694783571526,0.0200792433304236
53-7061.00,4994,0.03943170602001846,0.011978748592320803
53-7061.00,4995,0.05721159749631542,0.013749755869467653
53-7061.00,4996,0.12437626755055536,0.018884166106226834
53-7061.00,4997,0.08216169880261523,0.019132447652353956
53-7061.00,4998,0.05389111284995854,0.012259680414159816
53-7061.00,4999,0.03741860543147123,0.007530544242433148
53-7061.00,5000,0.07185975872749467,0.013197226693103907
53-7061.00,5001,0.023703171590076975,0.01021397710216809
53-7061.00,5003,0.008665273626805067,0.002360735796551903
53-7061.00,5004,0.027158997970188184,0.008616223459911093
53-7061.00,5005,0.026717269930763062,0.005480024274420995
53-7061.00,5006,0.06925510661614095,0.014587836327929642
53-7061.00,5007,0.04048141010660437,0.013023864290282934
53-7061.00,5008,0.061144062399498184,0.01456440252223863
53-7061.00,5009,0.02061690061292256,0.007377546729699755
53-7061.00,5011,0.06287905962374357,0.01915781436125213
53-7061.00,5012,0.013352846380517744,0.008017514098414362
53-7073.00,5013,0.190999571582383,0.027494432631588007
53-7073.00,5014,0.0893929356390292,0.021040963566349664
53-7073.00,5015,0.058474993765673264,0.009723884873597535
53-7073.00,5016,0.05275740952369508,0.02094001335681157
53-7073.00,5017,0.03981189953529808,0.014008528902280055
53-7073.00,5018,0.04277714640709644,0.02214414243834071
53-7073.00,5020,0.07082165216067716,0.03054988982850713
53-7073.00,5021,0.07267845838194341,0.024156965293542578
53-7073.00,5023,0.03910789082919598,0.009435253773180509
33-9092.00,5039,0.03791332218613049,0.013058317060998463
33-9092.00,5040,0.03277916022502276,0.013066439784705374
33-9092.00,5041,0.28395420846744207,0.017904164368353015
33-9092.00,5042,0.02397953582000634,0.00502354620731614
33-9092.00,5043,0.09063920354960349,0.021700095091649187
33-9092.00,5044,0.06388328747745176,0.011894049222188934
33-9092.00,5045,0.10262240918254373,0.02085681976345727
33-9092.00,5046,0.04943017942403683,0.009867602416508737
33-9092.00,5047,0.02524921634171235,0.009879651167203189
33-9092.00,5048,0.07555609267801215,0.008150607063009867
33-9092.00,5049,0.12218501299455031,0.023615698524283534
33-9092.00,5050,0.016347923793742346,0.003651850879776033
33-9092.00,5052,0.008988012324901984,0.005752844343229955
35-2011.00,5054,0.07986642840962394,0.009566917766160444
35-2011.00,5055,0.09750480133490998,0.0042712531768412335
35-2011.00,5056,0.06605986524247838,0.015528453525747613
35-2011.00,5057,0.07862769880999493,0.005769140467415958
35-2011.00,5058,0.08100364792584425,0.006327899172526491
35-2011.00,5061,0.07967684822884735,0.010471346694156598
35-2011.00,5062,0.09281825298158461,0.007716820026409421
35-2011.00,5063,0.08051002916121623,0.010673499393718774
35-2011.00,5064,0.061589368439495286,0.01420455351877291
35-2011.00,5065,0.07938367238470255,0.008088877461435579
35-2011.00,5067,0.05939645829552212,0.014561921085763112
35-2011.00,5068,0.080614730989283,0.010754454426035575
35-2011.00,5070,0.06294819779649735,0.01109778129262993
39-2021.00,5072,0.09526633486023796,0.013278430491906171
39-2021.00,5074,0.07948452666072275,0.020249671932379858
39-2021.00,5075,0.10236747163925404,0.011989795343041407
39-2021.00,5076,0.08786294930159948,0.011909836607517162
39-2021.00,5077,0.04639124480152784,0.008741937288933433
39-2021.00,5078,0.04634940653110242,0.008545763142125221
39-2021.00,5079,0.05843450185587715,0.017591954772772662
39-2021.00,5080,0.08450622676501802,0.014101274754417156
39-2021.00,5081,0.004485844930060887,0.0011301748035127204
39-2021.00,5082,0.04092630824253408,0.006387474117922918
39-2021.00,5083,0.0032383024958451533,0.0013217640578692077
39-2021.00,5084,0.058323814084598725,0.015825298714505852
39-2021.00,5085,0.023693027606879333,0.007847881093039775
39-2021.00,5086,0.03629614573652958,0.009513665996180492
39-2021.00,5087,0.016028104103757577,0.0030764320073845583
39-2021.00,5088,0.00570467720510228,0.0032964765655121406
39-2021.00,5089,0.02298275191490982,0.005856965059653402
39-2021.00,5090,0.008325630708160116,0.002191812743390739
39-2021.00,5091,0.017499697342365776,0.006731372015043057
39-3031.00,5096,0.10662304774672977,0.019135244003274522
39-3031.00,5097,0.06908526419986459,0.02052047089372239
39-3031.00,5098,0.03126943037997497,0.011189836426732953
39-3031.00,5099,0.06253488491451431,0.014686637250648418
39-3031.00,5100,0.0381352506898712,0.015084975926830767
39-3031.00,5102,0.03126922307602068,0.009944800300314386
39-3031.00,5103,0.041759277426346046,0.00982664905725727
39-3031.00,5104,0.0484456587345269,0.01790075757794842
39-3031.00,5105,0.0336559889537293,0.007924426107050938
39-3031.00,5106,0.038488855651087665,0.015151540272038883
39-3031.00,5107,0.047028537839808246,0.012826823696724738
39-3031.00,5108,0.04555216376141923,0.016268418852562888
39-3031.00,5109,0.036693054714188975,0.009705809224758772
39-3031.00,5111,0.010060232844513874,0.006172814382438289
39-3031.00,5112,0.01871314721801451,0.010311450233110546
39-3031.00,5113,0.04521857436004317,0.017443134614182707
39-3031.00,5114,0.015202189328059963,0.00545125676779675
39-3031.00,5115,0.01696214849934478,0.006290527129922463
39-3091.00,5116,0.14998534765088417,0.026556269602987796
39-3091.00,5117,0.08646330883816757,0.022724225308799608
39-3091.00,5118,0.10507577973887194,0.02842962632446144
39-3091.00,5119,0.12041357602967837,0.02669384201292064
39-3091.00,5120,0.03046714304868326,0.010743177661728184
39-3091.00,5121,0.032319036830704605,0.007766903600541929
39-3091.00,5123,0.06107425061834942,0.022437771241684824
39-3091.00,5124,0.043110716796856074,0.014541518007590978
39-3091.00,5125,0.03519582783293824,0.011640343267336928
39-3091.00,5126,0.0267737593606217,0.011583222771496614
39-3091.00,5127,0.02545937127291056,0.010289613882003154
39-3091.00,5130,0.13565793711174187,0.0212305437619343
39-3091.00,5131,0.07586582061844213,0.02550544122776799
39-3091.00,5132,0.026842350523598898,0.014090649895526643
39-3091.00,5134,0.04529577372755126,0.00958799994037851
43-9081.00,5158,0.14483533403636478,0.020572442399116507
43-9081.00,5159,0.1646562184630977,0.02251285507705238
43-9081.00,5160,0.11798622287845555,0.019550424157092138
43-9081.00,5161,0.09525561895943503,0.025689083226196265
43-9081.00,5162,0.08034324321176138,0.015543371324937954
43-9081.00,5163,0.1073497910821506,0.029733696546102164
43-9081.00,5165,0.012820890620914656,0.005380974006451137
49-3091.00,5184,0.10923400944852123,0.016360411404770767
49-3091.00,5185,0.0688912407872084,0.016219458645076307
49-3091.00,5186,0.07815268458409005,0.020092417805491574
49-3091.00,5187,0.09756244095393656,0.016681967573539493
49-3091.00,5188,0.026094181548469344,0.006093008845763358
49-3091.00,5189,0.008546352656979912,0.00443626526990612
11-9031.00,5193,0.158258477011629,0.026027413851255538
11-9031.00,5194,0.09085829963353828,0.01905363319725199
11-9031.00,5195,0.055110376953053354,0.015234007946037664
11-9031.00,5196,0.11207341187363372,0.021898555624295712
11-9031.00,5197,0.04466384745657661,0.015228941623342592
11-9031.00,5198,0.049650273522523235,0.016100537075716317
11-9031.00,5199,0.10042746038648333,0.019809412792087092
11-9031.00,5200,0.07571521344039621,0.028153291119769094
11-9031.00,5201,0.036493260994409714,0.010158386968346842
11-9031.00,5202,0.05244956821315019,0.01180109068586306
11-9031.00,5203,0.018894789228213672,0.007002749337057675
11-9031.00,5204,0.14259863107724885,0.0292755653306076
11-9031.00,5205,0.0070783548999751415,0.004063263553519302
11-9031.00,5206,0.017021272882228877,0.006030316104968329
11-9031.00,5207,0.011698686914807745,0.003579089164427464
11-9031.00,5208,0.007906397550848892,0.0029006853146236484
11-9031.00,5209,0.01910167796128315,0.010868737098546024
11-9032.00,5210,0.004866395758280018,0.003005336765025665
11-9032.00,5211,0.03016858121136486,0.004097585618440263
11-9032.00,5212,0.09317807251143284,0.02089610479880367
11-9032.00,5213,0.008873447941243898,0.003291451640968233
11-9032.00,5214,0.016673600409529192,0.005765931123718333
11-9032.00,5215,0.12798622933202303,0.028088123390966127
11-9032.00,5216,0.008257228334853286,0.0034267279142510486
11-9032.00,5217,0.05856301370472024,0.021811378211975437
11-9032.00,5218,0.006330899921476724,0.0034346721077254437
11-9032.00,5219,0.020347573044241816,0.006974558806754739
11-9032.00,5220,0.011269732506161229,0.007776960236382767
11-9032.00,5221,0.06022784728128505,0.020107863304215084
11-9032.00,5222,0.04221004968898992,0.011389033028743945
11-9032.00,5223,0.04382303571202006,0.011998392361113443
11-9032.00,5224,0.016268184290377498,0.005706015960881007
11-9032.00,5225,0.13948839130040472,0.03261482157933729
11-9032.00,5226,0.05802399801713502,0.02035883158552927
11-9032.00,5228,0.00441015017260484,0.0029345680259820093
11-9032.00,5229,0.02387250339260128,0.006143802775608745
11-9032.00,5230,0.009268173047355006,0.003488382615073448
11-9032.00,5231,0.03684716505492938,0.022016475717562767
11-9032.00,5232,0.04354333069736312,0.017141199802355178
11-9032.00,5233,0.012488412925736828,0.003549619119644958
11-9033.00,5235,0.025562529109704184,0.020904456789827205
11-9033.00,5236,0.05189754788222279,0.02298461072563481
11-9033.00,5237,0.03775714480328519,0.021498431413601766
11-9033.00,5238,0.04631916325790346,0.010031208009059323
11-9033.00,5239,0.03682391501872956,0.009778954221755752
11-9033.00,5240,0.04868520788256904,0.020192697478587308
11-9033.00,5242,0.01596941524070848,0.009980315357831483
11-9033.00,5243,0.1680590144632789,0.04277778697291844
11-9033.00,5244,0.008216062275012658,0.0033507602947134363
11-9033.00,5246,0.022811604225954574,0.019196033261787936
11-9033.00,5248,0.027297377532231663,0.007331369149879183
11-9033.00,5249,0.06030572592773665,0.02307266348745139
11-9033.00,5250,0.018529280360201923,0.011031336339836622
11-9033.00,5253,0.007629759002200943,0.005036028801596173
11-9033.00,5254,0.004656244147823752,0.002311468059908998
11-9033.00,5255,0.03416642067879534,0.02369233966441381
11-9033.00,5258,0.013722274619635875,0.009416253204203364
11-9131.00,5260,0.20104036884280266,0.025680514902289894
11-9131.00,5261,0.20277584525672626,0.021293409503530373
11-9131.00,5262,0.13137721973607733,0.020299544333024645
11-9131.00,5263,0.028377042929240915,0.010062219955402284
11-9131.00,5264,0.05999482875842153,0.008114103084433328
11-9131.00,5265,0.10055727466039158,0.016921173522405932
11-9131.00,5266,0.04171939745546206,0.009384978686792986
11-9131.00,5267,0.017640023012324195,0.00883002546406725
11-9131.00,5268,0.014187082627714537,0.0057017519433049885
11-9131.00,5269,0.044518561339794135,0.010636510360385276
11-9131.00,5271,0.007342551189001013,0.003629298019929648
13-2081.00,5288,0.12388251852285465,0.036857056269104425
13-2081.00,5289,0.023224130531059397,0.013470550011857773
13-2081.00,5290,0.11398496029545666,0.02862622795136014
13-2081.00,5291,0.05827464990512427,0.018472158566921165
13-2081.00,5292,0.06861123097632987,0.022403841886195583
13-2081.00,5293,0.08769295237596211,0.03216012582780004
13-2081.00,5294,0.07888137541673161,0.012854979375051716
13-2081.00,5297,0.041780879501470386,0.018903820292306178
13-2081.00,5298,0.026740890248609563,0.017130704660859974
13-2081.00,5299,0.011136163316799817,0.00432775884678271
13-2081.00,5301,0.09553291545322735,0.030255494238230714
13-2081.00,5302,0.07682276667578204,0.02642920454379088
13-2081.00,5305,0.06792918334565773,0.026360751749534516
13-2081.00,5306,0.00288374718610414,0.00156677987741071
13-2081.00,5308,0.04191883683669172,0.02143589611932687
13-2081.00,5310,0.03897373165172609,0.025269056783205207
15-1212.00,5313,0.049430566449523206,0.01722153059360212
15-1212.00,5314,0.12411637640907126,0.03401810440774786
15-1212.00,5315,0.11624846507360338,0.026410823345687374
15-1212.00,5316,0.12952580387111387,0.031728654237803924
15-1212.00,5317,0.12481475746547548,0.03354053108081948
15-1212.00,5319,0.15769319144301921,0.03428294721608056
15-1212.00,5320,0.08230363319775251,0.026905931570588775
15-1212.00,5321,0.11814108679699122,0.03557122094033794
15-1212.00,5322,0.04849119052948307,0.015273406350522292
15-1212.00,5323,0.049234928763966825,0.01529463268942673
17-2021.00,5325,0.03965833454750711,0.0
17-2021.00,5326,0.05736312698896928,0.0
17-2021.00,5327,0.13467288598837276,0.0
17-2021.00,5328,0.045265919388156724,0.0
17-2021.00,5329,0.05003282440924161,0.0
17-2021.00,5330,0.013148989993077134,0.0
17-2021.00,5331,0.1254099342471494,0.0
17-2021.00,5332,0.10254594624954953,0.0
17-2021.00,5333,0.03194373076142168,0.0
17-2021.00,5334,0.033733247812888806,0.0
17-2021.00,5335,0.02129329743439631,0.0
17-2021.00,5336,0.19157156173180248,0.0
17-2021.00,5337,0.10317980397218064,0.0
17-2021.00,5338,0.05018039647528654,0.0
17-2072.00,5339,0.09118840969208422,0.024788834886401524
17-2072.00,5346,0.023290787988544715,0.007094868768158136
17-2072.00,5348,0.07257183974608472,0.027255875006001726
17-2072.00,5349,0.10952756766960331,0.03187705251974212
17-2072.00,5350,0.05802862995261344,0.028836940604718142
17-2072.00,5351,0.036432477012800044,0.011610692588699425
17-2072.00,5354,0.040823412910991105,0.02404635884012873
17-2072.00,5355,0.03160538751707544,0.013739172161077236
17-2161.00,5379,0.008287657778576516,0.0
17-2161.00,5380,0.19493321520239662,0.0
17-2161.00,5381,0.04478787682705545,0.0
17-2161.00,5382,0.006312735929612684,0.0
17-2161.00,5383,0.12492508077826424,0.0
17-2161.00,5384,0.0330756169771934,0.0
17-2161.00,5385,0.013077854664615024,0.0
17-2161.00,5386,0.04325628590006638,0.0
17-2161.00,5387,0.03501969007454863,0.0
17-2161.00,5388,0.030630587767459003,0.0
17-2161.00,5389,0.2462774952848793,0.0
19-1011.00,5413,0.14793594426551962,0.0
19-1011.00,5414,0.1429099840283387,0.0
19-1011.00,5415,0.1918727338332792,0.0
19-1011.00,5416,0.21317597366253113,0.0
19-1011.00,5417,0.1267474074568009,0.0
19-1011.00,5418,0.05031624145428187,0.0
19-1011.00,5419,0.010146960942528099,0.0
19-1011.00,5420,0.016302217725304508,0.0
19-1041.00,5421,0.09544543578948633,0.0
19-1041.00,5422,0.08891120220559802,0.0
19-1041.00,5423,0.06619616148142524,0.0
19-1041.00,5424,0.03133801415566238,0.0
19-1041.00,5425,0.06761767159187185,0.0
19-1041.00,5426,0.03732383607935234,0.0
19-1041.00,5427,0.03630741372482812,0.0
19-1041.00,5428,0.122797888427018,0.0
19-1041.00,5429,0.07066311624771074,0.0
19-1041.00,5430,0.005411675258461419,0.0
19-1041.00,5432,0.007372692446411135,0.0
13-1161.00,5433,0.1052090187848329,0.0
13-1161.00,5434,0.10992928130671217,0.0
13-1161.00,5435,0.06401335128073668,0.0
13-1161.00,5436,0.03986308440211442,0.0
13-1161.00,5437,0.03847234478639389,0.0
13-1161.00,5438,0.050548995951933705,0.0
13-1161.00,5439,0.17843317419424756,0.0
13-1161.00,5440,0.026152134629539286,0.0
13-1161.00,5441,0.049650188330368786,0.0
13-1161.00,5442,0.10170830053884619,0.0
13-1161.00,5443,0.21036589958386828,0.0
13-1161.00,5444,0.012707595700579534,0.0
13-1161.00,5445,0.012946630509826636,0.0
19-3034.00,5446,0.05131226026676341,0.01063807235775682
19-3034.00,5447,0.003534312966290409,0.0012935465689583759
19-3034.00,5448,0.07130907408944687,0.017517491946526673
19-3034.00,5449,0.05265378787462886,0.01338544819827257
19-3034.00,5450,0.055516478536254805,0.013773417943296604
19-3034.00,5451,0.06852781363232761,0.02398107672921143
19-3034.00,5452,0.06870061479741241,0.014267055830112285
19-3034.00,5453,0.06128850059188708,0.017481251458369478
19-3034.00,5454,0.04069957737477561,0.01114430873881993
19-3034.00,5455,0.21649441131347447,0.026284990114768952
19-3034.00,5456,0.030943158781312666,0.0179392543596124
19-3034.00,5457,0.002232382612839216,0.000510838346745786
19-3034.00,5458,0.04167752102906364,0.022533755118043845
19-3034.00,5459,0.036045184050930996,0.017523442015562458
19-3034.00,5460,0.029212371358053987,0.009159094406193564
19-3034.00,5461,0.082475448993827,0.019658457434852582
19-3034.00,5462,0.006506087699245088,0.0021171613412684304
19-3034.00,5463,0.031061360774334613,0.02002629828698327
19-3041.00,5464,0.07500508630818656,0.0
19-3041.00,5465,0.1811100673653387,0.0
19-3041.00,5466,0.09509894127134268,0.0
19-3041.00,5467,0.04485097050074343,0.0
19-3041.00,5468,0.060283350140351404,0.0
19-3041.00,5469,0.18749173341794947,0.0
19-3041.00,5470,0.10818571075261552,0.0
19-3041.00,5471,0.0038600557266794734,0.0
19-3041.00,5472,0.03477688107564429,0.0
19-3041.00,5473,0.06292309399078068,0.0
19-3041.00,5474,0.03596292986763859,0.0
19-3041.00,5475,0.08017504361663075,0.0
19-3092.00,5503,0.20063015422930158,0.0
19-3092.00,5504,0.03196660043637752,0.0
19-3092.00,5505,0.11463558135101998,0.0
19-3092.00,5506,0.08679361726725676,0.0
19-3092.00,5507,0.06605558950051241,0.0
19-3092.00,5508,0.10300009871821963,0.0
19-3092.00,5509,0.11766021960496097,0.0
19-3092.00,5510,0.01062636520390744,0.0
19-3092.00,5511,0.10207761620544256,0.0
19-3092.00,5512,0.024827591501796108,0.0
19-3092.00,5513,0.03258855028335011,0.0
19-3092.00,5514,0.10913801569785495,0.0
19-3094.00,5515,0.2400090278432666,0.0
19-3094.00,5516,0.01808616312125964,0.0
19-3094.00,5517,0.04866256869929554,0.0
19-3094.00,5518,0.04545133585177429,0.0
19-3094.00,5519,0.3616132700532837,0.0
19-3094.00,5520,0.03765566032418064,0.0
19-3094.00,5521,0.07217980441026145,0.0
19-3094.00,5522,0.014617735796030344,0.0
19-3094.00,5523,0.0019115662206789549,0.0
19-3094.00,5524,0.019587016809104317,0.0
19-3094.00,5525,0.00808099286800314,0.0
19-3094.00,5526,0.008812201361348615,0.0
19-4012.00,5528,0.06863417583716883,0.014389916465546786
19-4012.00,5530,0.019357839295417775,0.005698151727883445
19-4012.00,5538,0.012161098842156487,0.004975137796433073
19-4012.00,5540,0.01556242014422131,0.0047340741249143024
19-4012.00,5541,0.2535021543518104,0.039618802812241546
19-4012.00,5542,0.10713034859038481,0.040372411356594244
19-4012.00,5543,0.00888303443791543,0.00488262914632957
19-4012.00,5544,0.1398539926459531,0.035343965826227244
19-4012.00,5547,0.006752204011992439,0.0037962174149721232
19-4012.00,5548,0.03397036443321772,0.010848580350047635
19-4012.00,5549,0.006547482834469,0.004243074480343515
19-4071.00,5563,0.08672575533180504,0.034190120056776685
19-4071.00,5565,0.040671943182841085,0.021156984322643832
19-4071.00,5566,0.14619447087774887,0.03527521012756849
19-4071.00,5567,0.11788258119759919,0.038833753870160165
19-4071.00,5568,0.025909508713456954,0.01441832090408939
19-4071.00,5569,0.088378004522261,0.03697679661000435
19-4071.00,5570,0.0852320154100083,0.02034324174995498
19-4071.00,5571,0.010193104424192738,0.004729257860265967
19-4071.00,5572,0.021477241298845803,0.008170171203230277
19-4071.00,5573,0.00820355337058861,0.004345327894572524
19-4071.00,5574,0.062143547291085614,0.03072726460987943
19-4071.00,5575,0.0131213971753244,0.006159917959853751
19-4071.00,5576,0.015119461179989278,0.010638661659456998
19-4071.00,5577,0.039663355630806744,0.02774017614368167
19-4071.00,5578,0.09502141324318093,0.05152479940430638
19-4071.00,5580,0.054519581394995506,0.031092798583757304
19-4071.00,5581,0.04788953313219039,0.03156087968962429
21-1011.00,5583,0.117195259298278,0.033543949134707735
21-1011.00,5584,0.14728465263026413,0.020936899604632513
21-1011.00,5585,0.060781360805136374,0.012197012555503718
21-1011.00,5586,0.06469987000478129,0.010157168180234767
21-1011.00,5587,0.02256920005903786,0.006634646643303255
21-1011.00,5588,0.02037205828765335,0.0050899152792204016
21-1011.00,5589,0.022723425943182322,0.006575428601583421
21-1011.00,5590,0.03541206896442507,0.016136208043270192
21-1011.00,5591,0.0626961868741915,0.031031539738066546
21-1011.00,5592,0.005808897726545694,0.0015982602998657477
21-1011.00,5593,0.036775421672508204,0.017294629305945178
21-1011.00,5594,0.029815720785991946,0.018657980437762206
21-1011.00,5595,0.011443958469772484,0.0019121861843186712
21-1011.00,5596,0.030803027854686697,0.018951641951378884
21-1011.00,5597,0.04170286344736676,0.016662735830401818
21-1011.00,5598,0.04990158696147711,0.019124759973765615
21-1011.00,5599,0.009356963530707325,0.0017412523470927818
21-1011.00,5600,0.04222660302810478,0.018178013152756727
21-1011.00,5601,0.033621728507949006,0.016816122922401634
21-1011.00,5602,0.02631755657666073,0.017828810083317565
21-1011.00,5603,0.05871049365060541,0.013082530502535645
21-1012.00,5606,0.0730117989370182,0.013350580034802374
21-1012.00,5608,0.029014192791834197,0.013489460358180404
21-1012.00,5611,0.08030354477080993,0.014260811845759148
21-1012.00,5616,0.07340305652909154,0.016279219773711242
21-1012.00,5619,0.02073770421369014,0.009274872554823796
21-1012.00,5621,0.015958893519725566,0.00657949590555112
21-1012.00,5623,0.022132049506761408,0.009120526169982627
21-1012.00,5624,0.007708069798413273,0.002372429130600882
21-1012.00,5625,0.03219874940098109,0.007157024689443413
21-1012.00,5626,0.018700060903125863,0.007721726472594773
21-1012.00,5629,0.007695296199208099,0.0024369813738291534
21-1012.00,5630,0.018835667221373517,0.012887777082054921
21-1012.00,5631,0.05847213590385187,0.015086471706984139
21-1012.00,5632,0.05396245617397392,0.011639846799560413
21-1012.00,5633,0.0014205116917310671,0.0009006506207615596
21-1012.00,5634,0.021206911552626842,0.010785717758944593
21-1012.00,5636,0.00979622179594181,0.003531829694613222
21-1012.00,5639,0.0048794045759587975,0.002038107659725218
21-1012.00,5640,0.006728611718483217,0.0022565400857377056
23-1023.00,5643,0.0021326728443504233,0.00037274905331033474
23-1023.00,5644,0.01730011252414912,0.009683173830933546
23-1023.00,5645,0.03912652026521494,0.009279579383218774
23-1023.00,5646,0.054953783466251606,0.021170086548152497
23-1023.00,5647,0.15639620744398086,0.01793950963088736
23-1023.00,5648,0.09774677047312214,0.020400684342973402
23-1023.00,5649,0.2414179434790745,0.026885380766492762
23-1023.00,5650,0.08438461655034228,0.015181251701624847
23-1023.00,5651,0.02008013434017731,0.003819611757291346
23-1023.00,5652,0.013039626247778692,0.004031147225274163
23-1023.00,5653,0.04436606202155037,0.012917956410970578
23-1023.00,5654,0.006592191851042401,0.002022412009581434
23-1023.00,5655,0.0403816977343033,0.010406401536951593
23-1023.00,5656,0.04322358302170963,0.009705226582779036
23-1023.00,5657,0.009195939136331781,0.0017852406747612952
23-1023.00,5658,0.03766300433761795,0.015402051891503041
23-1023.00,5659,0.014877307180716231,0.007119013286045679
23-1023.00,5660,0.02456477419108582,0.015551002297563033
25-1011.00,5662,0.10228784429893704,0.015411230426422829
25-1011.00,5663,0.08108549518318815,0.012255611711173313
25-1011.00,5664,0.04053038850460755,0.009242240699726257
25-1011.00,5665,0.0545701257487157,0.008138579514427582
25-1011.00,5666,0.06335420569315822,0.005991500353536696
25-1011.00,5667,0.07685630057677627,0.00868805218406715
25-1011.00,5668,0.035504337393708785,0.014181494099815851
25-1011.00,5669,0.0837869539999325,0.0146432443305795
25-1011.00,5670,0.08309160038274833,0.014505229105387115
25-1011.00,5671,0.0297914739618744,0.005850417121682202
25-1011.00,5673,0.01989026844400974,0.004044020738395175
25-1011.00,5674,0.009661477359864397,0.002651245373063993
25-1011.00,5675,0.01854131891152946,0.006405045701986258
25-1011.00,5676,0.014823946756996994,0.005070264128759911
25-1011.00,5677,0.01787190970889737,0.004947357988189743
25-1011.00,5678,0.01916855577885911,0.012198120006477704
25-1011.00,5679,0.029444867674451137,0.009557080462976143
25-1011.00,5680,0.019162751037176014,0.009081181442847709
25-1011.00,5681,0.07873489753332923,0.03152767887428728
25-1011.00,5682,0.027071553401164263,0.014252013289733337
25-1011.00,5683,0.03201188985872206,0.027900935704990835
25-1021.00,5685,0.07344122894034279,0.00947269187092628
25-1021.00,5686,0.07402442874485751,0.009286387789298708
25-1021.00,5688,0.07723253057644319,0.019344857840199597
25-1021.00,5689,0.07451006526758157,0.014937574136008982
25-1021.00,5690,0.06065857825131572,0.011354390778903461
25-1021.00,5691,0.07305411601318555,0.012963594336141892
25-1021.00,5692,0.020681463949465347,0.005205036758172242
25-1021.00,5693,0.04329707578932285,0.009018192786852718
25-1021.00,5694,0.0727831537272351,0.01154867829651322
25-1021.00,5695,0.002920273285464218,0.0007029594209309304
25-1021.00,5696,0.04319635103939488,0.010579495984708117
25-1021.00,5697,0.010901358614385794,0.002857603156078909
25-1021.00,5698,0.04314806483671248,0.012123564264221759
25-1021.00,5699,0.015880833621481495,0.004729062271107274
25-1021.00,5701,0.06320352448918425,0.021346233794811854
25-1021.00,5702,0.07081514974366113,0.021306778048589645
25-1021.00,5703,0.08035769793403355,0.038592531357733904
25-1021.00,5704,0.031559832361438514,0.011405921923407024
25-1021.00,5705,0.0029793035729721055,0.0014542944893906281
25-1021.00,5706,0.013034272520142413,0.0031557993237582424
25-1022.00,5710,0.10105592415917534,0.020052107204429542
25-1022.00,5711,0.15032246820523992,0.01632216095011705
25-1022.00,5712,0.0571472281599192,0.01854708358347388
25-1022.00,5713,0.15391018340692766,0.018205853923989004
25-1022.00,5714,0.13155849500968464,0.020115524838400133
25-1022.00,5715,0.043890045358939846,0.0056358002461951474
25-1022.00,5716,0.16111903574740655,0.02528925516212431
25-1022.00,5719,0.02033618044511821,0.004279800033773162
25-1022.00,5720,0.027077676903348558,0.0056733513546242285
25-1022.00,5721,0.009969949332002095,0.0027934164295455644
25-1022.00,5722,0.005893853262974957,0.0019091427779085433
25-1022.00,5723,0.015547444352831263,0.006452297869651872
25-1022.00,5724,0.04987254390825763,0.02433859728668386
25-1022.00,5725,0.010349501458613486,0.004255327486611658
25-1022.00,5726,0.013057462885439365,0.0052993622417026615
25-1022.00,5727,0.00975875766087051,0.002075718678089681
25-1022.00,5728,0.0015028364988061132,0.0011205390779686552
25-1022.00,5729,0.0021128155818979475,0.00133826028769308
25-1031.00,5731,0.06206395854655912,0.013316265652847771
25-1031.00,5732,0.06258289783598926,0.008592518121608796
25-1031.00,5733,0.04175451094740221,0.009249502535453865
25-1031.00,5734,0.10903277191225555,0.023335815668227518
25-1031.00,5735,0.0586947287175772,0.013655368340800058
25-1031.00,5736,0.05334780372965153,0.006248862348732279
25-1031.00,5737,0.08408490761409239,0.01283845631162012
25-1031.00,5738,0.05872873671470725,0.0065575495723204915
25-1031.00,5739,0.059466055696658485,0.0132911692408612
25-1031.00,5740,0.05036343858498062,0.013468976273145113
25-1031.00,5741,0.034483684867965526,0.012088755801667624
25-1031.00,5742,0.04965182749399349,0.008910390939025676
25-1031.00,5743,0.05315874743373461,0.014506334198901577
25-1031.00,5744,0.008303589772612445,0.002574813451370662
25-1031.00,5745,0.022179502321264376,0.009874961114210433
25-1031.00,5746,0.007817117483027615,0.0021103501571842244
25-1031.00,5747,0.008565065930828475,0.002793026982743224
25-1031.00,5749,0.0264740339127749,0.014629208211823484
25-1031.00,5750,0.09629055650859872,0.037308136034694614
25-1031.00,5751,0.028557484268400716,0.009139856092194787
25-1031.00,5752,0.02439857970692549,0.0113305220742595
25-1032.00,5753,0.04945104073106822,0.008179626640632185
25-1032.00,5754,0.05262863523280841,0.013619033564042092
25-1032.00,5755,0.08030690509413009,0.023482167620113206
25-1032.00,5756,0.08479545839098449,0.022306865792834453
25-1032.00,5757,0.16350118548115733,0.03435673680779461
25-1032.00,5758,0.13219009371946147,0.025537591951061846
25-1032.00,5759,0.027700107505324135,0.014038512662013697
25-1032.00,5760,0.024432367977415086,0.00623532871242085
25-1032.00,5761,0.07710340743591576,0.02549105723181603
25-1032.00,5762,0.06162615076861076,0.01620369231358727
25-1032.00,5763,0.06015118019413061,0.01378234403656178
25-1032.00,5764,0.01911292303534248,0.005743871653435309
25-1032.00,5766,0.03619702310741464,0.006900726044312787
25-1032.00,5767,0.022907560928691333,0.004627824434841304
25-1032.00,5768,0.009697082427533142,0.0058195619776699944
25-1032.00,5769,0.017728468095584458,0.014703560156115408
25-1032.00,5770,0.020225378653646188,0.010687560717995662
25-1032.00,5771,0.0453724506939572,0.028088652986605102
25-1032.00,5773,0.0019239623931213547,0.000913584158472364
25-1032.00,5774,0.008192085798883345,0.0048775266055131935
25-1041.00,5776,0.040765439945687675,0.010270612439897506
25-1041.00,5777,0.06508067022469821,0.01087499134251815
25-1041.00,5778,0.09828006684151738,0.024816511147528197
25-1041.00,5779,0.053936670733973624,0.01387187309808231
25-1041.00,5780,0.07432706578571684,0.018289226890293903
25-1041.00,5781,0.09132410954724307,0.031985943511957333
25-1041.00,5782,0.053403373746664394,0.01193144128982921
25-1041.00,5783,0.06575250479301908,0.011534732519127944
25-1041.00,5784,0.023874187254566543,0.006850362219052092
25-1041.00,5785,0.041130182339445855,0.010896495357460421
25-1041.00,5786,0.025185095763089162,0.008429719142559248
25-1041.00,5787,0.05538471823734053,0.012311207313860335
25-1041.00,5789,0.052395372225337716,0.011795403010657604
25-1041.00,5790,0.08641033680796467,0.016446111267862155
25-1041.00,5791,0.016273595192208574,0.005201924654314652
25-1041.00,5792,0.014028838465853344,0.0034905003157394464
25-1041.00,5793,0.023161018742972706,0.006374736906672417
25-1041.00,5794,0.02358666867797178,0.00368889583241965
25-1041.00,5795,0.010537345365850033,0.0031738941672571942
25-1041.00,5796,0.015283918826219193,0.008223241099413277
25-1041.00,5797,0.06334063827774472,0.022652674139674304
25-1041.00,5798,0.006538182204914834,0.0023680080661799396
25-1042.00,5799,0.07335096973799168,0.01043251323120513
25-1042.00,5800,0.0961337366997946,0.013904200783966019
25-1042.00,5802,0.026298077905292018,0.0043428074251170255
25-1042.00,5803,0.07992813910862799,0.016835891658612746
25-1042.00,5804,0.07820806846853694,0.015232316102224093
25-1042.00,5805,0.0805287340041586,0.01217852338451647
25-1042.00,5807,0.04044868836077864,0.004946810126722268
25-1042.00,5808,0.04729393065428136,0.01179438469709267
25-1042.00,5809,0.07464875882689166,0.010655985672226559
25-1042.00,5810,0.07441310741249145,0.01853957721618762
25-1042.00,5811,0.011298526692883702,0.0034053220144452234
25-1042.00,5812,0.02791693874378071,0.004937044757449417
25-1042.00,5813,0.07406054689403509,0.023170465907993744
25-1042.00,5814,0.030647415502830275,0.0069857495283835395
25-1042.00,5815,0.002434138157411885,0.0010005251614249055
25-1042.00,5816,0.010790948391165687,0.007471592125561045
25-1042.00,5817,0.032337479322731275,0.012846085264372184
25-1042.00,5818,0.009110844806733751,0.003365613474221487
25-1042.00,5819,0.008449739483307801,0.0019342679454902255
25-1042.00,5821,0.0011813731494471566,0.0003040438934400574
25-1043.00,5822,0.07452288604755537,0.024706089498309082
25-1043.00,5823,0.07435951096112742,0.020881329215915016
25-1043.00,5824,0.07824665851312691,0.02193011048324312
25-1043.00,5825,0.06140864548541164,0.022000353144869363
25-1043.00,5826,0.003556196612260846,0.001531312054604591
25-1043.00,5827,0.08114584643009874,0.02214520861199007
25-1043.00,5828,0.01693036090958066,0.0048624698614241945
25-1043.00,5829,0.08688319404558553,0.021647172266306778
25-1043.00,5830,0.02601097267377062,0.003949668885257162
25-1043.00,5831,0.045924121562323096,0.016900913151375988
25-1043.00,5832,0.08674729639576774,0.021490340147750045
25-1043.00,5833,0.048212347019491016,0.008405190615131357
25-1043.00,5834,0.08675041640048903,0.016145673396746184
25-1043.00,5836,0.07998179087943567,0.02177877882466969
25-1043.00,5837,0.007049006340075946,0.0020858313952883435
25-1043.00,5838,0.012160359478036948,0.0029289802900491495
25-1043.00,5839,0.018209934281859304,0.00934927202019025
25-1043.00,5840,0.0017120063390865484,0.00045954843179766566
25-1043.00,5841,0.05535592387831347,0.013966391672530571
25-1043.00,5842,0.00282022717668632,0.0012738217147691049
25-1043.00,5843,0.016352217749562744,0.004418288488452696
25-1043.00,5844,0.007892283114342754,0.001457929224956988
25-1051.00,5845,0.0454720840279436,0.01214413875694211
25-1051.00,5846,0.0019553068135467347,0.00132289038323211
25-1051.00,5847,0.06470572316645756,0.010937424737210386
25-1051.00,5848,0.017637836592410576,0.0049305458103196375
25-1051.00,5849,0.08723342290878826,0.019622677895429066
25-1051.00,5850,0.09521576048366519,0.017172879780946823
25-1051.00,5851,0.08323318803244412,0.01198858306600292
25-1051.00,5852,0.05555508507049589,0.01068601160779979
25-1051.00,5853,0.026628083314462977,0.00605152339794835
25-1051.00,5854,0.03694735377075875,0.007959713026935952
25-1051.00,5855,0.08200518145853686,0.01962268767689241
25-1051.00,5856,0.09934759107843781,0.012144267181847171
25-1051.00,5857,0.0877519013318717,0.01203488477035365
25-1051.00,5858,0.019720338542077415,0.003657987535503637
25-1051.00,5859,0.11270980520681773,0.013816631481147574
25-1051.00,5861,0.028569378521228428,0.012843492484497112
25-1051.00,5862,0.00566091544081327,0.00128596271801078
25-1051.00,5863,0.018380644858706115,0.0038488687832577665
25-1051.00,5864,0.006515159239660095,0.001353888826839438
25-1051.00,5865,0.0018109494706794948,0.001161119467445131
25-1051.00,5866,0.008073405869293199,0.002454802343639494
25-1051.00,5867,0.0071088864509023,0.0010413205554952736
25-1052.00,5868,0.08084889116034871,0.010869570754729958
25-1052.00,5869,0.113290524938509,0.019696423359889314
25-1052.00,5871,0.03499225565956746,0.008059712136064965
25-1052.00,5873,0.07137648924627735,0.015905972998920263
25-1052.00,5874,0.0521299157356977,0.004731243595340111
25-1052.00,5875,0.060817725709067405,0.017138471191704367
25-1052.00,5876,0.08207720741802758,0.015028136208494369
25-1052.00,5877,0.041640240816648286,0.007292210517516093
25-1052.00,5878,0.08570214211993334,0.01923340010639347
25-1052.00,5880,0.13518277241299617,0.035433566120049165
25-1052.00,5881,0.030626277218654012,0.007729979447474239
25-1052.00,5882,0.021418313966614477,0.0042260776847319395
25-1052.00,5883,0.011923498132506899,0.0017300313570865183
25-1052.00,5884,0.011982280493698767,0.008628936975175415
25-1052.00,5885,0.005937225508067876,0.0025122091447898195
25-1052.00,5886,0.024976467066166897,0.009634694116354457
25-1052.00,5887,0.06407289561230256,0.024806530509353424
25-1052.00,5888,0.007278872245055683,0.0031115801354829973
25-1052.00,5889,0.003755309266684632,0.0012074142066747333
25-1052.00,5890,0.01218644722455357,0.0016872165439380399
25-1053.00,5892,0.11147647124186899,0.016406609916439614
25-1053.00,5893,0.05589496038345159,0.008883802958773713
25-1053.00,5894,0.06024672880908181,0.006525623655424573
25-1053.00,5895,0.11626246631358585,0.015053330970716849
25-1053.00,5896,0.005747395451430661,0.0027149466660798143
25-1053.00,5897,0.07631116073346222,0.008652072622304227
25-1053.00,5899,0.04831682867805428,0.008529372610961887
25-1053.00,5900,0.11604459190781084,0.011866933333141046
25-1053.00,5903,0.04153688291325104,0.009090850132073707
25-1053.00,5904,0.11526945757100651,0.014096744218206721
25-1053.00,5905,0.015064300577251806,0.004090997796864336
25-1053.00,5906,0.0989200053204424,0.012834303832635402
25-1053.00,5908,0.06658419782370116,0.019474482611506153
25-1053.00,5909,0.014284444198782432,0.0032606621067454724
25-1053.00,5911,0.028306051739363087,0.007081641574973112
25-1053.00,5912,0.013048316945032442,0.004786751595701688
25-1053.00,5914,0.016685739392422915,0.005841190941389806
25-1054.00,5915,0.09788383397899861,0.013947794298220958
25-1054.00,5916,0.10855381499265805,0.012390283298791549
25-1054.00,5917,0.03154406800315371,0.0049479664798200195
25-1054.00,5918,0.06606598334484584,0.007562149637521751
25-1054.00,5919,0.04646895177903697,0.010303565419581709
25-1054.00,5920,0.07169478913819681,0.015049242154971988
25-1054.00,5921,0.0954337909449721,0.013754068843371466
25-1054.00,5922,0.08773204276303108,0.01628291130647063
25-1054.00,5923,0.040239802451420406,0.004613932374271682
25-1054.00,5924,0.04137253788556073,0.015994304465944038
25-1054.00,5925,0.09569804734802347,0.017831918150001364
25-1054.00,5926,0.04680719169424802,0.021184254510576657
25-1054.00,5928,0.015588158368730743,0.007978141301119016
25-1054.00,5929,0.046205589061945745,0.006629317011869221
25-1054.00,5930,0.003505911134664261,0.0007101440775297262
25-1054.00,5931,0.0073823747876959785,0.001114480592303169
25-1054.00,5932,0.0026494756190810886,0.001844975418460143
25-1054.00,5933,0.05267612505758085,0.02054911016252528
25-1054.00,5934,0.005790668135961793,0.0017567018922579442
25-1054.00,5936,0.006126726194514743,0.0015547750919295425
25-1054.00,5937,0.013969250857340819,0.00290671981385718
25-1061.00,5939,0.07098071990815748,0.0
25-1061.00,5940,0.09084169918699728,0.0
25-1061.00,5941,0.08226859820213961,0.0
25-1061.00,5942,0.10245061427769217,0.0
25-1061.00,5944,0.02987875665426314,0.0
25-1061.00,5945,0.08100165005156795,0.0
25-1061.00,5946,0.0261424901265196,0.0
25-1061.00,5947,0.05220321915418714,0.0
25-1061.00,5948,0.016961516831734802,0.0
25-1061.00,5949,0.09033830494287402,0.0
25-1061.00,5950,0.07298904901415057,0.0
25-1061.00,5951,0.03699063341554631,0.0
25-1061.00,5952,0.03005813090682509,0.0
25-1061.00,5953,0.008320433373381448,0.0
25-1061.00,5954,0.05839976337710257,0.0
25-1061.00,5955,0.008126142900707308,0.0
25-1061.00,5956,0.015664410512882282,0.0
25-1061.00,5957,0.008347026730185912,0.0
25-1061.00,5958,0.011754675937475784,0.0
25-1061.00,5959,0.004669496714138581,0.0
25-1061.00,5960,0.01424586189594727,0.0
25-1062.00,5961,0.1076706258425591,0.021887653163949687
25-1062.00,5962,0.054566391778560965,0.015060710530402465
25-1062.00,5963,0.09885386867493465,0.02345155362892862
25-1062.00,5965,0.10087745471783424,0.016507289280207983
25-1062.00,5966,0.12019767081039673,0.01737946749455502
25-1062.00,5967,0.05589962304015796,0.015802235938397052
25-1062.00,5968,0.06115934213590711,0.014153296201995994
25-1062.00,5969,0.03239750152895377,0.012692430903359862
25-1062.00,5970,0.07262010290887273,0.008587775354753245
25-1062.00,5971,0.037235135297055466,0.01435401270444248
25-1062.00,5972,0.03595606764612125,0.01433126991172015
25-1062.00,5973,0.027927601342964542,0.006253226681926863
25-1062.00,5975,0.030084333815471886,0.013490525022900261
25-1062.00,5976,0.03824448114555719,0.016813500783417864
25-1062.00,5977,0.00661032882548325,0.005653236695270562
25-1062.00,5979,0.019224763139915304,0.014302521116153596
25-1062.00,5980,0.03264301596090716,0.015406643017814085
25-1062.00,5982,0.06783169138834669,0.021504605135233338
25-1063.00,5984,0.05746395104370926,0.011786261136219518
25-1063.00,5985,0.05418401854024506,0.02782731001251528
25-1063.00,5986,0.07007590031741252,0.026576917794972076
25-1063.00,5987,0.04449094681372428,0.02676394964368694
25-1063.00,5988,0.08612419658019316,0.02372727220562421
25-1063.00,5989,0.03816186440310899,0.011050561657755954
25-1063.00,5990,0.07449571419762128,0.025143118378196005
25-1063.00,5991,0.08118651138492333,0.02557583321456099
25-1063.00,5992,0.0343862916514124,0.025659679182352835
25-1063.00,5993,0.023259960630507344,0.011585667096572671
25-1063.00,5994,0.09530765856640265,0.02893349974738073
25-1063.00,5995,0.044975160812351686,0.011688513242926905
25-1063.00,5996,0.04005417040565362,0.02505688677189585
25-1063.00,5997,0.023496528007474794,0.010333812318434698
25-1063.00,5998,0.03551711445325189,0.012539339135349619
25-1063.00,5999,0.03772752511272679,0.028226275238659008
25-1063.00,6000,0.01865749388650461,0.011345083511741488
25-1063.00,6001,0.09739133636919786,0.03003973476081359
25-1063.00,6002,0.02813054233092624,0.027180728088203092
25-1063.00,6003,0.014913114492652283,0.003809435357261504
25-1064.00,6006,0.11783513267537789,0.022350579253336708
25-1064.00,6007,0.056655335898359346,0.004061734703998231
25-1064.00,6008,0.05030329087460075,0.009733852426025865
25-1064.00,6009,0.13059698479203494,0.01723495140941021
25-1064.00,6011,0.12982875697834753,0.020142273249159147
25-1064.00,6012,0.05821266936752187,0.007321744007023903
25-1064.00,6013,0.05418506755258203,0.007203998977638335
25-1064.00,6014,0.05705539674794504,0.019910305098904787
25-1064.00,6015,0.06304611636297955,0.006176261369926092
25-1064.00,6016,0.01890654561581395,0.003936796039492414
25-1064.00,6017,0.050973262387590826,0.010049700713229647
25-1064.00,6018,0.01950232341802311,0.0028830284539358084
25-1064.00,6019,0.002956335644015157,0.0005471502852535364
25-1064.00,6020,0.01898264102434709,0.00360951090062534
25-1064.00,6021,0.018729161557523747,0.0031590217026856013
25-1064.00,6022,0.009915343952407707,0.003682742823195372
25-1064.00,6023,0.025053903686645274,0.005256474971623169
25-1064.00,6024,0.007233692489123222,0.0022297488957697415
25-1064.00,6025,0.050706595310000185,0.01643913301392703
25-1064.00,6026,0.005450652473589843,0.0018934966864786484
25-1064.00,6027,0.0061967902876562736,0.002564374806405325
25-1064.00,6028,0.03689474565573172,0.011847182620111463
25-1064.00,6029,0.008832234535414134,0.0026085827666869872
25-1064.00,6030,0.001947020712368759,0.0012059029001752332
25-1065.00,6031,0.11622549484730492,0.024102774873942422
25-1065.00,6032,0.08125035928317062,0.012288738007981791
25-1065.00,6033,0.05191261727775183,0.016310770943372743
25-1065.00,6034,0.02471015175297134,0.005212313889719739
25-1065.00,6035,0.02763762811294032,0.010099282295035972
25-1065.00,6036,0.10879710756775057,0.019531767992540864
25-1065.00,6037,0.04872338019700296,0.013740105417789047
25-1065.00,6038,0.061689889975255034,0.009482599882411166
25-1065.00,6039,0.06020918569047933,0.010219348743322811
25-1065.00,6040,0.051449893522404394,0.015820757982009864
25-1065.00,6041,0.006272051741398907,0.0033831323336951753
25-1065.00,6042,0.10144645897367627,0.028105615803839478
25-1065.00,6043,0.0507873082400473,0.018881976470013256
25-1065.00,6044,0.020050107381545366,0.006511845443472873
25-1065.00,6045,0.014485539037233397,0.004380988142037978
25-1065.00,6046,0.016547397757853577,0.002745153280061888
25-1065.00,6047,0.0057179495553783925,0.0013529806260255625
25-1065.00,6048,0.015573352445813246,0.005629057702042691
25-1065.00,6049,0.03355526370773502,0.013633679321878664
25-1065.00,6050,0.10104475233769658,0.030066391638639556
25-1065.00,6051,0.0019141105945906917,0.0011848648997891534
25-1066.00,6054,0.042771441324858675,0.007898735010065168
25-1066.00,6055,0.08858767721780404,0.015066659793092083
25-1066.00,6056,0.03233148620748523,0.006939863058868656
25-1066.00,6057,0.0985285134144674,0.031722163385305674
25-1066.00,6058,0.027369196261718118,0.009505699367431142
25-1066.00,6059,0.01847058595396608,0.005668199246366334
25-1066.00,6060,0.04749510014047014,0.008945748381984017
25-1066.00,6061,0.06715833455177106,0.02017799272947839
25-1066.00,6062,0.07373937536425874,0.017451317776350228
25-1066.00,6063,0.07139488128123338,0.01959104560922229
25-1066.00,6064,0.024051891152163867,0.007713101556210165
25-1066.00,6066,0.021735170910560427,0.004049739171390601
25-1066.00,6067,0.015368084085576177,0.0032076698713398464
25-1066.00,6068,0.004919998640160031,0.0028066328074701948
25-1066.00,6069,0.006144303379625764,0.003601509813815673
25-1066.00,6070,0.049422503984550524,0.019489355151032898
25-1066.00,6071,0.08542444618067233,0.02447681662103744
25-1066.00,6072,0.01301160017215069,0.004586496275219966
25-1066.00,6073,0.0028174466288310358,0.0020456307379696334
25-1066.00,6074,0.009173177532873028,0.002609566371898287
25-1066.00,6075,0.003223199550702459,0.0015749728986625704
25-1067.00,6076,0.06581183822423496,0.010343752296767502
25-1067.00,6077,0.0664302325629413,0.010750170703193646
25-1067.00,6078,0.14206353754493728,0.02470641461169011
25-1067.00,6079,0.05451216880138318,0.011979001084927244
25-1067.00,6080,0.05744381168680973,0.014109985393234842
25-1067.00,6081,0.06907587656399805,0.010568740902470812
25-1067.00,6082,0.09543912411407411,0.01174029606325416
25-1067.00,6083,0.07374547316777409,0.006401854427424086
25-1067.00,6084,0.020292303323256003,0.005939215390637587
25-1067.00,6085,0.034021314639592536,0.007130673904448413
25-1067.00,6086,0.018088586021669552,0.0043190308294860855
25-1067.00,6087,0.0839284295771582,0.02223249532015427
25-1067.00,6088,0.00686276608108675,0.0029128757982561483
25-1067.00,6089,0.08481374511587753,0.028635980396605476
25-1067.00,6090,0.02430098212148741,0.0059710481565999635
25-1067.00,6091,0.007787693935580018,0.004588112848279218
25-1067.00,6092,0.04279142376969344,0.020030275701466305
25-1067.00,6094,0.004649708787309979,0.003225001023592057
25-1067.00,6095,0.010002783172173768,0.004785001547940159
25-1067.00,6096,0.015594185390029177,0.004388345444117204
25-1067.00,6097,0.01826246342635574,0.004634706498006818
25-1067.00,6098,0.004081551972577195,0.003552011318383215
25-1071.00,6099,0.1079020346231443,0.018147903140858433
25-1071.00,6100,0.07169765379275803,0.01675893491760784
25-1071.00,6101,0.042355764143896475,0.009310401398968821
25-1071.00,6102,0.1282363216809547,0.03260520077029394
25-1071.00,6103,0.025208707062740823,0.007409569203016653
25-1071.00,6104,0.05658401341843986,0.01010349573541678
25-1071.00,6105,0.04209246291482433,0.019837611159213786
25-1071.00,6106,0.03666291362746326,0.009436371717009695
25-1071.00,6107,0.008771081312919458,0.006017974850502822
25-1071.00,6108,0.06672358313368493,0.015283459978362916
25-1071.00,6110,0.08000742658828426,0.010372433117431648
25-1071.00,6111,0.08875888709911484,0.01712277337741238
25-1071.00,6112,0.04709044273614928,0.019046378542473204
25-1071.00,6113,0.012133984071620982,0.007448260093676376
25-1071.00,6114,0.0009787311545084996,0.0004930395674800302
25-1071.00,6115,0.030682997204583534,0.01142844168108068
25-1071.00,6116,0.011400883080104675,0.004679760739744428
25-1071.00,6117,0.02044376513099879,0.006728424743596483
25-1071.00,6118,0.09149807767040644,0.046805132360362794
25-1071.00,6119,0.004145288088870947,0.0009461107861937708
25-1071.00,6121,0.026624981464531617,0.00890067666188767
25-1072.00,6122,0.07565478470047672,0.016741239625463276
25-1072.00,6123,0.052577005840218405,0.00987390504059029
25-1072.00,6124,0.06559429468196391,0.011182163472653312
25-1072.00,6125,0.03790582255794176,0.007041418550148979
25-1072.00,6127,0.10413359826558037,0.015364840953081448
25-1072.00,6128,0.054415785751182916,0.010133748141442377
25-1072.00,6129,0.02283367150071614,0.007807175990595962
25-1072.00,6130,0.08676860181502888,0.016638811878642842
25-1072.00,6131,0.05201039375324025,0.01940553392149705
25-1072.00,6132,0.07529103411827592,0.018681298007666654
25-1072.00,6133,0.06082759424223954,0.005353763044318196
25-1072.00,6135,0.022857212741399544,0.007440882433412107
25-1072.00,6136,0.028519925136065147,0.011887244182117089
25-1072.00,6137,0.008680806528670683,0.0027287547894442417
25-1072.00,6138,0.014443786839394793,0.00409396705676553
25-1072.00,6139,0.03771586821909462,0.010292763532341659
25-1072.00,6142,0.011340636536686283,0.0019141640064308072
25-1072.00,6143,0.003054372232212525,0.002434991329721219
25-1072.00,6145,0.054400442352437704,0.022324452400585112
25-1072.00,6146,0.042021702516805454,0.02000572923023196
25-1081.00,6148,0.04112930776810515,0.013272840913715894
25-1081.00,6149,0.043810394947392986,0.0076398375410986165
25-1081.00,6150,0.07286186821646073,0.015979929806814185
25-1081.00,6151,0.06233321247392057,0.012890765359724419
25-1081.00,6152,0.013006996713687387,0.005958181729998396
25-1081.00,6153,0.03994864584827692,0.008321650248524506
25-1081.00,6154,0.06854929603892766,0.01608263633322473
25-1081.00,6155,0.046976745717605656,0.015806386323847517
25-1081.00,6156,0.1315600842036123,0.04979356350709698
25-1081.00,6157,0.06238312455187943,0.011493630005939164
25-1081.00,6158,0.04379012571522421,0.009827215681780797
25-1081.00,6159,0.0725957952362669,0.02344883146470544
25-1081.00,6160,0.0692051982765353,0.03428168496220447
25-1081.00,6161,0.003685914226646049,0.0011931127007548687
25-1081.00,6162,0.021458488862965128,0.006590806339896436
25-1081.00,6163,0.004632226309926099,0.0029414972342421413
25-1081.00,6164,0.01429780269274388,0.0037003345685532943
25-1081.00,6165,0.003091297704405077,0.001138170878044986
25-1081.00,6166,0.001011785773804452,0.00025775737726561025
25-1081.00,6167,0.014362613006031543,0.004515694146043624
25-1081.00,6168,0.14301919681212005,0.059142941680781755
25-1081.00,6169,0.006479275609399893,0.003240629192094466
25-1081.00,6170,0.004316594076021076,0.00420783040031636
25-1082.00,6171,0.011799432922049316,0.0032776951789877606
25-1082.00,6172,0.025813352583552218,0.006520890199624
25-1082.00,6173,0.07533609239261681,0.02506886058060864
25-1082.00,6175,0.07364462320462224,0.02053842412883472
25-1082.00,6176,0.015205135678555703,0.0034530974987736556
25-1082.00,6178,0.05025073274156712,0.021732365068020332
25-1082.00,6179,0.072026036955276,0.026134658539371452
25-1082.00,6180,0.03857767229279994,0.021035588540953064
25-1082.00,6182,0.044597034441182966,0.020885725365507677
25-1082.00,6183,0.05674580453209299,0.021671088678796788
25-1082.00,6184,0.0021993792973983625,0.0013025248551497472
25-1082.00,6185,0.04068923853983965,0.02244224951666945
25-1082.00,6186,0.049496248936726106,0.021282169328930754
25-1082.00,6188,0.03236036418721377,0.02033953072819877
25-1082.00,6189,0.09261030302088294,0.033156293589101625
25-1082.00,6190,0.040557903460042406,0.021273297941544436
25-1082.00,6191,0.006970036871374253,0.0030613522029167887
25-1082.00,6192,0.001125910104056875,0.0008461330977689692
25-1111.00,6193,0.12965138884076496,0.015453711714122777
25-1111.00,6194,0.09815572535472263,0.02038350369260954
25-1111.00,6195,0.09526456958922792,0.01753077951867379
25-1111.00,6196,0.028378752979795252,0.004514840899257692
25-1111.00,6197,0.15110010716662253,0.01666525593102754
25-1111.00,6198,0.044625635595150655,0.01175439938098282
25-1111.00,6199,0.016507392282293344,0.009722849296216775
25-1111.00,6200,0.024304738614828823,0.008541589686122725
25-1111.00,6201,0.014415622084241067,0.004245047702421418
25-1111.00,6202,0.11518920583097725,0.015216099998059203
25-1111.00,6203,0.01192935250792281,0.006550195038275404
25-1111.00,6204,0.06897004507277418,0.012608629973088082
25-1111.00,6205,0.08408820886596653,0.013841229516950182
25-1111.00,6206,0.023660438902244476,0.010418478244687262
25-1111.00,6209,0.01180064548805466,0.003817393437905798
25-1111.00,6210,0.008789334905575753,0.0024512319815800905
25-1111.00,6211,0.0040200820575690644,0.0020407730212819793
25-1111.00,6212,0.04302245450543901,0.019750767918813094
25-1111.00,6213,0.010676790921314992,0.0026284032515038174
25-1111.00,6214,0.009323155799953315,0.0038588546609675477
25-1112.00,6215,0.0697243101029047,0.02497175489488409
25-1112.00,6217,0.06274439837802197,0.013198075292038787
25-1112.00,6218,0.17094410045795777,0.026497551350059257
25-1112.00,6220,0.1531408014633966,0.02485608885920967
25-1112.00,6221,0.044703372319705253,0.02282220342036586
25-1112.00,6222,0.07152768629703714,0.018205986827086348
25-1112.00,6223,0.09221889325574564,0.030320219813041564
25-1112.00,6224,0.04938706580715191,0.022629897168472416
25-1112.00,6225,0.02609354788892546,0.011513748552129539
25-1112.00,6226,0.01533130010973843,0.008349597526044835
25-1112.00,6227,0.09525955720972719,0.02251948700646942
25-1112.00,6228,0.0193915402008021,0.006973022096739211
25-1112.00,6229,0.07077773206183234,0.030393192173738915
25-1112.00,6230,0.028381443241951777,0.008792347741466366
25-1112.00,6232,0.009781774874855625,0.006303227818893122
25-1112.00,6233,0.016606986291723105,0.0054640874703494975
25-1112.00,6236,0.003985490038522874,0.0032319230720833595
25-1113.00,6238,0.09541743070955416,0.028046849118911695
25-1113.00,6239,0.04884960187395022,0.011118490760020912
25-1113.00,6240,0.06397806026708858,0.01791396542068968
25-1113.00,6241,0.07459039294382178,0.015075206497363651
25-1113.00,6242,0.05237572850695633,0.019625997440830878
25-1113.00,6243,0.0436134110397127,0.011105875764237933
25-1113.00,6244,0.04408725334043279,0.01204253088915813
25-1113.00,6245,0.058730682376227666,0.014715288148160673
25-1113.00,6246,0.05078935289090724,0.020320094285568246
25-1113.00,6247,0.03248681330307956,0.01839326358182297
25-1113.00,6248,0.05440373866913514,0.013987983088581292
25-1113.00,6249,0.04960203754223411,0.020508314914372605
25-1113.00,6250,0.043324244832478785,0.015004181572800989
25-1113.00,6251,0.04973651056975341,0.01751140609722683
25-1113.00,6253,0.021050540544260258,0.0105399941527442
25-1113.00,6254,0.09238102118296385,0.032490629719735896
25-1113.00,6255,0.029937123705438804,0.014782238607652485
25-1113.00,6256,0.02147175831724654,0.012022257282228783
25-1113.00,6257,0.022561208290098254,0.010586345581653675
25-1113.00,6258,0.02198376259020605,0.009686671838219134
25-1113.00,6260,0.017467282428031146,0.010848792928306195
25-1121.00,6261,0.07242374739088983,0.00950641852675383
25-1121.00,6262,0.1510612410508685,0.019777524144070087
25-1121.00,6263,0.07871628386291678,0.01307882636194427
25-1121.00,6264,0.043598098774844385,0.005887467948037029
25-1121.00,6265,0.0407378972234569,0.011569892022828614
25-1121.00,6266,0.027431881941616335,0.008113888417825354
25-1121.00,6267,0.07761455808845037,0.00805995349271601
25-1121.00,6268,0.028746419705585616,0.00545631219941223
25-1121.00,6269,0.04474784343782266,0.010312404960028845
25-1121.00,6270,0.08850275676263399,0.009362143427933876
25-1121.00,6271,0.013646627028388397,0.004647790611339548
25-1121.00,6272,0.016119781168544713,0.006195017283465022
25-1121.00,6273,0.021125968169752554,0.008308033817175757
25-1121.00,6274,0.042261746696578915,0.003995848798127214
25-1121.00,6275,0.02881146723055781,0.009757760804230709
25-1121.00,6276,0.016897197448214604,0.00579467468323706
25-1121.00,6277,0.02023980131096257,0.009070165938407692
25-1121.00,6278,0.022231396120164826,0.005845848774066504
25-1121.00,6279,0.012436326028162484,0.0038890821917503945
25-1121.00,6280,0.01843718569581901,0.003705054712426876
25-1121.00,6281,0.022903413689173834,0.006520585370602904
25-1121.00,6283,0.007796664190509653,0.004215165880017919
25-1121.00,6284,0.05629227027015878,0.013791343052268167
25-1121.00,6285,0.009823349218675849,0.004260856030539949
25-1121.00,6287,0.001371405500229887,0.0008456990903224946
25-1122.00,6288,0.13118417595439166,0.02440794311438757
25-1122.00,6289,0.036241787190370855,0.0056406253779307915
25-1122.00,6290,0.09418068856083797,0.018257674437434833
25-1122.00,6291,0.08411474265350363,0.01732659928735946
25-1122.00,6292,0.06660830711934387,0.017990068266222438
25-1122.00,6293,0.11123276889678314,0.022811691497169616
25-1122.00,6294,0.022536311419387292,0.007074709645145393
25-1122.00,6295,0.07994937297980535,0.016902540617825118
25-1122.00,6297,0.05335840888549601,0.0204770915041958
25-1122.00,6298,0.03796501327606406,0.023880440491806113
25-1122.00,6300,0.046040712628541224,0.019275471889521383
25-1122.00,6301,0.029942837986243927,0.01889273128776165
25-1122.00,6302,0.019947977240356678,0.00971970779266907
25-1122.00,6303,0.015309601033984557,0.003171821833625202
25-1122.00,6304,0.004356066969255294,0.0012833822239100268
25-1122.00,6305,0.033050203344132244,0.01591208896364863
25-1122.00,6306,0.019008976562200106,0.005591731656047722
25-1122.00,6307,0.11497204729930217,0.029367690397231916
25-1123.00,6311,0.11719061537729386,0.02091299853618451
25-1123.00,6312,0.07450707134491343,0.014966877731059588
25-1123.00,6313,0.03457651682233633,0.00465723007662141
25-1123.00,6314,0.09871721130169075,0.011579357738383055
25-1123.00,6315,0.050141296087061256,0.01421055560638555
25-1123.00,6316,0.04431699232191889,0.010637618801228032
25-1123.00,6317,0.07741698674346459,0.02083869615914344
25-1123.00,6320,0.029943377559755045,0.006321552884280019
25-1123.00,6321,0.06573250854198624,0.02495879187737248
25-1123.00,6322,0.029134088672313915,0.014811009945445335
25-1123.00,6323,0.015036885414812204,0.0035028356397869918
25-1123.00,6324,0.027891463436808036,0.008196720562631862
25-1123.00,6325,0.0036838564538792173,0.0013545300849195357
25-1123.00,6326,0.009077123564754087,0.002520995984405742
25-1123.00,6327,0.038800561888557204,0.018597360876987188
25-1123.00,6328,0.007810720590720529,0.0029119418404630454
25-1123.00,6331,0.012075579158486918,0.006535816870671224
25-1123.00,6332,0.0074475851520475625,0.00669606488790571
25-1123.00,6333,0.0004524149166770627,0.0003232013457325156
25-1124.00,6334,0.09565709460247991,0.01966340437280635
25-1124.00,6335,0.0905986634408669,0.02146846488464058
25-1124.00,6336,0.12803877263331423,0.020171046483419094
25-1124.00,6337,0.13005072264255016,0.032427990298130566
25-1124.00,6338,0.01956203957712875,0.004715856770301063
25-1124.00,6339,0.038005895956283835,0.021251717067748307
25-1124.00,6340,0.11020155377688425,0.02725621486966168
25-1124.00,6341,0.08870448435713761,0.022280040625402946
25-1124.00,6342,0.01655355938308873,0.010484211429847422
25-1124.00,6343,0.029110303456663534,0.006631565056332195
25-1124.00,6344,0.017169530879481518,0.005118388405433957
25-1124.00,6345,0.025369737155022144,0.007073103002387811
25-1124.00,6346,0.014150650084011797,0.003668472783432675
25-1124.00,6347,0.010096934482755646,0.002822756612817104
25-1124.00,6348,0.00436857725949108,0.0018096873004774688
25-1124.00,6349,0.017870190143057792,0.010083565318790249
25-1124.00,6350,0.05777139834288583,0.03052486997486282
25-1124.00,6351,0.004233867893060009,0.0020856538938066826
25-1124.00,6352,0.05680901469885431,0.018968036349237983
25-1124.00,6353,0.024830277388022882,0.012355675579630354
25-1124.00,6354,0.002179142583261512,0.0014044650878884135
25-1125.00,6356,0.09954262647198617,0.01331417077062121
25-1125.00,6357,0.06506863259981309,0.0107589724522038
25-1125.00,6358,0.07261267100533839,0.01210954701120643
25-1125.00,6359,0.028287567661863328,0.005158598229623376
25-1125.00,6360,0.10818036564779468,0.01431161404387839
25-1125.00,6361,0.0713268798377793,0.010524622995538644
25-1125.00,6362,0.07794049374925731,0.01052147154932795
25-1125.00,6363,0.05932774066952648,0.026654298043243433
25-1125.00,6364,0.07791804960766427,0.010170652590508074
25-1125.00,6365,0.05678575647810418,0.011326214460195255
25-1125.00,6367,0.022749463106383754,0.005331232795515756
25-1125.00,6368,0.045111207569778614,0.013370834659841119
25-1125.00,6369,0.02102074923572716,0.005259394532195199
25-1125.00,6370,0.022582629590490257,0.004127373601134054
25-1125.00,6372,0.01270732123178448,0.004089625856681657
25-1125.00,6373,0.007413956585730267,0.0019790654187687036
25-1125.00,6374,0.024316943531943146,0.007098305551245461
25-1125.00,6375,0.0881957909926228,0.02736224418847025
25-1125.00,6376,0.013427132363903669,0.010459743059960037
25-1125.00,6377,0.00396960059714944,0.0019614457171526103
25-1126.00,6378,0.0800230690288284,0.029092218340022864
25-1126.00,6379,0.12066718805837338,0.022813327423075427
25-1126.00,6382,0.056929160638663066,0.02483985323668334
25-1126.00,6383,0.04682288025198232,0.007269213846444476
25-1126.00,6384,0.09825161520344494,0.025946880804057975
25-1126.00,6385,0.03383335430163757,0.023577285896940095
25-1126.00,6386,0.07391045081995143,0.020647321001170758
25-1126.00,6387,0.0255841539152338,0.02290101658587822
25-1126.00,6389,0.052705799654846015,0.011590355096316682
25-1126.00,6390,0.12614196536035968,0.035739668620669
25-1126.00,6391,0.041425341347241115,0.025648712097923652
25-1126.00,6392,0.037391927170659464,0.023508296721958522
25-1126.00,6393,0.03652128769999862,0.024117837283023393
25-1126.00,6394,0.004202272793726656,0.0017647571740745706
25-1126.00,6396,0.01334964013291975,0.003897066023726409
25-1126.00,6397,0.01114683230011558,0.0057939425084631195
25-1192.00,6400,0.113716408354565,0.012923785973502811
25-1192.00,6401,0.11260629124117097,0.020097913172280702
25-1192.00,6402,0.0747897026160563,0.011939879035488432
25-1192.00,6403,0.057015991025120734,0.012617633397954233
25-1192.00,6404,0.05521761511393998,0.014593504388781117
25-1192.00,6405,0.10321448661842136,0.01941180850304772
25-1192.00,6407,0.05299433388144214,0.011234569374963085
25-1192.00,6408,0.06998362518805633,0.013169969933370222
25-1192.00,6409,0.1175630196730764,0.023870422119134475
25-1192.00,6410,0.040670388081597106,0.006261360247379812
25-1192.00,6411,0.017682127293364092,0.008078704393036101
25-1192.00,6412,0.025043836238826632,0.009895403519063862
25-1192.00,6413,0.05509934678824394,0.02082544592614899
25-1192.00,6414,0.009328982888635434,0.0033857588920238953
25-1192.00,6419,0.057732464377183705,0.027007455095355043
25-1192.00,6421,0.027272598750411086,0.022196471314141167
25-1193.00,6422,0.10231663129944965,0.02841855059611387
25-1193.00,6423,0.08609185676211882,0.016494081489802113
25-1193.00,6424,0.0757856636097411,0.018039724437490936
25-1193.00,6425,0.08856170299976646,0.016395833104802034
25-1193.00,6426,0.025902358622692533,0.006046543431868971
25-1193.00,6427,0.0804185512414925,0.027093279652151647
25-1193.00,6428,0.052285091506629404,0.016898298141877058
25-1193.00,6429,0.12999035584193966,0.026270172161931043
25-1193.00,6430,0.07695286662657436,0.01525622759707684
25-1193.00,6431,0.030205932326453314,0.006844561172818351
25-1193.00,6432,0.012866895143158178,0.003097423677762967
25-1193.00,6433,0.020269860138644603,0.005489168575669075
25-1193.00,6434,0.005944166519685769,0.002363014087521304
25-1193.00,6435,0.02984807688405111,0.01597846814213732
25-1193.00,6436,0.0206192121850604,0.0037132811394702914
25-1193.00,6437,0.008119286805168718,0.0027190068740054426
25-1193.00,6438,0.042337863132525175,0.017755951213539095
25-1193.00,6439,0.06726861017715095,0.018669445915628493
25-1193.00,6440,0.012096196988738818,0.0048331203557495485
25-1193.00,6441,0.016373522248171693,0.007353487987884591
25-1193.00,6442,0.004425858266838745,0.0025987374600217003
25-1193.00,6443,0.00371702454312066,0.002757214351275265
25-1193.00,6444,0.007602416130827416,0.0064145314597519685
25-1194.00,6445,0.1236564806265741,0.01889104945310517
25-1194.00,6446,0.11752663262116159,0.016214859606763027
25-1194.00,6447,0.12160343327792304,0.015876021155258616
25-1194.00,6448,0.041470013509827985,0.007303579397319078
25-1194.00,6449,0.046755111833719526,0.0050865679184816095
25-1194.00,6450,0.06974898824136569,0.011286816062012558
25-1194.00,6451,0.08007045743753746,0.010585344333635711
25-1194.00,6452,0.10599527741644711,0.01674064214875093
25-1194.00,6453,0.0509996061699558,0.015733803761304843
25-1194.00,6454,0.022239602902128036,0.003811548782812919
25-1194.00,6455,0.017039890141627958,0.0024801354755930216
25-1194.00,6456,0.06842269408921105,0.009925997622002181
25-1194.00,6457,0.012916527127044655,0.001835805927820886
25-1194.00,6458,0.04679098948142553,0.007588225268079863
25-1194.00,6459,0.03145420449072176,0.00788033246195814
25-1194.00,6461,0.0031249157878394415,0.0010722581332849406
25-1194.00,6462,0.005062377250340483,0.0015321961669737788
25-2011.00,6464,0.05864627270845347,0.010242487361848854
25-2011.00,6465,0.04993268655179296,0.013302238133112347
25-2011.00,6466,0.07725779865220027,0.011860083504759884
25-2011.00,6467,0.07172763239488565,0.013037115894511562
25-2011.00,6468,0.039769948888369516,0.004497296734840226
25-2011.00,6469,0.048837817144210025,0.009769933160730297
25-2011.00,6470,0.0414137180674855,0.007253743749637502
25-2011.00,6471,0.012952729500077425,0.0015584125276040133
25-2011.00,6472,0.006779770197570068,0.001218686552951115
25-2011.00,6473,0.044982947386988555,0.010143598592351971
25-2011.00,6474,0.03653519811159335,0.006165551055646552
25-2011.00,6475,0.044327137185972636,0.004916718424047016
25-2011.00,6476,0.03294983139753433,0.0039053396871243503
25-2011.00,6477,0.05599667451872391,0.008154492645845893
25-2011.00,6478,0.053861063638452514,0.009315817848591219
25-2011.00,6479,0.03223073556826507,0.004425571305879659
25-2011.00,6480,0.06434471728085031,0.009224628891717464
25-2011.00,6481,0.03880913895341075,0.0075663025513933654
25-2011.00,6482,0.025163463675303855,0.00482380667426103
25-2011.00,6483,0.009078258956640207,0.001863742103733267
25-2011.00,6484,0.025136555628049846,0.003395662701369343
25-2011.00,6485,0.028879193217561626,0.0036120628405657716
25-2011.00,6487,0.009558873112009807,0.0011475665429603685
25-2011.00,6488,0.011765236808045792,0.002619258736291512
25-2011.00,6489,0.008833312033838057,0.003034769347319761
25-2011.00,6490,0.002118188032065806,0.0008366366113564027
25-2011.00,6491,0.007518885417849374,0.0012034769919746589
25-2011.00,6492,0.014926556076176862,0.004237225777048696
25-2011.00,6493,0.017069666710256597,0.0058693050387825015
25-2011.00,6494,0.005628364625852638,0.002244294824371991
25-2011.00,6495,0.008941720240694534,0.002739600145531175
25-2011.00,6496,0.003950813970514165,0.001525580651273912
25-2011.00,6497,0.010075093348304556,0.002112692531605085
25-2012.00,6498,0.05808233637511189,0.005134114197318962
25-2012.00,6499,0.07230517820884598,0.0044427659483382885
25-2012.00,6500,0.058975978749265426,0.005206349325134631
25-2012.00,6501,0.058923554745750895,0.004241734269540537
25-2012.00,6502,0.03544918991815222,0.0032826373503859257
25-2012.00,6503,0.07231645625060985,0.0046935171462728475
25-2012.00,6504,0.03815232076504842,0.0036203111298296732
25-2012.00,6505,0.04014923606939707,0.003996031913096581
25-2012.00,6506,0.0054035984178133715,0.0004950448792160671
25-2012.00,6507,0.060917799351503744,0.004423338601850713
25-2012.00,6508,0.05332118043841008,0.004943437623296879
25-2012.00,6509,0.026798476958969912,0.003445558215198877
25-2012.00,6510,0.001995210507976402,0.0005399152168576803
25-2012.00,6511,0.0376635238305546,0.004380775679501404
25-2012.00,6512,0.013875381314101237,0.0025683562286426707
25-2012.00,6513,0.04667826417169769,0.0048930350292725674
25-2012.00,6514,0.03674988482759201,0.004405957851915397
25-2012.00,6515,0.022716094978508034,0.004302552433526053
25-2012.00,6516,0.02770218895689739,0.003684654594349467
25-2012.00,6517,0.01321471358785171,0.0023577845670763394
25-2012.00,6518,0.01995222554590012,0.0028544695187331165
25-2012.00,6519,0.013584140842177569,0.00265887874056377
25-2012.00,6521,0.011060627422355784,0.002505075294248152
25-2012.00,6522,0.026808744261419895,0.0042614738871349644
25-2012.00,6523,0.01227209961501095,0.002450997476863348
25-2012.00,6524,0.0114824128408797,0.002123118099528582
25-2012.00,6525,0.002594550434256616,0.0006399472206676276
25-2012.00,6526,0.019333751720233227,0.003636423935416129
25-2012.00,6527,0.052729921024305876,0.004414162505229632
25-2012.00,6529,0.004781447998581513,0.0007844043454083011
25-2012.00,6531,0.01451647822270345,0.0020165765114812232
25-2012.00,6532,0.006205594422198493,0.0022194604784871955
25-2012.00,6533,0.010166034810773543,0.002680277081541652
25-2012.00,6534,0.013121402415145323,0.0023568064598998655
25-2021.00,6535,0.07701829568175268,0.004062608241727577
25-2021.00,6536,0.0628744282723026,0.007789716904479087
25-2021.00,6537,0.05231727474412266,0.00997013237630805
25-2021.00,6538,0.056895330820793726,0.008797117360701538
25-2021.00,6539,0.05489040383063862,0.010783657276044037
25-2021.00,6540,0.09042834546740161,0.004712488065060849
25-2021.00,6541,0.05206882328668303,0.0037095277332548655
25-2021.00,6542,0.03642851336468558,0.005703203696179239
25-2021.00,6543,0.02556349233732456,0.0030412876603266486
25-2021.00,6545,0.011622836750047726,0.0039192766292714416
25-2021.00,6546,0.0026808032792660155,0.0014074381521989403
25-2021.00,6547,0.020659304630143066,0.003884217919396167
25-2021.00,6548,0.045837885055583456,0.0061010106282849705
25-2021.00,6549,0.048947307051397486,0.008077649379816058
25-2021.00,6550,0.024061979968892973,0.005786501023879202
25-2021.00,6552,0.029755456568124634,0.005703883139733709
25-2021.00,6553,0.03901794770289379,0.006292947973503049
25-2021.00,6554,0.013470838574166873,0.0036359726547603973
25-2021.00,6555,0.007928573393159666,0.0015956623518265799
25-2021.00,6556,0.07571387083144926,0.005019461622645376
25-2021.00,6557,0.02014034177153573,0.004344158877591191
25-2021.00,6558,0.006055004274956678,0.00090275820260462
25-2021.00,6559,0.0038024573213065417,0.00114712709276635
25-2021.00,6560,0.041461379072150535,0.005811481919955185
25-2021.00,6561,0.028423546580404108,0.004824344934322122
25-2021.00,6562,0.0040021538607720305,0.001480757113589975
25-2021.00,6563,0.003962753329219945,0.0015902114708417107
25-2021.00,6564,0.012377449516953083,0.0036846459480306924
25-2021.00,6565,0.003295714321996225,0.0005920363709774923
25-2021.00,6566,0.003609757685357457,0.0015135437870779373
25-2021.00,6567,0.011686566596269543,0.0037664420230243143
25-2021.00,6569,0.014795305967391212,0.00237983452250988
25-2021.00,6570,0.00783393014260252,0.0030810574474697226
25-2021.00,6571,0.009000310465536782,0.003741455059048283
25-2021.00,6572,0.0013716174827175416,0.0006697801136413903
25-2022.00,6573,0.06484720545308863,0.01452646919425883
25-2022.00,6574,0.04372877163255863,0.010711333497183695
25-2022.00,6575,0.07971786823147667,0.011645828889947462
25-2022.00,6576,0.04386866219078164,0.009680758950785292
25-2022.00,6577,0.06037285165574009,0.010652777172359141
25-2022.00,6578,0.045212308096276466,0.00752666556291207
25-2022.00,6579,0.03802097489443095,0.008824116552751745
25-2022.00,6580,0.10578365648525061,0.010231195941384394
25-2022.00,6581,0.07289349881454103,0.010714530154054647
25-2022.00,6582,0.051741298552307635,0.007220251870893135
25-2022.00,6583,0.07127473256750241,0.01252142018052283
25-2022.00,6584,0.016205129868451674,0.005004641747622344
25-2022.00,6585,0.03870472083468812,0.006163959534484952
25-2022.00,6586,0.021417840331987063,0.008720912312716971
25-2022.00,6588,0.013354480003576589,0.0046735632220657524
25-2022.00,6589,0.007890372807735718,0.001265458601867915
25-2022.00,6591,0.02371556719045074,0.008788680333388615
25-2022.00,6592,0.04015711168089899,0.005826322813167378
25-2022.00,6593,0.028604374725305606,0.0076261890326661625
25-2022.00,6594,0.006696818466889735,0.0020782447284610345
25-2022.00,6595,0.004943765309235521,0.001105987898473624
25-2022.00,6596,0.020609517988500498,0.006800168832103393
25-2022.00,6597,0.0013372947100676715,0.0005388028523474641
25-2022.00,6598,0.013451689148841806,0.002643419411916852
25-2022.00,6600,0.016710191321472702,0.008073732373192826
25-2022.00,6601,0.009194827266488263,0.0033277094411246883
25-2022.00,6604,0.00610688061007237,0.003211475131442362
25-2022.00,6606,0.004505373685601715,0.0012098941901870974
25-2022.00,6607,0.0075778458709386,0.005067330688536395
25-2023.00,6608,0.095163558439667,0.00892125734546307
25-2023.00,6609,0.06035284686211125,0.007733907539966014
25-2023.00,6610,0.0825086669739422,0.01029423638398462
25-2023.00,6611,0.0394088489153657,0.009233718228976607
25-2023.00,6612,0.05688779611503086,0.008320536031824706
25-2023.00,6613,0.05370899559332664,0.008669687300704823
25-2023.00,6614,0.043208095475632126,0.008030657424917455
25-2023.00,6615,0.06388477590004568,0.005744426832661151
25-2023.00,6616,0.009366271980259204,0.001998248712835433
25-2023.00,6617,0.08478470365592784,0.010414382011856444
25-2023.00,6618,0.0437185870130238,0.007904850342540605
25-2023.00,6619,0.0463656167981863,0.00962252129808227
25-2023.00,6620,0.062216457652137756,0.007578393015989488
25-2023.00,6621,0.020033131519220662,0.003962526499142879
25-2023.00,6622,0.04548569150559126,0.009862466934326351
25-2023.00,6623,0.02309566202877652,0.005778944284317273
25-2023.00,6624,0.012805901578515069,0.00463554283150528
25-2023.00,6626,0.01844886319041399,0.004622811724941205
25-2023.00,6627,0.012463306503064946,0.004892224095968624
25-2023.00,6628,0.020660608417110052,0.00618053974089303
25-2023.00,6629,0.004356966889993282,0.0005875106607707409
25-2023.00,6631,0.018089837149603133,0.006233793924154955
25-2023.00,6633,0.0019040962712206654,0.0005286649570913602
25-2023.00,6634,0.007257702631681502,0.0013386923647125668
25-2023.00,6635,0.0056911832099610276,0.001999898583565835
25-2023.00,6637,0.03737588401141161,0.013531254155332255
25-2023.00,6638,0.004897658165921589,0.0007856190914273069
25-2031.00,6639,0.10120368294000996,0.012296548279490352
25-2031.00,6640,0.09089990213826027,0.01204078014942759
25-2031.00,6641,0.05032536644389423,0.007017966025908622
25-2031.00,6642,0.030156711112844486,0.006136410076329497
25-2031.00,6643,0.07149048074062776,0.009204092964741277
25-2031.00,6644,0.0491521993290793,0.007002973049440274
25-2031.00,6645,0.03913946176021851,0.007650938859311464
25-2031.00,6646,0.03931222701632324,0.005775002316938193
25-2031.00,6647,0.04699269169982949,0.0064399145650065135
25-2031.00,6648,0.053993585127251505,0.008071013698514347
25-2031.00,6649,0.04092086317596052,0.006597185171869302
25-2031.00,6650,0.07772090502258618,0.010351621073021433
25-2031.00,6651,0.02526690925913847,0.003889232664729395
25-2031.00,6652,0.02870263165112474,0.005792554159826633
25-2031.00,6653,0.024762895476798937,0.005208277832416796
25-2031.00,6654,0.06914982585109392,0.011629217583684131
25-2031.00,6656,0.007483562265123021,0.001234318650076283
25-2031.00,6657,0.025111897401149573,0.005800451508762882
25-2031.00,6658,0.00815421826244372,0.0012999702062119428
25-2031.00,6659,0.011288291965720273,0.0031703178912427144
25-2031.00,6661,0.017193901531887205,0.0037348952528600053
25-2031.00,6662,0.007429512963213494,0.002069288860249593
25-2031.00,6663,0.015421313019844065,0.005796876167173173
25-2031.00,6665,0.010787334538341468,0.004841298073436572
25-2031.00,6666,0.010079399526784093,0.005468090926520994
25-2031.00,6667,0.008463519328587533,0.0018836623291397974
25-2031.00,6668,0.005736707447190452,0.0009887906806419315
25-2031.00,6669,0.014339965100854333,0.0024175458032067755
25-2031.00,6670,0.019320037903819275,0.005346056126692515
25-2032.00,6671,0.052181595935252685,0.006422112049994576
25-2032.00,6672,0.034922083151015165,0.006125972661199876
25-2032.00,6673,0.07621890941454529,0.006508025624659471
25-2032.00,6674,0.07277112740911354,0.006202699071554153
25-2032.00,6675,0.06910085246550811,0.006365436386977728
25-2032.00,6676,0.053486215868652695,0.005243774063636403
25-2032.00,6677,0.03379475536596191,0.00539728446806416
25-2032.00,6678,0.03111992029760646,0.0041111463502266216
25-2032.00,6679,0.061589722550347475,0.007106303205961764
25-2032.00,6680,0.026650622430650552,0.003892180544522364
25-2032.00,6681,0.06334119813366987,0.006593305364586257
25-2032.00,6682,0.06072506396862004,0.005713667350198009
25-2032.00,6683,0.06720389761706089,0.00695046138433508
25-2032.00,6684,0.015955728154682,0.0052230704626739025
25-2032.00,6685,0.03178575657556762,0.004648728173437715
25-2032.00,6686,0.01291158814001744,0.003985438241710909
25-2032.00,6687,0.02226835631694703,0.004915577058441994
25-2032.00,6688,0.05058339916553174,0.0062299770652229245
25-2032.00,6689,0.022697687992892544,0.005145016550170403
25-2032.00,6691,0.010716688929644213,0.0039340327311960495
25-2032.00,6692,0.012030016286437982,0.0033041138756567676
25-2032.00,6693,0.012170199101692312,0.004024184994711638
25-2032.00,6694,0.008575304101638948,0.004108489938189039
25-2032.00,6695,0.02065963312898766,0.00413264829317905
25-2032.00,6696,0.007764469097798602,0.0034906614983178296
25-2032.00,6697,0.008200877434026256,0.0017869225411679473
25-2032.00,6698,0.013300104260617415,0.0038797264098682036
25-2032.00,6699,0.0096307791024085,0.004705865759596313
25-2032.00,6700,0.011122158556368465,0.003216713725204765
25-2032.00,6702,0.01304403292398722,0.0038368801832966625
25-2032.00,6703,0.013477256122749331,0.003164364764161082
25-2057.00,6744,0.07873643635242207,0.010111771268560383
25-2057.00,6745,0.030893375102392734,0.006612637587794908
25-2057.00,6746,0.051803420351422366,0.006602340949297201
25-2057.00,6747,0.01600997320754583,0.003120064399113634
25-2057.00,6748,0.058761347625589,0.008065909610068936
25-2057.00,6749,0.05223402939804633,0.00931713645739881
25-2057.00,6750,0.035986305754606325,0.005321489708666301
25-2057.00,6751,0.0356332604886203,0.0071568697326150465
25-2057.00,6752,0.01739359111595378,0.004285834297245927
25-2057.00,6753,0.06405498234770275,0.009880103722555218
25-2057.00,6754,0.01709383409500201,0.006648024750127721
25-2057.00,6755,0.011728022050551188,0.006132811119700796
25-2057.00,6756,0.022946228100753637,0.005775771763326981
25-2057.00,6757,0.03814369394402264,0.005402935948761271
25-2057.00,6758,0.033554104186776935,0.009025431254874077
25-2057.00,6759,0.031234846653261213,0.003851530578995885
25-2057.00,6760,0.03566580332578125,0.00893225019018113
25-2057.00,6761,0.0426087613723008,0.00974302089010786
25-2057.00,6762,0.017483076026260654,0.0038622360199514617
25-2057.00,6763,0.03756036398077877,0.00871534946623473
25-2057.00,6764,0.008938452684867385,0.004327524816894103
25-2057.00,6765,0.01460814884589333,0.003265497643665293
25-2057.00,6766,0.00691071503101951,0.0024449206213867404
25-2057.00,6767,0.010475236896361957,0.0022466680152190984
25-2057.00,6768,0.007268724891681978,0.0020562632034854247
25-2057.00,6769,0.03204695615766118,0.008328410771212939
25-2057.00,6770,0.010898087047690234,0.002663588012728342
25-2057.00,6771,0.04065688239988087,0.0071775522450342345
25-2057.00,6772,0.005209116786481046,0.0016948895148351211
25-2057.00,6773,0.00858522363379309,0.0022456185723755528
25-2057.00,6774,0.01669468450179624,0.004408000550745448
25-2057.00,6775,0.007030929471751014,0.0018918879092729877
25-2057.00,6776,0.010903628215294453,0.0055897249011313665
25-2057.00,6777,0.00765978821226246,0.0024516544484205287
25-2057.00,6778,0.01743901575852235,0.005350624298336693
25-2057.00,6780,0.014866527804060798,0.004855091084393697
25-2057.00,6781,0.010066875961530214,0.0025129475813658805
25-2057.00,6782,0.0061207313791429175,0.004042179589213231
25-2058.00,6784,0.034742024973825,0.005380688643487454
25-2058.00,6785,0.06522867402039216,0.00899753053912489
25-2058.00,6786,0.039386547009645556,0.005778700751668668
25-2058.00,6787,0.07951378842454315,0.007207138475247194
25-2058.00,6788,0.013759094884855758,0.0033377509276977728
25-2058.00,6789,0.035734499992638946,0.005720220135348233
25-2058.00,6790,0.05665231496783861,0.00937473489421799
25-2058.00,6791,0.03415904069421364,0.007002050082814977
25-2058.00,6792,0.038985378840236215,0.004924765051960256
25-2058.00,6793,0.04707858459483237,0.007235127448695495
25-2058.00,6794,0.07354569053896051,0.007659444890724938
25-2058.00,6795,0.0320146135303666,0.007068071893696567
25-2058.00,6796,0.02249283713852018,0.005213141214587129
25-2058.00,6798,0.021474159163842942,0.004000214095774916
25-2058.00,6799,0.0039050886370970606,0.0014779648263568213
25-2058.00,6800,0.03896074073103121,0.004893717572481652
25-2058.00,6801,0.012090555904997264,0.003933421060868498
25-2058.00,6802,0.042596772754460784,0.0061940099332099445
25-2058.00,6803,0.018003847929804966,0.004576243754209102
25-2058.00,6804,0.01934373159000176,0.005017049120159832
25-2058.00,6805,0.024421190063532664,0.006705617414807737
25-2058.00,6806,0.003167854493444609,0.000858154543127754
25-2058.00,6807,0.014684797572912491,0.004308014425493893
25-2058.00,6808,0.018101780100258525,0.003897882334730993
25-2058.00,6809,0.03575147515170523,0.005996219183501801
25-2058.00,6810,0.010334013816391631,0.003211090121835358
25-2058.00,6811,0.06065091819773939,0.008440392222235794
25-2058.00,6812,0.008128160895585598,0.0033302087537529974
25-2058.00,6813,0.01993030665212377,0.005012716490544506
25-2058.00,6814,0.015842464699673285,0.004669419919825009
25-2058.00,6816,0.009447042335579116,0.004816389313389116
25-2058.00,6817,0.004075658636618675,0.00068486391783103
25-2058.00,6818,0.003650197496951061,0.0018549106209328687
25-2058.00,6819,0.012200682960483447,0.004669088662461457
25-2058.00,6820,0.018526306367947717,0.004485272682879632
25-2058.00,6822,0.007069780293188755,0.004355537756248532
25-2058.00,6823,0.004349383943759376,0.0023274956798569014
25-3011.00,6824,0.06369586401497927,0.008422869196319387
25-3011.00,6825,0.07544995772233158,0.013868946412398109
25-3011.00,6826,0.0651081621378815,0.009324603724450585
25-3011.00,6827,0.09833777781163949,0.009426790163536574
25-3011.00,6828,0.03306945921233883,0.008127327719670736
25-3011.00,6829,0.03527903303897489,0.003971250540285494
25-3011.00,6830,0.06062733460446006,0.010345929090030005
25-3011.00,6831,0.05735808756915459,0.012730467233033923
25-3011.00,6832,0.04530996133417582,0.008161024496244833
25-3011.00,6833,0.04793806054825073,0.013837316275637019
25-3011.00,6834,0.011520670900559978,0.004018544591868785
25-3011.00,6835,0.04078322806194283,0.004421169181700431
25-3011.00,6836,0.07988844723825231,0.014499667713616014
25-3011.00,6837,0.010019076465436145,0.003785615501988872
25-3011.00,6838,0.013860620838802792,0.003020897843203194
25-3011.00,6839,0.0099159850517972,0.002135242721473041
25-3011.00,6840,0.03705646085777982,0.006612742298975603
25-3011.00,6841,0.011271815352546894,0.0026952564917408018
25-3011.00,6843,0.03515611492306484,0.006402555345404567
25-3011.00,6844,0.018790684723071792,0.008196344348277517
25-3011.00,6845,0.006942611207737228,0.0011794874760264744
25-3011.00,6846,0.00716861812106837,0.0012953629091669219
25-3011.00,6847,0.011569044942303442,0.007104818559539214
25-3011.00,6848,0.02920817075996662,0.005429563097271759
25-3011.00,6849,0.014533597117587243,0.008429826777709233
25-3011.00,6850,0.013572838305254032,0.004087940468130482
25-3011.00,6852,0.00045915912578531386,0.0001776984352831394
25-3011.00,6853,0.00402188071623453,0.0009810539738392082
25-3011.00,6854,0.00911363778516355,0.00469687204303459
25-3011.00,6855,0.002364188681383165,0.0006522560716697848
25-3011.00,6856,0.012864660756860522,0.007564940990922655
25-3011.00,6858,0.0230941969787035,0.011481098502747816
25-3011.00,6859,0.0025867740527937776,0.001222880961695325
25-3011.00,6860,0.001521633345629161,0.0011939010418573542
25-3011.00,6861,0.010542185696088212,0.009428908051400575
25-9031.00,6863,0.04435177893568109,0.022194672123712685
25-9031.00,6864,0.08489536239324318,0.05434487516469006
25-9031.00,6865,0.052699159948905755,0.021824342731226264
25-9031.00,6866,0.02391188535462286,0.00963300436027626
25-9031.00,6867,0.09037345628258266,0.0371078551791408
25-9031.00,6870,0.03161785291006179,0.012778078460757835
25-9031.00,6871,0.13890357211915919,0.057354849517088385
25-9031.00,6873,0.003040411364120115,0.001173555487577042
25-9031.00,6875,0.03617353068527833,0.021014920995177034
25-9031.00,6876,0.024999895933431427,0.009291593597603098
25-9031.00,6877,0.4641845398366661,0.08553495810788114
25-9031.00,6878,0.0048485542362476245,0.00357136256454861
27-1014.00,6882,0.2177017207190922,0.04417591390714017
27-1014.00,6883,0.0961997599754038,0.03200792310905916
27-1014.00,6884,0.06504926375363086,0.029721077066738204
27-1014.00,6885,0.05982516384567833,0.029198633010163778
27-1014.00,6886,0.052902133589183546,0.02514453719942646
27-1014.00,6887,0.11075188219466026,0.0339317909455918
27-1014.00,6888,0.1314717163370445,0.032708769314310125
27-1014.00,6889,0.033752562599312495,0.022685897938534958
27-1014.00,6891,0.010011324794598356,0.006231756445625508
27-1014.00,6893,0.1655873960045602,0.0414218745771633
27-1014.00,6894,0.0107038782076703,0.003948659656259425
27-1014.00,6895,0.04604319797916517,0.021940661211999384
27-1021.00,6896,0.24372607986653919,0.04325873613341171
27-1021.00,6897,0.04735705660598008,0.027649406928062167
27-1021.00,6898,0.17952753982374883,0.028307086181294776
27-1021.00,6899,0.010045911105844822,0.0034170926356583264
27-1021.00,6900,0.08111260887374634,0.027182552958018778
27-1021.00,6901,0.05012294858257684,0.02253598177728531
27-1021.00,6902,0.11292252615250872,0.022735733642846256
27-1021.00,6903,0.009366624765405703,0.0039281043686986905
27-1021.00,6904,0.031777884593480105,0.007317105914819239
27-1021.00,6905,0.06354485233150968,0.04116795030043129
27-1021.00,6906,0.05519401303460673,0.02278125929324518
27-1021.00,6907,0.03640889516409662,0.015699355874669824
27-1021.00,6908,0.01140824415265665,0.005056228093147861
27-1021.00,6909,0.03343175071788297,0.008566007814194981
27-1021.00,6911,0.03175241568752292,0.010884236977742753
27-1021.00,6912,0.002300648541893746,0.002002355351069687
29-1011.00,6913,0.1573865739265471,0.007139090742235132
29-1011.00,6914,0.15568988813097015,0.007146248709419913
29-1011.00,6915,0.11606020618427647,0.01057313165905486
29-1011.00,6916,0.12429147468849107,0.008981255510892678
29-1011.00,6917,0.12262487191554818,0.009334509123578824
29-1011.00,6918,0.10975054723040446,0.010862500847744103
29-1011.00,6919,0.05654991849655852,0.010273795374259105
29-1011.00,6920,0.10408729700709742,0.01015704506281059
29-1011.00,6922,0.023148117293786685,0.008642349853468801
29-1011.00,6923,0.010694632938763635,0.002625551188703943
29-1021.00,6925,0.09282950583610967,0.008334762797330478
29-1021.00,6926,0.11192697735253816,0.007260484776287792
29-1021.00,6927,0.06860069294716643,0.008097451834581718
29-1021.00,6929,0.07049955504072355,0.008127933252683094
29-1021.00,6930,0.03315004304425818,0.006059761103972313
29-1021.00,6931,0.07666438137976672,0.008284895446116314
29-1021.00,6932,0.013990635818564466,0.004670978157607491
29-1021.00,6933,0.029706692917502924,0.005342290981402967
29-1021.00,6934,0.06296915482295018,0.008883462747595668
29-1021.00,6935,0.012530922798214213,0.0035580614248484836
29-1021.00,6936,0.024684143754083152,0.005510256595308915
29-1021.00,6937,0.015168632203924313,0.004431638362646593
29-1021.00,6938,0.020655216617373205,0.005104345100009722
29-1021.00,6939,0.028764800080617284,0.006339841086043325
29-1021.00,6941,0.03233338417005248,0.006895861534312335
29-1021.00,6942,0.03198596154168076,0.0067295117752398685
29-1021.00,6943,0.012990207274214913,0.00524792657678263
29-2053.00,6944,0.15908321342280735,0.019577598005241278
29-2053.00,6945,0.13153884911759262,0.022712864154498306
29-2053.00,6946,0.13050111452772717,0.022091429731678398
29-2053.00,6947,0.06004453820078255,0.015045500691839787
29-2053.00,6948,0.13723953903521602,0.014392625576203532
29-2053.00,6949,0.07669865973313425,0.019859809715325714
29-2053.00,6950,0.06790553894172187,0.017160682542743975
29-2053.00,6951,0.04265753941684352,0.017078927859335107
29-2053.00,6952,0.06358182315721281,0.013171291795125738
29-2053.00,6954,0.04918969769678564,0.015434302989187992
29-2053.00,6955,0.010224433258415391,0.003903173792653938
39-9041.00,6970,0.10114554057697416,0.018828397229574148
39-9041.00,6971,0.027282854599213188,0.014201454255045282
39-9041.00,6972,0.048177799527612954,0.01546950269760829
39-9041.00,6973,0.01822333080785844,0.0032870005734786808
39-9041.00,6974,0.07058321243339495,0.011939053961136098
39-9041.00,6975,0.012302217744724368,0.004063592226619711
39-9041.00,6976,0.09194299392795868,0.02041372728938291
39-9041.00,6977,0.07815779557064878,0.015002419418121275
39-9041.00,6978,0.06521546069780233,0.017503119412609056
39-9041.00,6979,0.031224803435825014,0.015347575960322211
39-9041.00,6980,0.02173866376873929,0.005659073337652105
39-9041.00,6981,0.014068184310866516,0.0051162822307647725
39-9041.00,6982,0.008730555091478489,0.0035067161943861734
39-9041.00,6983,0.014615465537381083,0.008822498687124234
39-9041.00,6984,0.025535501361481583,0.008555239905308152
39-9041.00,6985,0.009920473693422199,0.002997119561199621
39-9041.00,6986,0.0956160326321139,0.018601028804618402
39-9041.00,6988,0.021977392941396227,0.015119332106719422
39-9041.00,6989,0.01298629605781527,0.003858711460977159
39-9041.00,6990,0.018489397073293442,0.0056755023794126625
39-9041.00,6991,0.008067298167723077,0.0022340353905798867
39-9041.00,6992,0.0153969655171804,0.004121296908033939
39-9041.00,6993,0.011074842680902825,0.0037484399088720615
39-9041.00,6994,0.02412215420452217,0.004597310218582475
39-9041.00,6995,0.02734008234623208,0.009364180592306126
39-9041.00,6996,0.016844690542789753,0.004966400240755972
39-9041.00,6997,0.006084678685702369,0.003717686256333712
41-2012.00,6998,0.10676220944217066,0.011961581638043756
41-2012.00,6999,0.1304108146727431,0.009994679784243248
41-2012.00,7002,0.050052597666637826,0.011288090385069135
41-2012.00,7003,0.1191621932913751,0.012948215994218042
41-2012.00,7004,0.04177716382611125,0.008798224461454104
41-2012.00,7005,0.03563143480219425,0.0072486530093163306
41-2012.00,7006,0.0855050359706284,0.018438628494778463
41-2012.00,7007,0.06922976035283544,0.009109049463333112
41-2012.00,7008,0.03867011766826068,0.009884569918262621
41-2012.00,7009,0.02495489592894662,0.007695080529026374
43-5021.00,7010,0.1472947443422862,0.03536764778515265
43-5021.00,7011,0.06566774014479837,0.01975529134565064
43-5021.00,7012,0.06121005189264397,0.025102503843155845
43-5021.00,7013,0.10590196843331003,0.027687521845216365
43-5021.00,7014,0.10490222169033649,0.03240707783157797
43-5021.00,7015,0.07805691789284062,0.02569298509834879
43-5021.00,7016,0.09054043597548452,0.03349963173564701
43-5021.00,7017,0.046398072633906495,0.010032010613168156
43-5021.00,7018,0.0936493679086198,0.02508310721249204
43-5021.00,7019,0.057616074845306724,0.020652309456518966
43-5021.00,7020,0.01781993815361833,0.010520234118919041
43-5021.00,7023,0.04259731580592654,0.016750459112561643
45-4011.00,7026,0.20716426510738506,0.04662459403401793
45-4011.00,7027,0.07367829640936209,0.02718907331634364
45-4011.00,7029,0.08365751521122577,0.05256672853552187
45-4011.00,7030,0.10286113754770776,0.06984405259746804
45-4011.00,7031,0.07167428627739966,0.05863082812577778
45-4011.00,7032,0.031210240174354316,0.02154944624722586
45-4011.00,7034,0.03751319501245287,0.019037209678472337
45-4011.00,7035,0.09725786587566974,0.07793900210089409
45-4011.00,7037,0.02092247488575606,0.01007747492187509
45-4011.00,7038,0.014247004677608983,0.00704260908824703
45-4011.00,7040,0.1143225348936976,0.06937784814646834
45-4011.00,7041,0.07700329518072613,0.046928578302311875
45-4011.00,7042,0.020850488198572083,0.008819170465944045
45-4011.00,7045,0.03485900085745849,0.01454444569951256
47-2051.00,7047,0.06844631257235367,0.013576946510455098
47-2051.00,7048,0.05955026191344745,0.015381009027985396
47-2051.00,7049,0.10916515448365868,0.02810460965945696
47-2051.00,7050,0.06577727522691174,0.014220910654546252
47-2051.00,7051,0.06568601464400216,0.01381283348848886
47-2051.00,7052,0.056921045900535545,0.009989410796239155
47-2051.00,7053,0.06830478939970122,0.016553704585787612
47-2051.00,7054,0.019884556657041915,0.003915476719374382
47-2051.00,7055,0.0564947246814247,0.015442562363171547
47-2051.00,7056,0.04599997608158326,0.011269181222211884
47-2051.00,7057,0.014100423865911559,0.00407827048958399
47-2051.00,7058,0.030282516685539846,0.015249968142140993
47-2051.00,7059,0.06997819286892247,0.024619780329331927
47-2051.00,7060,0.02179120845779348,0.004973263719133982
47-2051.00,7061,0.03278950153362156,0.007797100999212114
47-2051.00,7062,0.06684953132885389,0.01652496538632812
47-2051.00,7063,0.006405835150781297,0.003917417577987294
47-2051.00,7064,0.021148553148374136,0.005839433492486441
47-2051.00,7065,0.0126288124498494,0.005401816964588379
47-2051.00,7066,0.029237801450632817,0.01636802319014331
47-2051.00,7067,0.014619194611073189,0.0058209715431702886
47-2051.00,7068,0.017935043240310554,0.0044147777607737426
47-2051.00,7069,0.01382508972495104,0.005778552881888683
47-2051.00,7070,0.005757803336439944,0.004034227973626583
47-2051.00,7071,0.008741531445825885,0.005761399439618906
47-2051.00,7072,0.017678849140458565,0.010576166300206104
47-5013.00,7074,0.0792723912751518,0.014091787308385768
47-5013.00,7075,0.046032973897817804,0.008764761964882618
47-5013.00,7076,0.057821649339587,0.011669298106834095
47-5013.00,7078,0.05075243996362506,0.018702674446536234
47-5013.00,7079,0.01259402120873735,0.006160607564792925
47-5013.00,7080,0.06138636890192152,0.010162343427415597
47-5013.00,7081,0.07070572960887966,0.01939936623592649
47-5013.00,7083,0.1782116284508558,0.030206386896613615
47-5013.00,7085,0.03697528188835713,0.013737652859775226
47-5013.00,7088,0.048001201505358,0.008146653251636864
47-5071.00,7112,0.324328967647813,0.08631554516617025
47-5071.00,7113,0.04844562460462159,0.015365016944320709
47-5071.00,7115,0.14614379133324798,0.07547617554272888
47-5071.00,7116,0.08640481622737643,0.033304754059721976
47-5071.00,7117,0.021830516289724253,0.010066462889464393
47-5071.00,7119,0.05488334412258596,0.033241208607316046
49-9094.00,7124,0.2243050305718339,0.0
49-9094.00,7125,0.059400834967193214,0.0
49-9094.00,7126,0.16759062447355105,0.0
49-9094.00,7127,0.0654552068314376,0.0
49-9094.00,7128,0.0885006507062324,0.0
49-9094.00,7129,0.021705155270325936,0.0
49-9094.00,7130,0.011804557837351123,0.0
49-9094.00,7131,0.019323363299360925,0.0
49-9094.00,7132,0.0017388683181610038,0.0
51-9081.00,7133,0.12624217028461357,0.012255332730163156
51-9081.00,7134,0.12088067185080886,0.01905760891224823
51-9081.00,7135,0.09195106073822767,0.011215031172020355
51-9081.00,7136,0.08284116395548277,0.013544363466387361
51-9081.00,7137,0.066572155891876,0.009656830550346999
51-9081.00,7138,0.029436192161096428,0.006204341446004351
51-9081.00,7139,0.061276599177841354,0.006932553412994893
51-9081.00,7140,0.03671237757513384,0.007599793216044683
51-9081.00,7141,0.045951177997427886,0.009664423021061953
51-9081.00,7142,0.0657231487103366,0.012132298153073108
51-9081.00,7143,0.06800997092922013,0.011740564076324931
51-9081.00,7144,0.02014280503607408,0.005738038332203912
51-9081.00,7145,0.032666504718285104,0.00942284746020769
51-9081.00,7146,0.03594308697052605,0.009224843834873592
51-9081.00,7147,0.046602415431615786,0.007208779802033109
51-9081.00,7148,0.03994909958968261,0.008559974315233546
51-9081.00,7149,0.029099398981751325,0.007197560924033551
53-6011.00,7150,0.0895076090721915,0.0
53-6011.00,7151,0.09240643969987258,0.0
53-6011.00,7152,0.09085664619816856,0.0
53-6011.00,7153,0.09472279636690446,0.0
53-6011.00,7154,0.008175524296055172,0.0
53-6011.00,7155,0.07187487225139146,0.0
53-6011.00,7156,0.08174664158694268,0.0
53-6011.00,7157,0.05366160215727184,0.0
53-6011.00,7158,0.02616999554305722,0.0
53-6011.00,7159,0.011712725999806342,0.0
53-6011.00,7160,0.09472279636690446,0.0
53-6011.00,7161,0.01907130359435495,0.0
53-6011.00,7162,0.03661665873174754,0.0
53-6011.00,7163,0.05138534180340051,0.0
53-6011.00,7164,0.053274180903232105,0.0
53-6011.00,7165,0.04339588176304081,0.0
53-6011.00,7166,0.04339588176304081,0.0
53-6011.00,7169,0.03730310190261698,0.0
53-7081.00,7170,0.05444747115290327,0.009475532168181896
53-7081.00,7171,0.04914701643972723,0.007593416587937477
53-7081.00,7172,0.03474691397758945,0.003605774676278015
53-7081.00,7174,0.1291343997694767,0.030035784705625047
53-7081.00,7175,0.15358892016102618,0.03630623131649418
53-7081.00,7176,0.10000116917994915,0.02434658162114004
53-7081.00,7177,0.11120277749483805,0.0246946219771803
53-7081.00,7178,0.07921581200034393,0.012412104043252183
53-7081.00,7179,0.05334855157921229,0.012795305258320965
53-7081.00,7180,0.04283897870200922,0.01570821339179139
53-7081.00,7181,0.03127905637374067,0.004318895800680363
11-9071.00,7185,0.06274021537389879,0.009091878387000046
11-9071.00,7186,0.05091274603762715,0.013826469598380502
11-9071.00,7187,0.07001476908772734,0.012149215952319147
11-9071.00,7188,0.03918614951339938,0.008892679054178437
11-9071.00,7189,0.10480143219384419,0.023159180807632494
11-9071.00,7190,0.07278537895594998,0.012944152139888013
11-9071.00,7191,0.11626881661209701,0.016214734286974508
11-9071.00,7192,0.009225819184746043,0.005857956634068457
11-9071.00,7193,0.050122923810784745,0.01114635398510187
11-9071.00,7194,0.061736918595339106,0.010406402693059303
11-9071.00,7195,0.04908974063591794,0.015099099222123442
11-9071.00,7196,0.10020768854110368,0.02217451056100633
11-9071.00,7197,0.039519152352653374,0.010233031805096007
11-9071.00,7198,0.01893234366358376,0.007857723445324068
11-9071.00,7199,0.02689832678684755,0.006433614139846054
11-9071.00,7200,0.050412185588284336,0.012194954021841654
11-9071.00,7202,0.030150453107751305,0.013167966353453199
11-9121.00,7203,0.12744349263793353,0.026840177092801953
11-9121.00,7204,0.05876176725670054,0.0226714525392202
11-9121.00,7205,0.12430657417137761,0.021564551502131383
11-9121.00,7206,0.007339668403236234,0.0034591139876820266
11-9121.00,7207,0.1283148869695504,0.026272622354792607
11-9121.00,7208,0.10747656530649481,0.020700274531300897
11-9121.00,7209,0.1427322950282094,0.035436804447237735
11-9121.00,7210,0.04697987077963924,0.009575121909093478
11-9121.00,7211,0.02864996765849994,0.007919961502789962
11-9121.00,7212,0.019143969013414794,0.005222025790636303
11-9121.00,7213,0.03274335935150171,0.015424666875882995
11-9121.00,7214,0.07104288129317685,0.020382349778299527
11-9121.00,7215,0.044695824207373905,0.020274798889385062
11-9121.00,7216,0.004437629193587788,0.0028713119839302134
11-9121.00,7217,0.042700698337117066,0.026315921788685664
11-9121.00,7218,0.013230550392186308,0.010121131685156246
11-9141.00,7219,0.03627026251608835,0.0
11-9141.00,7220,0.04683118812856173,0.0
11-9141.00,7221,0.04174791901916363,0.0
11-9141.00,7222,0.05570668343951486,0.0
11-9141.00,7223,0.11238259217014057,0.0
11-9141.00,7224,0.2056680684428732,0.0
11-9141.00,7225,0.006517142842226323,0.0
11-9141.00,7226,0.03291237107724924,0.0
11-9141.00,7227,0.013554761739244716,0.0
11-9141.00,7228,0.009459785097172465,0.0
11-9141.00,7229,0.12100683371329979,0.0
11-9141.00,7230,0.008804006178368733,0.0
11-9141.00,7231,0.03954545490838842,0.0
11-9141.00,7232,0.01630947737461104,0.0
11-9141.00,7233,0.014078024242986957,0.0
11-9141.00,7234,0.01751510234777952,0.0
11-9141.00,7235,0.023176713282653447,0.0
11-9141.00,7236,0.04244747910907833,0.0
11-9141.00,7237,0.02334993896457055,0.0
11-9141.00,7238,0.010298338418351129,0.0
11-9141.00,7239,0.00942895362156605,0.0
11-9141.00,7240,0.08564593298779595,0.0
11-9141.00,7241,0.02036917353516715,0.0
11-9141.00,7242,0.00017538341932344937,0.0
11-9141.00,7243,0.005262957101010664,0.0
11-9141.00,7244,0.0010638718706427372,0.0
11-9141.00,7245,0.0004715844521709796,0.0
13-1032.00,7246,0.2047770388946233,0.019267835483647945
13-1032.00,7247,0.19455757140411584,0.017825029354722112
13-1032.00,7248,0.18375270355910425,0.013367071428210274
13-1032.00,7249,0.13582938945884684,0.017197862500284454
13-1032.00,7250,0.06822701656740993,0.016802135959736442
13-1032.00,7251,0.19318418433809503,0.020754076617832507
13-1032.00,7252,0.019672095777804863,0.007759647909010243
11-9161.00,7253,0.1686163402767481,0.0
11-9161.00,7254,0.009705598989697221,0.0
11-9161.00,7255,0.004216359122797004,0.0
11-9161.00,7256,0.025795693912450995,0.0
11-9161.00,7257,0.10850349600587637,0.0
11-9161.00,7258,0.0878827612373617,0.0
11-9161.00,7259,0.04579774208921766,0.0
11-9161.00,7260,0.2452430395774125,0.0
11-9161.00,7261,0.012539529257263546,0.0
11-9161.00,7262,0.03897849165350461,0.0
11-9161.00,7263,0.05631413070730596,0.0
11-9161.00,7264,0.006539976224280083,0.0
11-9161.00,7265,0.02617457944217363,0.0
11-9161.00,7266,0.097437833327209,0.0
11-9161.00,7267,0.02273909015633102,0.0
11-9161.00,7268,0.00538756876134025,0.0
11-9161.00,7269,0.015139950179850089,0.0
11-9161.00,7270,0.0028689375959181887,0.0
11-9161.00,7271,0.005080927397455161,0.0
11-9161.00,7272,0.004076684370439885,0.0
11-9161.00,7273,0.0011472899531447148,0.0
11-9161.00,7274,0.0011005041124871246,0.0
11-9161.00,7275,0.008713475649735174,0.0
13-1111.00,7276,0.24541535625559174,0.0
13-1111.00,7277,0.1344152247192742,0.0
13-1111.00,7278,0.12621301151479636,0.0
13-1111.00,7279,0.1185821040975822,0.0
13-1111.00,7280,0.053007794188133124,0.0
13-1111.00,7281,0.04362797696398416,0.0
13-1111.00,7282,0.030578194180865197,0.0
13-1111.00,7283,0.05686085405626337,0.0
13-1111.00,7284,0.05727999745934427,0.0
13-1111.00,7285,0.037370250722153525,0.0
13-1111.00,7286,0.09664923584201186,0.0
13-2061.00,7314,0.08564848480716447,0.0
13-2061.00,7315,0.025910748369739035,0.0
13-2061.00,7316,0.1465692168587388,0.0
13-2061.00,7317,0.0582083322022025,0.0
13-2061.00,7318,0.046581224850705386,0.0
13-2061.00,7319,0.05963875144019747,0.0
13-2061.00,7320,0.17538418745951603,0.0
13-2061.00,7321,0.04317189608032305,0.0
13-2061.00,7322,0.09319854916186189,0.0
13-2061.00,7323,0.041273819969184326,0.0
13-2061.00,7324,0.0901876840796799,0.0
13-2061.00,7325,0.010424036312679467,0.0
13-2061.00,7326,0.013379322459646124,0.0
13-2061.00,7327,0.04675540174032138,0.0
13-2061.00,7328,0.043669459236766905,0.0
13-2061.00,7329,0.011364613693577823,0.0
13-2082.00,7358,0.1574925493811304,0.0
13-2082.00,7359,0.12170918328803498,0.0
13-2082.00,7360,0.138844420046459,0.0
13-2082.00,7361,0.08317446161344727,0.0
13-2082.00,7362,0.08665713570881614,0.0
13-2082.00,7363,0.09489175245082898,0.0
13-2082.00,7364,0.01627943641352823,0.0
13-2082.00,7365,0.05107344179636569,0.0
13-2082.00,7366,0.0631218815777164,0.0
15-2021.00,7367,0.0756194199642821,0.0
15-2021.00,7368,0.06435183402435875,0.0
15-2021.00,7369,0.05667541463524014,0.0
15-2021.00,7370,0.12772985446736315,0.0
15-2021.00,7371,0.07408838101568137,0.0
15-2021.00,7372,0.09369338536683788,0.0
15-2021.00,7373,0.18442297543455585,0.0
15-2021.00,7374,0.09646574689861888,0.0
15-2021.00,7375,0.05801860662097557,0.0
15-2021.00,7376,0.06971307249087058,0.0
15-2031.00,7377,0.08314573899885995,0.0
15-2031.00,7378,0.06239882509352276,0.0
15-2031.00,7379,0.03509221836365434,0.0
15-2031.00,7380,0.09804960079733248,0.0
15-2031.00,7381,0.04472057254589331,0.0
15-2031.00,7382,0.05122231418120324,0.0
15-2031.00,7383,0.07718137095674309,0.0
15-2031.00,7384,0.04123767025221515,0.0
15-2031.00,7385,0.06315462362314717,0.0
15-2031.00,7386,0.06249925870640983,0.0
15-2031.00,7387,0.131662690109581,0.0
15-2031.00,7388,0.025134254841603546,0.0
15-2031.00,7389,0.06604740930028755,0.0
15-2031.00,7390,0.016698943668837556,0.0
17-2061.00,7391,0.0785248037597357,0.0
17-2061.00,7392,0.05387060018369277,0.0
17-2061.00,7393,0.03430405761406295,0.0
17-2061.00,7394,0.11345587744193923,0.0
17-2061.00,7395,0.011748135563584694,0.0
17-2061.00,7396,0.06657928330309719,0.0
17-2061.00,7397,0.04343137866991814,0.0
17-2061.00,7398,0.12208386011583759,0.0
17-2061.00,7399,0.08399479004083618,0.0
17-2061.00,7400,0.021815426845097158,0.0
17-2061.00,7401,0.08218323091797408,0.0
17-2061.00,7402,0.04773051850930503,0.0
17-2061.00,7403,0.0059802144731134444,0.0
17-2061.00,7404,0.03173728541721137,0.0
17-2061.00,7405,0.015862017825828932,0.0
17-2061.00,7406,0.035361657132579744,0.0
17-2061.00,7407,0.1494780192253042,0.0
17-2061.00,7408,0.0018588429608816202,0.0
19-1012.00,7485,0.08399671244905485,0.0
19-1012.00,7486,0.18831705765521403,0.0
19-1012.00,7487,0.12072168758699726,0.0
19-1012.00,7488,0.050904511858378944,0.0
19-1012.00,7489,0.12767702053894142,0.0
19-1012.00,7490,0.06979644402852124,0.0
19-1012.00,7491,0.050891030669107745,0.0
19-1012.00,7492,0.050850782105949545,0.0
19-1012.00,7493,0.016423727571774304,0.0
19-1012.00,7494,0.10450838353291586,0.0
19-1012.00,7495,0.02394757224595595,0.0
19-1031.02,7497,0.08603545788488354,0.026387383776537654
19-1031.02,7498,0.06384181227363421,0.014820884198678047
19-1031.02,7499,0.023819672990507138,0.006971132828928295
19-1031.02,7500,0.14503928962528692,0.05721305102056948
19-1031.02,7501,0.10503877162072289,0.035452750406274346
19-1031.02,7502,0.06295857943401623,0.014320573699215872
19-1031.02,7503,0.043682357313883736,0.01185469148375447
19-1031.02,7504,0.12381043220260723,0.06675353204108332
19-1031.02,7505,0.02370290040578338,0.009749619366850286
19-1031.02,7506,0.048774504664749974,0.012674902632997333
19-1031.02,7507,0.020176584535256777,0.008963523202491644
19-1031.02,7508,0.05092961715416793,0.027281873256198484
19-1031.02,7509,0.014325285480527935,0.006145468887698806
19-1031.02,7511,0.007291116815188869,0.003441275441061753
19-1042.00,7513,0.16422179887427357,0.040839927053556734
19-1042.00,7514,0.17294134338471595,0.04269213970242876
19-1042.00,7515,0.11643643268198874,0.035176540437750585
19-1042.00,7516,0.06213029284349796,0.018769855974459116
19-1042.00,7517,0.08713298466628477,0.03081631114432839
19-1042.00,7518,0.02311503039222184,0.014408187595456505
19-1042.00,7519,0.058950151483659605,0.02953062266660096
19-1042.00,7520,0.005027481376303406,0.0043350146557387306
19-1042.00,7521,0.13297170979556872,0.048421681975855405
19-1042.00,7523,0.03231273155478789,0.01126990295569798
19-2011.00,7524,0.1298331087147866,0.0
19-2011.00,7525,0.2615819128953789,0.0
19-2011.00,7526,0.005937663014393089,0.0
19-2011.00,7527,0.01296387929672294,0.0
19-2011.00,7528,0.09523182064567368,0.0
19-2011.00,7529,0.004007807089852732,0.0
19-2011.00,7530,0.10388423611758428,0.0
19-2011.00,7531,0.04336351301910561,0.0
19-2011.00,7532,0.08465760925056538,0.0
19-2011.00,7533,0.011980726392749087,0.0
19-2011.00,7534,0.02243306815801255,0.0
19-2011.00,7535,0.006277474703663709,0.0
19-3011.00,7536,0.26983459290078265,0.0
19-3011.00,7537,0.07596500665685214,0.0
19-3011.00,7538,0.1294418607262049,0.0
19-3011.00,7539,0.05418773362193647,0.0
19-3011.00,7540,0.030603062783997968,0.0
19-3011.00,7541,0.004387283266661481,0.0
19-3011.00,7542,0.05600453818610922,0.0
19-3011.00,7543,0.007320822665329378,0.0
19-3011.00,7544,0.06562453770489401,0.0
19-3022.00,7545,0.05959139476606848,0.0
19-3022.00,7546,0.045204684653377354,0.0
19-3022.00,7547,0.04365686099396537,0.0
19-3022.00,7548,0.03444525169264344,0.0
19-3022.00,7549,0.06604690377794409,0.0
19-3022.00,7550,0.1486741006255616,0.0
19-3022.00,7551,0.15711512387032106,0.0
19-3022.00,7552,0.10268629508986774,0.0
19-3022.00,7553,0.07658121812791435,0.0
19-3022.00,7554,0.016530110310319337,0.0
19-3022.00,7555,0.03963393812395452,0.0
19-3022.00,7556,0.13347631462354315,0.0
19-3022.00,7557,0.04337480258468282,0.0
19-3022.00,7558,0.005431334096648877,0.0
19-3022.00,7559,0.00622140325458347,0.0
19-3032.00,7560,0.0255440360199917,0.0
19-3032.00,7561,0.0866331269717541,0.0
19-3032.00,7562,0.010873444687390106,0.0
19-3032.00,7563,0.016413953506855674,0.0
19-3032.00,7564,0.07113253837052838,0.0
19-3032.00,7565,0.049917448769158775,0.0
19-3032.00,7566,0.01063031202111504,0.0
19-3032.00,7567,0.04180765229736774,0.0
19-3032.00,7568,0.027567682728745057,0.0
19-3032.00,7569,0.01976021629661761,0.0
19-3032.00,7570,0.05040095038625776,0.0
19-3032.00,7571,0.06362659886612834,0.0
19-3032.00,7572,0.08798867070257983,0.0
19-3032.00,7573,0.023531764406451047,0.0
19-3032.00,7574,0.00509181659886566,0.0
19-3032.00,7575,0.004849321110891252,0.0
19-4013.00,7576,0.09061778536401041,0.014339551780871252
19-4013.00,7577,0.06362905641605654,0.01609448175499046
19-4013.00,7578,0.04001868034049332,0.010489666916979766
19-4013.00,7579,0.05436463064258509,0.00867537340077246
19-4013.00,7581,0.08849332755427304,0.022732485161396882
19-4013.00,7582,0.12798602080992835,0.02585452250104358
19-4013.00,7583,0.04359044748777333,0.008164783964416741
19-4013.00,7584,0.01788339092706679,0.006301267412250461
19-4013.00,7585,0.09830406193247228,0.0244028947457257
19-4013.00,7587,0.016887892130301015,0.009148107777554804
19-4051.02,7597,0.06893318776743398,0.009939256716921002
19-4051.02,7599,0.09008516508012678,0.010445956845414028
19-4051.02,7600,0.028658438619076455,0.0059617720032319075
19-4051.02,7601,0.10676013198831896,0.011787445271636252
19-4051.02,7602,0.12242735283815169,0.01303702520317854
19-4051.02,7603,0.06144696077648283,0.005821795187715961
19-4051.02,7604,0.025938865275063394,0.005025959707429982
19-4051.02,7605,0.040990468531419424,0.005758013351780539
19-4051.02,7606,0.034928243320142216,0.008033693981781873
19-4051.02,7608,0.025657428730632013,0.0061352310711614375
19-4051.02,7610,0.05693331633012134,0.009899759612175091
19-4051.02,7612,0.046680079368055176,0.006857101345678971
23-1021.00,7617,0.08947034232939631,0.01725679795835206
23-1021.00,7618,0.12041527924231912,0.016372141525713528
23-1021.00,7619,0.06526363929418805,0.011581807179871615
23-1021.00,7620,0.10392452420454568,0.012666753704666377
23-1021.00,7621,0.074402117177115,0.013891169044846172
23-1021.00,7622,0.07106281112137865,0.015105419873355765
23-1021.00,7623,0.0709789232614434,0.017545990047939896
23-1021.00,7624,0.08390228940260475,0.017237096002580724
23-1021.00,7625,0.07347245057073674,0.01851209234772269
23-1021.00,7626,0.05083132128979767,0.013358299921377858
23-1021.00,7627,0.09229423549864402,0.018417562887888466
23-1021.00,7628,0.03856912359754948,0.012421689208524144
23-1021.00,7629,0.026487465942543347,0.008901968412035915
25-4011.00,7630,0.09094161424965218,0.0
25-4011.00,7631,0.17442157143229303,0.0
25-4011.00,7632,0.0347417656593959,0.0
25-4011.00,7633,0.11905607389415382,0.0
25-4011.00,7634,0.14466124518455026,0.0
25-4011.00,7635,0.09079080128047727,0.0
25-4011.00,7636,0.07567339329172465,0.0
25-4011.00,7637,0.1136290205912139,0.0
25-4011.00,7638,0.014236986733313372,0.0
25-4011.00,7639,0.06088335114182367,0.0
25-4011.00,7640,0.058484356169814816,0.0
25-4011.00,7641,0.013348335938257759,0.0
25-4011.00,7642,0.009131484433329284,0.0
27-2011.00,7643,0.09091004877068579,0.014180210367704716
27-2011.00,7644,0.13343841370783854,0.02330044676497333
27-2011.00,7645,0.08055449523050624,0.014207501582977445
27-2011.00,7646,0.16777045139398972,0.02386175435333756
27-2011.00,7647,0.12026043915384807,0.02360782967717663
27-2011.00,7648,0.014131940879570355,0.007478312446372083
27-2011.00,7649,0.10247651276297608,0.015970316935751832
27-2011.00,7650,0.05351588631674406,0.01712570318508079
27-2011.00,7651,0.11357230000232157,0.024423963162197665
27-2011.00,7652,0.038636724081259816,0.011641034136672668
27-2011.00,7655,0.02633782775197625,0.021059456384218207
27-2011.00,7656,0.056358161266382746,0.023102907214827332
27-2011.00,7659,0.002036798681900676,0.0023341275929551915
27-2012.03,7662,0.06128267102373877,0.017180000188125766
27-2012.03,7663,0.08951049915014596,0.013487907466646607
27-2012.03,7664,0.07446479429298174,0.01828215127040159
27-2012.03,7665,0.036769176386597546,0.006856248189510826
27-2012.03,7666,0.06233807685246207,0.029234344146887196
27-2012.03,7667,0.07128277537025446,0.020373891744399943
27-2012.03,7668,0.013025647984178738,0.006136713554412916
27-2012.03,7669,0.017030347760063767,0.011839649823514915
27-2012.03,7670,0.007282388705471832,0.0035311268209499516
27-2012.03,7671,0.029100030139910207,0.008296725545939375
27-2012.03,7672,0.018214371702494805,0.004826216569033608
27-2012.03,7673,0.041198213931957106,0.008091828247721648
27-2012.03,7675,0.06886477525636471,0.01873577225049464
27-2012.03,7676,0.03431711020955594,0.00963204817976909
27-2012.03,7677,0.00343703698391202,0.001880570418021231
27-2012.03,7678,0.024535867137463818,0.007457761525980814
27-2012.03,7679,0.10002091137003635,0.01782217065502757
27-2012.03,7680,0.12399667187537046,0.03129921245196412
27-2012.03,7682,0.06081999032141542,0.021469909299095948
27-2012.03,7683,0.03204072202957569,0.013357483950524057
27-2012.03,7684,0.030467921516048702,0.009205297637713931
27-2031.00,7685,0.13532741209752797,0.02000703437367572
27-2031.00,7686,0.1688770894869998,0.021179620867278433
27-2031.00,7687,0.17878844656795687,0.029440737916546614
27-2031.00,7688,0.050145408934626844,0.025470484883915852
27-2031.00,7689,0.04760789717408012,0.01364474776758788
27-2031.00,7690,0.1570685824196805,0.02909691731077233
27-2031.00,7691,0.003954317196689027,0.001579871383160077
27-2031.00,7693,0.07573617646589527,0.012661226987329655
27-2031.00,7694,0.04594017020713089,0.017111874160622157
27-2031.00,7695,0.027348725713224723,0.01217666651998025
27-2031.00,7696,0.02499634077021906,0.012911012389454675
27-2031.00,7697,0.04974661271881248,0.018661997224459315
27-4014.00,7720,0.10667683987168487,0.0
27-4014.00,7722,0.12092400381684613,0.0
27-4014.00,7723,0.04531758164028475,0.0
27-4014.00,7724,0.01634129364314058,0.0
27-4014.00,7725,0.13324752021711508,0.0
27-4014.00,7726,0.07138335539951958,0.0
27-4014.00,7727,0.12833727497012393,0.0
27-4014.00,7728,0.057742371222434884,0.0
27-4014.00,7729,0.13035666132489415,0.0
27-4014.00,7730,0.06269019216235318,0.0
27-4014.00,7731,0.003434274917262538,0.0
29-1023.00,7732,0.09347965524472585,0.010624518256571212
29-1023.00,7733,0.08298152760409139,0.009737399349937573
29-1023.00,7734,0.10953168125032058,0.009249004596039553
29-1023.00,7735,0.11007021510871055,0.00943471383188189
29-1023.00,7736,0.08677213278612689,0.010040318360962431
29-1023.00,7737,0.11112341143545114,0.009296742842456279
29-1023.00,7738,0.07424838864263872,0.00956967084583242
29-1023.00,7739,0.10880853834886246,0.01009553136464201
29-1023.00,7740,0.04072749647097621,0.007806354178286054
29-1023.00,7741,0.06615996870643268,0.010190341046674701
29-1024.00,7743,0.11765919265674925,0.022040637654088983
29-1024.00,7744,0.097317928180817,0.022443912480082557
29-1024.00,7745,0.1275786022198236,0.02358661391338168
29-1024.00,7746,0.07958007246916766,0.01811729853287852
29-1024.00,7747,0.05575466836718839,0.022136660274557903
29-1024.00,7748,0.05021700731540891,0.015395240941544599
29-1024.00,7749,0.09010651649579304,0.01857022935874431
29-1024.00,7750,0.04122179884052941,0.014203044021539714
29-1024.00,7751,0.03710039336007724,0.014131422017656556
29-1024.00,7752,0.02035348447495908,0.012707311249608296
29-1211.00,7753,0.09630357881120143,0.009388563730011758
29-1211.00,7754,0.10812463161156992,0.007292689092186719
29-1211.00,7755,0.0581638181500976,0.0075462024286653325
29-1211.00,7756,0.1305529520102124,0.008453269914290386
29-1211.00,7757,0.07456584966388125,0.007492987881793351
29-1211.00,7758,0.08597002387459157,0.004795992962866929
29-1211.00,7759,0.07861458715190947,0.006890561072412388
29-1211.00,7760,0.0781821524237155,0.008434391166063945
29-1211.00,7761,0.04414086115341127,0.0048839030178322446
29-1211.00,7762,0.04215682748883731,0.0067417566675701795
29-1211.00,7763,0.033338696177055524,0.003875733495042416
29-1211.00,7764,0.022971434907861875,0.003689204733417933
29-1211.00,7765,0.03146352092334362,0.003987761142694035
29-1211.00,7766,0.03743861862219542,0.005138167366863929
29-1211.00,7767,0.052170020139818536,0.005905461130198732
29-1211.00,7768,0.015072034368788005,0.004279401881577487
29-1211.00,7769,0.010770392521509275,0.0028640189219186307
29-1215.00,7771,0.14672791251266928,0.0051264423807716435
29-1215.00,7772,0.13355418010495093,0.00986629850368024
29-1215.00,7773,0.12470632783851354,0.0063441441919186705
29-1215.00,7774,0.1390858513650435,0.008300656043105448
29-1215.00,7775,0.12931189504700985,0.007525171954316319
29-1215.00,7776,0.13335855273513159,0.009464066690750578
29-1215.00,7777,0.055896784356146624,0.01164192164932458
29-1215.00,7778,0.07930350961439035,0.019118879832968404
29-1215.00,7779,0.05805498642614432,0.011222445627191614
29-1216.00,7785,0.07917582645615223,0.009779255472028422
29-1216.00,7786,0.08607160307782973,0.01052855445794941
29-1216.00,7787,0.08588165590874,0.010312551004533552
29-1216.00,7788,0.06965315932627479,0.011616581539081135
29-1216.00,7789,0.08638453956214459,0.010132538490966493
29-1216.00,7790,0.08074857580945949,0.009604559522323652
29-1216.00,7791,0.0868608222138599,0.009988682516143078
29-1216.00,7792,0.041553394387977255,0.004508894044318881
29-1216.00,7793,0.0839134853567567,0.00870370335456543
29-1216.00,7794,0.07426426207147993,0.01113833695133851
29-1216.00,7795,0.05413073931397603,0.010885652226800196
29-1216.00,7796,0.03580992233667163,0.006376942869769619
29-1216.00,7797,0.010846584732656624,0.0023450208269610385
29-1216.00,7798,0.07217388193484398,0.01704539920788581
29-1216.00,7799,0.02715820106053152,0.00656098287801823
29-1216.00,7800,0.013200162688590488,0.005531675718227278
29-1216.00,7801,0.007120209861632164,0.0038753466462241913
29-1216.00,7803,0.005052973900422988,0.0012252640359160245
29-1218.00,7804,0.12991354236980998,0.010117516382447286
29-1218.00,7805,0.10838879793449838,0.011015903877097461
29-1218.00,7806,0.09430647377324944,0.01113286474685974
29-1218.00,7807,0.09765276529855663,0.011916755700300964
29-1218.00,7808,0.014406800956049643,0.0039738884818914435
29-1218.00,7809,0.0855497266263499,0.009619767606878951
29-1218.00,7810,0.13724371707989844,0.009955991911512807
29-1218.00,7811,0.1387979888080929,0.009701559741201956
29-1218.00,7812,0.06587044790748661,0.011480196824806515
29-1218.00,7813,0.01580255318727096,0.002897268278272034
29-1218.00,7814,0.019319981239240766,0.0033452759525361016
29-1218.00,7815,0.0763598659047349,0.013841215682115828
29-1218.00,7816,0.005674843509799816,0.002438104020491661
29-1218.00,7817,0.009823017259868245,0.006380292755755753
29-1218.00,7818,0.000889478145093362,0.00034512186789603314
29-1221.00,7819,0.12514339125159366,0.011028043309926471
29-1221.00,7820,0.15869653782312673,0.0070103555254985555
29-1221.00,7822,0.14820384921919488,0.00894275177189347
29-1221.00,7823,0.13179183942170802,0.008501921851569396
29-1221.00,7825,0.11762910328498166,0.00980353788551772
29-1221.00,7826,0.0848859286681322,0.014949747311552818
29-1221.00,7827,0.07653178601721611,0.010808499660328394
29-1221.00,7828,0.037292092972113985,0.006936129493880812
29-1221.00,7829,0.07521325314858704,0.014539195639545257
29-1221.00,7830,0.011167173820284282,0.004516159431055278
29-1221.00,7831,0.008435846591023416,0.007185189781175574
29-1221.00,7833,0.00870721884791156,0.007955020184900274
29-1081.00,7849,0.16393766450267905,0.011235367577132286
29-1081.00,7850,0.1236631022479354,0.011888083371810878
29-1081.00,7851,0.1237373212478712,0.013792892546105542
29-1081.00,7852,0.17286035302745595,0.011907681263487698
29-1081.00,7853,0.06568012606330038,0.015326695706046885
29-1081.00,7854,0.052515179189736395,0.008712594967284996
29-1081.00,7855,0.056831783433940915,0.013864032593108257
29-1081.00,7856,0.0415818554676161,0.013638908119967747
29-1081.00,7857,0.029907646108313916,0.014269086344620298
29-1081.00,7858,0.021570325356959328,0.0134128428206499
29-1181.00,7870,0.06693623181986252,0.0
29-1181.00,7872,0.04146924995560448,0.0
29-1181.00,7875,0.0037803532311110515,0.0
31-9011.00,7878,0.08897663794162686,0.0
31-9011.00,7879,0.1364691978178374,0.0
31-9011.00,7880,0.1289508453534433,0.0
31-9011.00,7881,0.0868070881168807,0.0
31-9011.00,7882,0.0849601287974282,0.0
31-9011.00,7883,0.10280699529386818,0.0
31-9011.00,7884,0.09135734577204367,0.0
31-9011.00,7885,0.008114926001815502,0.0
31-9011.00,7886,0.026930887586157415,0.0
31-9011.00,7887,0.08958937714801088,0.0
31-9011.00,7888,0.0035652703363345615,0.0
31-9011.00,7889,0.039493653530932926,0.0
33-3031.00,7915,0.29297497246962767,0.043568111646265
33-3031.00,7918,0.1995459632347432,0.02639438103094002
33-3031.00,7919,0.005665387776448051,0.002573864326484845
33-3031.00,7921,0.029686638200415658,0.0064155599408158345
33-3031.00,7922,0.012686603468503303,0.0033238309406129402
33-3031.00,7923,0.00724936886578268,0.0039952702770141915
33-3031.00,7924,0.07978154537846283,0.025975783441064253
33-3031.00,7926,0.017146446620434522,0.006635711808074417
33-3031.00,7928,0.011767451709018092,0.003974396204292913
33-3031.00,7929,0.038103869807964305,0.006349904849166526
33-3031.00,7930,0.00555764043632613,0.002188144171741056
33-3031.00,7931,0.0028848557656894667,0.0020342713503845597
33-3031.00,7933,0.050203938171059996,0.013429098582270926
33-3031.00,7934,0.005377417363855263,0.0038364356284142213
33-3041.00,7937,0.1740498033836442,0.04141584741795768
33-3041.00,7938,0.11314661986128953,0.046186309514527804
33-3041.00,7939,0.0922345382413626,0.018845505730057117
33-3041.00,7941,0.12316604743296317,0.02560186142549694
33-3041.00,7942,0.04699674579365223,0.008580658245006336
33-3041.00,7943,0.052361885974229805,0.01436613314016559
33-3041.00,7944,0.053006185113561165,0.010640981715246606
33-3041.00,7945,0.08754763533593565,0.013978723246635197
33-3041.00,7946,0.10309758053903874,0.01808374607541655
33-3041.00,7949,0.014675402406470804,0.006301543027130516
33-3041.00,7953,0.06520277207416242,0.018938351429555002
33-3041.00,7954,0.041529627794593654,0.013156369237565217
33-3041.00,7956,0.03298515604909602,0.015614848781144925
33-9011.00,7958,0.055350168336569666,0.0
33-9011.00,7959,0.04388144350752845,0.0
33-9011.00,7960,0.044041223623009246,0.0
33-9011.00,7961,0.07892339132169839,0.0
33-9011.00,7962,0.02364047180000005,0.0
33-9011.00,7963,0.05620517291847374,0.0
33-9011.00,7964,0.08325159012032472,0.0
33-9011.00,7965,0.018534379853286948,0.0
33-9011.00,7966,0.13046413532965323,0.0
33-9011.00,7967,0.044894027885565575,0.0
33-9011.00,7968,0.12200665957442909,0.0
33-9011.00,7969,0.05996829005000546,0.0
33-9011.00,7970,0.16851628808610689,0.0
33-9011.00,7971,0.044060407135589875,0.0
33-9011.00,7972,0.025888692615097998,0.0
33-9011.00,7973,0.00037365784266074164,0.0
37-2021.00,7974,0.25095810394436485,0.024155784478078084
37-2021.00,7975,0.16723403549693494,0.0235199586427738
37-2021.00,7976,0.10853131209442925,0.021825687383749865
37-2021.00,7977,0.05982502931177128,0.009560571647421877
37-2021.00,7978,0.039224996143628996,0.014473420802431533
37-2021.00,7979,0.12566815716805943,0.019811698837782415
37-2021.00,7981,0.015023968960034146,0.00922319057600463
37-2021.00,7982,0.011571662845770775,0.00855738567856745
37-2021.00,7983,0.024874429025813355,0.005920696985348496
37-2021.00,7985,0.023775443274352607,0.0048669057435892825
37-2021.00,7986,0.009340125438046852,0.0028005545922714704
39-2011.00,7988,0.12233263372483182,0.018681734885117582
39-2011.00,7989,0.11258161203551453,0.017902925699099573
39-2011.00,7990,0.03202268482435629,0.008357197195789841
39-2011.00,7991,0.08532788824585265,0.010991857893987786
39-2011.00,7992,0.12005252482643228,0.01453444819657466
39-2011.00,7993,0.21747415965559133,0.02154394593046663
39-2011.00,7995,0.04958207482449897,0.010349806078898462
39-2011.00,7996,0.01820433586890549,0.007826665243862305
39-2011.00,8001,0.05377424570233379,0.018437289060853464
39-2011.00,8002,0.016828569173426438,0.00961177508054548
39-2011.00,8004,0.0007161481901388888,0.0003413475124065427
39-3012.00,8007,0.11712384018818613,0.015703667710505
39-3012.00,8008,0.1027102967345012,0.01811486799173343
39-3012.00,8009,0.072678468958597,0.011169658467791317
39-3012.00,8010,0.052921251943708086,0.012779385306273736
39-3012.00,8011,0.0760246282577755,0.012806098406237225
39-3012.00,8012,0.07252641743659498,0.013370961603711113
39-3012.00,8013,0.022148085679302515,0.005700416274982497
39-3012.00,8014,0.0820306821034894,0.010514332546169122
39-3012.00,8016,0.07131481670002292,0.012619983559116268
39-3012.00,8017,0.03476148864425275,0.0120189953471954
39-3012.00,8018,0.04829896025178313,0.008307550741880441
39-3012.00,8019,0.041219318672852154,0.010257361180840557
39-3012.00,8020,0.03168164820211163,0.009273846821159181
39-3012.00,8023,0.031220849062577515,0.008350224883781352
39-3012.00,8026,0.027853085403962294,0.010148877849261804
39-3021.00,8029,0.14263451846491623,0.0426165601931026
39-3021.00,8030,0.20531046990661292,0.03228593063671381
39-3021.00,8031,0.13868591472106293,0.0320711787001033
39-3021.00,8032,0.0051709288699265206,0.002006291922096385
39-3021.00,8033,0.02053261767256575,0.004055533329233805
39-3021.00,8034,0.07567942346142202,0.02002339497058257
39-3021.00,8039,0.012820030773513165,0.004495376437546153
39-3021.00,8040,0.06276666342361255,0.0074750594589178074
39-3021.00,8041,0.06076740388373967,0.019194226172601594
39-3021.00,8042,0.06601134725200034,0.01568459416631075
39-3021.00,8046,0.0686320001389363,0.020012193894053093
39-3021.00,8047,0.019838702871352115,0.004848685255239933
39-3021.00,8048,0.04446732918789859,0.0130468074901812
39-5011.00,8049,0.12751049982955717,0.016438417947410414
39-5011.00,8050,0.13749023297142643,0.018458523129792195
39-5011.00,8051,0.13990463477812687,0.018703099288022818
39-5011.00,8052,0.10394159153198333,0.018498353581910234
39-5011.00,8053,0.1262820128759365,0.018091232877987813
39-5011.00,8054,0.09083103219501804,0.018346979066072466
39-5011.00,8055,0.0038270289481630365,0.0014544441349890725
39-5011.00,8056,0.059429282993551165,0.013232800562519416
39-5011.00,8057,0.02654770027512409,0.006500179295073644
39-5011.00,8058,0.02870963110529779,0.007867662287281812
39-5011.00,8059,0.02244740296151048,0.00868888429054441
39-5011.00,8060,0.017504346799094798,0.007941230295620156
39-5011.00,8061,0.03220107045474136,0.010935992635261124
39-5011.00,8063,0.051605604422871924,0.016243726637236004
39-5011.00,8065,0.015206628555662825,0.0027982059543403322
39-5011.00,8066,0.007837291630676998,0.004479501081312849
39-5011.00,8067,0.008724007671257179,0.005755025800555606
39-5094.00,8070,0.16503468079529526,0.019380587415825934
39-5094.00,8071,0.11852889156906193,0.022244044346653908
39-5094.00,8072,0.14148353270858263,0.010239336445925578
39-5094.00,8075,0.14284123170263321,0.010649322242333756
39-5094.00,8077,0.1104631560174834,0.016781324656879284
39-5094.00,8078,0.09512623680191093,0.022937109706578467
39-5094.00,8080,0.08210992275822981,0.014380338162138427
39-5094.00,8081,0.06565130825384824,0.022697488671398383
41-4012.00,8113,0.13216346805920748,0.019727886833359347
41-4012.00,8114,0.13250558871263227,0.02414681238405768
41-4012.00,8115,0.06753902546925954,0.017784192408530977
41-4012.00,8116,0.08823048713430201,0.02067530498180986
41-4012.00,8117,0.07088076404259783,0.018823718134492178
41-4012.00,8119,0.08456420451106449,0.02450729184851214
41-4012.00,8120,0.0671782066862264,0.02412932335767392
41-4012.00,8121,0.027886704996341962,0.009996544333463631
41-4012.00,8122,0.08487154416089192,0.016984845855651874
41-4012.00,8126,0.04885512638551785,0.020843770673117566
41-4012.00,8128,0.07929053993161839,0.02447640081665567
41-4012.00,8129,0.05158330759314574,0.01784338773944378
43-4011.00,8145,0.23417323910408386,0.03628404977237474
43-4011.00,8147,0.023410428116924443,0.010146162651025992
43-4011.00,8148,0.07024265907547825,0.02212441268543699
43-4011.00,8149,0.2239917507409848,0.038690564983531385
43-4011.00,8151,0.034863969791497904,0.016947787252636057
43-4011.00,8152,0.016541463270760913,0.006138019710449664
43-4011.00,8153,0.026915722245208763,0.01308880959576759
43-5011.00,8190,0.17614924974829407,0.04409720512487153
43-5011.00,8192,0.10531886136449382,0.03825993430865779
43-5011.00,8195,0.09295725686537118,0.03808405220865724
43-5011.00,8196,0.028344798582499067,0.019240289468378104
43-5011.00,8199,0.03758620341003283,0.019533117322702968
43-5011.00,8201,0.09641651183600362,0.027165587304386594
43-5011.00,8203,0.038603020596833876,0.014937683405825913
43-5053.00,8213,0.09261391366612975,0.019725756702090893
43-5053.00,8214,0.11468194560759032,0.019640724607939374
43-5053.00,8219,0.1903709050234499,0.023610606319196297
43-5053.00,8220,0.01721470683096566,0.008196893653985939
43-5053.00,8221,0.18576548899717238,0.02729792981729003
43-5053.00,8223,0.12584125260680615,0.016539008420903747
43-5053.00,8224,0.021792297547900935,0.008956380011398262
43-5053.00,8226,0.05552035652825239,0.014706114767289767
43-5053.00,8227,0.12670344792088103,0.02459063928086941
43-5053.00,8229,0.03973877606859954,0.01398573574818204
43-5053.00,8230,0.029756909202251856,0.015258814013416859
45-2021.00,8232,0.1266216793367354,0.030393054141265537
45-2021.00,8233,0.09641460255045868,0.016114904676373304
45-2021.00,8234,0.013519651542337046,0.011577352748271885
45-2021.00,8235,0.09797020239353377,0.052740775832692405
45-2021.00,8236,0.03139187661120248,0.021994165011941486
45-2021.00,8237,0.11952875488563738,0.048458059847382516
45-2021.00,8238,0.026457407761495366,0.00925204587131359
45-2021.00,8240,0.0027425220755291383,0.0017848647841410758
45-2021.00,8241,0.009259177765494772,0.004766881967385988
45-2021.00,8245,0.07768717019244804,0.029781458377398557
45-2021.00,8248,0.10388724999036705,0.04608759034626737
45-2021.00,8249,0.07950254047858514,0.022617045941685922
47-2042.00,8253,0.09109205370304405,0.019392604527691645
47-2042.00,8254,0.13321268178256007,0.02163978273117523
47-2042.00,8255,0.061364138117577134,0.011061379799526804
47-2042.00,8256,0.08719987496050421,0.021902615338945653
47-2042.00,8257,0.06465614515745624,0.018086801219883812
47-2042.00,8258,0.06839015137549102,0.026960424650114893
47-2042.00,8259,0.10425638711424284,0.02710468185402575
47-2042.00,8260,0.05152396172035483,0.024913072365203025
47-2042.00,8261,0.15125528767750282,0.04150463694024518
47-2042.00,8263,0.07010257604270857,0.026372771874405107
47-2042.00,8264,0.04536928547343622,0.009831431673850836
47-2042.00,8265,0.035354348179408614,0.011614578227619172
47-2042.00,8266,0.036223108695713414,0.021958554323739294
47-3012.00,8267,0.12545243536597592,0.02121090191011766
47-3012.00,8269,0.05848739097075844,0.014488146689336512
47-3012.00,8270,0.1435752866925429,0.025265388069335953
47-3012.00,8271,0.08363978289214767,0.021544950192099344
47-3012.00,8272,0.04713325934924606,0.011848089201555877
47-3012.00,8273,0.08361406138673082,0.01905496496680542
47-3012.00,8275,0.03328141113023227,0.013581387153479764
47-3012.00,8276,0.06299631223347761,0.02086805213180533
47-3012.00,8277,0.00817254956212378,0.0026209313579773495
47-3012.00,8278,0.04461946461410389,0.020061093451150445
47-3012.00,8279,0.03428692309067562,0.01833919010704763
47-3012.00,8280,0.021305639143271195,0.009321058010909346
47-3012.00,8281,0.01730132368713697,0.011180907124189928
47-3012.00,8282,0.015038042092482199,0.014275224377942236
47-4091.00,8284,0.09009435552385309,0.01881383679400475
47-4091.00,8285,0.07145255622013494,0.01667870322966667
47-4091.00,8286,0.11899753905538606,0.04471632037377607
47-4091.00,8287,0.17021604010339694,0.04782147814472563
47-4091.00,8288,0.054568888423632646,0.01819810360533906
47-4091.00,8289,0.1608907020704055,0.05082261710808152
47-4091.00,8290,0.08038586383640216,0.018101325296809502
47-4091.00,8291,0.05170213304260038,0.02781509258999751
47-4091.00,8292,0.03104501770514864,0.01211422823389629
47-4091.00,8293,0.15672478564037248,0.049606804269263303
47-4091.00,8295,0.013922118378667131,0.005505069042990338
47-5012.00,8296,0.08103053167792067,0.020748580451962605
47-5012.00,8297,0.11648606950985856,0.017965815201889303
47-5012.00,8298,0.0924700799064764,0.016015732387673877
47-5012.00,8299,0.10963828162196172,0.0216932006745057
47-5012.00,8300,0.11773396568005338,0.013368587788225743
47-5012.00,8301,0.09468611224070263,0.011766545743608976
47-5012.00,8302,0.0746167604925967,0.01213023063917343
47-5012.00,8304,0.014292275608892372,0.006814977049795858
47-5012.00,8305,0.06406482696628377,0.016796866427765598
47-5012.00,8306,0.05796713231201882,0.013123272962697058
47-5012.00,8307,0.048410987208879756,0.012555987114987552
47-5012.00,8308,0.028579790187556686,0.006941414881169443
47-5012.00,8309,0.029951040998325528,0.004745852488669323
47-5012.00,8310,0.03269380041048615,0.00871416858474263
47-5012.00,8311,0.019603474903264192,0.007740739009172631
47-5012.00,8312,0.0012155246967597998,0.0005715596929722475
47-5012.00,8313,0.011838881830794455,0.006160235704938454
47-5012.00,8314,0.004720463747168369,0.0018986861849642198
49-3022.00,8318,0.08760819763808,0.018386597453726682
49-3022.00,8320,0.08460688299861194,0.021185333264631817
49-3022.00,8322,0.07502893178749194,0.015548913320246435
49-3022.00,8323,0.062381896020383874,0.018780876469951985
49-3022.00,8324,0.09230980985296887,0.016496380823678596
49-3022.00,8325,0.08226630254318565,0.015055144756203273
49-3022.00,8326,0.04869836739099813,0.0065853366956692
49-3022.00,8327,0.07354479735722058,0.01661134042108291
49-3022.00,8328,0.07281222276416771,0.012408541431760968
49-3022.00,8329,0.03293002423980776,0.009687820644048313
49-3022.00,8330,0.01288568959811998,0.004051952350245647
49-3022.00,8331,0.008070691558042964,0.002407912430474682
49-3022.00,8332,0.010474543473995944,0.0032779452728456293
49-3022.00,8333,0.014427433346854238,0.0036569720099368644
49-3022.00,8334,0.02228625485197167,0.005159635482937861
49-3022.00,8335,0.029211939576651576,0.008055524488730696
49-3052.00,8352,0.07049794597388927,0.01465106075688168
49-3052.00,8353,0.14975293757595068,0.02144617275862323
49-3052.00,8354,0.06792549677765758,0.014948247727996604
49-3052.00,8355,0.11745044808318632,0.018165498108046244
49-3052.00,8356,0.055079850019479674,0.01321597406567063
49-3052.00,8358,0.03461907081967999,0.013816959185768255
49-3052.00,8359,0.11998493639954165,0.01627987654831513
49-3052.00,8360,0.11737162426419524,0.018963754824740907
49-3093.00,8363,0.06396742685133096,0.0061202852186187625
49-3093.00,8364,0.0624943808435551,0.00451612648167964
49-3093.00,8365,0.06766039659251954,0.005742473800461841
49-3093.00,8366,0.04817756754460452,0.005564258525929689
49-3093.00,8368,0.0526773650343021,0.006189594800886063
49-3093.00,8369,0.05566323152400523,0.005962033681544888
49-3093.00,8370,0.057993189314581285,0.006355036125089578
49-3093.00,8371,0.053093114714602097,0.007345683820843629
49-3093.00,8372,0.036265370061585,0.005225503118451954
49-3093.00,8373,0.043156072717566406,0.0059080884434976775
49-3093.00,8374,0.03369715811758888,0.004818945912297735
49-3093.00,8376,0.032558627414295736,0.00534339210307595
49-3093.00,8377,0.01441166910533217,0.002099520409958538
49-3093.00,8378,0.030540226289418045,0.005373540476148553
49-3093.00,8379,0.02454617047655433,0.005162967425068992
49-3093.00,8380,0.021177444885160213,0.005728189840180691
49-3093.00,8381,0.011264437854383554,0.003371247797995194
49-3093.00,8382,0.020923375904820258,0.005157002459684409
49-3093.00,8383,0.02892969175699581,0.006810362788703941
49-3093.00,8385,0.02736301939321009,0.004871606559874692
49-9011.00,8387,0.09165697909887732,0.012425966266892182
49-9011.00,8388,0.06472164945803685,0.00727317266821903
49-9011.00,8389,0.038759743583358444,0.006996604913864825
49-9011.00,8390,0.06538930556397612,0.016831730536955292
49-9011.00,8391,0.11560573505000415,0.01275469982182346
49-9011.00,8392,0.05005363533906816,0.00919651693184369
49-9011.00,8393,0.10754535958873082,0.013141063631223367
49-9011.00,8394,0.05309015768695634,0.006681041687895332
49-9011.00,8395,0.050122210724279116,0.009255726323729913
49-9011.00,8396,0.04932773689909198,0.012141639651629845
49-9011.00,8397,0.043083618090790116,0.004543154612102931
49-9011.00,8399,0.05072266819772626,0.006366543128836239
49-9011.00,8400,0.026944719538404237,0.006509397933031637
49-9011.00,8401,0.027302218396254904,0.004608346259281388
49-9011.00,8402,0.01679394299675067,0.005822608044562292
49-9011.00,8403,0.014146503109300244,0.002074700360193186
49-9011.00,8404,0.023175045537277707,0.006690403523340276
49-9011.00,8407,0.04707069777368452,0.015807001938386932
49-9011.00,8409,0.021532920292545193,0.008735126212800436
49-9011.00,8410,0.008619574798807698,0.0029085247083201547
49-9051.00,8412,0.11513989265408815,0.020309734754225643
49-9051.00,8413,0.049007437320493404,0.01072235341421789
49-9051.00,8414,0.08382756958706035,0.014953107642732763
49-9051.00,8415,0.03139530773392075,0.00858920773110139
49-9051.00,8416,0.05457363667729434,0.005587232064979398
49-9051.00,8417,0.02890533681365264,0.006919093720317011
49-9051.00,8418,0.11556057986305761,0.010662834582742598
49-9051.00,8419,0.08016187094797592,0.012820787083301434
49-9051.00,8420,0.05695634332091085,0.010791490139038898
49-9051.00,8421,0.04024008913272258,0.007208858870904601
49-9051.00,8422,0.02157513185300727,0.005152336534975702
49-9051.00,8423,0.041787018640421614,0.012448374471810549
49-9051.00,8425,0.05730937886007955,0.01777230524263168
49-9051.00,8426,0.046530729565936506,0.010257569333112415
49-9051.00,8427,0.06206569914682509,0.017175834374886255
49-9051.00,8429,0.027161435639015595,0.0052753888689717
49-9051.00,8430,0.012895935519972604,0.002765264131983948
49-9051.00,8431,0.023916247062380415,0.006809251194826456
49-9051.00,8432,0.029096066260645148,0.006176417865762873
49-9051.00,8433,0.012130981782392306,0.007733301998549464
49-9051.00,8434,0.009763311618147353,0.006998441104850961
49-9061.00,8435,0.08037944986726143,0.014566001674044576
49-9061.00,8436,0.13518923272878877,0.015425022592039062
49-9061.00,8437,0.13713305711159934,0.02001189861469849
49-9061.00,8438,0.1272093812777564,0.019182851726345408
49-9061.00,8439,0.05136460602321328,0.010885961061585101
49-9061.00,8440,0.11430843508598076,0.01812527500974862
49-9061.00,8441,0.06479840274341879,0.011960297955032456
49-9061.00,8442,0.0651276423305877,0.013975912462840774
49-9061.00,8443,0.06746169906573349,0.013262927179369319
49-9061.00,8444,0.02338526837290688,0.010176180197512553
49-9061.00,8445,0.04631796360359508,0.013593927321628646
49-9061.00,8447,0.01742644558199667,0.00722996260817206
49-9061.00,8448,0.004138959922970993,0.0016951704947940143
49-9061.00,8449,0.0016336753095082277,0.001169809277367164
51-1011.00,8450,0.09783857674707314,0.012219525428557646
51-1011.00,8451,0.09174483091807487,0.010864510036902326
51-1011.00,8452,0.11217674606450743,0.017414015676308923
51-1011.00,8453,0.05425215539556567,0.005699271558794893
51-1011.00,8454,0.07003939514374759,0.010974753993442419
51-1011.00,8455,0.08573741685287573,0.012915169909652933
51-1011.00,8457,0.07777123601971289,0.009801506399212328
51-1011.00,8458,0.05160614076285268,0.006654017137104818
51-1011.00,8459,0.07521433764173023,0.013508131096487186
51-1011.00,8460,0.03926893645808811,0.007117441219315671
51-1011.00,8461,0.03230694417643545,0.005349663170998606
51-1011.00,8462,0.0175795262637349,0.0025329991906987933
51-1011.00,8463,0.030003361301560512,0.0047790666432409815
51-1011.00,8465,0.021049616632584228,0.004154499951489905
51-1011.00,8466,0.03956199177699572,0.006431901720293614
51-1011.00,8467,0.01842500426118053,0.00887382390252475
51-2092.00,8468,0.13536796790211486,0.03323015677294664
51-2092.00,8469,0.0721552063050961,0.01617541021779502
51-2092.00,8472,0.10282529690825108,0.027182223785953953
51-4021.00,8473,0.15264378375830978,0.015950792399142825
51-4021.00,8474,0.07402478504513738,0.012404073165042441
51-4021.00,8475,0.055439560720126554,0.015480673657685275
51-4021.00,8476,0.07467392763844267,0.0157653376448083
51-4021.00,8477,0.10011197356459382,0.01805948176729901
51-4021.00,8478,0.031104656196892816,0.009772035495171489
51-4021.00,8479,0.11633025664035997,0.03024556877132574
51-4021.00,8480,0.07383517762051003,0.017294763400672
51-4021.00,8481,0.11133806862988486,0.011219719980930363
51-4021.00,8485,0.03567069540414516,0.011327298864587214
51-4021.00,8486,0.06411385578844919,0.026735515095474515
51-4021.00,8487,0.05676019031859377,0.012277648871079464
51-4021.00,8488,0.053953068674554024,0.014894368291982317
51-4111.00,8489,0.08053446515389372,0.016618494342228615
51-4111.00,8490,0.15578416060319059,0.015291945991830128
51-4111.00,8491,0.07378315615297702,0.012519507400014736
51-4111.00,8492,0.09510547174626967,0.017506344485354514
51-4111.00,8493,0.047489942956519086,0.010758056225889923
51-4111.00,8495,0.03535272160995403,0.012856640414423236
51-4111.00,8496,0.048131362134867364,0.009300864676215126
51-4111.00,8497,0.04472407424977363,0.009468387421388717
51-4111.00,8498,0.07990225899866579,0.010715426492500237
51-4111.00,8499,0.05785534948485404,0.010603710635252625
51-4111.00,8500,0.05109883436841185,0.016509430993940383
51-4111.00,8501,0.0384143925077543,0.010475540043759874
51-4111.00,8502,0.04530028523518364,0.009787746077365652
51-4111.00,8503,0.03940808647026985,0.009059811165771474
51-4111.00,8504,0.01964418015471113,0.008598639998864973
51-4111.00,8505,0.015331282963892065,0.0064743056936165935
51-8011.00,8506,0.04320751440643283,0.004744230937116584
51-8011.00,8507,0.05074754782983651,0.005025874485398361
51-8011.00,8508,0.1816436715115671,0.00781210100702051
51-8011.00,8509,0.027018468249081298,0.004657060049020539
51-8011.00,8510,0.052235061750969154,0.005309357801521665
51-8011.00,8511,0.16270067232876737,0.00898716853499408
51-8011.00,8512,0.08555669370876566,0.0067252323850024035
51-8011.00,8513,0.06692677836327365,0.0074677612171520445
51-8011.00,8514,0.00019514679348410082,0.0001135701528315026
51-8011.00,8515,0.021399444846435394,0.003919166812662356
51-8011.00,8516,0.00497121236394597,0.003157273436641941
51-8011.00,8517,0.020427459013697847,0.003958241504170261
51-9193.00,8542,0.08146312016197921,0.022338846428027585
51-9193.00,8543,0.17416442114007075,0.018723255659374806
51-9193.00,8544,0.1748644371480766,0.029355526523766905
51-9193.00,8545,0.10437841370654596,0.021761374852564234
51-9193.00,8546,0.033709912637748966,0.004088569157831986
51-9193.00,8547,0.0908086429787459,0.01927917287778614
51-9193.00,8548,0.07918119050274951,0.019690684404967258
51-9193.00,8552,0.07165000278634444,0.03096051870112314
51-9193.00,8553,0.10378575700969324,0.02520127973434311
51-9193.00,8559,0.04461029978301357,0.021162977451638306
51-9193.00,8560,0.04138380214503194,0.021787116419382305
53-1042.00,8561,0.07126500440892293,0.019007325483462952
53-1042.00,8562,0.0854956317715747,0.0168300236656897
53-1042.00,8563,0.07819192808222311,0.01663211265562529
53-1042.00,8564,0.09789876022198415,0.019398515446083064
53-1042.00,8565,0.046983049963011794,0.01681139793299814
53-1042.00,8566,0.04279972741990056,0.008439397167613251
53-1042.00,8567,0.04348295245607722,0.014922482656964223
53-1042.00,8568,0.006323588633766866,0.003155275378500375
53-1042.00,8569,0.07460509122816296,0.020030360944217316
53-1042.00,8570,0.021517079178113123,0.006077478025191891
53-1042.00,8571,0.009010920832688183,0.002203764864754591
53-1042.00,8572,0.03160809128307847,0.013832967111550068
53-1042.00,8573,0.04565300032711695,0.015263461733462965
53-1042.00,8574,0.033360309379773724,0.01371939816407441
53-1042.00,8575,0.011885568894097902,0.005280345321595114
53-1042.00,8576,0.02582333488352298,0.013718587508577004
53-1042.00,8577,0.048169000563668504,0.015618890334664652
53-1042.00,8579,0.057474898964446984,0.01750452000866487
53-1042.00,8580,0.011459285224006778,0.004272663166629133
53-1042.00,8581,0.016459309611873283,0.004493310704386067
53-1042.00,8582,0.005124570519521321,0.0018269445112826285
53-1042.00,8583,0.027366385960294677,0.012866191394868885
53-1043.00,8584,0.08139777891144069,0.015583452912467238
53-1043.00,8585,0.07012898487814918,0.019641862954588796
53-1043.00,8586,0.07849434370320782,0.009627259013279701
53-1043.00,8588,0.08696935593126355,0.013988960309652763
53-1043.00,8589,0.07553063796172725,0.020011273134435716
53-1043.00,8591,0.04224717333413401,0.012946828046228561
53-1043.00,8592,0.03866354174726432,0.007276475151742228
53-1043.00,8593,0.054103628951303294,0.014549138907360436
53-1043.00,8594,0.03647203801129513,0.01201560457950697
53-1043.00,8595,0.0394931584467466,0.010798189069719081
53-1043.00,8596,0.015717246982163334,0.003053708835959319
53-1043.00,8597,0.05094013317229482,0.017361822744344498
53-1043.00,8599,0.03598196556361801,0.006626721981967269
53-1043.00,8600,0.028911597671263275,0.009441846553683823
53-1043.00,8601,0.05915387475397922,0.02007890573703934
53-1043.00,8602,0.04747755614438122,0.019338938089876866
53-1043.00,8603,0.062026086281022824,0.017203126190715796
53-1043.00,8605,0.04412148376575224,0.012598088231170226
53-3011.00,8606,0.16266338444685063,0.039914574167465425
53-3011.00,8607,0.16906911249878764,0.04100899377433398
53-3011.00,8608,0.1546978159851256,0.041760053266501784
53-3011.00,8609,0.13241398337380045,0.03978868304509279
53-3011.00,8611,0.17125719100062567,0.04950899509368776
53-3011.00,8612,0.08068148088681716,0.026178000990253324
53-3011.00,8613,0.07522082564257083,0.03910429851858633
53-3011.00,8614,0.005655051967395645,0.0021501033426182575
53-3033.00,8615,0.17972038879220034,0.023433283450179896
53-3033.00,8616,0.0601533929214889,0.011959810340897296
53-3033.00,8617,0.061441721924311514,0.01308085158952746
53-3033.00,8618,0.06011154843749002,0.014738994439639247
53-3033.00,8619,0.1263976947885686,0.018000837745465823
53-3033.00,8620,0.12123755435437453,0.023647126645835858
53-3033.00,8621,0.05258621478102698,0.016435864420358624
53-3033.00,8622,0.06149551380616909,0.01436045072319437
53-3033.00,8623,0.13580128418796392,0.022105006326843552
53-3033.00,8624,0.04114824753014061,0.011042634681581683
53-3033.00,8626,0.06633448672346136,0.01980348234672819
53-3033.00,8628,0.021326002463398008,0.006058295253516137
53-3033.00,8629,0.012245949289406095,0.008915891059235787
53-6041.00,8630,0.07904237885107633,0.020916175114444414
53-6041.00,8631,0.06305833324359815,0.03490353959165364
53-6041.00,8632,0.14478693004950846,0.044990758116394095
53-6041.00,8633,0.11665125951758924,0.05357082855547388
53-6041.00,8636,0.05855136335178565,0.029946263624144636
53-6041.00,8637,0.01551935081688036,0.00938826667213577
53-6041.00,8639,0.12404566210397928,0.03904835089771984
53-6041.00,8640,0.03546222359613092,0.017531444339673508
53-6041.00,8641,0.06470219064248611,0.032786057755814696
53-6041.00,8642,0.07131865693521466,0.031235231006860816
53-6041.00,8644,0.05939905974019974,0.04208836725694523
53-6041.00,8645,0.06332696767653659,0.03006914816915405
53-6041.00,8646,0.06862909090265294,0.043538013235213745
53-6041.00,8648,0.018915700634457477,0.008263494416462952
27-3092.00,8653,0.1442040639784042,0.0223255424510828
27-3092.00,8654,0.07971971187647352,0.027009858064593346
27-3092.00,8655,0.12756148322540553,0.02741299770280517
27-3092.00,8656,0.09244198795841291,0.02573147854341626
27-3092.00,8657,0.062514860978426,0.020633153889075426
27-3092.00,8658,0.022405652592903485,0.0062916580886785
27-3092.00,8659,0.10964992986074097,0.024204116357429546
27-3092.00,8660,0.02986844676867846,0.017265528294841796
27-3092.00,8661,0.05292847629117203,0.015638385531445448
27-3092.00,8662,0.04743224956151598,0.01677966545192527
25-3021.00,8664,0.08801516066523422,0.014243926350046813
25-3021.00,8665,0.03846726363402819,0.011373399923500742
25-3021.00,8666,0.09739915284870367,0.021056923053789086
25-3021.00,8667,0.07792363404063547,0.013582346833096398
25-3021.00,8668,0.12375770345216362,0.026840880312510862
25-3021.00,8669,0.07354342813532078,0.017691229703864043
25-3021.00,8671,0.07851301499071416,0.01737165634908586
25-3021.00,8672,0.055895282781498745,0.013829672012284085
25-3021.00,8673,0.07513837957600797,0.02030870596465695
25-3021.00,8674,0.03291351533751961,0.010734813546802538
25-3021.00,8675,0.02894108175287035,0.009335602778933225
25-3021.00,8676,0.05165263594617585,0.020602934439786058
25-3021.00,8677,0.002608245207807327,0.0009796891064714416
25-3021.00,8678,0.012166147615233498,0.0071721631696050805
25-3021.00,8680,0.016228634635194326,0.0076977893029493896
25-3021.00,8681,0.018505350983346987,0.009483924469824937
25-3021.00,8682,0.0028046938484191705,0.0014539606108766403
25-3021.00,8683,0.012873460943635059,0.006319801999113274
25-3021.00,8684,0.006258453084225331,0.0029896869371572026
25-3021.00,8686,0.006195129283694862,0.0024635947129370487
25-3021.00,8687,0.0329722316766722,0.011770879855407104
25-3021.00,8688,0.0030842005978746465,0.0022483237771794536
25-3021.00,8690,0.03539364555934068,0.01227545031057318
25-3021.00,8691,0.017995854784178034,0.012168915209754454
25-3021.00,8692,0.01075369861950529,0.005301333802842005
39-5092.00,8748,0.08209135522836832,0.010374146803907445
39-5092.00,8749,0.054920917543845184,0.011780051677720626
39-5092.00,8750,0.0770945659772479,0.005867765580149692
39-5092.00,8752,0.08413568409634413,0.005157012596396721
39-5092.00,8753,0.08208359206206794,0.00568878985142532
39-5092.00,8754,0.06197933382313115,0.007548869905348988
39-5092.00,8758,0.057071173891356124,0.009238921159208558
39-5092.00,8760,0.051188986358790635,0.011409743247589086
39-5092.00,8761,0.025751357891901992,0.01198507380644254
39-5092.00,8763,0.05296433862552563,0.01323215845527804
39-5092.00,8765,0.030224308636762943,0.011545387194977795
47-2022.00,8768,0.11346557355983361,0.036297146053761234
47-2022.00,8769,0.135222621570613,0.02874192982844061
47-2022.00,8770,0.11507985617676587,0.025803919844214904
47-2022.00,8771,0.23730134243709913,0.040572862679868996
47-2022.00,8772,0.12648938852261313,0.032909317769380386
47-2022.00,8773,0.04290031768870819,0.02233058831553171
47-2022.00,8774,0.031256464513485294,0.010002626010106147
47-2022.00,8775,0.062234211186884755,0.020475174323950785
47-2022.00,8776,0.05146418253396896,0.0313666801141038
47-2022.00,8777,0.01515068416923801,0.005230410630908658
47-2022.00,8778,0.012052918410556404,0.0033144236040783728
47-2022.00,8779,0.0435965322856872,0.013177575246563662
47-2022.00,8780,0.013785906944546466,0.0051725897585960185
51-3021.00,8783,0.20842033031212398,0.020593591560398673
51-3021.00,8784,0.22535914645341318,0.022406779887735144
51-3021.00,8785,0.09657043815223912,0.012166200331908121
51-3021.00,8786,0.18060227761117675,0.016342341714513042
51-3021.00,8787,0.050380381980230045,0.011147356750772235
51-3021.00,8788,0.06039740661125697,0.010442697000990668
51-3021.00,8789,0.03659330657128763,0.008907594743652903
51-3021.00,8790,0.07170223748092407,0.013473075051759025
51-3021.00,8791,0.0317308395823771,0.009400475983384272
51-3021.00,8792,0.019648861945041233,0.008548191454617436
51-3021.00,8793,0.018594773299929895,0.0055931979847846916
51-3022.00,8795,0.16582741328476,0.01984203670220298
51-3022.00,8796,0.10418963814228897,0.02449944407302291
51-3022.00,8797,0.1720340754043937,0.02357383506986502
51-3022.00,8799,0.16279411745554587,0.018639476891072863
51-3022.00,8800,0.046722659705075185,0.023012186620131214
51-3022.00,8801,0.1167612496516612,0.02535814660235295
51-3022.00,8803,0.0897562786344189,0.021704768337686555
51-3022.00,8804,0.12164119528437044,0.021374042732849517
51-3022.00,8807,0.020273372437485716,0.007639747270951735
11-1011.00,8823,0.05422730325425434,0.020171153205776587
11-1011.00,8824,0.05565286745418049,0.015249558685218538
11-1011.00,8825,0.06233739085730657,0.015629435892305078
11-1011.00,8826,0.10335429586706338,0.023032795327438897
11-1011.00,8827,0.03596200120174755,0.020073659622770152
11-1011.00,8828,0.10921830328095236,0.0262066381915806
11-1011.00,8830,0.10118520526240204,0.02004447435092979
11-1011.00,8832,0.011769090942229308,0.003694599028129827
11-1011.00,8833,0.010495492772602769,0.005440956850646098
11-1011.00,8834,0.050702104522904856,0.013164444497154927
11-1011.00,8835,0.041018618713407465,0.014802535616009563
11-1011.00,8836,0.04277740966026253,0.016827731493565805
11-1011.00,8837,0.035143645554100565,0.018285589104059845
11-1011.00,8838,0.03034407350007103,0.016041507925582857
11-1011.00,8839,0.03656533580731194,0.012619075802254456
11-1011.00,8840,0.059401672683464184,0.019665270770572583
11-1011.00,8843,0.07777160237344553,0.022581943078903273
11-1011.00,8844,0.003379426854713403,0.001663244616106713
11-1011.00,8845,0.022673850267253385,0.011640476257688914
11-1011.00,8848,0.02614225247472803,0.012276330894090262
11-1011.00,8849,0.009655626000857263,0.0035885745561356442
11-1011.00,8853,0.005973763278345091,0.0028092963139478497
11-3031.01,8855,0.0013440039157110598,0.0
11-3031.01,8856,0.010527950699926385,0.0
11-3031.01,8857,0.08729646864678578,0.0
11-3031.01,8858,0.12670062738859508,0.0
11-3031.01,8859,0.05847890104611584,0.0
11-3031.01,8860,0.004780745700706215,0.0
11-3031.01,8861,0.2197494074619639,0.0
11-3031.01,8863,0.025676681516166096,0.0
11-3031.01,8864,0.06096117347616088,0.0
11-3031.01,8865,0.01650965390779852,0.0
11-3031.01,8866,0.004424907964407289,0.0
11-3031.01,8867,0.017048953302564392,0.0
11-3031.01,8868,0.016472299422630985,0.0
11-3031.01,8869,0.03797352255529665,0.0
11-3031.01,8870,0.055790891378223434,0.0
11-3031.01,8871,0.006992018969842703,0.0
11-3031.01,8872,0.1088869900307331,0.0
11-3031.01,8873,0.012891561019143159,0.0
11-3031.01,8874,0.0008072005703180323,0.0
11-3031.01,8875,0.0012366866196552055,0.0
13-1041.06,8912,0.10140388600335508,0.0
13-1041.06,8913,0.06569904237829602,0.0
13-1041.06,8915,0.06052813948660883,0.0
13-1041.06,8916,0.04355359442067277,0.0
13-1041.06,8917,0.08626284135413272,0.0
13-1041.06,8918,0.04667670864922762,0.0
13-1041.06,8919,0.09301212570047566,0.0
13-1041.06,8920,0.056471649364046146,0.0
13-1041.06,8921,0.07345005251026593,0.0
13-1041.06,8922,0.0026834627378802605,0.0
13-1041.06,8923,0.068282712422286,0.0
13-1041.06,8924,0.06070205075431098,0.0
13-1041.06,8925,0.04187816843740165,0.0
13-1041.06,8926,0.04835183878808271,0.0
13-1041.06,8927,0.022717539226512123,0.0
13-1041.06,8928,0.04059434290226553,0.0
13-1041.06,8929,0.003513913345333928,0.0
13-1041.06,8930,0.015892087009633335,0.0
13-1041.06,8931,0.014631155214618026,0.0
13-1081.00,8932,0.12327599962501759,0.0
13-1081.00,8933,0.12705970101669237,0.0
13-1081.00,8934,0.09283685736772784,0.0
13-1081.00,8935,0.03603183466660473,0.0
13-1081.00,8936,0.06814782000310907,0.0
13-1081.00,8937,0.020189564893072685,0.0
13-1081.00,8938,0.02016628638273465,0.0
13-1081.00,8939,0.07606510565554798,0.0
13-1081.00,8940,0.030069449780945102,0.0
13-1081.00,8941,0.038925349730293345,0.0
13-1081.00,8942,0.05367182456338064,0.0
13-1081.00,8943,0.039877268815614715,0.0
13-1081.00,8944,0.029302207509572194,0.0
13-1081.00,8945,0.017908915254877887,0.0
13-1081.00,8946,0.009869383476546718,0.0
13-1081.00,8947,0.006908919828174501,0.0
13-1081.00,8948,0.049111170500288855,0.0
13-1081.00,8949,0.02785932309551323,0.0
13-1081.00,8950,0.045534476290381584,0.0
13-1081.00,8951,0.013674774759159031,0.0
13-1081.00,8952,0.02811120819753591,0.0
15-2041.00,8953,0.07054266068838,0.0
15-2041.00,8954,0.0852384670953077,0.0
15-2041.00,8955,0.0761592245293397,0.0
15-2041.00,8956,0.11708508452737247,0.0
15-2041.00,8957,0.0893319371372993,0.0
15-2041.00,8958,0.06747679702998258,0.0
15-2041.00,8959,0.08008693607704828,0.0
15-2041.00,8960,0.015857242152989646,0.0
15-2041.00,8961,0.03681198251841473,0.0
15-2041.00,8963,0.015054104852792701,0.0
15-2041.00,8964,0.011112445013898678,0.0
15-2041.00,8965,0.08425817032913731,0.0
15-2041.00,8966,0.057484129356605684,0.0
15-2041.00,8967,0.024271920044706314,0.0
17-2031.00,8968,0.023392275054294382,0.0
17-2031.00,8970,0.011193572270021337,0.0
17-2031.00,8972,0.013349051447194858,0.0
17-2031.00,8973,0.10548901300647916,0.0
17-2031.00,8975,0.07503048443768522,0.0
17-2031.00,8979,0.05708069165794245,0.0
17-2031.00,8980,0.01761494021962772,0.0
17-2111.02,8982,0.15350585992343047,0.0
17-2111.02,8983,0.12158392757409547,0.0
17-2111.02,8984,0.1525517409881134,0.0
17-2111.02,8986,0.02275453183052503,0.0
17-2111.02,8988,0.03459850679671676,0.0
17-2111.02,8989,0.09605248990939558,0.0
17-2111.02,8990,0.029307336796436184,0.0
17-2111.02,8991,0.004185885303293035,0.0
17-2111.02,8992,0.01475310177902529,0.0
17-2111.02,8993,0.06013016933664387,0.0
17-2111.02,8994,0.013073317329678005,0.0
17-2131.00,9001,0.055302699165580435,0.0
17-2131.00,9002,0.05351256677733355,0.0
17-2131.00,9003,0.08520319593699903,0.0
17-2131.00,9004,0.07376695532270794,0.0
17-2131.00,9005,0.0766154043593004,0.0
17-2131.00,9006,0.06324223335745878,0.0
17-2131.00,9007,0.044809781909497665,0.0
17-2131.00,9008,0.09137555082865148,0.0
17-2131.00,9009,0.04013723975619484,0.0
17-2131.00,9010,0.03696015573761639,0.0
17-2131.00,9011,0.003039627813589958,0.0
17-2131.00,9012,0.03097789377278138,0.0
17-2131.00,9013,0.04623497353579077,0.0
17-2131.00,9014,0.04884958150936256,0.0
17-2131.00,9015,0.0628236903554757,0.0
17-2131.00,9016,0.019632481516746226,0.0
17-2131.00,9017,0.0492456174587606,0.0
17-2131.00,9018,0.03010573289592054,0.0
17-2131.00,9019,0.030404340045315444,0.0
17-2131.00,9020,0.03322936429834057,0.0
19-1013.00,9021,0.11774277697980219,0.0
19-1013.00,9022,0.1020526695363601,0.0
19-1013.00,9023,0.10204014868967261,0.0
19-1013.00,9024,0.0391491284755298,0.0
19-1013.00,9025,0.036877148341866804,0.0
19-1013.00,9026,0.03794482604142384,0.0
19-1013.00,9027,0.04339591399799513,0.0
19-1013.00,9028,0.029698349122014567,0.0
19-1013.00,9029,0.014554897657875166,0.0
19-1013.00,9030,0.024058598372681112,0.0
19-1013.00,9031,0.01621685564579456,0.0
19-1013.00,9033,0.03114518530437396,0.0
19-1013.00,9034,0.05329762185003216,0.0
19-1013.00,9035,0.07541314385733405,0.0
19-1013.00,9036,0.03291365022418528,0.0
19-1013.00,9037,0.01931603270600562,0.0
19-1013.00,9038,0.024246277570215958,0.0
19-1013.00,9039,0.006889783330543436,0.0
19-1013.00,9040,0.008465170434859007,0.0
19-1013.00,9041,0.006280206753394395,0.0
19-2021.00,9068,0.048800955877607716,0.0
19-2021.00,9069,0.10572521303329316,0.0
19-2021.00,9070,0.05221883257494081,0.0
19-2021.00,9074,0.025670588837724707,0.0
19-2021.00,9076,0.030750902496081752,0.0
19-2021.00,9078,0.016305342687737197,0.0
19-2021.00,9079,0.005170210241749413,0.0
19-2021.00,9083,0.020068026648943086,0.0
19-2032.00,9085,0.06930910967192709,0.0
19-2032.00,9086,0.0404192105092672,0.0
19-2032.00,9087,0.08200137209786464,0.0
19-2032.00,9089,0.06443268838763609,0.0
19-2032.00,9090,0.06179049686348916,0.0
19-2032.00,9091,0.060685627536569385,0.0
19-2032.00,9092,0.06882032221358268,0.0
19-2032.00,9093,0.050523788144074565,0.0
19-2032.00,9094,0.06192757960382113,0.0
19-2032.00,9097,0.08610629962831694,0.0
19-2032.00,9098,0.08145730715978322,0.0
19-2032.00,9099,0.05132711235618203,0.0
19-2043.00,9100,0.05125376714888062,0.0
19-2043.00,9102,0.1614072348927413,0.0
19-2043.00,9103,0.01742629411939779,0.0
19-2043.00,9104,0.0432405862219931,0.0
19-2043.00,9105,0.0418431263980629,0.0
19-2043.00,9106,0.0340495028742995,0.0
19-2043.00,9107,0.08334426833060267,0.0
19-2043.00,9108,0.07022886514984744,0.0
19-2043.00,9109,0.006861839273272762,0.0
19-2043.00,9110,0.017093371605019815,0.0
19-2043.00,9111,0.03482112341084222,0.0
19-2043.00,9112,0.04523421912650719,0.0
19-2043.00,9113,0.02241762490626196,0.0
19-2043.00,9114,0.00869171936840678,0.0
19-2043.00,9115,0.10718590401432425,0.0
19-2043.00,9116,0.044112406840835575,0.0
19-2043.00,9117,0.0037009433607556037,0.0
19-2043.00,9118,0.006861839273272762,0.0
19-2043.00,9119,0.03650221768416957,0.0
19-2043.00,9120,0.009786744505976507,0.0
19-2043.00,9121,0.006025131818539807,0.0
19-2043.00,9122,0.008887053466417544,0.0
19-2043.00,9123,0.008237770533218555,0.0
21-1013.00,9184,0.19519350175994934,0.022536722647200982
21-1013.00,9185,0.15519143722693066,0.022189786474582487
21-1013.00,9186,0.16383297482382725,0.02346271811245967
21-1013.00,9187,0.13473181249545388,0.017297889747534705
21-1013.00,9188,0.13963455538506725,0.021879112255001457
21-1013.00,9190,0.014337463768509908,0.003930906384911999
21-1013.00,9191,0.025070537485003288,0.011817992628551058
21-1013.00,9194,0.042638649308212886,0.010406899894343248
21-1013.00,9195,0.007610610911547985,0.003594742818632104
21-1013.00,9196,0.0035158960365262184,0.0014301380581083374
21-1013.00,9197,0.01057021668867643,0.004422646965338873
21-1013.00,9199,0.0008383403290084141,0.0007553009749197305
21-1015.00,9200,0.10268012475510536,0.013584447398862252
21-1015.00,9201,0.09836843302255145,0.016531964011213394
21-1015.00,9202,0.18268208876534173,0.02565821862812318
21-1015.00,9203,0.021488135996116903,0.0037072617792661927
21-1015.00,9204,0.06450569264484042,0.009784550916668123
21-1015.00,9205,0.06168686057267112,0.009575940939422059
21-1015.00,9206,0.08526506292425676,0.012789891550118651
21-1015.00,9207,0.05474285089538123,0.010345952247837215
21-1015.00,9208,0.061190677172786534,0.007387048099008801
21-1015.00,9209,0.027496593903786955,0.005387926409118471
21-1015.00,9210,0.020179687938985568,0.005794672166047455
21-1015.00,9211,0.010285883296650975,0.003123674745049318
21-1015.00,9212,0.05759878771880524,0.009919731768492384
21-1015.00,9213,0.02846525849550036,0.006264282054110433
21-1015.00,9214,0.022156924953275026,0.00470442307466555
21-1091.00,9216,0.16142319499056726,0.03613717067841588
21-1091.00,9217,0.07612339026014056,0.03329539303022961
21-1091.00,9218,0.11864916807777187,0.017674815251725758
21-1091.00,9220,0.032852603729409284,0.013944622299865301
21-1091.00,9221,0.05397037834847098,0.02027757333866233
21-1091.00,9222,0.13623496632950008,0.0465265118805779
21-1091.00,9223,0.11825593411145315,0.0294937240914404
21-1091.00,9224,0.04474835784387315,0.017690710400118343
21-1091.00,9225,0.04818694732402797,0.017736506099942505
21-1091.00,9226,0.02760270144736207,0.015039868350346357
21-1091.00,9227,0.019980781648598334,0.00989882937936175
21-1091.00,9228,0.058899299581545723,0.019349280436008774
21-1091.00,9229,0.03342112015346391,0.020480333510763695
23-2093.00,9230,0.10096351976974928,0.015044203478407448
23-2093.00,9231,0.13449323199744312,0.01469616565504318
23-2093.00,9232,0.08693013868621974,0.016592395979373627
23-2093.00,9233,0.1065716965146873,0.0203237099450654
23-2093.00,9234,0.1044306200842163,0.015182221812415311
23-2093.00,9235,0.10122889376612229,0.01542645123033726
23-2093.00,9236,0.04590506007280305,0.010444550647324437
23-2093.00,9237,0.058794192216562284,0.013279304892926076
23-2093.00,9238,0.04475585066045576,0.011431507684111816
23-2093.00,9240,0.07969868979670076,0.01801058788342282
23-2093.00,9241,0.05960483046448321,0.015111939957138089
23-2093.00,9242,0.014565455235424046,0.005825185748202218
23-2093.00,9243,0.03593030265756455,0.011135521212217152
23-2093.00,9245,0.009472449695565592,0.004175274658634339
23-2093.00,9246,0.016655068382002692,0.0068489601688526604
27-1012.00,9247,0.19582282526747524,0.0
27-1012.00,9248,0.13472066604763547,0.0
27-1012.00,9250,0.20845996472602904,0.0
27-1012.00,9251,0.08557690363413974,0.0
27-1012.00,9252,0.05652559281536687,0.0
27-1012.00,9253,0.05938794544655029,0.0
27-1012.00,9254,0.018465552150020017,0.0
27-1012.00,9255,0.016931579956814744,0.0
27-1012.00,9256,0.018647269925078307,0.0
27-1012.00,9257,0.0460857099899335,0.0
27-1012.00,9258,0.07391350399869943,0.0
27-1012.00,9259,0.011370874368927671,0.0
27-1012.00,9260,0.01940886176486604,0.0
27-1012.00,9261,0.013345971926333081,0.0
27-1026.00,9262,0.04783747522926231,0.028313299117339142
27-1026.00,9263,0.10224955527226223,0.028357955746390585
27-1026.00,9264,0.08988290077813638,0.019909557578203507
27-1026.00,9265,0.06249434834796379,0.01944155697638569
27-1026.00,9266,0.025077662539046933,0.015177562303793553
27-1026.00,9267,0.04401014529909064,0.008267599475043116
27-1026.00,9268,0.0411028971054758,0.014372132024679237
27-1026.00,9269,0.05284170405967803,0.014674321262963358
27-1026.00,9270,0.028958825206972256,0.012686454549801563
27-1026.00,9271,0.03624370591578548,0.015374556817073287
27-1026.00,9272,0.04303888926720043,0.017292254259849454
27-1026.00,9273,0.05797240972965761,0.021274265508864826
27-1026.00,9275,0.0450306922697232,0.015164621841489026
27-1026.00,9276,0.0028730077345731726,0.0016589841171738852
27-1026.00,9277,0.02819906108333608,0.008599523195696951
27-1026.00,9279,0.006899720836467364,0.0026534554701610493
27-1026.00,9280,0.006412039794384753,0.0028311167657259248
27-1026.00,9281,0.031090336175169552,0.015164932269520625
27-1026.00,9282,0.006490724353081122,0.002359778582558395
27-1027.00,9284,0.052159489961355984,0.0
27-1027.00,9285,0.016581833276255845,0.0
27-1027.00,9286,0.12078414680751938,0.0
27-1027.00,9287,0.05498022746519471,0.0
27-1027.00,9288,0.013594613916265532,0.0
27-1027.00,9289,0.10171000245749082,0.0
27-1027.00,9290,0.02456719405021654,0.0
27-1027.00,9291,0.01445544306393335,0.0
27-1027.00,9292,0.018948254008488,0.0
27-1027.00,9293,0.05190687619642384,0.0
27-1027.00,9294,0.05153181087863002,0.0
27-1027.00,9295,0.012413605941153387,0.0
27-1027.00,9296,0.044428015022451924,0.0
27-1027.00,9297,0.06382096698951314,0.0
27-1027.00,9298,0.029533324198608248,0.0
27-1027.00,9299,0.0025529703839659583,0.0
27-1027.00,9300,0.06986924104985343,0.0
27-1027.00,9301,0.009581875741324656,0.0
27-1027.00,9302,0.038408126607686346,0.0
27-1027.00,9303,0.05254809055126715,0.0
27-1027.00,9304,0.016635529031973798,0.0
27-1027.00,9305,0.04599819496508871,0.0
27-1027.00,9306,0.05657908844200771,0.0
27-1027.00,9307,0.014602928768292854,0.0
27-1027.00,9308,0.009289275306454145,0.0
27-1027.00,9309,0.0038450084628206967,0.0
27-1027.00,9310,0.008673866455763832,0.0
27-3091.00,9326,0.17716876500934212,0.025684589790734205
27-3091.00,9327,0.10071027853783457,0.019106351439835308
27-3091.00,9328,0.15323612425218636,0.029163298166853226
27-3091.00,9329,0.03202218690511529,0.01474722131021626
27-3091.00,9330,0.07195797417144457,0.022834153733823442
27-3091.00,9331,0.014380965060781896,0.00833019318105818
27-3091.00,9332,0.07720224111111137,0.017060425358681994
27-3091.00,9333,0.062418402180156304,0.022169449933799042
27-3091.00,9334,0.03738017497023844,0.014241252035401778
27-3091.00,9335,0.10778485829582589,0.02456596922543099
27-3091.00,9336,0.030505930055878122,0.010270281706055921
27-3091.00,9337,0.07095621383162604,0.027357116612730378
27-3091.00,9338,0.015971706315108757,0.012477550124757963
27-3091.00,9339,0.02900533141784118,0.010718699949622948
27-3091.00,9340,0.00974975330260326,0.00486792143611944
27-3091.00,9341,0.009549094582905761,0.005004938128326345
27-4021.00,9343,0.03860228788921842,0.0
27-4021.00,9344,0.109833948060458,0.0
27-4021.00,9345,0.0923668984375053,0.0
27-4021.00,9346,0.08528548316168717,0.0
27-4021.00,9347,0.06747766880749986,0.0
27-4021.00,9349,0.03294928505783731,0.0
27-4021.00,9350,0.04939697222524204,0.0
27-4021.00,9351,0.07897314985108118,0.0
27-4021.00,9352,0.07475895864266355,0.0
27-4021.00,9353,0.012127379182223392,0.0
27-4021.00,9354,0.06926174808884508,0.0
27-4021.00,9355,0.016137759862599157,0.0
27-4021.00,9356,0.0431701937008165,0.0
27-4021.00,9357,0.04684663245432706,0.0
27-4021.00,9358,0.045686252459553316,0.0
27-4021.00,9360,0.0008929352197658567,0.0
27-4021.00,9361,0.019471755890526642,0.0
27-4021.00,9362,0.004588485946302104,0.0
27-4021.00,9363,0.006033713932658532,0.0
27-4021.00,9364,0.0009666799550424242,0.0
27-4021.00,9365,0.0005662692844605657,0.0
27-4021.00,9366,0.004274888892431269,0.0
27-4021.00,9367,0.001656962700155402,0.0
27-4021.00,9368,0.004035477521272129,0.0
29-1022.00,9370,0.24987650102504935,0.018509559501406404
29-1022.00,9371,0.22700584216189945,0.019000734412668148
29-1022.00,9372,0.21425008474949997,0.016471589784107322
29-1022.00,9373,0.10445657816160027,0.016059939320888353
29-1022.00,9374,0.0755451513822094,0.010864262378383402
29-1022.00,9375,0.026912964167386404,0.009423493052918754
29-1022.00,9377,0.03962276119972266,0.009597044926211442
29-1022.00,9378,0.018109583961908374,0.006352323508501208
29-1022.00,9379,0.03812992243927188,0.013018550404497304
29-1022.00,9382,0.0023817646671188473,0.0017902403710072356
29-2091.00,9383,0.11412103118451099,0.0
29-2091.00,9384,0.13322220050041253,0.0
29-2091.00,9385,0.1153676806670116,0.0
29-2091.00,9386,0.08687619568039374,0.0
29-2091.00,9387,0.18541236286653812,0.0
29-2091.00,9388,0.029666191269081404,0.0
29-2091.00,9389,0.11124740685930369,0.0
29-2091.00,9390,0.028546102229819254,0.0
29-2091.00,9391,0.06535388200126875,0.0
29-2091.00,9392,0.05121817339944008,0.0
29-2091.00,9393,0.058410746501632776,0.0
29-2091.00,9394,0.0012522589711697117,0.0
29-2091.00,9395,0.008959201652682422,0.0
29-2091.00,9396,0.01015964799024828,0.0
29-2091.00,9397,0.00018691822648658903,0.0
31-2012.00,9398,0.1215451174825869,0.01631614792405886
31-2012.00,9399,0.08805370879590123,0.013496610161272744
31-2012.00,9400,0.0944544463121703,0.01639139755617561
31-2012.00,9401,0.043835053609743754,0.009479296401660607
31-2012.00,9402,0.04721647461765014,0.016541350746641655
31-2012.00,9403,0.12213058429503902,0.013683765379439846
31-2012.00,9404,0.04530399534237597,0.014397392734546644
31-2012.00,9405,0.07816584134452624,0.01342122515543758
31-2012.00,9406,0.0795417908330317,0.021843263905929704
31-2012.00,9407,0.0777049141057127,0.015571896635134017
31-2012.00,9408,0.07992632837866909,0.01792125698836055
31-2012.00,9409,0.09388958945225917,0.017726024936377663
31-2012.00,9410,0.024602510468325425,0.005978162551737891
31-2012.00,9412,0.0036296449620084287,0.0026365758075544993
31-9094.00,9413,0.09422380358737978,0.02095912235642002
31-9094.00,9414,0.06460424305026616,0.013012331745403463
31-9094.00,9415,0.060702730434249424,0.011078031093766264
31-9094.00,9416,0.08474626149632997,0.016876329620987292
31-9094.00,9417,0.10152539462384366,0.01915098350747497
31-9094.00,9419,0.030878734968805666,0.012068776130369963
31-9094.00,9420,0.08300835611599287,0.014231572219422974
31-9094.00,9421,0.0949114307806223,0.018203854370282425
31-9094.00,9422,0.018911126798236786,0.007957070492376438
31-9094.00,9423,0.060716847837583535,0.012849086786376208
31-9094.00,9424,0.09213718777957673,0.015271912173792016
31-9094.00,9425,0.054446052997549454,0.01344597371073946
31-9094.00,9426,0.05553571963786741,0.01468364283251623
31-9094.00,9427,0.05065655281213831,0.0115207506054933
33-1011.00,9428,0.0700257561771714,0.011464756527358963
33-1011.00,9429,0.10022876919061575,0.009410444357864835
33-1011.00,9430,0.011087026479766206,0.0047251161939957905
33-1011.00,9431,0.11628622853361259,0.010126623427709544
33-1011.00,9432,0.09697185383059286,0.00866464035377615
33-1011.00,9433,0.01236823891643003,0.001821928582044501
33-1011.00,9434,0.04634259179262523,0.006854523796854217
33-1011.00,9435,0.07855396376560993,0.007517292617477709
33-1011.00,9436,0.054654320784977846,0.007959536657717151
33-1011.00,9437,0.046144850979413767,0.006846920890024101
33-1011.00,9438,0.0364623026233154,0.006489529528113557
33-1011.00,9439,0.03037187682475125,0.004683831604722236
33-1011.00,9440,0.004517382382683695,0.0016868812030158148
33-1011.00,9441,0.028260055999492655,0.004404217227567285
33-1011.00,9442,0.019066139564068524,0.004633988349612032
33-1011.00,9443,0.028246051986687837,0.005017910222165861
33-1011.00,9444,0.03736937698223053,0.003986348398493004
33-1011.00,9446,0.04385913446381291,0.006711176468072476
33-1011.00,9447,0.034705129191035015,0.004961163195164663
33-1011.00,9448,0.018616201026043777,0.004317356904899568
33-1011.00,9449,0.03452159401842148,0.004462284217543421
33-3051.04,9450,0.2592531038329097,0.027543930463359838
33-3051.04,9451,0.050794692025391545,0.011081740551322057
33-3051.04,9452,0.058170143838407185,0.01772202939311578
33-3051.04,9453,0.14660374668381598,0.01778455256982856
33-3051.04,9454,0.20961774635590194,0.03383754569473998
33-3051.04,9455,0.09260306397687443,0.015576391599481001
33-3051.04,9456,0.03709641814608723,0.01537935055101376
33-3051.04,9457,0.0019879857260614625,0.0014277827661315111
33-3051.04,9458,0.11405860581524079,0.03709884940585564
33-3051.04,9459,0.029814493599309703,0.01101285521627638
33-3052.00,9475,0.2009843547747355,0.04155273108217354
33-3052.00,9476,0.0478454936138243,0.011533095914945885
33-3052.00,9477,0.05078740885935765,0.012243330357034041
33-3052.00,9478,0.16994786904163922,0.01687579630351913
33-3052.00,9479,0.05797909511432222,0.011759631360672245
33-3052.00,9480,0.011108445608259822,0.00725370613543392
33-3052.00,9481,0.0547417130022379,0.018728896028683075
33-3052.00,9484,0.03708841589132359,0.02701059298670803
35-2012.00,9486,0.12141217375951852,0.015529301791975151
35-2012.00,9487,0.09293567892749646,0.01478572011732189
35-2012.00,9488,0.09175377593970385,0.013745183177653528
35-2012.00,9489,0.07426431637893509,0.010811838153544967
35-2012.00,9490,0.05486124508772696,0.01255405936496905
35-2012.00,9491,0.10352421356065457,0.014091507512018951
35-2012.00,9492,0.03387835590013834,0.004998646567100679
35-2012.00,9493,0.08036142793027225,0.013165008406712437
35-2012.00,9494,0.02398541432843486,0.004635460115459663
35-2012.00,9495,0.02194028131691744,0.008115284104083277
35-2012.00,9496,0.029918242548019263,0.006606850222326965
35-2012.00,9497,0.029394904342455508,0.004559420344703083
35-2012.00,9498,0.03034345812968078,0.008504483096067368
35-2013.00,9501,0.05463798237573886,0.0
35-2013.00,9502,0.07670299600555384,0.0
35-2013.00,9503,0.18040663290299988,0.0
35-2013.00,9504,0.0770779748626122,0.0
35-2013.00,9505,0.1093313732341834,0.0
35-2013.00,9506,0.04915979232745981,0.0
35-2013.00,9507,0.02450381984878234,0.0
35-2013.00,9508,0.1475648387996768,0.0
35-2013.00,9509,0.00849651644068592,0.0
35-2013.00,9510,0.04643621270232787,0.0
35-2013.00,9511,0.005635283744659789,0.0
37-1011.00,9512,0.047520996112994915,0.015467086855885319
37-1011.00,9513,0.08634267394711193,0.020080225859558765
37-1011.00,9514,0.017565647239179305,0.0031336458033468916
37-1011.00,9515,0.06097741034096205,0.01285486412416275
37-1011.00,9516,0.03672274957889814,0.010644882024654427
37-1011.00,9517,0.050667413283208,0.014300197980764756
37-1011.00,9519,0.04745084267317607,0.014577370389789727
37-1011.00,9520,0.045978816734604064,0.013611446564557346
37-1011.00,9521,0.029004360977549347,0.008070266525471593
37-1011.00,9522,0.031219374736588226,0.0051550854082398
37-1011.00,9523,0.04185581101223918,0.011985927152524901
37-1011.00,9524,0.020000062063508905,0.004224332461116486
37-1011.00,9525,0.017791319230986417,0.008446293221464504
37-1011.00,9526,0.018784657279362512,0.002065864105767315
37-1011.00,9527,0.04675666372236661,0.01539278431038146
37-1011.00,9528,0.03885187621357534,0.011056938168613686
37-1011.00,9529,0.016219065886686593,0.008189274486724994
37-1011.00,9530,0.029522364021366314,0.011015755299919777
37-1011.00,9531,0.02649385904956786,0.006178698383950167
37-1011.00,9532,0.010450810613913218,0.005316655283802639
37-1011.00,9533,0.0685140140322309,0.023772155312625682
37-1011.00,9534,0.10558664749056466,0.018295103695063868
37-1011.00,9535,0.010294614473588143,0.003010518425100672
37-1011.00,9536,0.036541428338458797,0.011705467665020836
37-2011.00,9538,0.14881892011150136,0.02308733122405901
37-2011.00,9539,0.16779829086778242,0.030143324260761516
37-2011.00,9541,0.08879140400642332,0.020193841309031315
37-2011.00,9542,0.06569037521760153,0.016175121614554217
37-2011.00,9543,0.0032530772777166574,0.0017434987590931954
37-2011.00,9544,0.05986415332346793,0.018912890092509082
37-2011.00,9545,0.03510701135791438,0.005792415244372319
37-2011.00,9546,0.08133983947085119,0.019010845127060375
37-2011.00,9548,0.018138044306863072,0.009032958983949391
37-2011.00,9549,0.0737622420133368,0.017546786555732732
37-2011.00,9550,0.07560312806350991,0.017055573332246367
37-2011.00,9551,0.040826690969353256,0.0111251999087648
37-2011.00,9554,0.0072760984762880775,0.003992402017011474
37-2011.00,9555,0.015573811402995802,0.005540353106826177
37-2012.00,9560,0.13739088371217717,0.013204685886065434
37-2012.00,9561,0.09991542838334376,0.011702431821680483
37-2012.00,9562,0.09622047738719225,0.012461808897341048
37-2012.00,9563,0.07167476978890083,0.012202301376670084
37-2012.00,9564,0.08576835995751045,0.00893385974364113
37-2012.00,9565,0.08532415598316055,0.012438220316413276
37-2012.00,9566,0.08257718063092197,0.013908398489936087
37-2012.00,9567,0.06594530649717673,0.012652025875714217
37-2012.00,9568,0.05196050297693873,0.01075424409961828
37-2012.00,9569,0.026690433952086614,0.008029769002761363
37-2012.00,9571,0.04884240075409517,0.00940657789651425
37-2012.00,9577,0.03797851905247478,0.00935441611035987
37-2012.00,9578,0.03360866210749423,0.008600389636771934
37-2012.00,9579,0.01533489350682312,0.008361014778465164
37-2012.00,9581,0.021186944664776653,0.008641598580831134
37-2012.00,9586,0.01750408917914695,0.004853535252252164
37-2012.00,9587,0.022076991465780006,0.005491620021741944
37-3011.00,9589,0.06000545867356855,0.01751568121997324
37-3011.00,9591,0.039632301105248825,0.011292843868721418
37-3011.00,9592,0.17960862064424163,0.03844766177446449
37-3011.00,9593,0.07066184976025137,0.01952267717852764
37-3011.00,9594,0.08674635008368775,0.01978499636374478
37-3011.00,9595,0.012266629692661329,0.005568199514213181
37-3011.00,9596,0.020730329857702682,0.007053479657298215
37-3011.00,9597,0.022198834699746203,0.005424083877806477
37-3011.00,9598,0.03653106802721194,0.008321469140873674
37-3011.00,9599,0.04297373515069865,0.014899157653898145
37-3011.00,9600,0.050043104742868216,0.01869346716116891
37-3011.00,9601,0.05309396768127728,0.02637871505135291
37-3011.00,9602,0.040784727343603465,0.010695168980825781
37-3011.00,9603,0.022600188195184327,0.007132037351616142
37-3011.00,9604,0.023702927998905648,0.012855146204871942
37-3011.00,9605,0.007027563560345775,0.00307274740772506
37-3011.00,9606,0.02119473566796903,0.010441557667623518
37-3011.00,9607,0.011099112352105252,0.007191087326479497
37-3011.00,9608,0.014701953351945194,0.004987896513586183
37-3011.00,9609,0.0035240225873417884,0.0025336660077114053
37-3011.00,9610,0.04231924559963413,0.017994648005007326
37-3011.00,9611,0.017929831867525586,0.01247647788278567
37-3011.00,9612,0.015587308793078092,0.008605038464100559
37-3011.00,9614,0.0013883384525736266,0.001081156753912917
39-3092.00,9615,0.1128936256491013,0.0481138798495676
39-3092.00,9616,0.08149408726269432,0.014451499519531417
39-3092.00,9617,0.013997522408526404,0.006519801437342212
39-3092.00,9618,0.08064203419103544,0.018382130697223265
39-3092.00,9619,0.026864991456635026,0.008420191107702434
39-3092.00,9621,0.14275152764978888,0.034490339606580885
39-3092.00,9622,0.011154195159233948,0.002675104750277025
39-3092.00,9623,0.041157037411559245,0.013649127786646854
39-3092.00,9624,0.008856024791912278,0.003962054007658573
39-3092.00,9625,0.04261050022481939,0.012036934976295282
39-3092.00,9626,0.04771207643478673,0.012840668383695466
39-3092.00,9627,0.0866600598565794,0.050325466086879746
39-3092.00,9628,0.039238697140537404,0.015565013944284951
39-3092.00,9629,0.04354262314935018,0.012569151261929923
39-3092.00,9633,0.010251513655517049,0.004249812998714708
39-3092.00,9634,0.0316687716666359,0.015005018465695043
39-3092.00,9635,0.010813034649219412,0.003404735645934671
53-2031.00,9637,0.04932826756850574,0.009292747361077904
53-2031.00,9638,0.06008843491106182,0.006471909007974553
53-2031.00,9639,0.04037603161661657,0.00466621837364325
53-2031.00,9640,0.021092469162184976,0.011795829931209348
53-2031.00,9641,0.03991840113446134,0.007605492531903942
53-2031.00,9642,0.04671880199575711,0.006957202322083473
53-2031.00,9643,0.048634351989702285,0.008693016762396808
53-2031.00,9644,0.03940891374390506,0.007732277706872551
53-2031.00,9645,0.045468842935236814,0.010011405128430738
53-2031.00,9646,0.03874872701059447,0.005408182194391692
53-2031.00,9647,0.0315318706402168,0.010540321733434133
53-2031.00,9648,0.0506278388479276,0.008938254123254845
53-2031.00,9649,0.04003866909411756,0.007465257655527496
53-2031.00,9650,0.0449246765730685,0.0062658754145754145
53-2031.00,9651,0.0450316191268183,0.005127163623962045
53-2031.00,9652,0.04738523628131863,0.00789893534111558
53-2031.00,9653,0.027516742499651692,0.008103008105899317
53-2031.00,9654,0.03292932981188257,0.009859256235700505
53-2031.00,9655,0.04112023334130096,0.01076955042834861
53-2031.00,9656,0.025865601329969325,0.007764608810278896
53-2031.00,9657,0.03884994146678835,0.0060496383703318455
53-2031.00,9658,0.02909932672547397,0.005796823871266963
53-2031.00,9659,0.052774539929849415,0.006982378896673372
41-1012.00,9660,0.09010101038973117,0.01744972737925385
41-1012.00,9662,0.030842707008558436,0.0057493177598667775
41-1012.00,9663,0.030695117618496134,0.006528992295299865
41-1012.00,9665,0.16094287555713618,0.0339855973264366
41-1012.00,9666,0.09290470653425491,0.01807981843654336
41-1012.00,9667,0.04811998792436793,0.011829375781984302
41-1012.00,9668,0.02613784703994318,0.005847082250359027
41-1012.00,9669,0.08362355959156373,0.03974063510320185
41-1012.00,9670,0.034843330555681354,0.013635979092519058
41-1012.00,9671,0.028015189712714033,0.016005215483064987
41-1012.00,9672,0.03656408899535173,0.01118863979617662
41-1012.00,9673,0.07856473907730277,0.012708322703910938
41-1012.00,9674,0.06043189332712643,0.013792408747732032
41-1012.00,9676,0.024178253604894763,0.00905254591060416
41-9031.00,9678,0.04736368882363603,0.016448309717462913
41-9031.00,9679,0.08397281320829511,0.02202484431176607
41-9031.00,9680,0.09201738295085547,0.024392135794194216
41-9031.00,9681,0.04334921981548429,0.01366490512727101
41-9031.00,9682,0.12614770460583577,0.026011525742909138
41-9031.00,9683,0.05150597473661805,0.015917560583472833
41-9031.00,9685,0.03846237454724578,0.01077157066859851
41-9031.00,9686,0.017653775552914912,0.00819228972363275
41-9031.00,9687,0.06865071963090644,0.02942027251127579
41-9031.00,9688,0.04350859265948724,0.00659572878773538
41-9031.00,9690,0.06891026941649747,0.016407805043820587
41-9031.00,9692,0.1190746795359495,0.045875596739338345
41-9031.00,9693,0.004107893116264559,0.0022384305079724155
41-9031.00,9694,0.036237150213664825,0.022430720008115308
41-9031.00,9696,0.005417820025950162,0.0030539474204469464
41-9031.00,9697,0.04979412535094206,0.008885364219439537
41-9031.00,9698,0.07074535197480031,0.010900603646683701
41-9031.00,9699,0.011379383886086388,0.004005329154032943
41-9031.00,9700,0.018757926793152867,0.006754467698957145
41-9031.00,9701,0.0029431531554128323,0.0011586175248709909
43-1011.00,9703,0.06792990267294348,0.013104063443966864
43-1011.00,9704,0.11533964029462795,0.015041598135447053
43-1011.00,9705,0.07953985350931106,0.013356582360216168
43-1011.00,9706,0.06028124133850223,0.01427182212431951
43-1011.00,9707,0.02152858673647258,0.007764235210197106
43-1011.00,9708,0.04368258472673014,0.01095557653823198
43-1011.00,9709,0.029668223050884998,0.012372481139492275
43-1011.00,9710,0.04947873009592318,0.015303273337408411
43-1011.00,9712,0.043232546939528924,0.009159509755004173
43-1011.00,9713,0.06800100749045344,0.019266256051928422
43-1011.00,9714,0.054236189933994344,0.016303541608945753
43-1011.00,9715,0.07814877617577068,0.01714926847463202
43-1011.00,9716,0.04358314149670408,0.010602704356386107
43-1011.00,9717,0.034042462555652325,0.008895154351622058
43-1011.00,9719,0.02953188975462866,0.011736446604549115
43-1011.00,9720,0.027984142386343724,0.008227126464114613
43-1011.00,9721,0.03453588591115769,0.012803725912771577
43-1011.00,9722,0.03626304720885857,0.004526092064525363
43-1011.00,9724,0.02717044871679611,0.010098204547543104
43-1011.00,9725,0.018873373153003768,0.008501512890717029
43-1011.00,9727,0.009133204342909,0.006180551551474464
43-1011.00,9728,0.008523417911118259,0.0035584983060217906
43-1011.00,9729,0.004233552470175592,0.0023036212461117257
43-1011.00,9730,0.015058151127509191,0.0072915758537763775
43-4061.00,9732,0.08833786660883576,0.017091323687414693
43-4061.00,9733,0.07506464385852404,0.011740523288505899
43-4061.00,9734,0.11785814679258574,0.0168880150129458
43-4061.00,9735,0.1418754092456601,0.02047863134343951
43-4061.00,9736,0.10794255356946744,0.015951549027095634
43-4061.00,9737,0.07419359539151257,0.012774889900857157
43-4061.00,9738,0.062232376189649295,0.015735241244796288
43-4061.00,9739,0.09495824902261486,0.014743986044136466
43-4061.00,9740,0.029606946655988963,0.010531806083124706
43-4061.00,9741,0.025270499447081356,0.009075129176527353
43-4061.00,9742,0.025351091525909517,0.010518887677671344
43-4061.00,9743,0.022666769328172576,0.010938575716470444
43-4061.00,9744,0.08509741488388488,0.016225226879298154
43-4061.00,9745,0.02023138948869273,0.009492461049213282
43-4061.00,9746,0.025077033991546614,0.010616254741258841
43-4061.00,9748,0.004236013999873468,0.0017476874131551676
43-4181.00,9750,0.03675754824912614,0.009598357083928265
43-4181.00,9751,0.04007838358268936,0.012833692786670398
43-4181.00,9752,0.08745360359651591,0.007524230056281905
43-4181.00,9753,0.07560538456509541,0.009347540907500076
43-4181.00,9754,0.07682764780656758,0.008795441543778261
43-4181.00,9755,0.05347660240871997,0.008168721547844565
43-4181.00,9756,0.055143658784852286,0.0073621431721590655
43-4181.00,9757,0.10057256728315955,0.005755710752000145
43-4181.00,9758,0.10264161816005168,0.010320992473114876
43-4181.00,9759,0.07588132611467961,0.01472146581474075
43-4181.00,9760,0.09279149028102879,0.010454353545609746
43-4181.00,9762,0.0683732735179097,0.011892556756307774
43-4181.00,9763,0.010479875385486472,0.0059806804415252655
43-4181.00,9764,0.041082444451068886,0.008872675909120591
43-4181.00,9766,0.0355702717019025,0.007344383128576193
43-9111.00,9788,0.17452539609207965,0.033202720798017726
43-9111.00,9789,0.11432263825339659,0.021731326877486187
43-9111.00,9790,0.07367421414959796,0.023878460757182654
43-9111.00,9791,0.09859573654367038,0.024461055855402775
43-9111.00,9792,0.10911812982652154,0.02174424464882686
43-9111.00,9793,0.022620304510142537,0.010258621441804693
43-9111.00,9794,0.05008215184437152,0.024377821163921242
43-9111.00,9795,0.07038089369293725,0.014063099108227983
43-9111.00,9796,0.022224543560260625,0.0075068742746918615
43-9111.00,9797,0.06914571218906998,0.02276231898022792
43-9111.00,9798,0.07398582204031888,0.021911941168516157
43-9111.00,9799,0.05621156074283639,0.025626344855466082
43-9111.00,9800,0.048059898492735675,0.022918148564535303
43-9111.00,9801,0.017052998062061026,0.008995597988775266
45-4022.00,9802,0.0856815099520121,0.012829602677586515
45-4022.00,9803,0.1946983594302959,0.021203653052400514
45-4022.00,9804,0.1204811037998787,0.02847406256100366
45-4022.00,9805,0.06019212821443196,0.023768595166255846
45-4022.00,9806,0.18175165898650797,0.03227084511118586
45-4022.00,9807,0.19677194523315972,0.02908235188178394
45-4022.00,9808,0.13354102731750495,0.02938152992561958
45-4022.00,9809,0.026882267066208654,0.0035684835735672747
45-4023.00,9811,0.1703407211994784,0.018601045260711938
45-4023.00,9812,0.13323751896592304,0.01731276935300712
45-4023.00,9813,0.11245436560539249,0.016844915005728864
45-4023.00,9814,0.12154862314117422,0.018747131369552993
45-4023.00,9815,0.045943223312689206,0.011950326480500435
45-4023.00,9816,0.1089337379765682,0.013928557017391704
45-4023.00,9817,0.12737436131324184,0.01876918758491996
45-4023.00,9818,0.01682818779487842,0.005475521758724316
45-4023.00,9819,0.0666927010839439,0.013291127746201484
45-4023.00,9820,0.038193412799916004,0.015175016670105347
45-4023.00,9821,0.023417636017115842,0.009917883945604255
47-2053.00,9823,0.07560503631902173,0.01974249897402198
47-2053.00,9824,0.050248822556411075,0.018885674161263043
47-2053.00,9825,0.13241143521057733,0.026636099051260808
47-2053.00,9826,0.039245716265419034,0.010775895885063632
47-2053.00,9827,0.05077705320786237,0.010133692473612422
47-2053.00,9828,0.058958232659850986,0.017919455816334078
47-2053.00,9829,0.11720809947157025,0.02370114490046473
47-2053.00,9830,0.02386092189642063,0.007214836875065964
47-2053.00,9831,0.06619330757999208,0.018564613696632436
47-2053.00,9832,0.038627447244378894,0.007699802710162345
47-2053.00,9833,0.035519782636978726,0.007131687823066363
47-2053.00,9834,0.026899915663797763,0.006798500957068545
47-2053.00,9835,0.02684191005532866,0.007161416575835033
47-2053.00,9836,0.011936925027938843,0.0054172239220812044
47-2053.00,9837,0.06196012451286453,0.011039427797479956
47-2053.00,9838,0.034988084437313736,0.00733047133980875
47-2053.00,9839,0.026459601221132348,0.008763635835080651
47-2053.00,9840,0.031695450267497385,0.01267584299533049
47-2053.00,9841,0.060869701039505106,0.017650277980988862
47-2053.00,9842,0.004369889807091332,0.002337387788551274
47-2053.00,9843,0.0037637605619025866,0.0032942377923157115
47-2053.00,9844,0.0021462296813490648,0.0015588262496445788
47-2053.00,9845,0.004451689317175666,0.0020872310759669113
47-2053.00,9846,0.0006237729607516314,0.00019076543542173165
47-2053.00,9847,0.002553773942064379,0.0016632120267022926
47-2053.00,9848,0.011783316455803806,0.003072452154664919
47-2073.00,9849,0.11830441981501266,0.009857611547045567
47-2073.00,9850,0.08532828871285109,0.008888775041348084
47-2073.00,9851,0.06999751482766553,0.009302909079932857
47-2073.00,9852,0.13011528720430662,0.016043258901908667
47-2073.00,9853,0.019865282022091132,0.004932707103017084
47-2073.00,9854,0.04265685842587422,0.011658901926521744
47-2073.00,9856,0.09408365794003623,0.01612718728400588
47-2073.00,9857,0.11037766054923424,0.01030105064762717
47-2073.00,9858,0.055795094007927225,0.01917708072903664
47-2073.00,9859,0.05203328018320417,0.01646931068088776
47-2073.00,9860,0.024118269066901767,0.006893013222394362
47-2073.00,9861,0.024803667177783168,0.008993877733660264
47-2073.00,9862,0.013841736072847392,0.007206267608959505
47-2073.00,9863,0.024651150699381008,0.008461703405523624
47-2073.00,9864,0.009916260621831173,0.002055008232277736
47-2073.00,9867,0.032499142127170005,0.016365810719883793
47-2073.00,9868,0.022885724329175586,0.007782129883017484
47-2073.00,9869,0.0016899276603940005,0.0006593568782722074
47-2073.00,9871,0.0033244368364830587,0.00147067292966047
47-2073.00,9872,0.0419485690637717,0.011578673714759085
47-2073.00,9874,0.009690661375113596,0.00632953375840086
47-2073.00,9875,0.012073111280944411,0.007841763819031134
47-2161.00,9878,0.14771491289167377,0.026726783764019928
47-2161.00,9879,0.16306385087107894,0.035712409527461644
47-2161.00,9880,0.09570020800643672,0.015012672190207528
47-2161.00,9881,0.05007649906434085,0.014575360303486306
47-2161.00,9882,0.05510541597587955,0.013404929433503904
47-2161.00,9883,0.06658263094404276,0.009366351520696614
47-2161.00,9884,0.03521666657572459,0.0073171842149520275
47-2161.00,9885,0.04781943642917949,0.01376101116402483
47-2161.00,9886,0.030613873311061468,0.01203823123848616
47-2161.00,9887,0.024927942284506184,0.006829862952817997
47-2161.00,9888,0.015601578830846414,0.005168247097705746
47-5011.00,9889,0.01319232768826246,0.002310231989657624
47-5011.00,9890,0.046971879048676946,0.012797054674156105
47-5011.00,9891,0.1257686052928635,0.01996698887270561
47-5011.00,9892,0.05126666034617738,0.013684020385926615
47-5011.00,9893,0.008061387129336638,0.003113998454422008
47-5011.00,9894,0.1384693124797164,0.01629754466648171
47-5011.00,9895,0.08235010451224892,0.017808326714058777
47-5011.00,9896,0.03930040206399356,0.006761296149709682
47-5011.00,9897,0.09312070524898851,0.023882522400000758
47-5011.00,9898,0.07842620876630085,0.019933234049110193
47-5011.00,9899,0.039285033038318797,0.007957632702563321
47-5011.00,9900,0.03940378616636167,0.006510032514428737
47-5011.00,9901,0.10923396955587322,0.026972961630441685
47-5011.00,9903,0.13514961866288114,0.019967674678891677
47-5032.00,9904,0.07296746944646058,0.0
47-5032.00,9905,0.05606637145326926,0.0
47-5032.00,9906,0.032881692398710395,0.0
47-5032.00,9907,0.06550410194106433,0.0
47-5032.00,9908,0.12718339605594017,0.0
47-5032.00,9909,0.034058090348802084,0.0
47-5032.00,9910,0.03360709103848048,0.0
47-5032.00,9911,0.11726640339034573,0.0
47-5032.00,9912,0.0751295211517822,0.0
47-5032.00,9913,0.022917481031150086,0.0
47-5032.00,9914,0.09266518180951837,0.0
47-5032.00,9915,0.04865955662156664,0.0
47-5032.00,9916,0.022835445121225765,0.0
47-5032.00,9917,0.04431675148356775,0.0
47-5032.00,9918,0.03519065596623716,0.0
47-5032.00,9919,0.038909369631192015,0.0
47-5032.00,9920,0.01940415034052492,0.0
47-5032.00,9922,0.01027084672993735,0.0
47-5032.00,9923,0.027667958740075178,0.0
47-5032.00,9924,0.012798280744734386,0.0
47-5032.00,9925,0.007109008579227326,0.0
47-5032.00,9927,0.002591175976187805,0.0
49-2091.00,9933,0.05829209421980851,0.012985508191810989
49-2091.00,9934,0.12933456000331064,0.02045177219770476
49-2091.00,9935,0.1377282071775144,0.015120972115825209
49-2091.00,9936,0.10957829732034143,0.014194391895520896
49-2091.00,9937,0.06418106175198143,0.012271305564950166
49-2091.00,9938,0.10076647735201595,0.018067891533726687
49-2091.00,9939,0.12655554623026577,0.01901829418463397
49-2091.00,9940,0.07517526286419327,0.01334944714193924
49-2091.00,9941,0.09280436869394472,0.013883272534860124
49-2091.00,9942,0.01987486892619579,0.008268202983950501
49-2091.00,9943,0.06396640976812162,0.015206949154045349
49-2091.00,9944,0.009625755337293413,0.0031786580434143203
49-2091.00,9945,0.012117090355013077,0.0074344431054966945
49-3011.00,9946,0.08589272942324168,0.013655086577685101
49-3011.00,9947,0.05944223567173164,0.011082614846741426
49-3011.00,9948,0.05913340322767633,0.013055270644486685
49-3011.00,9949,0.06292315589926423,0.01542035629219103
49-3011.00,9950,0.06303762138927373,0.02052446389131876
49-3011.00,9951,0.0492158048416691,0.015323702736203967
49-3011.00,9952,0.04040436164757016,0.014766263377384427
49-3011.00,9953,0.01654462296265826,0.009476019767761894
49-3011.00,9954,0.05586849162487547,0.010230378804134226
49-3011.00,9955,0.03584699085721762,0.0149368745952324
49-3011.00,9956,0.03929989327754536,0.010926724392616438
49-3011.00,9957,0.033476117656294324,0.010561739729623251
49-3011.00,9958,0.024637139432494647,0.010969877984041674
49-3011.00,9960,0.03412382260791867,0.009732717844003789
49-3011.00,9961,0.01720261693284494,0.00887229082373618
49-3011.00,9962,0.013571598143619077,0.009077967647687984
49-3011.00,9963,0.01804159156200783,0.007240545145228236
49-3011.00,9965,0.041584186884393116,0.010187077286245254
49-3011.00,9966,0.016805899583156658,0.008363473904116268
49-3011.00,9968,0.051270578923927945,0.008369437995328617
49-3011.00,9969,0.016844435885472363,0.010327015092183844
49-3011.00,9970,0.015835170363847507,0.009158786497029149
49-3011.00,9971,0.016942658156726426,0.006280661025988823
49-3011.00,9972,0.030795686729768106,0.009962464026442188
49-3011.00,9973,0.013411183090375894,0.009841881979540024
49-3011.00,9976,0.02458348514612614,0.007053871096657673
49-3011.00,9977,0.028630538968285574,0.010697890528479399
49-3011.00,9981,0.02103078778399308,0.010197509526778562
49-3011.00,9982,0.013603191326024128,0.009479845567244826
49-3043.00,9984,0.11009219940255092,0.03544759992465092
49-3043.00,9985,0.08129278671789901,0.0228778110685721
49-3043.00,9986,0.15125358304587982,0.03074231731875614
49-3043.00,9988,0.15497295315531126,0.03793477255281971
49-3043.00,9989,0.107159265242449,0.0339975716212795
49-3043.00,9990,0.09192055454584389,0.025991044919178995
49-3043.00,9991,0.0661141629194858,0.021764496314814273
49-3043.00,9992,0.053076631076944526,0.019239697935620997
49-3043.00,9995,0.02615627725334985,0.012793842930390707
49-3043.00,9996,0.0554790390076517,0.023443373759699265
49-3043.00,9999,0.015028825716802426,0.006694320375611732
49-3043.00,10000,0.022459734400141342,0.0074025589397296206
49-3043.00,10001,0.06499398751569052,0.019470899207690847
49-3092.00,10004,0.09278823701761738,0.013383111714075652
49-3092.00,10005,0.05096015955250242,0.011626466706264799
49-3092.00,10006,0.10557059290299031,0.015830833488770332
49-3092.00,10007,0.0515018212631331,0.00501531272942383
49-3092.00,10008,0.08545317647963072,0.01357571065933966
49-3092.00,10009,0.05895313238434915,0.012712883495795819
49-3092.00,10010,0.09677530629428079,0.01569763627403968
49-3092.00,10011,0.06335417175374763,0.01604001441778648
49-3092.00,10012,0.03355684052750636,0.01571040818480727
49-3092.00,10013,0.051030711726606184,0.010962229450818184
49-3092.00,10014,0.06626247861005034,0.013243526855950668
49-3092.00,10015,0.04169954099522837,0.016935196005017465
49-3092.00,10016,0.0703349747563846,0.021710074557072724
49-3092.00,10017,0.017371268636780558,0.01244405099694525
51-2022.00,10018,0.054589601932812815,0.015660475350169338
51-2022.00,10019,0.1500782393478308,0.020617983005962296
51-2022.00,10020,0.10395473644359772,0.019791566163424718
51-2022.00,10021,0.10045633082142146,0.017472639210829144
51-2022.00,10022,0.15571157693322982,0.016841642067878426
51-2022.00,10023,0.034791510372065515,0.010094842606808981
51-2022.00,10024,0.12568185272905952,0.01927283895627423
51-2022.00,10025,0.024712307715600464,0.010892150802940533
51-2022.00,10026,0.03978875007255797,0.010176892506877694
51-2022.00,10027,0.06927279939200748,0.013792698750187654
51-2022.00,10028,0.03109868298403676,0.013539281314912202
51-2022.00,10029,0.03963605179616769,0.010848181177320502
51-2022.00,10031,0.036373698498523135,0.010193648783731015
51-2022.00,10034,0.03385386096108886,0.012013375679549243
51-2041.00,10035,0.08689048565850581,0.01048648540044458
51-2041.00,10036,0.09676841849281688,0.010953088421884406
51-2041.00,10037,0.0913382373061461,0.013360660695975598
51-2041.00,10038,0.05792482749022847,0.011561714222486806
51-2041.00,10039,0.041146360921588306,0.010589322388077915
51-2041.00,10040,0.032073537571358314,0.01011597868003594
51-2041.00,10041,0.04555096977240814,0.010266308783747515
51-2041.00,10042,0.0858133862758858,0.013500355016701791
51-2041.00,10043,0.08068684039735695,0.008808665220491745
51-2041.00,10044,0.05678833282943998,0.010490082325450747
51-2041.00,10045,0.06299375210365862,0.013918581940699955
51-2041.00,10046,0.02052579570294483,0.005919791240800199
51-2041.00,10047,0.010308280019565122,0.002794997663011793
51-2041.00,10048,0.021236256375335834,0.006757671863623696
51-2041.00,10049,0.03604828794377967,0.008349164930231589
51-2041.00,10050,0.05361632801653052,0.00717061634567695
51-2041.00,10051,0.02765307989171237,0.010668307475726092
51-2041.00,10052,0.02047516010207667,0.007081477065829717
51-2041.00,10053,0.05410762731621584,0.010155070002266963
51-2041.00,10054,0.008678526221230998,0.004788822349529793
51-2041.00,10055,0.005969417526113807,0.001584855913030662
51-2041.00,10057,0.003406092065101061,0.0012317616352038902
51-3091.00,10058,0.09125362920777848,0.009382195224597833
51-3091.00,10059,0.07534018110044027,0.009023575743182391
51-3091.00,10060,0.07232657994521156,0.01671295642982399
51-3091.00,10061,0.04429613109898479,0.00662581881338592
51-3091.00,10062,0.07506600974867722,0.01195531442190093
51-3091.00,10063,0.09576864421594072,0.015483246902092964
51-3091.00,10064,0.07596228554049168,0.01374696446745888
51-3091.00,10065,0.052986654789816484,0.012280510212679644
51-3091.00,10066,0.03522485773046701,0.009122825436670595
51-3091.00,10067,0.05705158184175208,0.0138743914472629
51-3091.00,10068,0.044690126812597736,0.008969674316299513
51-3091.00,10069,0.02170883309676973,0.007716840477054297
51-3091.00,10070,0.03539884915638883,0.008405858702290929
51-3091.00,10071,0.06014182074509184,0.01409313463354516
51-3091.00,10072,0.023392384647812067,0.005482339445741533
51-3091.00,10073,0.026553796172129874,0.008602058558137345
51-3091.00,10074,0.013860445372429595,0.006629100437136639
51-3091.00,10075,0.04429539518512943,0.010348294362800619
51-3091.00,10076,0.05468179359209061,0.011622593588177329
51-4022.00,10078,0.09734636364103809,0.02324549816132949
51-4022.00,10079,0.1223694056669694,0.02249654303502427
51-4022.00,10080,0.08666071701910466,0.0216629588363788
51-4022.00,10081,0.05460655959632081,0.01638759348494544
51-4022.00,10082,0.08396689906656737,0.018090851724853543
51-4022.00,10083,0.05763819961169514,0.013395034643520813
51-4022.00,10084,0.036734774569918596,0.011840950545026579
51-4022.00,10085,0.14776672875722077,0.023024775636363227
51-4022.00,10086,0.10665796248607981,0.025408914217829513
51-4022.00,10087,0.07882285224911374,0.02212145819352141
51-4022.00,10088,0.0385205601737122,0.007648212213001348
51-4022.00,10089,0.08890897716225944,0.01962204269483083
51-4023.00,10091,0.09173394132629778,0.01049277256598511
51-4023.00,10092,0.08856879103601879,0.009825598232175875
51-4023.00,10093,0.08190156730469753,0.011585410200848986
51-4023.00,10094,0.07673714966406701,0.008004028824084934
51-4023.00,10095,0.06513354958622761,0.007561852492447335
51-4023.00,10096,0.06649057168935105,0.008704729111717277
51-4023.00,10097,0.059301287218063894,0.0096629524716532
51-4023.00,10098,0.058370114812651044,0.009629280029371842
51-4023.00,10099,0.05652683780075407,0.010236685820003403
51-4023.00,10100,0.037061462922934385,0.009295947579552167
51-4023.00,10101,0.04420438518647019,0.01002063277996345
51-4023.00,10102,0.05001177483521146,0.010225901671324738
51-4023.00,10103,0.037233868837136606,0.010819662233721439
51-4023.00,10105,0.04573794350345781,0.00880631285052946
51-4023.00,10106,0.033528425529686066,0.008490597902168235
51-4023.00,10107,0.050984260435236746,0.010179454328202699
51-4023.00,10108,0.019623532413184777,0.006262868862399973
51-4023.00,10109,0.036850535898553236,0.011766254530334964
51-4031.00,10110,0.1254748442719717,0.029564055394106777
51-4031.00,10111,0.13224179172716147,0.02296999151904126
51-4031.00,10113,0.09112540002873429,0.026985750942182616
51-4031.00,10114,0.10448746022038483,0.020306238314346834
51-4031.00,10115,0.11603588707342646,0.024761512445388267
51-4031.00,10118,0.07146507381424949,0.01859320668197277
51-4031.00,10124,0.07189666008643246,0.025619761152613555
51-4031.00,10129,0.027184486675538373,0.013205768993449224
51-4031.00,10130,0.03970971093754447,0.02091990427099038
51-4031.00,10135,0.03581025140587994,0.01938208687419824
51-4031.00,10136,0.03579240793214754,0.020402604150053797
51-4033.00,10140,0.10882258867284075,0.01230162676515469
51-4033.00,10141,0.04180426312048796,0.007752867519354329
51-4033.00,10142,0.08959900458136309,0.013201482289778377
51-4033.00,10143,0.09063815849052188,0.008715354951073867
51-4033.00,10144,0.053360104325690196,0.009128517873937968
51-4033.00,10145,0.0845276263384101,0.011850627089825073
51-4033.00,10146,0.0711860702170105,0.013561734822687377
51-4033.00,10147,0.05714174884309039,0.013120113003841707
51-4033.00,10148,0.06678680668910929,0.010322634321585346
51-4033.00,10149,0.0910673911008392,0.011345892796547633
51-4033.00,10150,0.05616432860041252,0.010759056049338599
51-4033.00,10151,0.03296358001127747,0.007959279828201908
51-4033.00,10152,0.03767073256264495,0.009473483932511734
51-4033.00,10153,0.014209397402288855,0.007684280232822948
51-4033.00,10154,0.03746289019533514,0.012337959537025489
51-4033.00,10155,0.012299197196094446,0.004894529334774322
51-4033.00,10156,0.02639419070242279,0.007990272855922062
51-4033.00,10157,0.027901920950160444,0.0060242808127038226
51-4051.00,10158,0.08017041944671209,0.013417320826255153
51-4051.00,10159,0.10224500023700132,0.0169859791019835
51-4051.00,10160,0.1319248040361629,0.01912624083090006
51-4051.00,10161,0.07833484283954878,0.010718755407777518
51-4051.00,10162,0.08133819838388802,0.01375626029488461
51-4051.00,10163,0.10726218001577817,0.018515697770575382
51-4051.00,10164,0.05303030427019023,0.008996708436490735
51-4051.00,10165,0.12146895368847073,0.011299030006663673
51-4051.00,10167,0.04913057549057605,0.011801195498511012
51-4051.00,10168,0.07399580661647356,0.013960922271667935
51-4051.00,10169,0.034282104069103876,0.009791174211526619
51-4051.00,10171,0.05300377229234265,0.012188815233613086
51-4051.00,10172,0.033813038613751574,0.00781178953753343
51-4072.00,10173,0.11483332791536487,0.012367326091115795
51-4072.00,10174,0.0871821465613447,0.014379938832291488
51-4072.00,10175,0.04186189054164986,0.008329526508202964
51-4072.00,10176,0.03162568233170606,0.006648749563995606
51-4072.00,10177,0.04517415234909955,0.007278025918304935
51-4072.00,10178,0.03257348729696695,0.008002910048691388
51-4072.00,10179,0.014208634062778908,0.006273893165722444
51-4072.00,10180,0.03666951339140527,0.012749564268390152
51-4072.00,10181,0.07081639429401215,0.015094035592225719
51-4072.00,10182,0.025049251872250655,0.006548311936342737
51-4072.00,10183,0.017415456678608974,0.006440705427170073
51-4072.00,10184,0.055222536466070594,0.008372764412354896
51-4072.00,10185,0.019174549056424517,0.006906675925458487
51-4072.00,10186,0.04774777592893316,0.009569166346457018
51-4072.00,10187,0.017084923245022025,0.004680114710827198
51-4072.00,10188,0.02967738262049185,0.009061668006655341
51-4072.00,10189,0.024799341736955444,0.007928618058262149
51-4072.00,10190,0.012921716016402398,0.006303349667544181
51-4072.00,10191,0.025461796091007155,0.00796355467831712
51-4072.00,10192,0.02688518679462127,0.008812506361983202
51-4072.00,10193,0.02281745126385786,0.005691166946359283
51-4072.00,10194,0.03300732242199967,0.012487211271498188
51-4072.00,10195,0.030178377298788372,0.0068992866405713175
51-4072.00,10196,0.03668226956217001,0.00978713083084543
51-4072.00,10197,0.02709054555292357,0.006635335036303336
51-4072.00,10198,0.012814938371150851,0.00247305078407612
51-4072.00,10199,0.015997650154173843,0.005962815299982515
51-4072.00,10200,0.027267162778153338,0.0065722347547875
51-4072.00,10203,0.017759137345666035,0.0062716490208094425
51-4081.00,10206,0.10647719995157828,0.016567673966351996
51-4081.00,10207,0.09662444583638381,0.014369828907326547
51-4081.00,10208,0.07576369948556788,0.016260615382294345
51-4081.00,10209,0.051747462299551884,0.013887584973584726
51-4081.00,10210,0.07350610169446195,0.011906910816567884
51-4081.00,10211,0.09184482888311267,0.019073009429075454
51-4081.00,10212,0.07282982966500934,0.017372919028533294
51-4081.00,10213,0.03847490366373533,0.014481170825374846
51-4081.00,10214,0.04045526147151701,0.011398931811083651
51-4081.00,10215,0.05032909963925042,0.008567240742978554
51-4081.00,10216,0.03028652655034205,0.006215557631189476
51-4081.00,10217,0.06404361088642839,0.014243431941577551
51-4081.00,10218,0.022958213565374575,0.006393411635356101
51-4081.00,10219,0.03063492889254338,0.009711418105506476
51-4081.00,10220,0.021328045842165903,0.008644875124366264
51-4081.00,10221,0.02428737086790715,0.006985676195509017
51-4081.00,10222,0.019180615341861097,0.004396171407605904
51-4081.00,10223,0.03335095303077762,0.015109250755057499
51-4081.00,10224,0.015235152962099563,0.006630418324183496
51-4081.00,10225,0.036830405659960146,0.012827249671952482
51-4122.00,10266,0.04960488404411254,0.009272187536238527
51-4122.00,10267,0.06566202914926837,0.00818022206156875
51-4122.00,10268,0.028036263304101992,0.005451766114793584
51-4122.00,10269,0.030895743068789717,0.007784161724057585
51-4122.00,10270,0.041965989560327564,0.006704877072184077
51-4122.00,10271,0.056167275386826934,0.009050078145061882
51-4122.00,10272,0.04232938218027507,0.007313715627759898
51-4122.00,10273,0.020689898101758995,0.008520531479961974
51-4122.00,10274,0.060320512583477995,0.005982137161537504
51-4122.00,10275,0.050802108673984075,0.009141019024401686
51-4122.00,10276,0.05861552979452493,0.010853109520774194
51-4122.00,10277,0.026596755819151,0.006646454697501003
51-4122.00,10278,0.028503008840026805,0.010831092854024785
51-4122.00,10279,0.03449920631400701,0.0063012392068532135
51-4122.00,10280,0.03518577486083437,0.007045859611166823
51-4122.00,10281,0.039907218894258606,0.007392855872558928
51-4122.00,10282,0.034447953294859945,0.008468631407125532
51-4122.00,10283,0.03514518508822533,0.00894639212790621
51-4122.00,10284,0.05406037432452776,0.009035309058980708
51-4122.00,10285,0.03210274013113343,0.007575147172809897
51-4122.00,10287,0.023792494666300394,0.006409822991242077
51-4122.00,10288,0.018700884339912863,0.007003657189008049
51-4122.00,10289,0.01833504656395931,0.008599206997635582
51-4122.00,10290,0.04071904627948634,0.007934673775756478
51-4122.00,10291,0.021824250125794902,0.007582999998589811
51-4122.00,10292,0.04420986147715484,0.011228430126830058
51-4122.00,10294,0.006880583132918894,0.004472970757375186
51-4192.00,10295,0.15007206103753074,0.023941915407611227
51-4192.00,10296,0.08008138519962932,0.018511737350585363
51-4192.00,10297,0.09200793440982043,0.021184713985393615
51-4192.00,10298,0.13655259444028894,0.023026360153863643
51-4192.00,10299,0.08499733492156167,0.01580319719065748
51-4192.00,10300,0.06933675800862121,0.020930494087147908
51-4192.00,10301,0.10029724187323476,0.0186598273692255
51-4192.00,10302,0.07934297012865217,0.019061436183286103
51-4192.00,10303,0.04253052518702775,0.01303615422524214
51-4192.00,10304,0.032784920448549346,0.014937099779870249
51-4192.00,10305,0.0652435567717595,0.02451784045109504
51-4192.00,10306,0.02065089392799611,0.008171111514783804
51-4192.00,10307,0.046101823645328006,0.02100160860330035
51-4193.00,10309,0.05589044232084314,0.01028210899512055
51-4193.00,10310,0.0387989563106309,0.008498537558592407
51-4193.00,10311,0.06024704502543426,0.009031878561192013
51-4193.00,10312,0.06904165423207297,0.010001409304230668
51-4193.00,10313,0.021513648741767817,0.007505373595090771
51-4193.00,10314,0.02078679109433188,0.007825720427003044
51-4193.00,10315,0.026972387476879113,0.0050809480623791176
51-4193.00,10316,0.04889650782440131,0.010672629713500591
51-4193.00,10317,0.025285069213092662,0.007555746304680974
51-4193.00,10318,0.05830075763324227,0.009799339976794696
51-4193.00,10319,0.058113058910063645,0.011748383131975576
51-4193.00,10320,0.020491531434295163,0.006939430984791668
51-4193.00,10321,0.0034870877863166063,0.0008807120996372527
51-4193.00,10322,0.023777033536152112,0.006062609934690592
51-4193.00,10323,0.031636753164352285,0.008909332495528813
51-4193.00,10324,0.03426710665505,0.00793437510843324
51-4193.00,10325,0.025974236373103646,0.007411876983248501
51-4193.00,10326,0.058690165291680994,0.014252822579404318
51-4193.00,10327,0.04954902993082609,0.011617162493018201
51-4193.00,10328,0.03600601996405377,0.01063984941964102
51-4193.00,10329,0.02710709211827674,0.006225719254792585
51-4193.00,10330,0.030560057807162436,0.007323920737688565
51-4193.00,10331,0.023102968247787084,0.007347774801776188
51-4193.00,10333,0.020203110801891723,0.00871401411925793
51-4193.00,10335,0.024639632256069896,0.006903101362293467
51-4193.00,10337,0.029723653477030862,0.009196488536579428
51-4193.00,10340,0.01343478181238001,0.005003496512667686
51-4193.00,10342,0.03548102342096467,0.008603462157437038
51-4193.00,10343,0.011892809338878017,0.00568106274917853
51-4193.00,10345,0.01612958780096794,0.005075136916652497
51-4194.00,10348,0.0628387324257346,0.01136232010086159
51-4194.00,10349,0.1050952460349694,0.02456510469450894
51-4194.00,10350,0.11265851656009,0.02237948262266731
51-4194.00,10351,0.07723448797238264,0.01702294298907351
51-4194.00,10352,0.06380752930136428,0.018913587639187428
51-4194.00,10353,0.06863766981076465,0.013047152422332717
51-4194.00,10354,0.057579320480045916,0.01320931462723639
51-4194.00,10355,0.04215427147643627,0.01150658121405881
51-4194.00,10356,0.02858883246090066,0.007316083846959781
51-4194.00,10357,0.11222481985050799,0.02022198926370982
51-4194.00,10358,0.06688341749301889,0.013325484696349898
51-4194.00,10359,0.06756374644226308,0.0140147841701298
51-4194.00,10361,0.030353466655445246,0.00873913975765707
51-4194.00,10362,0.0301532985206368,0.010500324940110222
51-4194.00,10363,0.008929332867310963,0.0033709239172699814
51-4194.00,10364,0.029585905464476186,0.012087960941827309
51-5111.00,10402,0.15503908254338106,0.013102211892375301
51-5111.00,10403,0.14123749882206096,0.016629123400123805
51-5111.00,10405,0.06756533204729531,0.010213549313958438
51-5111.00,10406,0.04698140326506398,0.009224590826687862
51-5111.00,10407,0.026297275988612985,0.011098316911815178
51-5111.00,10410,0.028255387646612194,0.007728886689374368
51-5111.00,10412,0.03646265340600877,0.00894057677047474
51-5111.00,10425,0.03621473429638153,0.009041209695215885
51-5111.00,10427,0.020367268684905314,0.006762556067755833
51-5111.00,10428,0.024388663804120476,0.009232498541493299
51-5111.00,10433,0.023530545404924278,0.00877399176423693
51-8021.00,10469,0.10986764514333928,0.021953024796303667
51-8021.00,10470,0.03077278564146596,0.004209393596097421
51-8021.00,10471,0.08589677611442091,0.024747392418479102
51-8021.00,10472,0.103004306638947,0.018324290702781854
51-8021.00,10473,0.046348789820921756,0.014848795889368962
51-8021.00,10474,0.08061689539198238,0.019650990317965203
51-8021.00,10475,0.059836791920286056,0.014963933166029834
51-8021.00,10476,0.0960879288941978,0.02496942324257314
51-8021.00,10477,0.08925763922971881,0.01517957469859174
51-8021.00,10478,0.02462170519559228,0.006381701589985204
51-8021.00,10479,0.022204733871900768,0.0049282236035593195
51-8021.00,10480,0.03528100706538706,0.012591650589759236
51-8021.00,10481,0.01186976139218945,0.0020602741279864014
51-8021.00,10482,0.030716755782244108,0.010340718051684237
51-8021.00,10483,0.04308598829410215,0.008621410446694778
51-8021.00,10484,0.007826965429594074,0.0024583188878656587
51-8021.00,10485,0.005974364309844848,0.0017217483449881873
51-8021.00,10486,0.022900385427083173,0.009968160133208887
51-8021.00,10487,0.014464938497932107,0.0070407384355735975
51-8021.00,10488,0.04835989453788176,0.01262358074761493
51-8021.00,10489,0.027401678683306136,0.008398400566809858
51-8021.00,10491,0.003602262717662171,0.0014913615424024791
51-8091.00,10493,0.09934844203002503,0.012958299011039093
51-8091.00,10494,0.14977719198859263,0.012006792634126398
51-8091.00,10495,0.14948974870308798,0.011259088533513964
51-8091.00,10496,0.08937426087497542,0.005700693485644907
51-8091.00,10497,0.03390490835723076,0.007985428042920953
51-8091.00,10498,0.06748695225235593,0.00648754761970398
51-8091.00,10500,0.04695945265728577,0.007724709516514523
51-8091.00,10501,0.05768702740008669,0.008208688390512264
51-8091.00,10502,0.0678226039453157,0.007336564829700655
51-8091.00,10503,0.030177388845430527,0.008621033178216919
51-8091.00,10504,0.06856407299935463,0.00942194785351
51-8091.00,10505,0.025689979180509817,0.007360187852453274
51-8091.00,10506,0.07475067058112177,0.009163005243645979
51-8091.00,10507,0.03342198210777661,0.007427467419925605
51-8091.00,10511,0.00554531807685068,0.004625774374493315
51-9082.00,10512,0.05343732553282399,0.01274269663668764
51-9082.00,10513,0.10030847821612124,0.012585431544626319
51-9082.00,10514,0.0751754901214992,0.013662277692245248
51-9082.00,10515,0.07472782362012258,0.010598355690879404
51-9082.00,10516,0.044449457172018314,0.010735296077253877
51-9082.00,10517,0.04570412332637506,0.013513442882535018
51-9082.00,10518,0.08847692458506083,0.0104565422489111
51-9082.00,10519,0.09468054605484447,0.011749587747671696
51-9082.00,10520,0.09903806645188643,0.014815582702642412
51-9082.00,10521,0.04503687147001732,0.008956226131149162
51-9082.00,10522,0.0704942428767827,0.015440808068446183
51-9082.00,10523,0.09046815776391322,0.012108666989728092
51-9082.00,10524,0.07930438838418954,0.011952229976548184
51-9082.00,10525,0.012618590083777794,0.006786723935500424
51-9082.00,10526,0.026079514340567322,0.008587146573775462
51-9083.00,10527,0.0751294463226744,0.009936002234628585
51-9083.00,10528,0.08407476080675919,0.010038340771668618
51-9083.00,10529,0.07265008169188461,0.006063664831658272
51-9083.00,10530,0.07190875393441193,0.005796208734635282
51-9083.00,10531,0.05913983334218219,0.007364436675508952
51-9083.00,10532,0.07882827160513409,0.0069663348267584345
51-9083.00,10533,0.08957302934003734,0.007013948660872481
51-9083.00,10534,0.05222655800121673,0.008332956318577176
51-9083.00,10535,0.08499273316312977,0.008010152209864594
51-9083.00,10536,0.05141290832247747,0.009395141267999852
51-9083.00,10537,0.07262764707703714,0.007478070242492665
51-9083.00,10538,0.023267843895327434,0.005282121913222393
51-9083.00,10539,0.04659477075651294,0.005419452511803318
51-9083.00,10540,0.06537102825973658,0.007111665358914919
51-9083.00,10541,0.009420114989045247,0.00350713094041119
51-9083.00,10542,0.024803181860369596,0.006317681385582226
51-9083.00,10543,0.020747123596392966,0.005442794060767641
51-9083.00,10544,0.017231913035670437,0.006112456570599329
53-2011.00,10562,0.08009408321641767,0.01025216563850366
53-2011.00,10564,0.07680290853926271,0.006864186461501067
53-2011.00,10565,0.09674403206517215,0.009296879500799625
53-2011.00,10566,0.11805566143467723,0.0069736589452458935
53-2011.00,10567,0.12290531685484495,0.008609825681020707
53-2011.00,10568,0.09049035766538571,0.009911639549622856
53-2011.00,10569,0.05176158756450699,0.0032201088886342367
53-2011.00,10570,0.05040536343951341,0.004024153454857061
53-2011.00,10572,0.038643136544970806,0.0050230035202757685
53-2011.00,10573,0.03151073691572509,0.004863750870928926
53-2011.00,10574,0.014669494854978243,0.002407186732496443
53-2011.00,10575,0.05449684064682755,0.006689008096072331
53-2011.00,10576,0.03777219254936281,0.005787383559308238
53-2011.00,10577,0.04115216940018438,0.005694134420887115
53-2011.00,10578,0.026095538914954617,0.005105552335914855
53-2011.00,10579,0.0403479072496246,0.0061178948608053745
53-2011.00,10581,0.004456209008230484,0.002470251662355165
53-2011.00,10582,0.009316414451731132,0.0028648141769416218
53-2011.00,10583,0.0038570318588975693,0.0031725083652461993
53-2011.00,10584,0.006335532437455634,0.003556355987057574
53-2011.00,10586,0.004087484387276253,0.003018269645869527
53-2012.00,10587,0.058957641300690485,0.004491968247502528
53-2012.00,10588,0.08821915725493204,0.017107330526598033
53-2012.00,10589,0.06455057823591592,0.00757481524153013
53-2012.00,10590,0.14065113911229762,0.01840749864601781
53-2012.00,10591,0.08840358381791745,0.008967317748308093
53-2012.00,10592,0.05840696591401152,0.01326295012703637
53-2012.00,10593,0.05686711007284953,0.008461790682216707
53-2012.00,10594,0.05985242134475217,0.012672805111864761
53-2012.00,10595,0.013909907132842963,0.0068827675595590585
53-2012.00,10596,0.054685436747731686,0.007656970026070749
53-2012.00,10598,0.06066942404808779,0.008326337193373065
53-2012.00,10599,0.04198975329326155,0.009302515947071589
53-2012.00,10600,0.05632497963538907,0.009236268979163421
53-2012.00,10601,0.0030762843828870574,0.0019117445927786293
53-2012.00,10602,0.006934496772863835,0.0055318003223291945
53-2012.00,10604,0.014026485412361015,0.007491765308238168
53-2012.00,10605,0.017456180422077507,0.007618859550006299
53-2012.00,10607,0.04334366161883302,0.018301851008098502
53-2012.00,10608,0.004614696938231841,0.00147618791845999
53-2012.00,10609,0.0033842341466142024,0.0032414508668499493
53-2012.00,10610,0.008749579446173765,0.004506435881619595
53-2022.00,10613,0.08397872979671177,0.015225286414889313
53-2022.00,10614,0.01656689687284726,0.0062165539325287475
53-2022.00,10615,0.03389439001602676,0.006622070401325317
53-2022.00,10616,0.08956425032422967,0.019567052511806116
53-2022.00,10617,0.02664200770420584,0.008453327384546187
53-2022.00,10618,0.023209772870187776,0.007018858940305325
53-2022.00,10619,0.0471191833353598,0.0141740829422002
53-2022.00,10620,0.023755590180786785,0.00805489602833623
53-2022.00,10621,0.03453345983894536,0.0063725361141645925
53-2022.00,10622,0.07013066432929514,0.014708119767460124
53-2022.00,10623,0.04663156744721028,0.010689245979013374
53-2022.00,10624,0.029943058239627264,0.013670089663749219
53-2022.00,10625,0.015083360473375437,0.0038144719253704372
53-2022.00,10626,0.03255391537495705,0.011306282758960937
53-2022.00,10628,0.014808251879483498,0.007632525144375894
53-2022.00,10629,0.009162698649377207,0.002826093291485877
53-2022.00,10630,0.0363408852194845,0.011438108602716709
53-2022.00,10631,0.013541918866657027,0.004932632231699393
53-2022.00,10632,0.03492687895922796,0.0076554344580527615
53-2022.00,10633,0.020367076180699165,0.00729225602327646
53-3032.00,10635,0.03723176564563125,0.008223616816683706
53-3032.00,10636,0.057061632218782736,0.006956011330044435
53-3032.00,10637,0.07600216399055437,0.007767270254066203
53-3032.00,10638,0.03880044373827003,0.004719956064969188
53-3032.00,10640,0.05470562008760436,0.0075404577004118374
53-3032.00,10641,0.05283892558098262,0.0067090126723354715
53-3032.00,10642,0.02235664971465005,0.004497897940082832
53-3032.00,10643,0.04542994662656042,0.008936345069994394
53-3032.00,10644,0.03128921336696549,0.0033769939741242596
53-3032.00,10645,0.03977603395886256,0.005429505297084435
53-3032.00,10646,0.03482632686482498,0.006409242650156818
53-3032.00,10647,0.04492533187083211,0.008841999982746459
53-3032.00,10650,0.04006813589162494,0.005661479903794519
53-3032.00,10651,0.03979994825463289,0.006747417233212815
53-3032.00,10653,0.022605437099544167,0.003251260287246205
53-3032.00,10655,0.023210033791099517,0.004738753627724431
53-3032.00,10656,0.029198923374924145,0.00539585306527906
53-3032.00,10658,0.010106467445619778,0.0036705968074472696
53-3032.00,10659,0.01310323761634108,0.004397139547090121
53-3032.00,10662,0.008696331162527021,0.005773401020312071
53-4013.00,10665,0.08637960055557319,0.013973037890465806
53-4013.00,10666,0.0860555945893541,0.011399739509081429
53-4013.00,10667,0.051607674551048505,0.010438466798097653
53-4013.00,10668,0.08425995636317186,0.016271036137226046
53-4013.00,10669,0.03310461511322445,0.00412310464445534
53-4013.00,10671,0.05480416496294361,0.009891168378648878
53-4013.00,10672,0.044765922951276724,0.011461277182730857
53-4013.00,10673,0.06463219056426382,0.008080178813539032
53-4013.00,10674,0.060108829381114094,0.016898376786775075
53-4013.00,10675,0.053252551157138235,0.01255609345472517
53-4013.00,10676,0.04547711848215112,0.008825653199718763
53-4013.00,10677,0.05576347839106995,0.008933397223194427
53-4013.00,10678,0.04764817510374104,0.009117715094642754
53-4013.00,10679,0.0635768227091098,0.013484970440670785
53-4013.00,10681,0.05086932325184735,0.00822446964047672
53-4013.00,10682,0.033155755503621355,0.006871139704071572
53-4013.00,10683,0.0274441524125155,0.009258324594998056
53-4013.00,10684,0.0253644277644557,0.006792638728054912
53-4013.00,10685,0.018510482303006746,0.006843345846295025
53-4013.00,10687,0.011341740530386075,0.006589814370031443
53-4013.00,10688,0.001877423358986812,0.0009564492253267486
53-4031.00,10690,0.11529521946455722,0.019026184143074207
53-4031.00,10691,0.06849474720646592,0.007426152287127731
53-4031.00,10692,0.08885905027933966,0.013397903103031515
53-4031.00,10693,0.0650097430194139,0.011091328305144938
53-4031.00,10694,0.04491841987632879,0.010179537577623852
53-4031.00,10695,0.011444889501679729,0.006564140902427003
53-4031.00,10696,0.05254175913996899,0.009995785608443298
53-4031.00,10697,0.06973814629318509,0.011246430936637596
53-4031.00,10698,0.053477814782146964,0.010377886557703034
53-4031.00,10699,0.0903185304231162,0.01327473692984155
53-4031.00,10700,0.030799801050864425,0.009619524615197925
53-4031.00,10701,0.04031527745305482,0.005706115413625723
53-4031.00,10702,0.040782218571705976,0.010665459696691432
53-4031.00,10703,0.05369367729147083,0.010900652041673025
53-4031.00,10704,0.04389521020704999,0.006022337445562414
53-4031.00,10705,0.031735093128971194,0.006219433927185078
53-4031.00,10707,0.04377906526941551,0.011145991399661955
53-4031.00,10708,0.016244764269331864,0.006668967083130862
53-4031.00,10710,0.03865657277193293,0.006515923383394507
53-6031.00,10712,0.17153799955130902,0.033161831712198914
53-6031.00,10713,0.03270829955255258,0.01994543061129794
53-6031.00,10714,0.03293510940529904,0.017643683721893993
53-6031.00,10715,0.08561084719423841,0.028686494434201515
53-6031.00,10719,0.11525534573297136,0.033880722413690265
53-6031.00,10721,0.06427683454502697,0.013976039217762545
53-6031.00,10723,0.07519567727375868,0.016471042152376655
53-6031.00,10724,0.1345662251173667,0.027564713469090972
53-6031.00,10725,0.11821481030783851,0.026863607484292795
53-6051.01,10728,0.2740075744652563,0.035791599878403524
53-6051.01,10729,0.029356765915276455,0.008717538128257304
53-6051.01,10730,0.08986188380012174,0.022467745729853515
53-6051.01,10731,0.08779071496269153,0.025786971717819
53-6051.01,10732,0.10014168080352948,0.031007392394383947
53-6051.01,10733,0.15447184990967683,0.03765854330872102
53-6051.01,10734,0.14010463373526172,0.024190637156061193
53-6051.01,10735,0.0753082342464589,0.022958242501916155
53-6051.01,10741,0.03476221929953224,0.018122572009563465
53-6051.01,10742,0.014194442862194758,0.003648809336374321
53-7011.00,10744,0.03344708886840054,0.008709471000186928
53-7011.00,10745,0.07489098692645921,0.017458841722025616
53-7011.00,10747,0.10501920875956691,0.027352079158858397
53-7011.00,10748,0.04623628078151142,0.01574016541891967
53-7011.00,10749,0.05373266596762042,0.014460095396065346
53-7011.00,10750,0.09034787036531305,0.016766156599480084
53-7011.00,10752,0.017745469200967617,0.0085958678726923
53-7011.00,10753,0.016491356564728558,0.007517151761082104
53-7011.00,10754,0.049478109382768955,0.011180120183847236
53-7011.00,10755,0.11129106810568101,0.03572724765760398
53-7011.00,10756,0.06017158539066701,0.017543028305027613
53-7011.00,10757,0.1095287111672076,0.023891586308747242
53-7011.00,10759,0.03743618454937646,0.00825860240068662
53-7011.00,10760,0.053537024912088255,0.008971413106304586
53-7011.00,10761,0.04278579733720979,0.015767196165400423
53-7011.00,10764,0.025544504731942648,0.009683989378045406
53-7021.00,10767,0.20355065348491586,0.024338208513240256
53-7021.00,10768,0.269904042399591,0.02234966821433823
53-7021.00,10769,0.058453708893946556,0.0063104774769716454
53-7021.00,10770,0.03381070122493183,0.003258465190504233
53-7021.00,10771,0.05708494865085112,0.006185032291588858
53-7021.00,10772,0.06674304798509051,0.012053421406235094
53-7021.00,10773,0.1416606873723301,0.030234718322991298
53-7021.00,10774,0.023192057706062665,0.007613768976672466
53-7021.00,10775,0.0711737331688892,0.01249967866693311
53-7021.00,10776,0.039802680301672735,0.009778063216832432
53-7021.00,10777,0.03462373881171838,0.008542869893118327
53-7062.00,10778,0.07657970113914461,0.026205002311855508
53-7062.00,10779,0.171314521775065,0.038752534114784826
53-7062.00,10780,0.132627779727816,0.04429387802207009
53-7062.00,10781,0.2223660553222012,0.03358251658143121
53-7062.00,10782,0.10331089429357838,0.047738611345089214
53-7062.00,10783,0.023849220033036196,0.013280891014828187
53-7062.00,10787,0.047409282424289136,0.020235580633969696
53-7062.00,10789,0.17272679664531945,0.053553481648871
53-7062.00,10792,0.04981574863954997,0.02736545987533212
13-1041.01,10829,0.07855109206642308,0.0
13-1041.01,10830,0.06900600377082984,0.0
13-1041.01,10831,0.15949123803851387,0.0
13-1041.01,10832,0.07109672301286026,0.0
13-1041.01,10833,0.03827626358841403,0.0
13-1041.01,10834,0.041139078083950634,0.0
13-1041.01,10835,0.013390772873964995,0.0
13-1041.01,10836,0.036104370562849486,0.0
13-1041.01,10837,0.09377090509543128,0.0
13-1041.01,10838,0.03321508058836546,0.0
13-1041.01,10839,0.028614536079944696,0.0
13-1041.01,10840,0.02310689226807747,0.0
13-1041.01,10841,0.027259934817607415,0.0
13-1041.01,10842,0.04836536749600451,0.0
13-1041.01,10843,0.08171893315228297,0.0
13-1041.01,10844,0.0600377643170543,0.0
13-1041.01,10845,0.005757939172238387,0.0
13-1041.01,10846,0.012539062896932969,0.0
13-1041.01,10847,0.02705251608284361,0.0
13-1041.01,10848,0.002763797525221708,0.0
13-1041.01,10849,0.009348951519630404,0.0
13-1041.01,10850,0.007035208659374752,0.0
13-1041.01,10851,0.006293261774119525,0.0
13-1041.01,10852,0.00716808545102543,0.0
13-1041.01,10853,0.017252825381541482,0.0
13-1041.03,10865,0.1654877562637053,0.03443350130040752
13-1041.03,10866,0.16247940425190585,0.03391675967105122
13-1041.03,10867,0.131747363576422,0.023177288328716072
13-1041.03,10869,0.03727396563754768,0.018412353868430934
13-1041.03,10870,0.010315801275122837,0.002437276733043582
13-1041.03,10871,0.04286024448045847,0.014270340156972237
13-1041.03,10873,0.009142519607946473,0.004973688088756351
13-1041.03,10874,0.021624355438647134,0.011264830234846897
13-1041.03,10875,0.018510747785876833,0.009090463296454935
13-1041.03,10876,0.025577152911597414,0.011567746291439269
13-1041.03,10878,0.011174331559616484,0.009071055953166299
13-1041.03,10880,0.0010484475514149568,0.0006021638547218732
17-3021.00,10881,0.1018129902359033,0.03466574399595605
17-3021.00,10882,0.15470984281788222,0.04970896878097921
17-3021.00,10883,0.13511014816844674,0.03486355154411707
17-3021.00,10884,0.055617303676045976,0.01921125872895566
17-3021.00,10885,0.12513512333775278,0.03662146651880963
17-3021.00,10887,0.102575587156264,0.04289002216774678
17-3021.00,10888,0.12082237529743134,0.0349803480630188
17-3021.00,10889,0.17126919887643585,0.04280141491378931
17-3021.00,10890,0.03294743043383778,0.020573173321288933
17-3024.00,10892,0.12677544659879814,0.0343818868497565
17-3024.00,10893,0.0913671399211634,0.01588287163076008
17-3024.00,10894,0.11371614570668555,0.03400365315874563
17-3024.00,10895,0.08179159231242623,0.017275133930990505
17-3024.00,10896,0.10527016798683196,0.021334266104552125
17-3024.00,10898,0.05109227005613891,0.011566292320873833
17-3024.00,10899,0.008440156733306328,0.003205610164437303
17-3024.00,10900,0.05472429464385157,0.02056076890087561
17-3024.00,10902,0.02148290960681727,0.0079438195704538
19-2012.00,10903,0.24017443132304514,0.03638870735819882
19-2012.00,10904,0.2007801424276813,0.03929030896819408
19-2012.00,10905,0.13115367340832296,0.02432328705496637
19-2012.00,10906,0.028509523050600602,0.019082563960244166
19-2012.00,10907,0.15762592038085035,0.037235873045594454
19-2012.00,10908,0.043819604522058596,0.027809016087576154
19-2012.00,10910,0.02511658902482852,0.012511854419346281
19-2012.00,10911,0.058207519053148596,0.026174561101832576
19-2012.00,10912,0.09346131559499597,0.02721802834119663
21-2011.00,10934,0.16941660294565147,0.022371801408893114
21-2011.00,10935,0.1300539285012162,0.02474500679343174
21-2011.00,10936,0.0348426064360968,0.011144598479417265
21-2011.00,10937,0.03677032652113825,0.01045698966694696
21-2011.00,10938,0.04288193783071711,0.012877134179595923
21-2011.00,10939,0.041553990420900945,0.02281549880025059
21-2011.00,10940,0.045820331663401624,0.02145942971105324
21-2011.00,10941,0.024572461161707738,0.011901086544329077
21-2011.00,10942,0.029622230641071456,0.014044021181476386
21-2011.00,10943,0.034708318760811714,0.014243768055247276
21-2011.00,10944,0.06984109579961748,0.022361487247457446
21-2011.00,10945,0.01629081361496962,0.011817790415245595
21-2011.00,10948,0.051707972424952266,0.022178294911149386
21-2011.00,10949,0.022392064763444554,0.011976455893966507
21-2011.00,10950,0.04430089764352664,0.012761884774358924
21-2011.00,10951,0.07727070234620162,0.030330807594490247
21-2011.00,10952,0.021420970306240166,0.011896178810183304
21-2011.00,10953,0.018372633221674994,0.01115618648581598
25-9044.00,10955,0.04296414453224956,0.006447160665032037
25-9044.00,10956,0.06863333674435543,0.011899677838015167
25-9044.00,10957,0.0543771085735883,0.009476921403741505
25-9044.00,10958,0.0668589307104488,0.013094123342528756
25-9044.00,10959,0.05541859799109375,0.008624839811268733
25-9044.00,10960,0.011026115152394994,0.0021815369981380193
25-9044.00,10961,0.010937482738698462,0.0020339059753342347
25-9044.00,10962,0.02883332816662578,0.006430449740945659
25-9044.00,10963,0.08096163423746462,0.03576292717729314
25-9044.00,10964,0.10213453351282295,0.04171164206134386
25-9044.00,10965,0.0608945408263069,0.010076107100854657
25-9044.00,10966,0.012644040994111327,0.003560889562609954
25-9044.00,10967,0.07593111174147857,0.015346894192345353
25-9044.00,10968,0.1725798847841195,0.05233255492543199
25-9044.00,10971,0.013882442394006704,0.005748048411425658
25-9044.00,10972,0.017119210032517446,0.006878831752042166
25-9044.00,10973,0.0036008008446490733,0.0017782477446360023
25-9021.00,10974,0.11775966053859231,0.0
25-9021.00,10975,0.03165307525471763,0.0
25-9021.00,10976,0.07735520572822804,0.0
25-9021.00,10977,0.13887179981471048,0.0
25-9021.00,10978,0.06420367116722249,0.0
25-9021.00,10979,0.024781110206506498,0.0
25-9021.00,10980,0.19272249922952606,0.0
25-9021.00,10981,0.04498718810329509,0.0
25-9021.00,10982,0.1286292875014705,0.0
25-9021.00,10983,0.0023025008474153452,0.0
25-9021.00,10984,0.013248234010566644,0.0
25-9021.00,10985,0.009686257074162069,0.0
25-9021.00,10986,0.10796016581501831,0.0
25-9021.00,10987,0.02890054737422318,0.0
25-9021.00,10988,0.0169387973343454,0.0
27-1013.00,10989,0.23619133731929498,0.048864784657495115
27-1013.00,10990,0.14286926007479023,0.03433112401637616
27-1013.00,10991,0.058131850156990524,0.036280825968720225
27-1013.00,10992,0.09606277958190126,0.03934899483689914
27-1013.00,10993,0.006300236991249914,0.0020980316304529383
27-1013.00,10994,0.04298639352541937,0.03504432049834696
27-1013.00,10995,0.04471353946083357,0.03301768020039867
27-1013.00,10996,0.008788103732257739,0.004388447283476675
27-1013.00,10997,0.0669763758258114,0.03526993999276516
27-1013.00,10998,0.04897724632518239,0.03385645531037646
27-1013.00,11002,0.0379149551058007,0.03318533686499013
27-1013.00,11003,0.09239915208620691,0.033647132089440104
27-1013.00,11009,0.03869488162939653,0.032637809993361015
27-2012.04,11015,0.0999516414428861,0.029313822989249415
27-2012.04,11016,0.04857188897929245,0.016889167087905745
27-2012.04,11017,0.0892975349988202,0.028856565108186284
27-2012.04,11018,0.12432783904195321,0.032006768162913486
27-2012.04,11019,0.0909778262418526,0.025699058347499616
27-2012.04,11020,0.13762486894737225,0.037391956275336716
27-2012.04,11021,0.16604137953213008,0.043607448711118595
27-2012.04,11022,0.012635296162180119,0.0032222849371984744
27-2012.04,11023,0.03665535460446455,0.00996217586512078
27-2012.04,11024,0.08977868238889115,0.019348568385752152
27-2012.04,11025,0.016650274849837342,0.006514937501154865
27-2012.04,11026,0.06732482456360404,0.015500648893032662
27-2032.00,11028,0.14292179051903783,0.0
27-2032.00,11029,0.031473760516715105,0.0
27-2032.00,11030,0.043917407845808686,0.0
27-2032.00,11031,0.03599859252163688,0.0
27-2032.00,11032,0.145664454055322,0.0
27-2032.00,11033,0.008236555190154416,0.0
27-2032.00,11034,0.020423107712041026,0.0
27-2032.00,11035,0.06148083615028704,0.0
27-2032.00,11036,0.05818766900057379,0.0
27-2032.00,11037,0.05621242308174305,0.0
27-2032.00,11038,0.07162738548112775,0.0
27-2032.00,11039,0.07533820594783355,0.0
27-2032.00,11040,0.0763857731110681,0.0
27-2032.00,11041,0.02426755626599861,0.0
27-2032.00,11042,0.019919436457279456,0.0
27-2032.00,11043,0.0828235811980176,0.0
27-2032.00,11044,0.018297881265754004,0.0
27-2032.00,11045,0.026823583679601085,0.0
27-3043.05,11046,0.12518415634014027,0.0
27-3043.05,11047,0.11783103654900788,0.0
27-3043.05,11048,0.07322778855750922,0.0
27-3043.05,11049,0.03179006988194195,0.0
27-3043.05,11050,0.0012410225329727914,0.0
27-3043.05,11051,0.19640000521371012,0.0
27-3043.05,11052,0.13756212792316846,0.0
27-3043.05,11053,0.015803130074594544,0.0
27-3043.05,11054,0.09241335918183119,0.0
27-3043.05,11055,0.11916531388122441,0.0
27-3043.05,11056,0.005496371015908456,0.0
27-3043.05,11057,0.022678952480972178,0.0
27-3043.05,11058,0.014930378957643708,0.0
27-3043.05,11059,0.009286260519577885,0.0
27-3043.05,11060,0.010911529243205377,0.0
27-3043.05,11061,0.026078497646591536,0.0
19-5011.00,11062,0.02399421386039867,0.0
19-5011.00,11063,0.1925736591535714,0.0
19-5011.00,11064,0.03769765621487295,0.0
19-5011.00,11065,0.057346612648310626,0.0
19-5011.00,11066,0.16450154080219928,0.0
19-5011.00,11067,0.10409503778664679,0.0
19-5011.00,11068,0.035808318865139736,0.0
19-5011.00,11069,0.04522344727929463,0.0
19-5011.00,11070,0.04112595465486123,0.0
19-5011.00,11071,0.018808928936942575,0.0
19-5011.00,11072,0.01897578674078649,0.0
19-5011.00,11073,0.023943133117772724,0.0
19-5011.00,11074,0.01230014424980684,0.0
19-5011.00,11075,0.003928145225857269,0.0
19-5011.00,11076,0.06460993691240065,0.0
19-5011.00,11077,0.0036255844674996257,0.0
19-5011.00,11078,0.014190799555292663,0.0
19-5011.00,11079,0.02645111186133792,0.0
19-5011.00,11080,0.0012109096322823493,0.0
19-5011.00,11081,0.002634028579389308,0.0
19-5012.00,11082,0.11704055320982763,0.0
19-5012.00,11083,0.14663502830825062,0.0
19-5012.00,11085,0.020444162735997307,0.0
19-5012.00,11087,0.029744188698822328,0.0
19-5012.00,11088,0.033488559770269745,0.0
19-5012.00,11091,0.04123315361026333,0.0
19-5012.00,11093,0.03789130531622087,0.0
19-5012.00,11095,0.04307783723453222,0.0
19-5012.00,11096,0.019778473346778073,0.0
19-5012.00,11097,0.0012880403034638192,0.0
19-5012.00,11098,0.0024668417087075093,0.0
19-5012.00,11099,0.10545675157561855,0.0
19-5012.00,11100,0.0011805566983844773,0.0
19-5012.00,11101,0.0038604832669343536,0.0
33-2022.00,11102,0.07393830498616068,0.020199186522743197
33-2022.00,11103,0.054723160255715234,0.014459842516540533
33-2022.00,11104,0.05261076864444965,0.015494587191702802
33-2022.00,11105,0.05526760144565714,0.02819602258696231
33-2022.00,11106,0.022019433197128187,0.004019718802352036
33-2022.00,11107,0.046446962098435955,0.011888612916436803
33-2022.00,11108,0.17050662871642944,0.0343619595148345
33-2022.00,11109,0.08351765392675037,0.01924573087783565
33-2022.00,11110,0.038496069596846816,0.007856260248790964
33-2022.00,11111,0.01404426220826347,0.005600421283399912
33-2022.00,11112,0.09635854023148864,0.028406682500129645
33-2022.00,11113,0.10389181612785033,0.029723302582949876
33-2022.00,11114,0.06736889380287414,0.030909574661937236
33-2022.00,11115,0.055611377143557995,0.03046509536143649
33-9091.00,11116,0.16369341537534732,0.02633882462824412
33-9091.00,11117,0.23280022298491548,0.025579076737422924
33-9091.00,11118,0.19272937707551616,0.024244964096069486
33-9091.00,11119,0.11736722542321747,0.013453516440480437
33-9091.00,11120,0.024615725549538794,0.0067244762503774575
33-9091.00,11121,0.02686455725707426,0.010886899266015305
33-9091.00,11122,0.09856396524318756,0.018918022578878646
33-9091.00,11123,0.053799733690516445,0.02050231673778369
33-9091.00,11124,0.019409686579397394,0.006299474273196191
33-9091.00,11125,0.018331693114369333,0.009158546163871278
33-9091.00,11126,0.0260434777630127,0.021261916698287246
33-9091.00,11127,0.025780919943907098,0.023052731054242267
35-1011.00,11128,0.07030510026345572,0.0
35-1011.00,11129,0.14617218047937403,0.0
35-1011.00,11130,0.04295443364330469,0.0
35-1011.00,11131,0.041676209494036054,0.0
35-1011.00,11132,0.11644976243997879,0.0
35-1011.00,11133,0.08562360115950371,0.0
35-1011.00,11134,0.03574053345723438,0.0
35-1011.00,11135,0.15362307923330681,0.0
35-1011.00,11136,0.02365655109948635,0.0
35-1011.00,11137,0.014747964760076678,0.0
35-1011.00,11138,0.013410081326520785,0.0
35-1011.00,11139,0.028212609884182373,0.0
35-1011.00,11140,0.03508335597142956,0.0
35-1011.00,11141,0.015100395423398515,0.0
35-1011.00,11142,0.015267191314050965,0.0
35-1011.00,11143,0.02339176296282486,0.0
35-1011.00,11144,0.013170837891976313,0.0
35-1011.00,11145,0.01382984894194928,0.0
35-1011.00,11146,0.044443162820169704,0.0
35-1011.00,11147,0.055963856613971255,0.0
35-1011.00,11148,0.011177480819769174,0.0
35-3041.00,11149,0.0802160766223919,0.00896299205947989
35-3041.00,11150,0.07159239759830165,0.01164217083703886
35-3041.00,11151,0.09495750678631028,0.015903513279811626
35-3041.00,11152,0.09840896627069907,0.012112799964715617
35-3041.00,11153,0.08812778632025915,0.012744954440861872
35-3041.00,11154,0.06292112358688523,0.0092106145302854
35-3041.00,11155,0.06182917080418559,0.009335872663255793
35-3041.00,11156,0.06791541559690036,0.00887945081590118
35-3041.00,11157,0.059363053228222225,0.010002882643004491
35-3041.00,11158,0.06351238966296273,0.007621611953953283
35-3041.00,11159,0.07653070370342031,0.009790712129133298
35-3041.00,11160,0.04995060079056195,0.009008523173755334
35-3041.00,11161,0.07135149362175788,0.016607615697705164
35-3041.00,11162,0.05332331540714169,0.0174137292839536
35-9011.00,11163,0.07892360610753794,0.010079698509176699
35-9011.00,11164,0.06965831671506668,0.00877271810337571
35-9011.00,11165,0.07848173198618492,0.007388315655344561
35-9011.00,11166,0.05154268580110546,0.007424498443856889
35-9011.00,11167,0.05808997747881713,0.007647038898659047
35-9011.00,11168,0.06752459882018613,0.007461948928642878
35-9011.00,11169,0.07335051444318243,0.009488473738971877
35-9011.00,11170,0.06955828084285856,0.010679539113665757
35-9011.00,11171,0.035234409185853265,0.004997496709256131
35-9011.00,11172,0.06191833839165002,0.00906098968978727
35-9011.00,11173,0.055636631489597764,0.006221239137625208
35-9011.00,11174,0.04812314475092516,0.0070403122899608825
35-9011.00,11176,0.041800760588129246,0.009075654102620116
35-9011.00,11177,0.027494513986132386,0.0063305100001991195
35-9011.00,11178,0.045229799848453094,0.008214746854946274
35-9011.00,11179,0.016223530405747488,0.006179159756493747
35-9011.00,11180,0.02348746444570611,0.010356684634470805
35-9011.00,11182,0.007641213572919402,0.0031742016702877643
35-9011.00,11184,0.015982913394591403,0.004927535109128361
35-9021.00,11186,0.223203598752989,0.02802392974896238
35-9021.00,11187,0.20086120550699685,0.024654530419149962
35-9021.00,11189,0.11527792888036874,0.023538461476812468
35-9021.00,11190,0.10589567098370511,0.019482958002476968
35-9021.00,11192,0.07788652366283602,0.014645431994168902
35-9021.00,11193,0.10040826351677802,0.025899997874139442
35-9021.00,11194,0.020049147559478567,0.017906533637722162
35-9021.00,11195,0.05599416359426604,0.018404596656774002
35-9021.00,11196,0.028430215288208237,0.006467440311354358
35-9021.00,11197,0.060726508738695895,0.01683052048966484
35-9021.00,11198,0.01126677351567751,0.004164571599089681
37-1012.00,11199,0.040708970728319006,0.00777517547200865
37-1012.00,11200,0.052320259912541786,0.008076572744356981
37-1012.00,11201,0.06482087568724217,0.0139125030942652
37-1012.00,11202,0.06368599034210802,0.008477475821874142
37-1012.00,11203,0.07157590896683345,0.017243630994274953
37-1012.00,11204,0.05516502450588019,0.0075479266852870285
37-1012.00,11205,0.024163225142602853,0.0030419777562106097
37-1012.00,11206,0.055257399094629775,0.011396780950829192
37-1012.00,11207,0.03064804713877546,0.0055664125983359404
37-1012.00,11208,0.022929687705439353,0.0045840518269327606
37-1012.00,11209,0.016205271470637918,0.0036832957940834002
37-1012.00,11210,0.026144674976464617,0.006849273870276228
37-1012.00,11211,0.043631839997647394,0.008210856158644515
37-1012.00,11212,0.026864946100803318,0.005246112529841079
37-1012.00,11213,0.03385785979582512,0.0077164113637558
37-1012.00,11214,0.028734110448140785,0.005273575226560735
37-1012.00,11215,0.031115804461688792,0.007485548883777189
37-1012.00,11216,0.024697045522416052,0.004874550356803169
37-1012.00,11217,0.054913084689918915,0.009301124835171865
37-1012.00,11219,0.024102718794542642,0.0024544583658362234
37-1012.00,11220,0.040702909348706774,0.008028714697029583
37-1012.00,11221,0.04236040333524953,0.01729253343246263
37-1012.00,11222,0.01913394533728513,0.005766287421640007
37-1012.00,11223,0.028207263591847418,0.00684125508957924
37-1012.00,11224,0.017429032522957435,0.0038988673419822063
37-1012.00,11225,0.04737152960947439,0.008434281940337846
37-1012.00,11226,0.013252170772021638,0.003791965023695558
37-3012.00,11227,0.1215699537648108,0.02302151354655901
37-3012.00,11228,0.12538822800282456,0.020854611759895923
37-3012.00,11229,0.13641302435442165,0.032389927336912684
37-3012.00,11230,0.16629216488653437,0.04134759472195756
37-3012.00,11231,0.16541151270570778,0.03501953256426411
37-3012.00,11232,0.07899751280243153,0.024817135359672133
37-3012.00,11233,0.05094751738922443,0.012293328375193525
37-3012.00,11234,0.031866823571831425,0.013965679736207577
37-3012.00,11235,0.004408095793622799,0.0020547771795725017
41-4011.00,11237,0.07106714411349646,0.011670359523035538
41-4011.00,11238,0.08079842597004316,0.016927445594787736
41-4011.00,11239,0.05294369673144101,0.011366740059863963
41-4011.00,11240,0.05721169169525772,0.016704762813988937
41-4011.00,11241,0.07118291228982768,0.01616322235837964
41-4011.00,11245,0.03851204191512312,0.009789611989178939
41-4011.00,11246,0.03756278976622385,0.013543006345454025
41-4011.00,11248,0.02628678626094237,0.006133809144129431
41-4011.00,11249,0.04180028652561048,0.013260153245421982
41-4011.00,11251,0.04626078455070839,0.015090346771242375
41-4011.00,11252,0.025863026413824135,0.010907918678684783
41-4011.00,11256,0.0208017521489911,0.01078993318294989
41-4011.00,11257,0.007887051607231015,0.004312853372281081
41-4011.00,11261,0.04320020843989165,0.012642637286424408
41-4011.00,11262,0.010858142906107624,0.0035297248360641343
41-4011.00,11265,0.010679429097604885,0.0020515875899323973
41-4011.00,11267,0.009951231862998462,0.0037525492655595427
43-4021.00,11270,0.09592374838405342,0.022959708714838246
43-4021.00,11271,0.03533769885426177,0.006925569971398549
43-4021.00,11272,0.038559590706577725,0.011758141247018454
43-4021.00,11273,0.14746580230947726,0.026319377133442814
43-4021.00,11274,0.036971886493724675,0.010026046542027219
43-4021.00,11276,0.13472303739401398,0.02355017322827214
43-4021.00,11277,0.1045198822615869,0.02316626423807485
43-4021.00,11278,0.024848482627497948,0.010454550687346173
43-4021.00,11279,0.07243771577930051,0.015006605380986715
43-4021.00,11280,0.04765955202239871,0.01669811955276093
43-4021.00,11281,0.09582931920954857,0.025553958107005562
43-4021.00,11283,0.038224840831070084,0.015153814384974767
43-4021.00,11285,0.011854385630431926,0.005544631573058479
43-4021.00,11287,0.03508919616755226,0.010152768055480975
43-4021.00,11289,0.05428686597481349,0.019109068993351706
43-4021.00,11290,0.02626799535369078,0.011451587829036622
43-4131.00,11291,0.09270786482065355,0.020861510597036594
43-4131.00,11292,0.04763879887503835,0.009432356234714313
43-4131.00,11293,0.047389601313210225,0.011583166116984636
43-4131.00,11294,0.08548287657172199,0.019346520895993757
43-4131.00,11295,0.10040358918561751,0.026869250787060303
43-4131.00,11296,0.06021305321284263,0.016454889699843198
43-4131.00,11297,0.07073858241588696,0.015456680751347552
43-4131.00,11298,0.05295304244164333,0.01595950556713402
43-4131.00,11299,0.047720380102542474,0.016640831473179286
43-4131.00,11300,0.03299838042915076,0.00881371228227442
43-4131.00,11301,0.06263625156883179,0.01546646985529269
43-4131.00,11302,0.06460146437852173,0.015444230129832794
43-4131.00,11303,0.0277240301725032,0.01661078105227459
43-4131.00,11304,0.043957736585346664,0.013176529853124673
43-4131.00,11305,0.054891256038193816,0.016894061053338162
43-4131.00,11306,0.028423954993805452,0.010924232758132759
43-4131.00,11307,0.05611089274394964,0.01659939037214949
43-4131.00,11308,0.02340824415053989,0.008610761572309087
43-5041.00,11309,0.204142463886189,0.03724871774817101
43-5041.00,11310,0.20325583534467404,0.0370437543556654
43-5041.00,11311,0.06365498661881282,0.014384056863645339
43-5041.00,11312,0.07137240828009199,0.01358028537540988
43-5041.00,11313,0.14426765077351575,0.02869272620643334
43-5041.00,11314,0.07868857124488675,0.015185052898335551
43-5041.00,11315,0.05335798692128081,0.008645551048819436
43-5041.00,11316,0.037922989854704714,0.014065810167692351
43-5041.00,11317,0.04386453740048436,0.013576249001139441
43-5041.00,11318,0.0389897147753961,0.016178085397964368
43-5041.00,11320,0.017017693714289996,0.0058254370955988346
43-5051.00,11321,0.05832981253294034,0.010363909922939975
43-5051.00,11322,0.10431733969779541,0.013619367545764259
43-5051.00,11323,0.05119936266385654,0.009950507950770328
43-5051.00,11324,0.0684632029543866,0.010465037082409184
43-5051.00,11325,0.09616084658289784,0.01272273616452356
43-5051.00,11326,0.11354022289085214,0.015650328178699394
43-5051.00,11327,0.09436614395703655,0.013688990239401575
43-5051.00,11328,0.05958078777612339,0.009880000553684895
43-5051.00,11329,0.05707197004552078,0.011176045793584643
43-5051.00,11330,0.07121000937528164,0.009693254742313799
43-5051.00,11333,0.05020732063291687,0.009488934215192962
43-5051.00,11334,0.01022205484021174,0.006099575446580647
43-5051.00,11336,0.08363047490652814,0.012808976943360485
43-5051.00,11337,0.024712611902005077,0.004478448018740583
43-5051.00,11338,0.046498203110783676,0.00759637559659763
43-5052.00,11341,0.06441236086748944,0.005856383772227248
43-5052.00,11342,0.06931586571594554,0.008190115330938863
43-5052.00,11343,0.11451900051809244,0.01128694793995817
43-5052.00,11344,0.05786779207155191,0.007808531714922874
43-5052.00,11345,0.022712125788418084,0.002065243932669752
43-5052.00,11346,0.024457378308881124,0.0018845059442002743
43-5052.00,11347,0.03834406824308874,0.004738220495923406
43-5052.00,11348,0.04930755041635752,0.006177269479152905
43-5052.00,11349,0.058254904662427,0.0071799893437720615
43-5052.00,11351,0.058603154946537395,0.009118771567825555
43-5052.00,11352,0.07301845266442748,0.008635931719009777
43-5052.00,11353,0.06523694879877552,0.010987764999152553
43-5052.00,11354,0.039349307926609824,0.008285457159729816
43-5052.00,11355,0.010950470914008829,0.004550476576983346
43-5052.00,11357,0.0322043400126822,0.008016360233995856
43-5052.00,11358,0.020293455497840063,0.00489801675706209
43-5052.00,11360,0.014330138021221425,0.006780463241344798
43-5061.00,11362,0.03983096896520708,0.007382843732424105
43-5061.00,11363,0.06925489338205194,0.011350885230278935
43-5061.00,11364,0.10089446240337256,0.01953979309875546
43-5061.00,11365,0.07616710022456173,0.017687758837581148
43-5061.00,11366,0.07977451499257786,0.016522548594811642
43-5061.00,11367,0.0411405543581301,0.009910045045147668
43-5061.00,11368,0.07174620053302613,0.01967505009107401
43-5061.00,11369,0.03797209888718933,0.0122026601178865
43-5061.00,11370,0.10683082148484385,0.02189741899524615
43-5061.00,11371,0.05711129675238101,0.014239745186339676
43-5061.00,11372,0.10189874849641903,0.020118976946724338
43-5061.00,11373,0.028748592914613506,0.011955796068487767
43-5061.00,11374,0.05082030918489469,0.012552723422546732
43-5061.00,11375,0.06470972432647833,0.023821647035880317
43-5061.00,11376,0.01965224730385886,0.006696751817593761
43-5061.00,11377,0.04368138574185424,0.010406822220359423
43-5061.00,11378,0.009766080048539724,0.0034944965732519257
43-5111.00,11379,0.06550371768790376,0.014864367219475632
43-5111.00,11380,0.10765843721772801,0.015922905683444507
43-5111.00,11381,0.07683377950026242,0.02052171859763774
43-5111.00,11382,0.04251765496223285,0.012347629579310253
43-5111.00,11383,0.13689469354380446,0.013310332909357535
43-5111.00,11384,0.03057554688304222,0.009895310148263625
43-5111.00,11386,0.03153506530572165,0.011279836615812494
43-5111.00,11387,0.024777637207429787,0.00826421326284056
43-5111.00,11388,0.029672648336526095,0.009230890979558946
43-5111.00,11389,0.02991245671739691,0.008046528985530856
43-5111.00,11390,0.03705694549012781,0.01135541843871774
43-5111.00,11391,0.060921648571100565,0.010083157516729306
43-5111.00,11393,0.04805589670095597,0.011461257639579281
43-5111.00,11394,0.05419132098331569,0.017138310244414517
43-5111.00,11395,0.046937870292907316,0.00784446050209298
43-5111.00,11397,0.07562201841577114,0.021368203007331582
43-5111.00,11398,0.032604539624283606,0.007819145580225787
43-5111.00,11400,0.06872812255948971,0.015514857956036283
43-9021.00,11401,0.13117270503113648,0.030813999298388597
43-9021.00,11402,0.12547251514150937,0.026170479899940174
43-9021.00,11403,0.1570544759611548,0.03784788105955451
43-9021.00,11404,0.15079917739948473,0.02797142673576601
43-9021.00,11405,0.16719177108245095,0.03864438886791095
43-9021.00,11406,0.09802107593911537,0.027576156412104636
43-9021.00,11407,0.12700335944747362,0.03487564121466382
43-9021.00,11408,0.04328491999767466,0.022257341746727076
47-1011.00,11424,0.12045290147295376,0.0163569818065803
47-1011.00,11425,0.08443268131569621,0.009753141194322383
47-1011.00,11426,0.13320643906391894,0.018200399370449864
47-1011.00,11427,0.040774257420218916,0.006458527486519821
47-1011.00,11428,0.07632945452140734,0.012449827567449017
47-1011.00,11429,0.05224985244916919,0.010027871795573467
47-1011.00,11431,0.032235811500473444,0.0038811069566346374
47-1011.00,11432,0.11444620696357033,0.012334607534497619
47-1011.00,11433,0.06123222198231535,0.007180166719524362
47-1011.00,11434,0.03961060924374773,0.006227231162445211
47-1011.00,11435,0.0614098849868291,0.012708760713454188
47-1011.00,11436,0.031069215839377367,0.010579205743774111
47-1011.00,11437,0.017216623624533432,0.007819300903811584
47-2011.00,11438,0.11977214779871126,0.017288047126034718
47-2011.00,11439,0.050847270125755274,0.019971756043908346
47-2011.00,11440,0.12034856743780549,0.013204892883633624
47-2011.00,11441,0.07443358231909517,0.02276724575262106
47-2011.00,11442,0.04896571781977051,0.026353131052612593
47-2011.00,11443,0.07415315220156811,0.023206829150413097
47-2011.00,11445,0.04785132264018689,0.013237969004713208
47-2011.00,11446,0.1865818571327145,0.03705512662792502
47-2011.00,11449,0.08468843151925,0.021700857500648034
47-2011.00,11451,0.07483232870013386,0.03160256851258721
47-2011.00,11452,0.104604129216874,0.028635968357347365
47-2011.00,11453,0.012921493088134957,0.006217582499816663
47-2061.00,11455,0.05345358482713237,0.01270226860288231
47-2061.00,11456,0.08897397110048039,0.019253524255909607
47-2061.00,11457,0.04285354615011341,0.025524749045401442
47-2061.00,11458,0.09359148668076611,0.030611672461710027
47-2061.00,11460,0.04423487299060277,0.017592410515681254
47-2061.00,11461,0.07530871243797974,0.02098498837986584
47-2061.00,11462,0.05621958744009093,0.021431507547015036
47-2061.00,11465,0.1023163183536787,0.018371809441543287
47-2061.00,11466,0.036742877729393095,0.023545256872160792
47-2061.00,11468,0.0160334559278305,0.007615067421286651
47-2061.00,11472,0.16523211081039996,0.05899863615967773
47-2061.00,11478,0.08978675375811705,0.02717961944753096
47-2061.00,11480,0.01188119417904823,0.00382949708681501
47-2061.00,11481,0.04715933072915754,0.025230801922150048
47-2061.00,11482,0.05702007130111033,0.020087151460176058
47-2061.00,11483,0.014127398348138335,0.005670700109292237
47-2121.00,11484,0.09907638271534935,0.02095613984211118
47-2121.00,11485,0.056395063425918816,0.008188410157507115
47-2121.00,11486,0.08386341761844386,0.017274496344518133
47-2121.00,11487,0.03986145502641596,0.00832770589750094
47-2121.00,11488,0.033787728023273546,0.006254848083095576
47-2121.00,11489,0.022862600886041147,0.0056303634240500895
47-2121.00,11490,0.07543917491650808,0.010816538652281538
47-2121.00,11491,0.042852686481917354,0.00979417648165683
47-2121.00,11492,0.03976355397021557,0.0074578491150361515
47-2121.00,11493,0.04089124527711548,0.009690720028279374
47-2121.00,11494,0.022820020803243215,0.004833293109203876
47-2121.00,11495,0.05993049208832303,0.011930841007291937
47-2121.00,11497,0.05145360798433544,0.010451074030932837
47-2121.00,11498,0.014265994422456137,0.004727731139103434
47-2121.00,11499,0.04830077066431401,0.006189164369558414
47-2121.00,11500,0.027217635388351664,0.007631951985053211
47-2121.00,11501,0.03335209437114003,0.008915281596780044
47-2121.00,11502,0.034354411705195695,0.009890312531385208
47-2121.00,11503,0.05980678105917756,0.009568024574724663
47-2121.00,11504,0.0183449722505914,0.005580585472141667
47-2121.00,11505,0.02864232201372561,0.009844497846914919
47-2121.00,11506,0.02955046588636915,0.006970008372107409
47-2121.00,11507,0.026137363442542354,0.009032993547201806
47-2121.00,11509,0.011029759579035613,0.005022442219035946
47-2141.00,11512,0.16850187658972582,0.03028481882686928
47-2141.00,11513,0.09807317768698383,0.0244331924746971
47-2141.00,11514,0.2153103306213169,0.06300782285720608
47-2141.00,11515,0.022086999567153754,0.004926497167518211
47-2141.00,11516,0.0833300096556451,0.015014235650325874
47-2141.00,11517,0.08669350783665224,0.022462729856159273
47-2141.00,11518,0.040817209563171315,0.008301521482309684
47-2141.00,11519,0.04604160943686438,0.021965295805168674
47-2141.00,11520,0.022184905051991614,0.009621020945106638
47-2141.00,11521,0.009537355273437118,0.0036114022137669123
47-2141.00,11522,0.03997054685384535,0.022160409073418694
47-2141.00,11523,0.10920609962138882,0.019631503446950905
47-2141.00,11524,0.042482688198626696,0.02950379533181359
47-2141.00,11525,0.009829807778778022,0.005082085631912073
47-2141.00,11527,0.005933876264419048,0.005186902638834372
47-2151.00,11530,0.06760695480199547,0.01979861049492956
47-2151.00,11531,0.08139389518769086,0.02268342174350148
47-2151.00,11532,0.053634089097508296,0.009436462039862847
47-2151.00,11533,0.08152620685399657,0.014194857594792071
47-2151.00,11534,0.06417501290530656,0.02116907391043184
47-2151.00,11536,0.112876204237419,0.04150808251819696
47-2151.00,11537,0.12289983675233007,0.02382346608958605
47-2151.00,11538,0.10331063478193162,0.031436778414047864
47-2151.00,11539,0.11614650835825303,0.02625402188977933
47-2151.00,11540,0.07896272904046736,0.036669247861053
47-2151.00,11541,0.04714251866939456,0.023214796234189254
47-2151.00,11542,0.03231867112711277,0.011474595612615952
47-2151.00,11543,0.03800673818659382,0.015429250742029001
47-2221.00,11544,0.10084044399792501,0.021792399612412052
47-2221.00,11545,0.05319392977560594,0.010152084860644613
47-2221.00,11546,0.1027555928445351,0.01585445804675882
47-2221.00,11548,0.08628423376953281,0.01721817928516065
47-2221.00,11549,0.03232886849987308,0.008222392677748309
47-2221.00,11550,0.03684239807805311,0.009150594823978231
47-2221.00,11551,0.06321569829603826,0.01584713889969324
47-2221.00,11552,0.07118595483645136,0.01452403153229649
47-2221.00,11553,0.08256895884133948,0.018603099337929287
47-2221.00,11554,0.04862463016535145,0.01292759901828538
47-2221.00,11555,0.05718033474468796,0.012024178663012952
47-2221.00,11556,0.05518602449746664,0.014762083216116165
47-2221.00,11557,0.04688520561587649,0.012681014007645411
47-2221.00,11558,0.0503893605081582,0.013001734870040268
47-2221.00,11559,0.014381529617496234,0.006027934666800438
47-2221.00,11560,0.005437427266614692,0.002991823002235932
47-2221.00,11562,0.010718660501563271,0.0056112612398716314
47-4021.00,11564,0.13304734225759207,0.018859403606238962
47-4021.00,11566,0.07856341917366035,0.01725937010837078
47-4021.00,11567,0.09909687810024796,0.030134168403060914
47-4021.00,11568,0.0362808012921842,0.0214632143960703
47-4021.00,11569,0.10070147489556526,0.03723294049038076
47-4021.00,11570,0.0842771711208677,0.03625093407744247
47-4021.00,11571,0.11054060805083107,0.021895293862493
47-4021.00,11572,0.0935303154775695,0.0367935133380114
47-4021.00,11573,0.1473750240278245,0.04138348970962896
47-4021.00,11574,0.012276844999133426,0.0086387227533987
47-4021.00,11575,0.02915726817375457,0.020622552254910637
47-4021.00,11576,0.0019068136310399458,0.0011828855138414749
47-4021.00,11577,0.004929235637579469,0.0033912099831324228
47-4021.00,11578,0.009802088546468983,0.004845637588832655
47-4021.00,11580,0.02396152272685019,0.015069197968581742
47-4021.00,11582,0.03455319188883078,0.009929081224555119
47-4041.00,11584,0.12453273479434364,0.02746330787789504
47-4041.00,11585,0.04775787309762793,0.0167228354132396
47-4041.00,11587,0.05220409163541003,0.01652178665298954
47-4041.00,11588,0.0705559299380181,0.020443484161785083
47-4041.00,11589,0.04827985263703556,0.01632201952052849
47-4041.00,11591,0.1163410382179554,0.035537616695893864
47-4041.00,11594,0.07234649290809254,0.02312259250722938
47-4041.00,11597,0.029238775848535365,0.009703607757752518
47-4041.00,11598,0.03110647885773878,0.012439848374076764
47-4041.00,11600,0.02368850275880696,0.01177732890426566
47-4071.00,11601,0.14458636975070568,0.026401193283272048
47-4071.00,11602,0.12071223981063983,0.020634649222301887
47-4071.00,11603,0.09295790550012524,0.019803173860831306
47-4071.00,11604,0.11284517237773657,0.02850901544302256
47-4071.00,11605,0.02227816050877819,0.010556965634759595
47-4071.00,11606,0.04564526519349008,0.018677688842905098
47-4071.00,11607,0.03844588098445098,0.020440932705166833
47-4071.00,11608,0.03071367099559648,0.009217890713905502
47-4071.00,11609,0.04743756125867108,0.020636390966382336
47-4071.00,11610,0.08955835686661093,0.019336963391343408
47-4071.00,11611,0.04769892482089027,0.019769648332678937
47-4071.00,11612,0.038429187031460546,0.012030432259462081
47-4071.00,11613,0.05673086650967269,0.019713625329255427
47-4071.00,11614,0.007995594737369657,0.003305662879857404
47-4071.00,11615,0.04743690395818391,0.013730602836020667
47-4071.00,11616,0.009320928331430278,0.005265431319030131
47-4071.00,11617,0.011308044347107624,0.007392694774642376
47-4071.00,11618,0.013380517739638277,0.0062413576777969534
47-4071.00,11622,0.022518449277441708,0.011168243448679638
49-2011.00,11623,0.08017667039739318,0.017117568907107365
49-2011.00,11624,0.06153807182637365,0.00884940427019447
49-2011.00,11625,0.06046812854782499,0.00934099335348036
49-2011.00,11626,0.05261157563683119,0.019371515902132107
49-2011.00,11627,0.07588549312453809,0.018753820905680906
49-2011.00,11628,0.03744491260914587,0.02022227191287059
49-2011.00,11629,0.025232040684672833,0.010827046343426213
49-2011.00,11630,0.06517628783397014,0.01177737143587349
49-2011.00,11631,0.06287738840696441,0.01109895679382626
49-2011.00,11632,0.03263827899101881,0.020590703524631406
49-2011.00,11633,0.04673226768627584,0.013188419405958251
49-2011.00,11634,0.02197604263439923,0.005310657136879905
49-2011.00,11635,0.0494716291144945,0.010326111934218833
49-2011.00,11636,0.01957038857086747,0.005379340033349041
49-2011.00,11637,0.05444163782990131,0.012924406635282647
49-2011.00,11638,0.05953986398003868,0.018567702127192786
49-2011.00,11639,0.04368820365288757,0.008863494422398028
49-2011.00,11640,0.04852495251114769,0.013609934862885824
49-2011.00,11641,0.02856463508152885,0.007450111824033528
49-2011.00,11642,0.014882901333716045,0.003531526301297548
49-2011.00,11643,0.015090410569866429,0.004806217548742958
49-2011.00,11644,0.043468218976143266,0.0067048686541319675
49-2022.00,11648,0.050353520589517496,0.011728063459738028
49-2022.00,11649,0.05873536382376013,0.021606148669715476
49-2022.00,11650,0.04608725973517817,0.012347040078355182
49-2022.00,11651,0.07089253638766106,0.01601561626940614
49-2022.00,11652,0.022760301722778244,0.006470979170867657
49-2022.00,11653,0.04772642851994093,0.012959676689415466
49-2022.00,11654,0.031066124410175932,0.00793443101255943
49-2022.00,11655,0.07288692700046509,0.02010258314843266
49-2022.00,11656,0.027346107631693387,0.006689402304965006
49-2022.00,11657,0.01943830766309899,0.004156423493598505
49-2022.00,11658,0.016470257790638723,0.00479555393321339
49-2022.00,11659,0.04997831539744418,0.012160497284407807
49-2022.00,11660,0.049184460935242244,0.0088622113689262
49-2022.00,11661,0.05424027171058107,0.008574611037967632
49-2022.00,11662,0.02143035896088072,0.002492182157358009
49-2022.00,11663,0.008449326054309064,0.0032386947500666107
49-2022.00,11664,0.06036670686870448,0.023671238831168773
49-2022.00,11665,0.05538716664237507,0.017774263211293363
49-2022.00,11666,0.011768060832222673,0.004351059456962108
49-2022.00,11667,0.022277751527241117,0.008222037574766057
49-2022.00,11668,0.06734188947976417,0.021914625261309134
49-2022.00,11669,0.012117367493108478,0.0030573636204452807
49-2022.00,11671,0.03570884253336805,0.007773786884304351
49-2022.00,11672,0.005831192933132612,0.0028229098984546034
49-2022.00,11673,0.006655958218453781,0.0017367503810915392
49-2022.00,11674,0.017335304152235775,0.0030118603798757414
49-2022.00,11675,0.0051383110487441515,0.0021539270384968996
49-2022.00,11676,0.005122455542962027,0.0017670260589321624
49-2022.00,11677,0.0240858456111667,0.008820998268185077
49-2022.00,11678,0.0007458577214605557,0.00031613160831603533
49-2022.00,11679,0.009062722826338562,0.0047787086915332
49-2022.00,11680,0.0023832767871799425,0.0009465770552574429
49-2022.00,11681,0.005719294991776956,0.0013486220497288975
49-2022.00,11684,0.004595057605428421,0.001495747496320811
49-2022.00,11686,0.0013110688509710862,0.0006016606394707094
49-2092.00,11688,0.04727806997835296,0.011819803886094974
49-2092.00,11689,0.08329277958730004,0.015083148363945368
49-2092.00,11690,0.057745144385202965,0.014156290644064281
49-2092.00,11691,0.03427021660066882,0.012883130864964216
49-2092.00,11692,0.047530321915749935,0.011843891637154444
49-2092.00,11693,0.025414500988134386,0.012450359230000152
49-2092.00,11694,0.039323823787271804,0.009611144947636636
49-2092.00,11695,0.04597539683403261,0.012351346114565433
49-2092.00,11696,0.09329093787580112,0.011041560988198834
49-2092.00,11697,0.013324186376064303,0.004279136881512914
49-2092.00,11698,0.030518195032309188,0.01340361662706742
49-2092.00,11699,0.03912080505382369,0.008712568657497328
49-2092.00,11700,0.005802828708016876,0.0021171972922526413
49-2092.00,11701,0.062377819461460815,0.017800424460743165
49-2092.00,11702,0.06874864992679916,0.013326549222963535
49-2092.00,11703,0.018427488066738315,0.005663008853569319
49-2092.00,11704,0.01449913848048346,0.008238129954352018
49-2092.00,11705,0.058399067408172085,0.013199983427836844
49-2092.00,11706,0.004672772413161627,0.001626847676294972
49-2092.00,11707,0.046275023775883516,0.0077013834831599435
49-2092.00,11708,0.009084361368853554,0.003983282515770871
49-2092.00,11709,0.01921821085235242,0.008186353038602268
49-2092.00,11710,0.02629717460772987,0.010274602162081248
49-2092.00,11713,0.022312940763803923,0.00831714095288418
49-2092.00,11714,0.01727293185334739,0.007269585956819294
49-2092.00,11720,0.020302298345417198,0.00630684119919655
49-2092.00,11721,0.00416305775117419,0.0028002328716351037
49-2092.00,11722,0.018378748634202153,0.00873638819946849
49-2092.00,11724,0.013260587304299135,0.006761334527098005
49-2092.00,11726,0.01342252186339242,0.00774328246388082
49-2093.00,11727,0.09800615075212649,0.019837901859359724
49-2093.00,11728,0.07099894316400594,0.01518156975491032
49-2093.00,11729,0.12076193051141774,0.03501816872178195
49-2093.00,11730,0.09469287682166001,0.01906145850733016
49-2093.00,11731,0.040094792484719664,0.015073259917412122
49-2093.00,11732,0.053793394979739215,0.018477012828113287
49-2093.00,11733,0.10654449326787846,0.01842834318508792
49-2093.00,11734,0.059680091824639965,0.013336659548982978
49-2093.00,11735,0.09617808950162424,0.044198699956809015
49-2093.00,11736,0.035309637667087834,0.01357083044493928
49-2093.00,11737,0.06312030077243422,0.019576002191947182
49-2093.00,11738,0.09707576195966702,0.022352194819655374
49-2093.00,11739,0.030567067296655925,0.012866206398542612
49-2093.00,11740,0.03317646899634333,0.012239074542001458
49-2095.00,11742,0.0736298511122646,0.027590949448373207
49-2095.00,11743,0.22173716873044003,0.030852938723296967
49-2095.00,11744,0.1798818383968604,0.029317609150906355
49-2095.00,11745,0.05548872552633864,0.01065293782496352
49-2095.00,11746,0.052968658039375414,0.021881950945121853
49-2095.00,11747,0.14053753016635395,0.02226877179012641
49-2095.00,11748,0.14933626141150863,0.029209529222606515
49-2095.00,11750,0.045334241430507974,0.014514643019109656
49-2095.00,11752,0.013025501979117216,0.005542398478726205
49-2095.00,11753,0.02026110531367171,0.006603983975324984
49-2095.00,11754,0.016212686919246277,0.004722282523495224
49-2095.00,11756,0.0315864309743152,0.007388901505391326
49-2098.00,11758,0.0994132240648016,0.016458221113240374
49-2098.00,11760,0.08678211719121123,0.027219786235222285
49-2098.00,11761,0.0859206174601514,0.027087478239040577
49-2098.00,11763,0.04413388716978978,0.007856868722548491
49-2098.00,11764,0.06473805574359183,0.02012194465399331
49-2098.00,11765,0.13446532516661458,0.025060682272558085
49-2098.00,11766,0.07444212411955085,0.018758192654452988
49-2098.00,11767,0.033148352055111546,0.005766033141321904
49-2098.00,11768,0.02967064745927072,0.008442720024936012
49-2098.00,11769,0.02231273293032112,0.005689178023761352
49-2098.00,11770,0.04266915811983411,0.008609289303292572
49-2098.00,11772,0.019937618753660017,0.006543584539419246
49-2098.00,11773,0.029151583805965338,0.013692658231253391
49-9012.00,11774,0.0647421547000711,0.027738798941289475
49-9012.00,11775,0.03471349163013201,0.010914545194673046
49-9012.00,11776,0.03956249194865489,0.01396003594180158
49-9012.00,11777,0.1282133624072368,0.03822601930704521
49-9012.00,11778,0.019802877094128264,0.007926061803321607
49-9012.00,11780,0.08722091733238586,0.016577150206895062
49-9012.00,11782,0.043143886440872935,0.00950813944775378
49-9012.00,11784,0.02095772533590517,0.006775136027824351
49-9012.00,11785,0.054615609795867485,0.021958459654951374
49-9012.00,11787,0.020874586846370474,0.007542455771445117
49-9012.00,11790,0.014848050665618924,0.0071152606329665784
49-9012.00,11791,0.01790311903714127,0.008642883836090461
49-9012.00,11793,0.025441933793367403,0.012420517464865404
49-9012.00,11794,0.058769803795099024,0.020375580082293256
49-9012.00,11795,0.04759748629812533,0.017641156579846825
49-9012.00,11796,0.06395005633083992,0.020696564056715747
49-9012.00,11797,0.018892587742027348,0.007178286306177187
49-9012.00,11799,0.027918217328669545,0.01866115501000962
49-9012.00,11801,0.03430412665970901,0.010351021741468586
49-9012.00,11802,0.11383894070916632,0.04274888802157015
49-9012.00,11811,0.026131693578301196,0.007175191761594621
49-9041.00,11813,0.0766389289438038,0.011487069494593851
49-9041.00,11814,0.06537776254420101,0.008233090009680841
49-9041.00,11815,0.11004306143919057,0.01579498532846852
49-9041.00,11816,0.06968593841793307,0.008545271911199727
49-9041.00,11817,0.06389633213122335,0.010077115452104188
49-9041.00,11818,0.07180089510653849,0.014345961948013025
49-9041.00,11819,0.04760340887888777,0.009719163456002412
49-9041.00,11820,0.1021502905295891,0.013506563954466953
49-9041.00,11821,0.11311217061056318,0.017558622015098873
49-9041.00,11822,0.06069100033834746,0.008862600933833694
49-9041.00,11823,0.043507367719855326,0.012218358215018356
49-9041.00,11824,0.06448694483949499,0.011323858725990395
49-9041.00,11825,0.02991891170902779,0.008352638043639015
49-9041.00,11826,0.028224182667549867,0.0053764677770134365
49-9041.00,11827,0.04095463803168853,0.010837590730767307
49-9043.00,11828,0.05806214479365094,0.013607322100103332
49-9043.00,11829,0.08093854355290221,0.013464936354689604
49-9043.00,11830,0.05995446988889834,0.013109501405564817
49-9043.00,11831,0.05577328243805711,0.014070932907167284
49-9043.00,11832,0.07914943560762018,0.015313183914643575
49-9043.00,11833,0.08053409772086152,0.014218074408591408
49-9043.00,11834,0.054887605689638415,0.01216582636611057
49-9043.00,11835,0.06211272488971519,0.013685821575698684
49-9043.00,11836,0.069277971617641,0.01903964188052886
49-9043.00,11837,0.06753568486087783,0.01419479020693895
49-9043.00,11838,0.04508547222723136,0.01369163777234366
49-9043.00,11839,0.062202046067159504,0.015332140897304015
49-9043.00,11840,0.0494853697527621,0.012932376346156696
49-9043.00,11841,0.052796692970763406,0.01353082918846799
49-9043.00,11842,0.021202856280417588,0.012648372308541555
49-9043.00,11843,0.02994977928985969,0.013253353998234003
49-9043.00,11844,0.022530703468916773,0.013391285450927154
49-9043.00,11845,0.04852111888302679,0.013903669712745476
49-9052.00,11846,0.10013001331141828,0.013899607517439285
49-9052.00,11847,0.08809318551270767,0.012038493660507675
49-9052.00,11848,0.07955488109636241,0.015357458918692264
49-9052.00,11849,0.08661974527033042,0.01964383286906557
49-9052.00,11850,0.09709960679204462,0.017168080735271256
49-9052.00,11851,0.022137771467535292,0.008228633542003821
49-9052.00,11852,0.09127286241528591,0.01256252471551699
49-9052.00,11853,0.04000820754781676,0.008702291694076445
49-9052.00,11854,0.012084356869608626,0.004451722624761818
49-9052.00,11855,0.03591586552028591,0.01308295418328565
49-9052.00,11857,0.04044063093019056,0.007134470997839546
49-9052.00,11858,0.08278218203324893,0.016260811691378885
49-9052.00,11859,0.04412121407770155,0.010276054160840436
49-9052.00,11860,0.030188045283658625,0.01248225471341544
49-9052.00,11861,0.03478830592227524,0.01044043486856636
49-9052.00,11862,0.0027048129002956093,0.0013533647720375555
49-9052.00,11863,0.025640277553376393,0.01052376299859918
49-9063.00,11865,0.14416046046577763,0.0
49-9063.00,11866,0.10874552592291319,0.0
49-9063.00,11867,0.11396899129067804,0.0
49-9063.00,11868,0.06595199771646036,0.0
49-9063.00,11869,0.001977879459624285,0.0
49-9063.00,11870,0.08648628212872793,0.0
49-9063.00,11871,0.08393529848241904,0.0
49-9063.00,11872,0.02680614702893799,0.0
49-9063.00,11873,0.07332369340549048,0.0
49-9063.00,11874,0.038497165056885364,0.0
49-9063.00,11875,0.04193884495508162,0.0
49-9063.00,11876,0.0029452653191359337,0.0
49-9063.00,11877,0.009402524648558232,0.0
49-9063.00,11878,0.0869955240777057,0.0
49-9063.00,11879,0.016122622253567694,0.0
49-9063.00,11880,0.018684337535546353,0.0
49-9063.00,11881,0.026769779028115476,0.0
49-9063.00,11882,0.0112066445822115,0.0
49-9063.00,11884,0.003713201034400362,0.0
49-9063.00,11885,0.0002909333476702574,0.0
49-9063.00,11887,0.0011895982944900832,0.0
49-9063.00,11891,0.025134672232448797,0.0
49-9063.00,11896,0.010832263318032916,0.0
49-9063.00,11898,0.0009203484151208666,0.0
51-2021.00,11905,0.17289191908902377,0.0231650614153033
51-2021.00,11906,0.13924851576653455,0.03325157782033724
51-2021.00,11907,0.15327465790336484,0.024573723649594464
51-2021.00,11908,0.12430572311119868,0.02325047518402058
51-2021.00,11909,0.19598807308609287,0.025627686053891655
51-2021.00,11910,0.1355153300858567,0.03883387879160499
51-2021.00,11911,0.07877578095792862,0.026385465082499015
51-3011.00,11915,0.10040092622804908,0.014720112367806392
51-3011.00,11916,0.1129280023629237,0.01221967079298039
51-3011.00,11917,0.06943888828991482,0.01275244169473384
51-3011.00,11918,0.07646004902362727,0.01217761064772382
51-3011.00,11919,0.061209499415065836,0.011187830190592536
51-3011.00,11920,0.08070416053353939,0.010253174730775994
51-3011.00,11921,0.05221542455306704,0.006810157886472551
51-3011.00,11922,0.06105000849944987,0.013233920425589978
51-3011.00,11923,0.06150196887591183,0.0115433428390084
51-3011.00,11924,0.0405658217202308,0.008765207875859687
51-3011.00,11925,0.03399545375982471,0.0083478229578621
51-3011.00,11926,0.07229051296093096,0.010888755483254636
51-3011.00,11927,0.02479867571181724,0.0058171824519912384
51-3011.00,11928,0.025580177482749652,0.005926492242226239
51-3011.00,11929,0.011119348713865619,0.0021037101797033064
51-3011.00,11930,0.03947123959144433,0.010467777281934331
51-3011.00,11931,0.014469382000224061,0.008553733264477593
51-9161.00,11932,0.07649073601624837,0.006596450590609026
51-9161.00,11933,0.04129585646193938,0.005714222452423405
51-9161.00,11934,0.05638973458534232,0.005766846723589001
51-9161.00,11935,0.07133544272724424,0.0062328469670239785
51-9161.00,11936,0.034877867942202365,0.005381837863288397
51-9161.00,11937,0.05921611565950261,0.004579521200450694
51-9161.00,11938,0.05981503472078358,0.006157082298608897
51-9161.00,11939,0.02203645451979707,0.004230380560185004
51-9161.00,11940,0.040553257669446625,0.005200534054398729
51-9161.00,11941,0.03547697956818516,0.004672317601044286
51-9161.00,11942,0.039466801152543786,0.003969168778155729
51-9161.00,11943,0.027580778724329555,0.004430184792938753
51-9161.00,11944,0.060087390558895025,0.006872427927078281
51-9161.00,11945,0.015723067309393813,0.0034691239597497555
51-9161.00,11946,0.05367380453539838,0.009610284145537712
51-9161.00,11947,0.04085730959631374,0.004313570208023714
51-9161.00,11948,0.02417496763976212,0.003919919237487694
51-9161.00,11949,0.030441579425698688,0.006103539144606333
51-9161.00,11950,0.033208895014297184,0.008078083749210568
51-9161.00,11951,0.031040359455510744,0.004377155781978356
51-9161.00,11952,0.018483726194691106,0.003803430043301391
51-9161.00,11953,0.03670196975825293,0.0055039454820713886
51-9161.00,11954,0.02303792673772367,0.004545703436886824
51-9161.00,11955,0.04005756303039055,0.005396646209899194
51-9161.00,11956,0.018720036855131194,0.004741596777498465
51-9161.00,11957,0.00341986064659206,0.0014656020657654164
51-9161.00,11958,0.005836483494383724,0.0026941553738623345
51-9162.00,11959,0.13761686532187076,0.02319946735353743
51-9162.00,11960,0.08982827140618369,0.01342136778261034
51-9162.00,11961,0.1441617030295279,0.022253233875804173
51-9162.00,11962,0.10036975783815974,0.015604324801216056
51-9162.00,11963,0.089382124138075,0.013583780019294204
51-9162.00,11965,0.059420316568395734,0.016552169042657845
51-9162.00,11966,0.10888045594338622,0.020595488966365164
51-9162.00,11968,0.13299541029386552,0.013945522134918068
51-9162.00,11969,0.06490135882490349,0.011954549292155442
51-9162.00,11970,0.038462791469141604,0.009188778985765707
51-9162.00,11971,0.033980945166490376,0.010080243397420034
51-4032.00,11974,0.11919627713161968,0.008308640186803195
51-4032.00,11975,0.07944253998791961,0.011765654269784256
51-4032.00,11976,0.07305687307979743,0.009502143948006131
51-4032.00,11977,0.05417635310220025,0.009084710865747744
51-4032.00,11978,0.0771576521683512,0.008169352251360664
51-4032.00,11979,0.062444912747883136,0.005982336298367835
51-4032.00,11980,0.10382614238296275,0.007186243758333805
51-4032.00,11981,0.053710973134169566,0.004715706290967446
51-4032.00,11982,0.0362789101197704,0.004530528973066107
51-4032.00,11983,0.07510546644261708,0.015932663098621246
51-4032.00,11984,0.08153961081899133,0.015108716486976302
51-4032.00,11985,0.05834274482472085,0.019279081384359065
51-4032.00,11986,0.023991149164069345,0.008367230001244683
51-4032.00,11987,0.04443115519082809,0.012213315440775002
51-4032.00,11988,0.04715181052470282,0.008446505978835152
51-4032.00,11990,0.010147429179396518,0.003370813693543284
51-4034.00,11991,0.08729699026688136,0.007563276363835595
51-4034.00,11992,0.0700235144959832,0.013154521967887979
51-4034.00,11993,0.0902570041501091,0.019609601614992075
51-4034.00,11994,0.0684815537996813,0.008892732337339117
51-4034.00,11995,0.07614175505698202,0.013904082145653805
51-4034.00,11996,0.03846896052133135,0.004927688521457055
51-4034.00,11997,0.061211746683659786,0.01576501259354547
51-4034.00,11998,0.06792647470041682,0.014769604404512538
51-4034.00,11999,0.06642063637923049,0.013294414965022055
51-4034.00,12000,0.04397358875268741,0.00903533905993054
51-4034.00,12001,0.0547885744453727,0.010927229960559741
51-4034.00,12002,0.04462044439564464,0.009705271850004703
51-4034.00,12003,0.05288871732506567,0.00926929065029308
51-4034.00,12004,0.03001781666989665,0.00579127508728591
51-4034.00,12005,0.03908608544622684,0.00960923268020467
51-4052.00,12006,0.11058136257666701,0.025045780410135783
51-4052.00,12007,0.14953527767057845,0.037349029750585
51-4052.00,12008,0.14159611423284338,0.020150742263397886
51-4052.00,12009,0.07862543568632835,0.020370681044733645
51-4052.00,12010,0.08061000787232357,0.020808033902891872
51-4052.00,12011,0.08665585744094238,0.019605579697501534
51-4052.00,12013,0.052218093462825944,0.02579218504410855
51-4052.00,12015,0.09497655568532887,0.01863224053237683
51-4052.00,12016,0.04668361543035782,0.016461913514518957
51-4052.00,12018,0.04953136838326848,0.02242965567039815
51-4052.00,12019,0.03908887184847442,0.013255745819838603
51-4052.00,12020,0.03544879240901229,0.016103760180790207
51-4052.00,12021,0.03444864730104906,0.013492523178665372
51-4061.00,12022,0.13002424902695287,0.02863568287357348
51-4061.00,12023,0.11048847759619325,0.029014321394458222
51-4061.00,12024,0.10560266596546507,0.018191694124651357
51-4061.00,12025,0.10523366168545631,0.02287308826513466
51-4061.00,12026,0.032841612000963125,0.02013394714807986
51-4061.00,12027,0.07699885003955775,0.01974478395328059
51-4061.00,12028,0.06977326706920817,0.01984906712443962
51-4061.00,12029,0.05711853151664037,0.012614251764856551
51-4061.00,12030,0.054370887830194795,0.010398586664539682
51-4061.00,12031,0.05117566033611433,0.011623280004805498
51-4061.00,12032,0.020369498806533885,0.004165020023343946
51-4061.00,12033,0.009786136604389995,0.004841393491287788
51-4061.00,12034,0.04398001670493547,0.016161077444411268
51-4062.00,12036,0.1838413769530007,0.027712981477173007
51-4062.00,12037,0.1468543181607181,0.029314975917738167
51-4062.00,12038,0.13322568232038165,0.028261161027341213
51-4062.00,12039,0.1083062643230781,0.023672252053701177
51-4062.00,12040,0.032806788201976356,0.01198820223337553
51-4062.00,12041,0.0829584064345087,0.020912743737833157
51-4062.00,12042,0.06159363696077395,0.023175315271955297
51-4062.00,12044,0.04393547169997563,0.008275689389332591
51-4062.00,12045,0.033727265489667806,0.016689822561457256
51-4062.00,12046,0.08123092138389346,0.03150019740431062
51-4062.00,12047,0.014648979155925137,0.004894731533282609
51-4062.00,12048,0.0066311829617816545,0.0029970003406731777
51-4062.00,12049,0.026570462930622037,0.018632058974905042
51-4071.00,12050,0.11506594384011669,0.018807876163271255
51-4071.00,12051,0.10477488649304002,0.012916457640659811
51-4071.00,12052,0.08970840874851616,0.017115649613215222
51-4071.00,12053,0.09493438805215554,0.014946434498305027
51-4071.00,12054,0.0854603006373629,0.012416139834357959
51-4071.00,12055,0.11581539530604971,0.017974094963282426
51-4071.00,12056,0.06179412565511563,0.0111164760457189
51-4071.00,12057,0.06822280917618885,0.011863091505830524
51-4071.00,12058,0.07071996854037362,0.013489364811978728
51-4071.00,12059,0.06584515250217397,0.020684909186861205
51-4071.00,12060,0.0399046542535931,0.012241040437094938
51-4071.00,12061,0.04226839477653685,0.015789803490801634
51-4071.00,12062,0.04548557201877689,0.014105991356328859
51-4191.00,12087,0.10611482835875911,0.01952477749343102
51-4191.00,12088,0.08053357549245753,0.01984541107407991
51-4191.00,12089,0.07416780842643111,0.010838619284383098
51-4191.00,12090,0.04591233070118376,0.014253609532005669
51-4191.00,12091,0.0751500831904662,0.014688028910182102
51-4191.00,12092,0.035180066396785815,0.01423028456562748
51-4191.00,12093,0.019343374460623973,0.0099133324976987
51-4191.00,12094,0.08614708237753735,0.019837246203015895
51-4191.00,12095,0.03372978962082672,0.013347013759754172
51-4191.00,12096,0.08371285059107822,0.013414016009510372
51-4191.00,12099,0.04256736603386203,0.01471325387261726
51-4191.00,12100,0.06011077806541621,0.009752137181618289
51-4191.00,12102,0.04560440860805824,0.012671963745182395
51-4191.00,12104,0.06242164358308798,0.01259828287143196
51-4191.00,12106,0.006643257542702904,0.0027978137420627703
51-4191.00,12107,0.057511805797962105,0.007895860792690093
51-4191.00,12108,0.025812091907183338,0.0084057403870175
51-4191.00,12109,0.012319925186981823,0.00883925893679018
51-4191.00,12112,0.03331287977797356,0.008528112760646136
51-4191.00,12113,0.013704053880621955,0.007079728090341755
51-6011.00,12117,0.06052477039963119,0.01544332799310241
51-6011.00,12118,0.1205491426534436,0.018603575380251834
51-6011.00,12119,0.10737543572201037,0.01732068434283951
51-6011.00,12120,0.09773011261304713,0.019196753735694103
51-6011.00,12121,0.11589737505776397,0.017677648966707867
51-6011.00,12122,0.030010663557662968,0.014069842789252945
51-6011.00,12123,0.050058830746657734,0.010723071079629604
51-6011.00,12124,0.1122176891685197,0.01699471758653238
51-6011.00,12125,0.09210046709551412,0.01858088699259053
51-6011.00,12126,0.05158027876314252,0.016409944938275835
51-6011.00,12128,0.03581995942926748,0.016199374179479434
51-6011.00,12134,0.012427395562375054,0.003372441638139444
51-6011.00,12135,0.04761748770188096,0.0163002006717413
51-6011.00,12137,0.008282116985357024,0.0022737751725716696
51-6011.00,12140,0.027311176146717388,0.015207616186161768
51-6011.00,12142,0.021303909148083867,0.007319211947897646
51-6011.00,12147,0.009193189248924982,0.002322578990937201
51-6031.00,12149,0.06896139146615433,0.006203858009408763
51-6031.00,12150,0.06310627535040512,0.009172743648264457
51-6031.00,12151,0.07413293056133965,0.0064488766449007605
51-6031.00,12152,0.046436061958755354,0.011301781729033756
51-6031.00,12153,0.07895533956015305,0.010121413869260755
51-6031.00,12154,0.041563034400706016,0.007352673428364705
51-6031.00,12155,0.030191158953088788,0.004269460068205227
51-6031.00,12156,0.026692855530580546,0.005065038028451304
51-6031.00,12157,0.04385031618412109,0.006311648510671179
51-6031.00,12158,0.020482221761172877,0.005103790445023648
51-6031.00,12159,0.06291377741122615,0.008813013668044734
51-6031.00,12160,0.05261702318875294,0.007141266861832744
51-6031.00,12161,0.016570505330231567,0.002988380122764875
51-6031.00,12162,0.04821541299047115,0.00805275394333523
51-6031.00,12163,0.030631590900350173,0.004675333426963584
51-6031.00,12164,0.024803959335747524,0.004152113225647972
51-6031.00,12165,0.03968631453982872,0.007101925588103115
51-6031.00,12166,0.06298620489292059,0.00956244155630473
51-6031.00,12168,0.025654551241186947,0.00638661605393252
51-6031.00,12169,0.03075601930461947,0.00694670199156696
51-6031.00,12170,0.018561161896168243,0.004496965246651637
51-6031.00,12171,0.029668631454955085,0.0055119022441052785
51-6031.00,12172,0.024186274932953323,0.005670501398415403
51-6031.00,12173,0.024186696975066032,0.0051550767220728735
51-6031.00,12174,0.014190289879045267,0.004279071071752157
51-6052.00,12175,0.05085528438755045,0.014617258920332362
51-6052.00,12176,0.07648863809635806,0.015559905267501764
51-6052.00,12177,0.05660101451717424,0.011586499610441942
51-6052.00,12178,0.05813406709345294,0.01170844440780732
51-6052.00,12179,0.050132214047869605,0.010238259661397634
51-6052.00,12180,0.059335307800980286,0.011257517596718319
51-6052.00,12181,0.0678957746807395,0.01527904334963342
51-6052.00,12182,0.035016452779014044,0.008453617500949287
51-6052.00,12183,0.03713007915156034,0.008737791469469224
51-6052.00,12184,0.04588944871995797,0.012778485091015824
51-6052.00,12185,0.04584268801944622,0.010166232324863553
51-6052.00,12186,0.06033166716527622,0.013308540425937657
51-6052.00,12187,0.07208351366257262,0.011980211247006581
51-6052.00,12188,0.022923658298776343,0.009327187916706777
51-6052.00,12189,0.05133842045809301,0.010141591216571147
51-6052.00,12190,0.04165754113518804,0.009962753838379496
51-6052.00,12191,0.016814189727982737,0.0049493573304667795
51-6052.00,12192,0.0420656952046403,0.008922455050605129
51-6052.00,12193,0.029792763607393826,0.010809690136978764
51-6052.00,12194,0.027554098735115207,0.008175992548398259
51-6052.00,12195,0.02658028834081612,0.00702700493142558
51-6052.00,12196,0.02553719437004192,0.007178179344138468
51-6092.00,12197,0.02755767929153374,0.006344127440005675
51-6092.00,12198,0.05856557605957228,0.01387903942844887
51-6092.00,12199,0.0667119104378371,0.016650918874961784
51-6092.00,12200,0.06531954618712266,0.02264137300663294
51-6092.00,12201,0.07218826987049734,0.0147643919425069
51-6092.00,12202,0.07528957972767608,0.021651972914066554
51-6092.00,12203,0.10999251564417571,0.019899354469347447
51-6092.00,12204,0.039206668735599026,0.009837823704663778
51-6092.00,12205,0.0875931513092594,0.021831822624025082
51-6092.00,12206,0.06322712754118046,0.014863727390385498
51-6092.00,12207,0.05956908824108956,0.01446551887057961
51-6092.00,12208,0.03263967223983799,0.016896661680243424
51-6092.00,12209,0.04104089909348442,0.018014924351659564
51-7011.00,12210,0.10638405818198757,0.021946476872895724
51-7011.00,12211,0.10436388791248086,0.01741433026566616
51-7011.00,12212,0.09052075586576593,0.016793092787525044
51-7011.00,12213,0.09749682871478302,0.016708233443602775
51-7011.00,12214,0.06955651161047206,0.011831243931171118
51-7011.00,12215,0.09636149627196192,0.016734633110111603
51-7011.00,12216,0.06815230838963336,0.010743465261022827
51-7011.00,12217,0.05264075364662987,0.013773813486238821
51-7011.00,12218,0.04772484751899869,0.014428599101765678
51-7011.00,12219,0.06074008906032462,0.010801231426563668
51-7011.00,12220,0.04270071213092039,0.009298087422567401
51-7011.00,12223,0.0377081633813697,0.007434160152814196
51-7011.00,12224,0.05220763013108775,0.011033803336807506
51-7011.00,12226,0.02259568689328698,0.006262487084314413
51-7011.00,12227,0.035167033362960017,0.014623743602274739
51-7032.00,12230,0.12015389629428243,0.01373020550265452
51-7032.00,12231,0.0652114770688018,0.0154331410946134
51-7032.00,12232,0.048381224520740305,0.017323893007255023
51-7032.00,12233,0.08587364056303509,0.016162081690185813
51-7032.00,12234,0.08846449018308578,0.012641050648859866
51-7032.00,12235,0.09937703293920794,0.01846690949629933
51-7032.00,12236,0.043378894513714496,0.011225109034858405
51-7032.00,12237,0.03927864123543257,0.012734327053479598
51-7032.00,12238,0.045144787908185297,0.020056963692014505
51-7032.00,12239,0.03961029199762845,0.012024791863553793
51-7032.00,12240,0.045855093047524366,0.011909375342558233
51-7032.00,12241,0.041312409960745325,0.011783918514932393
51-7032.00,12242,0.04110532592807202,0.012604327516230966
51-7032.00,12243,0.04086122813358378,0.01318994218910853
51-7032.00,12244,0.0267150350359618,0.011991575292091433
51-7032.00,12245,0.013281531277987386,0.0071650913386941545
51-7032.00,12246,0.03996175390572172,0.013362373398928769
51-7032.00,12247,0.054850960393953666,0.012096291068615466
51-7032.00,12248,0.013504794829532594,0.007087080728930366
51-7032.00,12249,0.007677490262803195,0.0014588421384051995
51-7041.00,12250,0.059735956066016185,0.009417082219939234
51-7041.00,12251,0.09662681193964008,0.01206565051801279
51-7041.00,12252,0.05129397893306519,0.015925481402136205
51-7041.00,12253,0.08290574878141814,0.011764848423335342
51-7041.00,12254,0.07057803933079355,0.012581911093828294
51-7041.00,12255,0.04095569694835174,0.008235286904572078
51-7041.00,12256,0.024274651463027947,0.007314429969689251
51-7041.00,12257,0.059412259359700785,0.014649061952658362
51-7041.00,12258,0.041351181871992174,0.011280423231897133
51-7041.00,12259,0.05418207563752704,0.011322665876634006
51-7041.00,12260,0.044740285755678275,0.007221357521090985
51-7041.00,12261,0.019310334401157064,0.006270052837871359
51-7041.00,12262,0.047644470514029785,0.009947417816842942
51-7041.00,12263,0.0222756086400873,0.009869795295724541
51-7041.00,12264,0.02300013994905299,0.005667397356521529
51-7041.00,12265,0.021101468384115828,0.005660638249202744
51-7041.00,12266,0.04959828171756875,0.009472883103031609
51-7041.00,12267,0.03275597232106922,0.00927271529989357
51-7041.00,12269,0.05666890606078462,0.014322112595394506
51-7041.00,12270,0.03591898360676149,0.007494128759229099
51-7041.00,12271,0.030810715964644315,0.010760076056605799
51-7041.00,12272,0.034858432353517536,0.010231744172913233
51-7042.00,12274,0.047218513041645295,0.005873556437915105
51-7042.00,12275,0.057694211575673594,0.007039102719420897
51-7042.00,12276,0.05880341617099706,0.007419460625164622
51-7042.00,12277,0.0460818680967414,0.006020470880938276
51-7042.00,12278,0.058475812798516665,0.0071428136187948535
51-7042.00,12279,0.05621231910725538,0.005663437620140665
51-7042.00,12280,0.03408314575202962,0.004917921675817728
51-7042.00,12281,0.07151361463080519,0.00877910031326989
51-7042.00,12282,0.042007130185644025,0.006832887912644649
51-7042.00,12283,0.06069540652287237,0.00859719187971235
51-7042.00,12284,0.05004460051894692,0.008276239708562876
51-7042.00,12285,0.04908991542838266,0.005776642745542875
51-7042.00,12286,0.02933044606611167,0.004365406113789168
51-7042.00,12287,0.028453138708413133,0.004729696415101431
51-7042.00,12288,0.04859744909269764,0.008405318434232591
51-7042.00,12289,0.024364820776048245,0.003330053090302786
51-7042.00,12290,0.0381931680345197,0.007528481487655974
51-7042.00,12291,0.06531389258244052,0.007077013154874001
51-7042.00,12292,0.015588181783669006,0.0038278166486111166
51-7042.00,12293,0.013765114398005877,0.004281873763858859
51-7042.00,12295,0.04218478228947716,0.006798568262090992
51-7042.00,12296,0.03270641954621006,0.006929745407166461
51-7042.00,12297,0.01388319754089202,0.0048252268355603875
51-7042.00,12298,0.005967302107420626,0.0019251704753847872
51-8012.00,12299,0.044326581071479784,0.009762186886696396
51-8012.00,12300,0.05461766413734131,0.011897051807805975
51-8012.00,12301,0.11822652365136249,0.014370787199752225
51-8012.00,12302,0.08440136049794446,0.015382023972089017
51-8012.00,12303,0.08441206998772328,0.00850511720550128
51-8012.00,12304,0.11593607485953035,0.016165475954742606
51-8012.00,12305,0.09785266457901369,0.01820946303718095
51-8012.00,12306,0.061996697773585976,0.009877969564348181
51-8012.00,12307,0.07023256945044057,0.01379293624207519
51-8012.00,12308,0.07435533376920822,0.01301717990813527
51-8012.00,12309,0.06635898821863376,0.014754693228121953
51-8012.00,12310,0.0159494191645177,0.006908798751670112
51-8012.00,12311,0.03956384460395271,0.010932238460393184
51-8012.00,12312,0.07177020823526571,0.016456033751522492
51-8013.00,12314,0.09420430042224799,0.012664949531422338
51-8013.00,12315,0.03553305952543483,0.014280338384136369
51-8013.00,12316,0.09827458813620943,0.012909471750516674
51-8013.00,12317,0.09327118356724745,0.011669509798991869
51-8013.00,12318,0.047493730561411214,0.009112822242718274
51-8013.00,12319,0.08507029837659445,0.009975005567318238
51-8013.00,12320,0.07040035180222275,0.01534422223610815
51-8013.00,12321,0.08769645874153946,0.01063391953955026
51-8013.00,12322,0.023085535815770025,0.004305862976163063
51-8013.00,12323,0.026403465943935944,0.007889699312626739
51-8013.00,12324,0.06041658689781666,0.014924811144809329
51-8013.00,12325,0.0692610509056377,0.015131986003649341
51-8013.00,12326,0.014678216666455463,0.005173638948492478
51-8013.00,12327,0.008284432498637126,0.0024048120745355384
51-8013.00,12328,0.06090247287012352,0.013646856920725719
51-8013.00,12329,0.013641199734710435,0.008294749856892217
51-8013.00,12330,0.008344068229036616,0.004469534618071995
51-8013.00,12331,0.005214866826366081,0.0024565680653403452
51-9011.00,12333,0.07307973568760887,0.0055379814112757435
51-9011.00,12334,0.05891153699919917,0.010976169195339123
51-9011.00,12335,0.08285100746592443,0.006364505058407739
51-9011.00,12336,0.06837009026776374,0.006689348022592013
51-9011.00,12337,0.04186816621289411,0.007626181931656282
51-9011.00,12338,0.046028486959163235,0.008439707660633056
51-9011.00,12339,0.05869013838612987,0.006085009551051991
51-9011.00,12340,0.0564122810262366,0.006925302446543348
51-9011.00,12341,0.05472875856554618,0.003452459226812673
51-9011.00,12342,0.08322206510656405,0.007801965718876564
51-9011.00,12343,0.023884306784227052,0.006914089943832896
51-9011.00,12344,0.030755704833645068,0.005701967528599009
51-9011.00,12345,0.0594599256541827,0.005836679798826661
51-9011.00,12346,0.041848497863121004,0.00501849233635293
51-9011.00,12347,0.02119306838818926,0.004954670654936914
51-9011.00,12348,0.013128552327097217,0.002442949492855214
51-9011.00,12349,0.015692025250412283,0.005269989183444043
51-9011.00,12350,0.03176316911207396,0.006756317597733125
51-9011.00,12351,0.01181630165589252,0.004837339446855426
51-9011.00,12352,0.027444352515918834,0.005772170400803117
51-9011.00,12353,0.04099746509862204,0.004810751922552572
51-9011.00,12354,0.024405369267003336,0.006338023210609926
51-9011.00,12355,0.03344899457258453,0.007492104054035819
51-9012.00,12356,0.09439652445080025,0.006587691747013656
51-9012.00,12357,0.11864484233931678,0.006856358327697059
51-9012.00,12360,0.05926445801140986,0.008943089853935444
51-9012.00,12362,0.03803660688700996,0.006769907120640328
51-9012.00,12363,0.041446463841435764,0.013081390988444403
51-9012.00,12364,0.023780245042425364,0.00651098531880199
51-9012.00,12365,0.0552529045394024,0.004987339019172865
51-9012.00,12366,0.06295477725947933,0.012365738519840498
51-9012.00,12367,0.01828794867569128,0.006327538760432479
51-9012.00,12368,0.05110413425648169,0.007161808823954648
51-9012.00,12369,0.026032825880634047,0.006008893527519946
51-9012.00,12371,0.016311787087487085,0.005028009076502467
51-9012.00,12372,0.03623014758163103,0.010542402652045698
51-9012.00,12373,0.008727454572680607,0.004483092958616711
51-9021.00,12375,0.03342132140571381,0.007806781964697234
51-9021.00,12376,0.16134405510819755,0.014846718157297508
51-9021.00,12377,0.07841972972807727,0.01768815255218614
51-9021.00,12378,0.04263689882677078,0.00723863750716326
51-9021.00,12379,0.04937971272550884,0.012717254956237222
51-9021.00,12380,0.07658676445393711,0.02090278863924745
51-9021.00,12381,0.062360758830036785,0.01748591490737778
51-9021.00,12382,0.03879496127022037,0.011330651060780057
51-9021.00,12383,0.04263963143321748,0.009816245201541961
51-9021.00,12384,0.029265051136712045,0.010660232599657518
51-9021.00,12385,0.05623307412937692,0.0103639879109782
51-9021.00,12386,0.04655926275298593,0.01085126228219675
51-9021.00,12387,0.030586979199831395,0.008170440187540026
51-9021.00,12388,0.04041623179018536,0.010974058640426202
51-9021.00,12389,0.09635124402591876,0.012875583229253237
51-9021.00,12391,0.02956259751164603,0.008988375786370593
51-9021.00,12392,0.030797915179458336,0.009069262364541865
51-9021.00,12394,0.02194091816986165,0.008574216996350085
51-9021.00,12395,0.032702892322343684,0.0170202895798395
51-9023.00,12397,0.0719399465288549,0.004392462542910336
51-9023.00,12398,0.042920969980393214,0.009136231911443068
51-9023.00,12400,0.055836125093638916,0.015513532915258088
51-9023.00,12401,0.051425121537380845,0.014107297528212033
51-9023.00,12402,0.07121417409679978,0.012912929476887477
51-9023.00,12403,0.05534019320949131,0.013901119997370096
51-9023.00,12404,0.052378441462063906,0.013847836860745755
51-9023.00,12405,0.04718662558569491,0.010541982157216453
51-9023.00,12406,0.0543475146365817,0.005768854150498968
51-9023.00,12407,0.06344120082248246,0.013098625146250016
51-9023.00,12408,0.04940258825309436,0.0063697145603135346
51-9023.00,12409,0.04955476203611423,0.004571234771610072
51-9023.00,12410,0.056735541762741155,0.007620312645731916
51-9023.00,12411,0.051614389686785764,0.011197191484726353
51-9023.00,12412,0.05451868737319393,0.01840232219286575
51-9023.00,12413,0.03187554538911186,0.004549328238633069
51-9023.00,12414,0.013078383205688637,0.002673903995744653
51-9023.00,12415,0.02560057948263922,0.010814335711192792
51-9032.00,12416,0.0633768151908718,0.006841656280653023
51-9032.00,12417,0.05472437948637925,0.00708562803374963
51-9032.00,12418,0.04655008657829904,0.005820962982421819
51-9032.00,12419,0.05116504718937342,0.0068864867932752595
51-9032.00,12420,0.02921470295253798,0.005572348309552405
51-9032.00,12421,0.05566283380449316,0.006122138077152664
51-9032.00,12422,0.07955795899046492,0.007409800887775023
51-9032.00,12423,0.044311885228726575,0.006778521748908006
51-9032.00,12424,0.0534337632396092,0.00802530912696193
51-9032.00,12425,0.05604959027010847,0.00828850543942546
51-9032.00,12426,0.05035938934016557,0.005326045145470904
51-9032.00,12427,0.068615246363221,0.006791450491959687
51-9032.00,12428,0.019537456593106912,0.003524774131831079
51-9032.00,12429,0.06641475798929858,0.006591748011534942
51-9032.00,12430,0.01213427743785132,0.0032038862408660285
51-9032.00,12432,0.06483038216146428,0.007758264074924078
51-9032.00,12433,0.03498673307833514,0.005687506948573443
51-9032.00,12435,0.008351601051047998,0.002963996762526483
51-9032.00,12436,0.03341383409602736,0.005629753913461295
51-9032.00,12437,0.022863982601581838,0.006568890475764095
51-9032.00,12438,0.01730030288659306,0.0037951411901244797
51-9032.00,12439,0.019651750330295044,0.0052114071132721585
51-9032.00,12440,0.015504371229957344,0.004142371902909215
51-9032.00,12441,0.026890311859265135,0.005538518517552136
51-9032.00,12442,0.005098540050925608,0.002412621089871764
51-9041.00,12445,0.0874323742997538,0.011594832527580395
51-9041.00,12446,0.08669072945452003,0.00833241600295971
51-9041.00,12447,0.08157769541638628,0.009681637626383762
51-9041.00,12448,0.07420790802041606,0.0110035359885722
51-9041.00,12449,0.05245757321988944,0.00915229353582216
51-9041.00,12450,0.03588239511766749,0.007583829915782488
51-9041.00,12451,0.0889242703755334,0.011069734596826246
51-9041.00,12452,0.039987930668077376,0.008817084740764062
51-9041.00,12453,0.03750995395087877,0.008045153440942393
51-9041.00,12455,0.05402445103371553,0.009512821835164121
51-9041.00,12456,0.030390086678832244,0.0046433611110879075
51-9041.00,12457,0.03512267184197241,0.011100569927345445
51-9041.00,12458,0.03206477352937866,0.009662032300827088
51-9041.00,12459,0.039917145798604906,0.00773331792807873
51-9041.00,12460,0.013617614775892871,0.004944278401155221
51-9041.00,12461,0.035237075582214075,0.007741050246031844
51-9041.00,12462,0.024838085663695057,0.0067679837390594464
51-9041.00,12463,0.027295953048995323,0.005764894852897347
51-9041.00,12466,0.03840338533475656,0.009724027889189591
51-9041.00,12467,0.018578267161995104,0.006471475777374221
51-9041.00,12468,0.01715167941673678,0.004128960226334794
51-9041.00,12469,0.005390253139244636,0.0026102336108252155
51-9041.00,12470,0.022039392642811118,0.007938327625133667
51-9041.00,12471,0.02125833382803216,0.006595761945811977
51-9061.00,12472,0.06609871244029014,0.007538395178594877
51-9061.00,12474,0.06924428459653864,0.008856804868957905
51-9061.00,12477,0.04468918179999577,0.009746697093411324
51-9061.00,12478,0.06315443659233771,0.007382194420415746
51-9061.00,12480,0.06380053528250247,0.011961181357243538
51-9061.00,12481,0.026103772091209034,0.0071002925668775365
51-9061.00,12482,0.018637308330826545,0.004354618172487007
51-9061.00,12484,0.028462386869445626,0.008257777680843636
51-9061.00,12485,0.0360739824377358,0.0077410910213048184
51-9061.00,12486,0.05202146405592198,0.00910944111568435
51-9061.00,12487,0.03158275827650122,0.006348156903007201
51-9061.00,12488,0.023261080626837648,0.006981806285060386
51-9061.00,12491,0.024260525732433237,0.005341342235722103
51-9061.00,12493,0.020844320562083376,0.006248502541027003
51-9061.00,12495,0.023561699414691856,0.004703658519736953
51-9124.00,12503,0.043731114105295794,0.008229487845700188
51-9124.00,12504,0.04656645441098019,0.009352097229017817
51-9124.00,12505,0.03506784146787602,0.007486488009258837
51-9124.00,12508,0.05054956502683396,0.01569025140043774
51-9124.00,12509,0.05296468881571296,0.00897779378951066
51-9124.00,12510,0.03351996199755681,0.012153278424354385
51-9124.00,12512,0.03575164714532712,0.010845434620179914
51-9124.00,12513,0.037527846251581835,0.009926024664650014
51-9124.00,12517,0.04264009010595569,0.013895083602839635
51-9124.00,12521,0.041215496270407395,0.009449316734790578
51-9124.00,12522,0.10334070933625936,0.014119800802741892
51-9123.00,12527,0.29457209210322,0.04551493452793101
51-9123.00,12528,0.0971616426923044,0.02263702745861375
51-9123.00,12529,0.1148292049029474,0.03395682276730905
51-9123.00,12530,0.10409653821197794,0.02139993743251439
51-9123.00,12531,0.09255522703394727,0.02980348592293957
51-9123.00,12532,0.08322294763100527,0.02693017981897697
51-9123.00,12533,0.07829938156539025,0.022153966049283297
51-9123.00,12534,0.13526296585920747,0.043740608894155215
51-9141.00,12573,0.08572972658269738,0.015637497485956508
51-9141.00,12574,0.09041277725819113,0.015947614456132842
51-9141.00,12575,0.1042229813772296,0.012514738366136424
51-9141.00,12576,0.08159128821856931,0.012365533136872619
51-9141.00,12577,0.06923744963875839,0.015048363688616164
51-9141.00,12578,0.0969583417542454,0.0159929276975789
51-9141.00,12579,0.04381706805338574,0.012243080685338473
51-9141.00,12580,0.09182685843126068,0.013818653886748113
51-9141.00,12581,0.023732879974976893,0.008095348083506955
51-9141.00,12582,0.0445235701587063,0.012020427534672173
51-9141.00,12583,0.03968735712310156,0.008947464771850374
51-9141.00,12584,0.04614694304805501,0.00981915068564492
51-9141.00,12585,0.04324738602874056,0.01058397287544219
51-9141.00,12586,0.035918590455263515,0.009528638872321304
51-9141.00,12587,0.02558365976231491,0.005253011042251411
51-9141.00,12588,0.036609603735537254,0.013734582746286972
51-9141.00,12589,0.017447893154272094,0.009712094191561275
51-9141.00,12591,0.02330562524469429,0.009606182938685632
51-9191.00,12597,0.07026210118810242,0.007755090926508548
51-9191.00,12598,0.0644909318963217,0.011393167233268183
51-9191.00,12599,0.10557256146188475,0.013050438722900017
51-9191.00,12600,0.06850614528314627,0.014613587696578586
51-9191.00,12601,0.04341857616791251,0.010290107552320045
51-9191.00,12602,0.0827615108647469,0.015238764684120634
51-9191.00,12603,0.0783893258177106,0.010117460185588237
51-9191.00,12604,0.08770232943371853,0.01613809042039689
51-9191.00,12605,0.05558409969750082,0.008101458462603748
51-9191.00,12606,0.03570481973014015,0.006956602249606831
51-9191.00,12607,0.06695172774911999,0.014369026384107603
51-9191.00,12608,0.06567878044869875,0.010255043492483034
51-9191.00,12609,0.0783004204052247,0.011690127579855457
51-9191.00,12610,0.020893717042053544,0.006834122176667361
51-9191.00,12611,0.06050532124136728,0.009650137120466529
51-9191.00,12612,0.015277631572351116,0.007557921431582131
51-9195.03,12614,0.050764363147302816,0.017142533174527498
51-9195.03,12615,0.11624880786460758,0.026476955729773294
51-9195.03,12616,0.06963886915844146,0.022489909376124908
51-9195.03,12617,0.06964173776206677,0.028897764558912062
51-9195.03,12618,0.0841795879556331,0.03106460853146041
51-9195.03,12619,0.0928606535864563,0.02239890535779745
51-9195.03,12620,0.053583538664349256,0.015720135449960853
51-9195.03,12621,0.129739812684299,0.025215731619682335
51-9195.03,12622,0.06800897869472494,0.026027049415679064
51-9195.03,12623,0.029017980093619427,0.008139946686604995
51-9195.03,12624,0.10247454744012706,0.023063855692145554
51-9195.03,12625,0.04326567355822078,0.01215591778613096
51-9195.03,12626,0.023403310118868228,0.008042305371754169
51-9195.03,12627,0.014966086549151913,0.009245657235697124
51-9195.03,12628,0.03477277742742491,0.012528179723182318
51-9195.03,12629,0.01743327529470656,0.0031249294542780664
51-9195.04,12630,0.14597278601707456,0.01824155612719145
51-9195.04,12631,0.09562188432385983,0.0123692800208753
51-9195.04,12632,0.15286131494950678,0.02388794392370826
51-9195.04,12633,0.11741683392871076,0.030707380068901276
51-9195.04,12634,0.07124201268365907,0.020939986115444384
51-9195.04,12637,0.03317816536881352,0.015304892373445683
51-9195.04,12638,0.0572890389946587,0.0168343955204957
51-9195.04,12644,0.10384437149873474,0.014740466473241367
51-9195.04,12646,0.09265742690812777,0.016025969940365935
51-9195.04,12647,0.06827536563198823,0.026140243270374706
51-9195.04,12649,0.06164079969486599,0.022152057338256176
51-9196.00,12678,0.2169949302559794,0.030892012407663306
51-9196.00,12679,0.06805416425659791,0.01695487395665349
51-9196.00,12680,0.07402235996842683,0.014696385625815414
51-9196.00,12681,0.09102397972898747,0.01451661959617013
51-9196.00,12682,0.04827416386209023,0.012995987823859112
51-9196.00,12683,0.1593043366000755,0.037608393622781545
51-9196.00,12684,0.1187981566384272,0.03181682790266632
51-9196.00,12685,0.08619260248872647,0.01683835826445613
51-9196.00,12686,0.04230081915727269,0.011299066103213838
51-9196.00,12687,0.048795591826669336,0.015167263584979253
51-9196.00,12689,0.04623889521674693,0.020184741186504013
51-9198.00,12694,0.0769236989016745,0.012192471857848846
51-9198.00,12695,0.059509147343611096,0.010620929386854
51-9198.00,12696,0.06838384186081858,0.011666712719925743
51-9198.00,12697,0.04245395832648344,0.009207909545439517
51-9198.00,12698,0.03349160296989878,0.0066553574170679225
51-9198.00,12699,0.07419437658531165,0.013945077869738401
51-9198.00,12700,0.03630693820578293,0.006727355798379566
51-9198.00,12701,0.013911846040360781,0.003254507516803252
51-9198.00,12702,0.033143531163962646,0.008276559387854935
51-9198.00,12703,0.03652081785508156,0.006791149675155351
51-9198.00,12704,0.025323447048305248,0.007696557185879524
51-9198.00,12705,0.029989715693240358,0.005844778861684325
51-9198.00,12706,0.07538648975888823,0.012094119507337731
51-9198.00,12707,0.053268648833974946,0.010235462008850962
51-9198.00,12708,0.049384610299209986,0.00873624144416937
51-9198.00,12709,0.018568303762195572,0.005750896332556079
51-9198.00,12710,0.05520016609958041,0.007743705059518027
51-9198.00,12711,0.02780287256199097,0.006668763363540671
51-9198.00,12712,0.018960675718709335,0.005828875857849876
51-9198.00,12713,0.03859532073199853,0.00810318536342211
51-9198.00,12715,0.02599971782368922,0.006274781616281115
51-9198.00,12716,0.014949930732114975,0.004896483960227708
51-9198.00,12717,0.009687246668163726,0.0042626183574691464
51-9198.00,12719,0.0110675733218608,0.0036766032974169392
51-9198.00,12720,0.02288956954593037,0.0057875180235360535
51-9198.00,12722,0.014136623390375818,0.004830655419385965
51-9198.00,12724,0.01639248886540884,0.005031492812386132
51-9198.00,12725,0.0023765480701924964,0.0012247139361359009
51-9198.00,12726,0.01518029182118416,0.00561705461293069
53-2021.00,12728,0.0654347958658212,0.0029541216994785438
53-2021.00,12729,0.08073562623860182,0.0023386198775089077
53-2021.00,12730,0.08275484925031948,0.0020807427711066664
53-2021.00,12731,0.07642117659373296,0.0032206198794251066
53-2021.00,12732,0.0068890137714704555,0.0026195268298826032
53-2021.00,12733,0.005295985847899503,0.0016624655942174549
53-2021.00,12734,0.06693853911390528,0.003297334292167578
53-2021.00,12735,0.07327985259822775,0.003170428325460558
53-2021.00,12736,0.05829716028633534,0.0035625990875179083
53-2021.00,12737,0.058263846610953504,0.003705635031724692
53-2021.00,12738,0.07427795803151145,0.0031153322453788238
53-2021.00,12739,0.07332123877763802,0.002798106758383917
53-2021.00,12740,0.001487856445818202,0.0008855540819642936
53-2021.00,12741,0.03912174945573535,0.0046489434377088796
53-2021.00,12742,0.037077460542482746,0.003769748115272302
53-2021.00,12743,0.036855817682920546,0.004340659633608606
53-2021.00,12744,0.029336573844696696,0.0030468453158711377
53-2021.00,12745,0.011261142273232362,0.002000267095678113
53-2021.00,12746,0.016404277434270285,0.0026699796186880433
53-2021.00,12747,0.041246644230560014,0.003823432196514132
53-2021.00,12748,0.014643824646571164,0.0026501827474804084
53-2021.00,12749,0.02633827757053927,0.003275880587752109
53-4011.00,12750,0.1361779358568473,0.007774698934219328
53-4011.00,12751,0.12623658436974003,0.009125383835677169
53-4011.00,12752,0.12330382720318024,0.00929701701233904
53-4011.00,12753,0.12094988247356107,0.00865473769432506
53-4011.00,12754,0.11047246223286045,0.008166179988869473
53-4011.00,12755,0.09172778562918969,0.008551320555384899
53-4011.00,12756,0.03782704678271138,0.00869476989544741
53-4011.00,12757,0.04028614866157829,0.0067330568525291925
53-4011.00,12758,0.09746488779347495,0.012928525464967673
53-4011.00,12759,0.028347950236169598,0.0040582912322660964
53-4011.00,12760,0.03272644355658927,0.00534367088948078
53-4011.00,12761,0.01623564599779071,0.0046972380985881
53-4011.00,12762,0.0168456903402173,0.0023247013204107767
53-4011.00,12764,0.021397708866089726,0.005511853934537826
53-4041.00,12765,0.17240914376330502,0.007936527926512015
53-4041.00,12766,0.17061036632808013,0.00833210200952937
53-4041.00,12767,0.1668209299691597,0.009770500124991444
53-4041.00,12768,0.010430665892769085,0.005334463474730822
53-4041.00,12769,0.16525792405738124,0.009894698626997451
53-4041.00,12770,0.08217004100260346,0.006806710951821994
53-4041.00,12771,0.10031139575673889,0.01292572115621887
53-4041.00,12772,0.024457835467703175,0.0074380212275429
53-4041.00,12773,0.10753169776225922,0.011738131051148456
47-5022.00,12777,0.2000100106106583,0.014873494128178715
47-5022.00,12778,0.05310504480392919,0.007698053991713778
47-5022.00,12779,0.10757377157291632,0.016292308888463898
47-5022.00,12780,0.099568587691115,0.012338008155838423
47-5022.00,12781,0.09159491645521964,0.011381592698234893
47-5022.00,12783,0.027220111775198893,0.007680671421790088
47-5022.00,12784,0.07630215480917807,0.012894649414923786
47-5022.00,12785,0.06167316045914899,0.012989330776540318
47-5022.00,12786,0.05646257777083479,0.009361540501308843
47-5022.00,12787,0.03746906114393214,0.009312463588134996
47-5022.00,12788,0.0278696890277532,0.007768704538420229
47-5022.00,12789,0.03947818869830695,0.013991696645423145
47-5022.00,12790,0.028338497566650692,0.007582991113686427
47-5022.00,12791,0.01641121391961303,0.007091758684218696
53-7121.00,12792,0.0930810788607106,0.019170173272155776
53-7121.00,12793,0.07724476503475454,0.016543471879013522
53-7121.00,12794,0.046706381590157706,0.009315950804003865
53-7121.00,12795,0.08323397978787697,0.013211083070816204
53-7121.00,12796,0.08130267648960901,0.011733612794316254
53-7121.00,12797,0.09250792344116034,0.017377903780570005
53-7121.00,12798,0.06355597733471856,0.012448360732693708
53-7121.00,12799,0.029561156252949302,0.009196833022069709
53-7121.00,12800,0.08896585104510171,0.021018029873007965
53-7121.00,12801,0.03524854254482277,0.006900490953847843
53-7121.00,12802,0.055028996333018165,0.012558082559259798
53-7121.00,12803,0.03853410909796317,0.011611493428702399
53-7121.00,12804,0.01083005538033001,0.0037519625004633532
53-7121.00,12805,0.03204413804825064,0.009411548505888502
53-7121.00,12807,0.023778331260579034,0.007689441772154465
53-7121.00,12808,0.050908671880388674,0.009461532534757663
53-7121.00,12809,0.07126804487731342,0.013181365221328822
53-7121.00,12810,0.026199320740295344,0.008255348414344351
13-1011.00,12865,0.10525828151245298,0.02090689780463862
13-1011.00,12866,0.06679853900792629,0.022210597126766807
13-1011.00,12867,0.11196371712532802,0.022791822711269973
13-1011.00,12868,0.0873707650215484,0.02491665672575245
13-1011.00,12869,0.09242346018787716,0.019734009802630563
13-1011.00,12870,0.16635558744025256,0.030345812604757202
13-1011.00,12871,0.04107156897980765,0.020012988895901865
13-1011.00,12872,0.06890723818401348,0.01768021365964848
13-1011.00,12873,0.05650325353609247,0.01976381514008638
13-1011.00,12874,0.011909004211659618,0.005424899731814118
13-1011.00,12875,0.0036148235740010876,0.002311449556745336
13-1011.00,12876,0.01760872636332806,0.010693027380787869
13-1021.00,12878,0.18895472044989134,0.02993850922991421
13-1021.00,12879,0.11616565468608159,0.023532011235686653
13-1021.00,12880,0.11465385873348256,0.018946013095586467
13-1021.00,12881,0.12084882561634386,0.023707537599082108
13-1021.00,12882,0.10965784924887903,0.024768885587770045
13-1021.00,12883,0.1448376366447791,0.026356461260441295
13-1021.00,12884,0.038141285154682264,0.014096336515797572
13-1021.00,12885,0.048318310053762865,0.010831532314218347
13-1021.00,12886,0.015069615252338553,0.009866029430789283
13-1021.00,12887,0.06239981225444081,0.019027828736933695
13-1021.00,12888,0.017760409467072944,0.013098380142529086
13-1021.00,12889,0.023192022438245096,0.009583832425877462
13-1041.04,12890,0.22764299036474597,0.05541556569489884
13-1041.04,12891,0.18764219622543962,0.027101570268912238
13-1041.04,12893,0.11297147383273184,0.04000421960037191
13-1041.04,12894,0.07532256450349645,0.01836897376310976
13-1041.04,12895,0.035820870913303084,0.037249879229454386
13-1041.04,12899,0.01090647601261275,0.004056416358752787
13-2052.00,12904,0.08722402070212569,0.0
13-2052.00,12905,0.062446116002967414,0.0
13-2052.00,12907,0.04448661888615647,0.0
13-2052.00,12909,0.0757072589371398,0.0
13-2052.00,12913,0.08268736984096163,0.0
13-2052.00,12914,0.030580635858896036,0.0
13-2052.00,12915,0.03489375274788478,0.0
13-2052.00,12916,0.0076783561979222184,0.0
13-2052.00,12917,0.012338086530482247,0.0
13-2052.00,12918,0.01839598122607326,0.0
13-2052.00,12919,0.003472398472170575,0.0
19-1021.00,12929,0.036705732616673016,0.0
19-1021.00,12930,0.03811473654452826,0.0
19-1021.00,12931,0.10222441546614532,0.0
19-1021.00,12932,0.03982988639538628,0.0
19-1021.00,12933,0.028469073430846696,0.0
19-1021.00,12934,0.03164149151598957,0.0
19-1021.00,12935,0.05554850142258608,0.0
19-1021.00,12936,0.017807848473817684,0.0
19-1021.00,12937,0.04084059778959516,0.0
19-1021.00,12938,0.021656202503944715,0.0
19-1021.00,12939,0.02553580292773362,0.0
19-1021.00,12940,0.055768126336279825,0.0
19-1021.00,12941,0.03276585827210595,0.0
19-1021.00,12942,0.02451557463090768,0.0
19-1021.00,12943,0.028274567585727654,0.0
19-1021.00,12944,0.1072987121581939,0.0
19-1021.00,12945,0.02695377133024524,0.0
19-1021.00,12946,0.05377674412421434,0.0
19-1021.00,12947,0.026837422359246372,0.0
19-1021.00,12948,0.10857226670063318,0.0
19-1021.00,12949,0.010108655678270758,0.0
19-1021.00,12950,0.031100347425422805,0.0
19-1021.00,12951,0.029507560376542962,0.0
19-4061.00,12952,0.09429404307595808,0.02656223022598114
19-4061.00,12953,0.046922877551482986,0.025512147585044245
19-4061.00,12954,0.04179624435502749,0.023277554959036547
19-4061.00,12955,0.07980570929807766,0.046607981331033166
19-4061.00,12956,0.09385335352305911,0.028469330529911258
19-4061.00,12957,0.055629736926533786,0.02510641487627714
19-4061.00,12958,0.006698079642617341,0.004058598488236866
19-4061.00,12959,0.043656412118952236,0.023803710060363123
19-4061.00,12960,0.06274691667001739,0.026366934428161487
19-4061.00,12961,0.004248115428344982,0.0027599092500271085
19-4061.00,12962,0.0789861762070417,0.024776616630270445
19-4061.00,12963,0.07724338784070181,0.026806910395210402
19-4061.00,12964,0.04582681248923882,0.02560778315342783
19-4061.00,12965,0.004653221254684942,0.0018718286724012756
19-4061.00,12966,0.02816378663356519,0.015374463941377186
19-4061.00,12967,0.06446242851912741,0.041248128920897256
19-4061.00,12968,0.046705937545138465,0.025675833401460724
19-4061.00,12969,0.05524158244952657,0.025185714959010584
19-4061.00,12970,0.01419707863487857,0.006778108444296081
19-4061.00,12971,0.025455724313603354,0.01256960124099322
19-4061.00,12972,0.013670834918556337,0.0051448898563052166
19-4061.00,12973,0.01574154060386577,0.008142583622843143
21-2021.00,12975,0.10465012700468972,0.021059326827959867
21-2021.00,12976,0.05784210462539321,0.017400319021601746
21-2021.00,12977,0.11629003555924429,0.020545643117405893
21-2021.00,12978,0.056375738560769675,0.014796552149791108
21-2021.00,12979,0.09247448366238496,0.011268935790845648
21-2021.00,12980,0.08031441114281425,0.041901951323040094
21-2021.00,12981,0.05749924358526033,0.01319834942741545
21-2021.00,12982,0.11040440527927733,0.03278763085870055
21-2021.00,12983,0.02348888723057508,0.007414166262311122
21-2021.00,12984,0.05770724078269726,0.014571413792203251
21-2021.00,12985,0.0677589893810399,0.013295687660681087
21-2021.00,12986,0.05258012094452308,0.02509275746143106
21-2021.00,12988,0.021348728553426885,0.005816403263122041
21-2021.00,12989,0.02123531831136948,0.009021602541030625
21-2021.00,12991,0.02819339634594774,0.006229086569675696
21-2021.00,12992,0.0320352414001189,0.015202690245832418
23-1022.00,12993,0.04521526733850742,0.0
23-1022.00,12994,0.05046814055658303,0.0
23-1022.00,12995,0.04955156230598364,0.0
23-1022.00,12996,0.03854362252468499,0.0
23-1022.00,12997,0.034618911681283726,0.0
23-1022.00,12999,0.06776540176838758,0.0
23-1022.00,13001,0.06588447525456842,0.0
23-1022.00,13003,0.06026319272813663,0.0
23-1022.00,13004,0.04203138942005239,0.0
23-1022.00,13005,0.09382184271002389,0.0
23-1022.00,13007,0.040626824555159605,0.0
23-1022.00,13008,0.04372803206327529,0.0
23-1022.00,13009,0.039979397129605944,0.0
23-1022.00,13010,0.040143569103610985,0.0
23-1022.00,13011,0.03833227370260254,0.0
23-1022.00,13012,0.03362414081453604,0.0
27-1022.00,13013,0.06791771264145491,0.01973278787500999
27-1022.00,13014,0.08055982483737778,0.034517180591864316
27-1022.00,13015,0.22488660619679532,0.04201951106118468
27-1022.00,13016,0.04280106894381849,0.014313592042980635
27-1022.00,13017,0.020404510167116967,0.004976903758459059
27-1022.00,13018,0.04192864231566007,0.01669097438045581
27-1022.00,13019,0.07566862318312802,0.024119008853264748
27-1022.00,13020,0.02566315146601286,0.007272990979290769
27-1022.00,13022,0.05394566410080489,0.02563803183839129
27-1022.00,13023,0.005305492975991239,0.0020588697858345104
27-1022.00,13024,0.05488905127060462,0.018053534419860788
27-1022.00,13025,0.03437907156921764,0.020582546489612007
27-1022.00,13026,0.06613671529373533,0.032649867367050105
27-1022.00,13027,0.025565297776966558,0.006199292333075502
27-1022.00,13028,0.04018291008615999,0.025482308609952136
27-1022.00,13029,0.028901453184862258,0.010835880913077134
27-1022.00,13030,0.009802915321868071,0.0030838979371491664
27-1022.00,13031,0.016878956804933173,0.004077585685870972
27-1022.00,13032,0.08418233186349185,0.03311049338922173
27-2021.00,13033,0.09524147050233515,0.025739375655141443
27-2021.00,13034,0.11929893388135396,0.03161865646122477
27-2021.00,13035,0.15317628320588106,0.026725961224876568
27-2021.00,13036,0.1213681778596406,0.02271832243368483
27-2021.00,13037,0.14423706125400185,0.03293654920578556
27-2021.00,13038,0.10136872870058637,0.015606948609695977
27-2021.00,13040,0.051602871852743024,0.012003086577771833
27-2021.00,13041,0.07704205055525325,0.027097442148359806
33-9021.00,13095,0.22719349261697439,0.028733335843872276
33-9021.00,13096,0.19893568666143222,0.03130313667430621
33-9021.00,13097,0.09819401635475694,0.02646559004495099
33-9021.00,13101,0.07351542473060743,0.024835668482794962
33-9021.00,13102,0.060150638987252855,0.029455476001834714
33-9021.00,13103,0.03686045910061611,0.02190685770921714
33-9021.00,13104,0.01238493301303722,0.00909334403036544
33-9021.00,13105,0.0477369698924111,0.02924089115174698
33-9021.00,13106,0.07249521349795456,0.021724285827957848
33-9021.00,13107,0.03609362516178978,0.02208286166536287
33-9021.00,13109,0.005257278503109047,0.003972009801902522
37-3013.00,13112,0.08179236618774902,0.016438716681546468
37-3013.00,13113,0.11394829923245103,0.018537219444935894
37-3013.00,13114,0.055600684613635785,0.012141859350259541
37-3013.00,13115,0.056738051518485697,0.00823420882129999
37-3013.00,13116,0.05979776254716046,0.012598300354212038
37-3013.00,13117,0.07750425194725898,0.018218117450602516
37-3013.00,13118,0.054403617498461336,0.015741614321645215
37-3013.00,13119,0.07234804902724863,0.014855367052203092
37-3013.00,13120,0.09062933094033282,0.016319677320025438
37-3013.00,13121,0.04968486291605206,0.010203755160094384
37-3013.00,13122,0.03622524942133299,0.014486215052699092
37-3013.00,13123,0.010305340430430656,0.00852295714684217
37-3013.00,13124,0.06901274752039789,0.010885859391717958
37-3013.00,13125,0.023787845257822997,0.008387819200416917
37-3013.00,13126,0.036776206989175636,0.014331458239247601
37-3013.00,13127,0.017609847892391135,0.00846096985426074
37-3013.00,13128,0.04627401415419298,0.01307968947146613
37-3013.00,13130,0.027766333217333287,0.015512043429911007
37-3013.00,13132,0.008913940421888165,0.006998848968577419
37-3013.00,13136,0.01088119826619843,0.008893353076113802
39-1022.00,13138,0.16454748169990152,0.045455287505136575
39-1022.00,13139,0.09756393373898772,0.0331375003426181
39-1022.00,13140,0.037290830805185665,0.011082482773626388
39-1022.00,13141,0.07384491160671258,0.018536373638217245
39-1022.00,13142,0.10483761523077266,0.023389084548064338
39-1022.00,13143,0.05669898543565655,0.017267716676907435
39-1022.00,13145,0.03972203250178215,0.011322234166331385
39-1022.00,13146,0.03501504919737009,0.009896898406542313
39-1022.00,13150,0.03447828572891621,0.012839644628356428
39-1022.00,13154,0.0061262541505681485,0.003013910864186465
39-7012.00,13155,0.118900300455918,0.04512648887316069
39-7012.00,13156,0.12147105250285502,0.043274745783751026
39-7012.00,13157,0.13447085226734434,0.056995515655012145
39-7012.00,13158,0.1133625001040499,0.03387496513948337
39-7012.00,13159,0.06318224472922307,0.023485294027215983
39-7012.00,13161,0.08171957199563754,0.02813800372417042
39-7012.00,13162,0.047320179713601654,0.01915547231326639
39-7012.00,13163,0.11044738298363194,0.03929702069028539
39-7012.00,13164,0.17148296025426724,0.03289318195602267
39-7012.00,13165,0.035150210303108324,0.02427225035370525
39-7012.00,13166,0.0024927446903629876,0.0009628933113330409
53-6061.00,13172,0.09055930751230734,0.019988428979345985
53-6061.00,13173,0.09566986151701402,0.030576471670520893
53-6061.00,13174,0.1641031102367463,0.02589472067706427
53-6061.00,13175,0.04981310704846303,0.012065494254398033
53-6061.00,13176,0.06724512658844124,0.01630602793275015
53-6061.00,13177,0.057959344645297076,0.022457916295915672
53-6061.00,13178,0.09249092175836725,0.023655100438520284
53-6061.00,13179,0.1276339249994366,0.03604868554778898
53-6061.00,13182,0.0837052944138503,0.02665452798851096
53-6061.00,13183,0.050521033190601965,0.013351791624190527
41-9011.00,13190,0.09190476344998003,0.008802965166812728
41-9011.00,13191,0.0970093980311507,0.014122730381368926
41-9011.00,13192,0.08143419099132616,0.017839008260862647
41-9011.00,13193,0.055760718148472777,0.015488088826209726
41-9011.00,13194,0.07446968562744398,0.014403745317116308
41-9011.00,13195,0.06252767776035084,0.014534892363926915
41-9011.00,13196,0.07861939021741564,0.016532781895342682
41-9011.00,13197,0.02576382473674503,0.011497868459383904
41-9011.00,13198,0.05270795659809999,0.012804347963464423
41-9011.00,13199,0.04279789576358913,0.0172037488893715
41-9011.00,13200,0.032202406912881884,0.008670860528120253
41-9011.00,13201,0.030268848068742332,0.013627794911385127
41-9011.00,13202,0.042514342508832716,0.01373367245093896
41-9011.00,13203,0.06421107108961617,0.01927294000830281
41-9011.00,13204,0.0027802133298311152,0.001724664374999474
41-9011.00,13205,0.04776043358955452,0.012201276294062533
41-9011.00,13206,0.024431290671366797,0.010246172206172166
41-9011.00,13207,0.022575619493052458,0.009424454597679923
41-9011.00,13208,0.025387768224750307,0.012182446018235291
41-9011.00,13210,0.023287135795463047,0.012241516193193911
41-9011.00,13211,0.0215853689913344,0.007523819843737434
41-9012.00,13217,0.1246032843293678,0.052202615158503995
41-9012.00,13220,0.1764642311661686,0.0760785433642301
41-9012.00,13226,0.011828094855297235,0.010219986581370877
41-9091.00,13231,0.10457384617801162,0.0
41-9091.00,13232,0.07152724098256347,0.0
41-9091.00,13233,0.13558213029573013,0.0
41-9091.00,13235,0.030013213984523265,0.0
41-9091.00,13236,0.18578065577776945,0.0
41-9091.00,13237,0.10893629932645524,0.0
41-9091.00,13238,0.06079999714068009,0.0
41-9091.00,13239,0.1186465439680872,0.0
41-9091.00,13240,0.026796670035436926,0.0
41-9091.00,13241,0.018889326889569104,0.0
41-9091.00,13242,0.016207536008979145,0.0
43-2021.00,13243,0.13778401384062675,0.01951955227135814
43-2021.00,13244,0.14184350542412977,0.026912227094616405
43-2021.00,13245,0.06586436542479326,0.014013506552222544
43-2021.00,13246,0.19291858351443497,0.023279160245009964
43-2021.00,13247,0.20049089139717866,0.01481672864686987
43-2021.00,13248,0.023428299761882033,0.0091952534010198
43-2021.00,13253,0.021878742373581925,0.01382794730012817
43-2021.00,13254,0.0019810888999379247,0.0014207992227996374
43-2021.00,13255,0.0329989604039946,0.014915396029751652
43-2021.00,13256,0.11825908816798732,0.029451628382592368
43-2021.00,13257,0.030441330308274443,0.012081560041518835
43-2021.00,13258,0.03211113048317832,0.015436632869132286
43-9051.00,13260,0.1161702179644996,0.02932157258437869
43-9051.00,13261,0.1268331912263046,0.028901121386865708
43-9051.00,13262,0.08678308300610942,0.02008367339772769
43-9051.00,13264,0.0883435013326133,0.019744631296676342
43-9051.00,13267,0.0529633843330086,0.02091899214087442
43-9051.00,13268,0.13461831342549133,0.019928883113181698
43-9051.00,13269,0.030611792975560145,0.01712027474287257
43-9051.00,13270,0.0746244176647947,0.02300490683760121
43-9051.00,13271,0.005378180040520142,0.003332845916893474
43-9051.00,13272,0.027013615750418853,0.015941043932917513
43-9051.00,13275,0.04440260870823758,0.01772203476331722
43-9051.00,13276,0.08744605239580401,0.016307489723225294
43-9051.00,13279,0.02516748167738782,0.008349004444671205
43-9051.00,13281,0.031102371120863975,0.01839169372052373
43-9051.00,13282,0.068541788378386,0.012459120330613555
43-9071.00,13288,0.12539745321454698,0.01567570543621239
43-9071.00,13289,0.09866373474846368,0.01725228014153181
43-9071.00,13290,0.06600330501273866,0.01231690585309985
43-9071.00,13292,0.09022073763138412,0.014128725403002225
43-9071.00,13293,0.07767687053349386,0.017176065914702925
43-9071.00,13294,0.0688479382797824,0.01547684624576763
43-9071.00,13295,0.10752631093414469,0.01691535730345111
43-9071.00,13296,0.037582478282942644,0.009134678013289356
43-9071.00,13297,0.04838599561626441,0.01207196593202377
43-9071.00,13298,0.024919439090763766,0.0077760659207997155
43-9071.00,13299,0.07257424646903965,0.016682892774565302
43-9071.00,13300,0.05026433556304065,0.013239073539982243
43-9071.00,13301,0.05252606971890495,0.01272539349910879
43-9071.00,13302,0.06352593673387752,0.011696986739687805
43-9071.00,13303,0.015885148170612012,0.004650739269328833
45-2041.00,13349,0.24457312064991607,0.041094726412963786
45-2041.00,13350,0.24531209558677602,0.04596024062794803
45-2041.00,13351,0.21493120943214167,0.04770355378149494
45-2041.00,13352,0.19083675360742494,0.034947917588981185
45-2041.00,13353,0.10434682072374139,0.030181810747492512
45-2091.00,13355,0.16685665898459193,0.04127001266427602
45-2091.00,13359,0.2611449300258663,0.07665881218107726
45-2091.00,13361,0.07913399951878713,0.035730105800561275
45-2091.00,13362,0.10110942887477421,0.05064880463886585
45-2091.00,13363,0.04842356304711022,0.01116814292382336
45-2091.00,13366,0.14990899888419368,0.05708505630294156
45-2091.00,13367,0.09270336250064469,0.049234102069221734
45-2091.00,13368,0.10071905816403177,0.050560393706748176
45-2093.00,13410,0.14574917406077725,0.025551445430559244
45-2093.00,13411,0.09670389660520656,0.028497758817401048
45-2093.00,13412,0.08980003465005347,0.017648079300901388
45-2093.00,13413,0.04806367925227522,0.017926948159167396
45-2093.00,13414,0.03422484782839717,0.009629813903427653
45-2093.00,13415,0.08344819668484753,0.011930016704374519
45-2093.00,13416,0.09659747339281903,0.03597927872117205
45-2093.00,13417,0.05794897149590499,0.008047719453954523
45-2093.00,13418,0.04364193362263065,0.017098016409908164
45-2093.00,13419,0.08264040957195343,0.040529608596168415
45-2093.00,13420,0.03283939412395556,0.015701650249997548
45-2093.00,13421,0.01695268875754192,0.007485622567413352
45-2093.00,13422,0.016309145408555447,0.007990044614051091
45-2093.00,13424,0.047597802843753055,0.015040028357950071
45-2093.00,13425,0.043803936036436904,0.01100236501891478
45-2093.00,13426,0.022380941533037785,0.01212883539324523
45-2093.00,13427,0.009211216931202602,0.003031642067582661
45-2093.00,13428,0.032086257200651384,0.026393116644940047
45-4021.00,13484,0.0855045843232146,0.009751700524752835
45-4021.00,13485,0.09209725317556351,0.009387598130320453
45-4021.00,13486,0.08741697570504897,0.009486056547549313
45-4021.00,13487,0.08069728318871142,0.008789823395248806
45-4021.00,13488,0.06970465585032808,0.008960336363700685
45-4021.00,13489,0.06603907744307883,0.008836090334439186
45-4021.00,13490,0.07708930402341094,0.009385060158899868
45-4021.00,13491,0.07697707624547484,0.009755685572465901
45-4021.00,13492,0.0943197260607017,0.007412396926826469
45-4021.00,13493,0.08254660135568899,0.009860236559682007
45-4021.00,13494,0.032280943388076154,0.005662056928799488
45-4021.00,13495,0.05607011098933546,0.00979460624870463
45-4021.00,13496,0.004664585528062037,0.001062133763155901
45-4021.00,13497,0.03380358615093979,0.00897263253027622
45-4021.00,13498,0.018315101880735683,0.00595224741673379
45-4021.00,13499,0.013455263997256321,0.005103471166055819
45-4021.00,13500,0.023456153808815085,0.006355506816589801
45-4021.00,13501,0.005561716885557641,0.0023486320207141416
47-2081.00,13503,0.09003618255940521,0.013910694435685001
47-2081.00,13504,0.06439776892364031,0.011187777300889018
47-2081.00,13505,0.09448831321825606,0.012475000760956244
47-2081.00,13506,0.04121376741767907,0.008278166911958356
47-2081.00,13507,0.06509071061205172,0.010001569135938606
47-2081.00,13508,0.05994167914624506,0.01257156121630344
47-2081.00,13509,0.05246968130075841,0.011110808574816926
47-2081.00,13510,0.033543072739657835,0.008331233938803495
47-2081.00,13511,0.07177615596764335,0.013552664789714676
47-2081.00,13512,0.041777505277080504,0.012252677667230372
47-2081.00,13513,0.03922955272409946,0.010642927622981725
47-2081.00,13514,0.03709100365691537,0.009907306133574934
47-2081.00,13515,0.05663454622999426,0.0118574776118919
47-2081.00,13516,0.05423397845578028,0.0118163728017609
47-2081.00,13517,0.025954017119284828,0.008928396035584606
47-2081.00,13518,0.0340457785241954,0.010466818682949163
47-2081.00,13519,0.02219305884706931,0.0072666553053498265
47-2081.00,13520,0.0241772110919531,0.00868317396928393
47-2081.00,13521,0.020112745174900807,0.008926687478280734
47-2081.00,13522,0.018700490864128123,0.006959401856477724
47-2081.00,13523,0.005770836600614247,0.002860834978753346
47-2081.00,13524,0.005364690507961301,0.003030299792191357
47-2081.00,13525,0.008368094870659636,0.0041358478083467435
47-2081.00,13526,0.005046394461349741,0.0028546827604097698
47-2081.00,13527,0.011337735567593814,0.004468129904577543
47-2081.00,13528,0.017005028141082873,0.007027728717987897
47-2082.00,13529,0.09362148947039121,0.016289387913955615
47-2082.00,13530,0.13947296536716602,0.016139097300978792
47-2082.00,13531,0.09176299220280834,0.015393393483631326
47-2082.00,13532,0.08168675842264925,0.011741822228272797
47-2082.00,13533,0.08368464769326284,0.013355353119894891
47-2082.00,13534,0.08434079769109581,0.013445220975411074
47-2082.00,13535,0.0576166423836336,0.009243936247398278
47-2082.00,13536,0.025292948641470442,0.006477005220825209
47-2082.00,13537,0.07030178706783638,0.010227385491452507
47-2082.00,13538,0.03272990671903604,0.010714286381980511
47-2082.00,13539,0.0407578606808506,0.011264804899827228
47-2082.00,13540,0.04503371426220664,0.010127077903066418
47-2082.00,13541,0.048629801285807926,0.010629221199837103
47-2082.00,13542,0.02752003423412039,0.010591406482357074
47-2082.00,13543,0.02931013780524453,0.010898572836829568
47-2131.00,13544,0.05889029313259089,0.02022042492771666
47-2131.00,13545,0.2352646478291497,0.03889218178661239
47-2131.00,13546,0.1593036712953544,0.03294990481380512
47-2131.00,13547,0.16524963014138042,0.031229187460755346
47-2131.00,13549,0.12694601671213943,0.019495360360117394
47-2131.00,13550,0.10447503416300509,0.018565358044512002
47-2131.00,13551,0.1070971165830262,0.025172339574247603
47-2131.00,13552,0.03506214369608685,0.012857524008697982
47-2131.00,13553,0.007711446447267015,0.0025995255803163207
47-2132.00,13554,0.24242833520433038,0.0187568817568581
47-2132.00,13555,0.1408142670041203,0.015268203348706584
47-2132.00,13556,0.1113209628222165,0.011418975723229384
47-2132.00,13557,0.04194284299856708,0.013130503727588753
47-2132.00,13558,0.11809736321972496,0.015790755600391653
47-2132.00,13559,0.1259333790148023,0.01483036696042797
47-2132.00,13560,0.05050676146591311,0.011357774621072469
47-2132.00,13561,0.10830535081792445,0.01760483244474572
47-2132.00,13562,0.06065073745240087,0.01646200605641533
47-2171.00,13567,0.21708089947206025,0.020386007645212142
47-2171.00,13568,0.25367499957488815,0.02782187733152497
47-2171.00,13569,0.21690709179194473,0.022783320459264685
47-2171.00,13570,0.1048509511061535,0.01779818755957298
47-2171.00,13571,0.1215565606765789,0.01609691594598495
47-2171.00,13572,0.054800332335820136,0.013067439669664784
47-2171.00,13573,0.03112916504255444,0.004553527877998354
47-2181.00,13574,0.1287867577370586,0.029320900291107344
47-2181.00,13575,0.028389399262183528,0.01916160849000235
47-2181.00,13578,0.0622986392845297,0.01448276785012049
47-2181.00,13579,0.03958346153438027,0.007167508366958353
47-2181.00,13580,0.062107281554631265,0.014772613040932806
47-2181.00,13581,0.03396449683159648,0.006311398631402807
47-2181.00,13583,0.035993266340852585,0.007562314105770605
47-2181.00,13584,0.08297038233297312,0.015990743329628018
47-2181.00,13585,0.04169593389934269,0.008085370362136308
47-2181.00,13586,0.044868646574211385,0.01498940233949539
47-2181.00,13587,0.04432897356231063,0.015407773298224842
47-2181.00,13589,0.013960973597825443,0.005946562245501383
47-2181.00,13590,0.04616460823192623,0.009965964307359488
47-2181.00,13591,0.047954974792352084,0.026002792928587336
47-2181.00,13592,0.02820919397857023,0.006690390044804059
47-2181.00,13593,0.0762558148958094,0.013164555112623573
47-2181.00,13594,0.008497498867524,0.00356430380713691
47-2181.00,13595,0.032585675817719276,0.014187715947962077
47-3011.00,13597,0.08573375866071349,0.011524611047487185
47-3011.00,13598,0.044582720085723684,0.00927425483444286
47-3011.00,13599,0.087630292027659,0.014440624854550638
47-3011.00,13600,0.12574494965911115,0.01886193200570617
47-3011.00,13601,0.05085060404705511,0.015147109576907956
47-3011.00,13602,0.02147206984535191,0.006300218048719998
47-3011.00,13603,0.10699850585910096,0.01956659272138777
47-3011.00,13604,0.07124282501270818,0.013238870831617289
47-3011.00,13605,0.045725381574084796,0.011940419855028235
47-3011.00,13606,0.09624452025812652,0.018060429859712922
47-3011.00,13607,0.050276400416593786,0.013539949476253123
47-3011.00,13608,0.06795330602661002,0.013812153480188485
47-3011.00,13609,0.051620562426937175,0.009739057008362077
47-3011.00,13610,0.07066951298810482,0.011550817893762062
47-3011.00,13611,0.02325459111211945,0.010886986368620908
47-3014.00,13612,0.20299650357549942,0.0292520417651425
47-3014.00,13613,0.18004882896090663,0.03460259729566833
47-3014.00,13614,0.1015706947424349,0.014192966174525931
47-3014.00,13615,0.06799475112405289,0.025310976494673062
47-3014.00,13616,0.07267852112369606,0.012828156951631878
47-3014.00,13617,0.17176250909505367,0.028816652396237076
47-3014.00,13619,0.13764720543503797,0.029637962111401423
47-3014.00,13620,0.03958388551797373,0.023107365223133985
47-3014.00,13621,0.016694716189731056,0.009175783772666637
47-3014.00,13622,0.009022384235613731,0.0036857072081904036
47-4031.00,13624,0.07025108211543245,0.018744051027679478
47-4031.00,13625,0.07867056430947837,0.03302962957746903
47-4031.00,13626,0.08477787734950673,0.01634877057128079
47-4031.00,13627,0.08272129563607848,0.02099095580741004
47-4031.00,13628,0.03870691420652944,0.01734631295390792
47-4031.00,13629,0.04984082005544263,0.009344267967871663
47-4031.00,13630,0.049233760703468445,0.01033521737629402
47-4031.00,13631,0.05666923336562412,0.0181979884251825
47-4031.00,13632,0.03463869970423269,0.004189762786852579
47-4031.00,13633,0.09770192572708225,0.02815706552998842
47-4031.00,13634,0.03736351093608943,0.009867933884389862
47-4031.00,13635,0.054400505046870044,0.020198029268447344
47-4031.00,13636,0.041331029876941275,0.010651170931053106
47-4031.00,13637,0.07388034895259482,0.03220872350177063
47-4031.00,13638,0.05588229785504713,0.01815538663533584
47-4031.00,13639,0.02232714183524644,0.0047917114787102005
47-4031.00,13640,0.037886492554891925,0.018011088924086278
47-4031.00,13641,0.033716499769443325,0.011694743186915331
47-4061.00,13643,0.05355245747073126,0.010180857758712018
47-4061.00,13644,0.037620250280480466,0.01332591068834828
47-4061.00,13645,0.05390851566470643,0.01700699152851593
47-4061.00,13646,0.06876541980165446,0.0208888285437058
47-4061.00,13647,0.037319633561271354,0.016515302852783402
47-4061.00,13648,0.04722089741402712,0.01775025873836519
47-4061.00,13649,0.04909521153801945,0.014582806898796907
47-4061.00,13650,0.06767964163608602,0.015795606230383393
47-4061.00,13651,0.04116010972492822,0.010980577178009822
47-4061.00,13652,0.027396382895328506,0.012288593730571852
47-4061.00,13653,0.0777608540621907,0.016126909432380595
47-4061.00,13654,0.08343846049237744,0.0190051087592421
47-4061.00,13655,0.05085058348506842,0.012884878697024897
47-4061.00,13656,0.040407871375708906,0.015517654109227808
47-4061.00,13657,0.0524571562131481,0.017000103307619883
47-4061.00,13658,0.047097476994932615,0.019559501155736198
47-4061.00,13660,0.04679788751911047,0.015566670367258855
47-4061.00,13662,0.02679031813225099,0.01840246318550825
47-4061.00,13663,0.024621817766055203,0.015027702912894743
47-4061.00,13665,0.03431782139673467,0.017640211445945398
47-4061.00,13666,0.011982480335736073,0.009016595037920315
47-4061.00,13667,0.019758752239453097,0.01484917979604695
47-5023.00,13668,0.08978447206103302,0.012181511731657511
47-5023.00,13669,0.07368479711084008,0.013942418302043243
47-5023.00,13671,0.10379241785999603,0.015394161112375215
47-5023.00,13673,0.08605297735309535,0.01993392575709159
47-5023.00,13674,0.07811905412803814,0.013757053070549231
47-5023.00,13675,0.027686324078223787,0.015309562384411212
47-5023.00,13676,0.09902836430999461,0.015647054636635238
47-5023.00,13677,0.03471825154388443,0.011112401533213979
47-5023.00,13678,0.0313167751930384,0.007878080476102176
47-5023.00,13679,0.028359507024818927,0.007714160397181591
47-5023.00,13680,0.06433607626981183,0.012660948795098862
47-5023.00,13681,0.0011274203631626738,0.0007832258915364517
47-5023.00,13682,0.03747906476930557,0.008450864633656074
47-5023.00,13683,0.06102107384625028,0.01739648520172732
47-5023.00,13684,0.026383571470681155,0.008906963587962327
47-5023.00,13685,0.008574101869261688,0.005639945068616953
47-5023.00,13686,0.05125218439127939,0.012809216280629102
47-5023.00,13687,0.023850179242211972,0.00835840139463846
47-5023.00,13689,0.011103609857573988,0.004887362285092554
47-5023.00,13690,0.002478053035656405,0.001083672469711597
47-5023.00,13691,0.005664204774705948,0.001982144451388404
47-5023.00,13692,0.007029061365260203,0.0017654338711325505
47-5023.00,13694,0.006544690154692445,0.0032149304319062343
47-5023.00,13695,0.008843080359253264,0.003685036827048136
47-5023.00,13696,0.008236769687452433,0.0024515953033197235
47-5081.00,13698,0.05178344946272428,0.017731571352666863
47-5081.00,13699,0.1713684706155802,0.04830729976976357
47-5081.00,13701,0.12140179762400613,0.032545985251077665
47-5081.00,13702,0.09688791815977452,0.022983420871917577
47-5081.00,13703,0.07491713362113421,0.027649469738948985
47-5081.00,13704,0.029853751819389488,0.01368473394068199
47-5081.00,13705,0.1511766682876512,0.04288291924295768
47-5081.00,13706,0.09058789750597446,0.025950887495123046
47-5081.00,13707,0.03878750050332351,0.013188404216610262
47-5081.00,13708,0.047834749958890734,0.014448222670389668
47-5081.00,13709,0.03388836891828405,0.006535193145438752
47-5081.00,13710,0.05477703743009244,0.024887387521348562
47-5081.00,13711,0.03673525609317485,0.01629921378073903
49-2096.00,13725,0.13784252650815634,0.02032746847851393
49-2096.00,13726,0.10380968160842549,0.015370145955791099
49-2096.00,13727,0.08452193915675073,0.00939389588520331
49-2096.00,13728,0.12664664127217531,0.015586022297655325
49-2096.00,13729,0.07694707557767805,0.010513005909529699
49-2096.00,13730,0.08067292411828564,0.013907795132838605
49-2096.00,13731,0.09388570629165892,0.02183588316374696
49-2096.00,13732,0.09420578851058731,0.023291130354542503
49-2096.00,13733,0.051201140048405556,0.01050709873023494
49-2096.00,13734,0.05066852105911525,0.011502309670192343
49-2096.00,13735,0.07230944298097357,0.012764902257112493
49-2096.00,13736,0.02728861286778791,0.017762644489387518
49-2097.00,13737,0.1063935808463235,0.03401966077808637
49-2097.00,13738,0.13488347909484114,0.0207688069311677
49-2097.00,13739,0.08527000073425832,0.021596574953977037
49-2097.00,13740,0.14437549535902866,0.03141132752546202
49-2097.00,13741,0.10448572265429937,0.030651041599245407
49-2097.00,13742,0.08655580447915076,0.02141019285860988
49-2097.00,13743,0.07434642069218457,0.01763331879787429
49-2097.00,13745,0.05631673246533384,0.011490763456332403
49-2097.00,13746,0.1292994985977849,0.04132511048663772
49-2097.00,13747,0.07807326507679489,0.030780017993212547
49-3041.00,13748,0.12741075883555084,0.017109999671289903
49-3041.00,13749,0.15301856962736096,0.026676406803079922
49-3041.00,13750,0.1385509745416923,0.02196273113160624
49-3041.00,13751,0.07631458945385408,0.00893428882606176
49-3041.00,13752,0.1519115301203635,0.021718282811620377
49-3041.00,13753,0.06801008414558744,0.00845023922655841
49-3041.00,13754,0.12383518734667266,0.023358919146844747
49-3041.00,13756,0.03386741097995215,0.011812392021838975
49-3041.00,13757,0.05861627905060192,0.024711993679928938
49-3041.00,13758,0.019996310963025486,0.00982120657727725
49-3041.00,13759,0.03006646459526141,0.009215640589715845
49-3041.00,13761,0.018401840340077198,0.0038799106468921235
49-3051.00,13762,0.07241950871421707,0.01636172390252757
49-3051.00,13763,0.061935331442460106,0.014867523743879927
49-3051.00,13764,0.11673487282399299,0.017608846950544675
49-3051.00,13765,0.12497633301358607,0.018839347432186265
49-3051.00,13766,0.09805667223371314,0.021454196389549197
49-3051.00,13767,0.07098933221561417,0.015364932287883432
49-3051.00,13768,0.061175260925657754,0.014239024764487511
49-3051.00,13769,0.07448651261650316,0.014911975708357908
49-3051.00,13770,0.07714293580855808,0.014932862289345043
49-3051.00,13771,0.052169123790984255,0.014273773611965055
49-3051.00,13772,0.03417053736304684,0.014387838791601857
49-3051.00,13773,0.03972931235017597,0.01417283943235154
49-3053.00,13774,0.12519765471232072,0.022416701885278
49-3053.00,13775,0.08368161386896861,0.011274002950473287
49-3053.00,13776,0.05922786420415161,0.01141948339516151
49-3053.00,13777,0.13616132032982659,0.022968313831261963
49-3053.00,13778,0.08032442860205197,0.01393163658984131
49-3053.00,13779,0.06563468929337263,0.01821014251172038
49-3053.00,13780,0.11420447420841372,0.020171247309397938
49-3053.00,13781,0.11028082575302156,0.019980808912027973
49-3053.00,13782,0.067272011424336,0.019237323383584148
49-3053.00,13783,0.04999591531603835,0.008966601136306667
49-3053.00,13784,0.0699297513470805,0.019108987890181294
49-3053.00,13785,0.00540043881711755,0.0015223875896615338
49-3053.00,13786,0.021299483347818525,0.009196758589486967
49-3053.00,13787,0.011389528775481718,0.0059881216490022164
49-9031.00,13788,0.06879035225203463,0.011754227226252538
49-9031.00,13789,0.06618518556500347,0.010715146666178147
49-9031.00,13790,0.04385157671551862,0.008986362695023772
49-9031.00,13791,0.062181477464753,0.009859712975832173
49-9031.00,13792,0.06642936171672385,0.009629616745552993
49-9031.00,13793,0.0671618383235972,0.009165550439094634
49-9031.00,13794,0.056678069219115494,0.009256707873370518
49-9031.00,13795,0.05857758135978559,0.009876609652704059
49-9031.00,13796,0.062393049401487814,0.013017826282878531
49-9031.00,13797,0.02591426947373083,0.004254603221727891
49-9031.00,13798,0.02087585541741916,0.0031558353043651417
49-9031.00,13799,0.0718560014710379,0.011819187290616729
49-9031.00,13800,0.03769078754806215,0.007046522919036773
49-9031.00,13801,0.046311731784987084,0.005900287412243562
49-9031.00,13802,0.049714040448427484,0.006335432995224302
49-9031.00,13803,0.005129301411564005,0.002273595677360517
49-9031.00,13804,0.021416093285016053,0.005496798461211851
49-9031.00,13805,0.0052147760572909905,0.0024222773131881044
49-9031.00,13806,0.018009388950860444,0.003874468280980921
49-9031.00,13807,0.020000725515175496,0.004348847357928626
49-9031.00,13808,0.026558985698961146,0.005085059604028158
49-9031.00,13809,0.004340354922627261,0.0010565925477238837
49-9031.00,13810,0.0051604901007516815,0.0012799342725147162
49-9031.00,13811,0.023550706179141973,0.006778697380414316
49-9031.00,13812,0.03912027915919115,0.005745600812953989
49-9031.00,13813,0.010961714729793659,0.0016295614549561867
49-9031.00,13814,0.0059087173047580955,0.0016368603019319185
49-9031.00,13815,0.002203662014702098,0.0009137081015743689
49-9031.00,13816,0.00781362650848162,0.0037327224132762357
49-9045.00,13819,0.201058821730364,0.05186509394924483
49-9045.00,13820,0.2048627668228222,0.07280714443227909
49-9045.00,13821,0.14374178353546713,0.03924486794372912
49-9045.00,13824,0.08733785011930874,0.02372122176834516
49-9045.00,13825,0.084402456480476,0.046940584236997575
49-9045.00,13827,0.19786527697743234,0.06323796294713632
49-9045.00,13829,0.0593379387814484,0.022118990241516732
49-9045.00,13830,0.021393105552681185,0.007041353115130453
49-9091.00,13835,0.2506657827593883,0.037557927776728485
49-9091.00,13838,0.08129909034562742,0.03307207736552414
49-9091.00,13839,0.11613065034640718,0.032143305843698816
49-9091.00,13840,0.11569751589874366,0.04830181192145329
49-9091.00,13841,0.010060523132079278,0.004417931239546713
49-9091.00,13842,0.10175897988653948,0.050929083503407295
49-9091.00,13843,0.14018283594704475,0.02934860031066911
49-9091.00,13846,0.03181379346779321,0.009899007644394178
49-9091.00,13847,0.06703038140801446,0.027795438418876144
49-9091.00,13848,0.02641455851653962,0.014131569447726327
49-9091.00,13849,0.027073613798976544,0.009985302137283828
49-9091.00,13850,0.008245799368895992,0.002715601294492668
49-9091.00,13851,0.017821124630926197,0.004896353601111027
49-9091.00,13852,0.005805350493023877,0.003770990954988284
49-9092.00,13854,0.23996823772378478,0.036742847571724836
49-9092.00,13855,0.2613282258436648,0.03151238055112336
49-9092.00,13856,0.0911533222829592,0.013365602705640212
49-9092.00,13857,0.10743017144635333,0.031024040263283748
49-9092.00,13858,0.08351744621803442,0.014343413138037556
49-9092.00,13859,0.016384108642649893,0.005138914650332526
49-9092.00,13860,0.021021732494734366,0.004988169895367901
49-9092.00,13861,0.00912405234268101,0.002620972169752914
49-9092.00,13863,0.010954187612498823,0.005996952521765137
49-9092.00,13864,0.012073709810810726,0.0024858972603803388
49-9092.00,13865,0.017146602247884512,0.0031350123618389095
49-9092.00,13866,0.023804270960699637,0.007485641371287137
49-9092.00,13868,0.001991263975909206,0.0009861315047653093
49-9092.00,13869,0.01618106117715621,0.006461867884083289
49-9092.00,13870,0.013758955098839978,0.007047237454617915
49-9092.00,13871,0.0425317417805552,0.016371021847285318
49-9092.00,13872,0.005902018562125191,0.002352123417140378
49-9092.00,13873,0.0018573839951351655,0.001207810246283793
49-9092.00,13874,0.002697241201608787,0.0015650186851130093
49-9092.00,13875,0.0024613884540349296,0.0015365319031742535
49-9095.00,13878,0.34186418335551844,0.1281679094100176
49-9095.00,13881,0.09733708527683296,0.02806946930584085
49-9095.00,13882,0.1712992015558019,0.05925401198625251
49-9095.00,13885,0.1054389083032634,0.0368608616988102
49-9095.00,13887,0.062118534127538906,0.026209387411995355
49-9095.00,13889,0.22194208738104437,0.07587554956750783
49-9096.00,13892,0.10181824783862622,0.0254983450197201
49-9096.00,13893,0.12549946931652842,0.03482839420465627
49-9096.00,13894,0.1253470442243584,0.015226573522540457
49-9096.00,13895,0.08324088033477477,0.014537274286598798
49-9096.00,13896,0.053731356533200735,0.013431950211772176
49-9096.00,13897,0.08113794680590548,0.018205529369151315
49-9096.00,13898,0.07536078306304485,0.01475336084796248
49-9096.00,13899,0.03453242160308497,0.012550742259223749
49-9096.00,13900,0.0621644633916559,0.02389039506178521
49-9096.00,13901,0.04842857990166652,0.013738184563872529
49-9096.00,13902,0.09620870492898145,0.018045259406180972
49-9096.00,13903,0.03376002979643328,0.00949894227877188
49-9096.00,13904,0.033114656330620953,0.011842120804650181
49-9097.00,13905,0.12902152794459187,0.035327310426834214
49-9097.00,13906,0.09760099326470027,0.017487078807748253
49-9097.00,13907,0.030788549081876206,0.010087595597838832
49-9097.00,13908,0.20934218713939445,0.021649365818007676
49-9097.00,13909,0.09942257015489953,0.030213324337764785
49-9097.00,13910,0.09483251449665994,0.038106919949993885
49-9097.00,13911,0.04458942294905628,0.014852376195720487
49-9097.00,13912,0.1064561582586187,0.017778308363571266
49-9097.00,13913,0.06268991364827753,0.016435301099786612
49-9097.00,13914,0.03552982936247225,0.011537604086030382
49-9097.00,13915,0.026414997945078362,0.008806304621416686
51-2011.00,13919,0.07267450729567178,0.016257475307338464
51-2011.00,13921,0.026479286456198257,0.005840488733035349
51-2011.00,13924,0.05831125243818386,0.015502175512079
51-2011.00,13925,0.03367712056105249,0.014903606857232913
51-2011.00,13926,0.035088109030947806,0.007944528908695072
51-2011.00,13928,0.04911613959062935,0.01375683326567177
51-2011.00,13929,0.06387330838995418,0.012901079451474094
51-2011.00,13930,0.012559230568659862,0.005736053748142706
51-2011.00,13931,0.044015338188497885,0.005897152377051222
51-2011.00,13932,0.029442485622007193,0.015074319252765945
51-2011.00,13934,0.061803064205984255,0.015207289188103695
51-2011.00,13935,0.029615886137507073,0.016485334297610937
51-2011.00,13938,0.009078110231832715,0.005059089397581374
51-2011.00,13939,0.016713063065363055,0.004569488817616757
51-2023.00,13944,0.12148146789925639,0.02282171202827529
51-2023.00,13945,0.13910096214510617,0.02356248509860803
51-2023.00,13946,0.1281711114897956,0.021466949325120114
51-2023.00,13947,0.10230690849645127,0.02555467322135482
51-2023.00,13948,0.08671894560553531,0.01849499659513922
51-2023.00,13949,0.1072968523540194,0.02646139656597324
51-2023.00,13950,0.040907642481486636,0.013327361948861714
51-2023.00,13951,0.06894123660293117,0.015595350564809492
51-2023.00,13952,0.06900765375403868,0.016376766989061507
51-2023.00,13953,0.043067457326747674,0.014530853517996855
51-2023.00,13954,0.027634253587222195,0.010233091724988652
51-2023.00,13956,0.04588014351681217,0.016091405556811364
51-2023.00,13957,0.019485364740597352,0.0065524940942248205
51-2031.00,13958,0.0790763776124706,0.013130461105250651
51-2031.00,13959,0.1476014942699471,0.016065575264756413
51-2031.00,13960,0.08903786450633829,0.014515190131082935
51-2031.00,13961,0.06416680175497332,0.008988180273811737
51-2031.00,13962,0.11468014414291045,0.016893515260501785
51-2031.00,13963,0.06508698615579606,0.0149085894145504
51-2031.00,13964,0.03196368614891684,0.011871850409506588
51-2031.00,13965,0.08446675752064474,0.011351144089963478
51-2031.00,13966,0.13331228481056723,0.01590976077726821
51-2031.00,13967,0.09216996931359821,0.010794304356324254
51-2031.00,13968,0.06479885070865639,0.016217103316776647
51-2031.00,13969,0.03363878305518077,0.009609234630612142
51-2051.00,13970,0.11873555059631176,0.029716454339943795
51-2051.00,13971,0.10497176405435113,0.025097079373558703
51-2051.00,13972,0.07480734600407339,0.02275606365549994
51-2051.00,13973,0.08524381889539726,0.022608734609664925
51-2051.00,13974,0.07460586992745682,0.01292416984722163
51-2051.00,13975,0.07112022882593647,0.031808113948871425
51-2051.00,13976,0.0801186378675287,0.02521179307430338
51-2051.00,13977,0.05721374164204597,0.01662074830953227
51-2051.00,13978,0.03491968903768344,0.011725275469749007
51-2051.00,13979,0.06789714778481763,0.023389073022126616
51-2051.00,13980,0.07098111911070701,0.019245650024210047
51-2051.00,13981,0.026473151354348978,0.012189540066900702
51-2051.00,13982,0.029355782214639206,0.01457032685222772
51-2051.00,13983,0.0353477564630826,0.011685555154025418
51-2051.00,13984,0.03768024570515273,0.012486412860489429
51-2051.00,13985,0.03052815051646686,0.01357062610431421
51-3023.00,13986,0.19928340531806196,0.04877941262225698
51-3023.00,13987,0.10343985888371265,0.030417027243007683
51-3023.00,13989,0.08944879284493314,0.02716432798688535
51-3023.00,13991,0.05664712491798351,0.025617947371454675
51-3023.00,13992,0.07630612162904472,0.03249192890227805
51-3023.00,13993,0.05632517485047552,0.028309184605624132
51-3023.00,13994,0.0450279009286949,0.018675991784897473
51-3023.00,13995,0.07925754288921244,0.028114687699031745
51-3023.00,13996,0.07179033636406423,0.02733728707077993
51-3023.00,13997,0.09508518860412572,0.03144245754756491
51-3023.00,13998,0.062143066798274214,0.023531965301128194
51-3023.00,14000,0.06524548597141697,0.028354783822778104
51-4035.00,14001,0.0999261168995876,0.01942795902871654
51-4035.00,14002,0.0888734315960165,0.014751267990624513
51-4035.00,14003,0.0903190217668974,0.018158962954866735
51-4035.00,14004,0.055165367744214724,0.012561143510447717
51-4035.00,14005,0.08226494489895389,0.01505264498960828
51-4035.00,14006,0.0607623114802222,0.010150726423627963
51-4035.00,14007,0.08685932252082884,0.01342011022392427
51-4035.00,14008,0.05733074818445348,0.012498277734991362
51-4035.00,14009,0.05784963381997875,0.01408058384830728
51-4035.00,14010,0.0611547391369805,0.009905843407700498
51-4035.00,14011,0.07211841198877718,0.018511485961366623
51-4035.00,14012,0.07887128696283834,0.022988759455009337
51-4035.00,14013,0.030217795074759964,0.008033153302164926
51-4035.00,14014,0.025442007373162726,0.011541978502734432
51-4035.00,14015,0.052844860552327816,0.013310690308844122
51-6021.00,14035,0.06792945599915638,0.0050413049086334835
51-6021.00,14036,0.05489770558988942,0.006825094168003143
51-6021.00,14037,0.06715777858523651,0.007992203977400374
51-6021.00,14038,0.05556094125149475,0.008518775084015296
51-6021.00,14039,0.04531152338117298,0.009860275538407544
51-6021.00,14040,0.05793377984111191,0.008410159594683055
51-6021.00,14041,0.06207757767740363,0.007281086679501773
51-6021.00,14042,0.04560041296723238,0.009177928592121931
51-6021.00,14043,0.058125178232667406,0.00512386795457919
51-6021.00,14044,0.0543508329290165,0.0069801974802993945
51-6021.00,14045,0.05290466871804352,0.008438443991064378
51-6021.00,14046,0.04175170653786261,0.007068700641513141
51-6021.00,14047,0.04876392314709385,0.008973379677799485
51-6021.00,14048,0.023177846456439645,0.006140312295420784
51-6021.00,14049,0.030450593000440816,0.006107735823188601
51-6021.00,14050,0.0310627267942068,0.007866061103774797
51-6021.00,14051,0.029542228150891067,0.006022451980749534
51-6021.00,14052,0.015065169704087973,0.004251182760001202
51-6021.00,14053,0.022652485390724262,0.0050760176578308345
51-6021.00,14054,0.024237197459748158,0.005950296390036655
51-6021.00,14055,0.01217134640872474,0.004132071319491925
51-6021.00,14056,0.01834627020355385,0.006850375996786658
51-6021.00,14057,0.042084849859290646,0.0092344519773055
51-6041.00,14062,0.08945401776465524,0.02375354661584902
51-6041.00,14063,0.09032258766657521,0.018792643023836632
51-6041.00,14064,0.0624651288175844,0.015408379047551102
51-6041.00,14065,0.10197029564606393,0.024202270191862905
51-6041.00,14066,0.037588354609247886,0.01737612412758654
51-6041.00,14070,0.07169109279252965,0.022084776547306808
51-6041.00,14071,0.06247062739625092,0.018383063534922434
51-6041.00,14074,0.061251406250208834,0.017173013745875033
51-6041.00,14075,0.08637095707594541,0.024195896924953962
51-6041.00,14079,0.0878790523559117,0.02768768638407475
51-6041.00,14080,0.04628593834595472,0.015700692253729057
51-6041.00,14081,0.034149364132366127,0.017836515830309114
51-6041.00,14082,0.06363298846428703,0.01784681356821183
51-6041.00,14085,0.05118404419075077,0.015213490514179416
51-6041.00,14088,0.05328414449166816,0.01985330393863657
51-6042.00,14089,0.07366238942377415,0.019690122879015094
51-6042.00,14090,0.07520907729860565,0.015588034760957574
51-6042.00,14091,0.06500452186376184,0.02224506855171499
51-6042.00,14092,0.08889198303012355,0.019266278205040763
51-6042.00,14094,0.09095803682998607,0.018945332823009486
51-6042.00,14095,0.023963816543370306,0.011027891261876813
51-6042.00,14096,0.08825056570846729,0.02033056543816355
51-6042.00,14097,0.04887176474702327,0.016592865235617107
51-6042.00,14098,0.025372903897148035,0.012416515589509769
51-6042.00,14099,0.057349455898260925,0.01843865684363278
51-6042.00,14100,0.08008651127912052,0.01631309737547996
51-6042.00,14101,0.06470670759435206,0.014887944316963579
51-6042.00,14105,0.06749215429463981,0.013307782079641266
51-6042.00,14107,0.06409467700448271,0.01528111424652093
51-6051.00,14108,0.15076312149773624,0.026174651036005164
51-6051.00,14109,0.19394055312798456,0.022113251037360285
51-6051.00,14110,0.2187841681679101,0.021385918141057197
51-6051.00,14113,0.12653531537170057,0.022862782064971506
51-6051.00,14114,0.11679873761461135,0.021239984259800334
51-6051.00,14115,0.12858288065134296,0.033642376018616534
51-6051.00,14116,0.06459522356871422,0.018725941993889626
51-6061.00,14121,0.07395953014272075,0.013832431765601
51-6061.00,14122,0.041747591746145264,0.009443388081654585
51-6061.00,14123,0.06336437454920216,0.010092543086217909
51-6061.00,14124,0.06761583112478337,0.014196201536860301
51-6061.00,14125,0.044880571892386485,0.010627884630652226
51-6061.00,14126,0.05783572520563587,0.01122635896961971
51-6061.00,14127,0.0825332155338183,0.015035559793258336
51-6061.00,14128,0.06457272586217218,0.011480962693652251
51-6061.00,14129,0.0381066383939406,0.01025836449942644
51-6061.00,14130,0.029740595243737136,0.009962271496683352
51-6061.00,14131,0.06212384040153066,0.012583361044462595
51-6061.00,14132,0.030120793014572936,0.01274755991233876
51-6061.00,14133,0.049420600741588744,0.009849988788247289
51-6061.00,14134,0.03346094239166257,0.009169819991266136
51-6061.00,14137,0.04139183280882414,0.012469997045577321
51-6061.00,14138,0.05686149387013575,0.011679626690977347
51-6061.00,14139,0.04129826224563415,0.009056091326556942
51-6061.00,14140,0.029651980277996932,0.00912874261634523
51-6061.00,14141,0.005871540279371623,0.00189422041296976
51-6061.00,14142,0.023576554210622633,0.008115219447867382
51-6061.00,14143,0.009706908888795765,0.004035017935891583
51-6062.00,14145,0.08245098095404652,0.01896688202948798
51-6062.00,14147,0.017645427952308605,0.004567821414373138
51-6062.00,14148,0.06578203268290744,0.014819432440885141
51-6062.00,14149,0.04268255000037379,0.014469443752988392
51-6062.00,14150,0.06171458625579179,0.015624134792479542
51-6062.00,14152,0.07169133005460451,0.012541515498583917
51-6062.00,14153,0.11771543502072267,0.032308497558417935
51-6062.00,14154,0.025993011841052235,0.00817391654329702
51-6062.00,14155,0.0818009329719595,0.01786020473108631
51-6062.00,14156,0.048994023878147594,0.016492357157368267
51-6062.00,14157,0.013828134798267824,0.003271329377756829
51-6062.00,14158,0.020536839697505326,0.007661474750341941
51-6062.00,14159,0.06270294428703786,0.018166496305747615
51-6062.00,14160,0.02797863675245053,0.009870823609475998
51-6062.00,14161,0.052982879203322106,0.013452040507180333
51-6062.00,14162,0.08779786444410724,0.028117616406872027
51-6063.00,14163,0.07150382023854321,0.015363405903871157
51-6063.00,14164,0.08553951628176115,0.012551458730876009
51-6063.00,14165,0.09168763506372268,0.011964693327905842
51-6063.00,14166,0.12729464013544303,0.013334586180448008
51-6063.00,14167,0.07994374866445182,0.01712941701909697
51-6063.00,14168,0.0482436302855554,0.007086298748886432
51-6063.00,14169,0.044205514071896344,0.007683872683422171
51-6063.00,14170,0.07741957147527954,0.012293986324094508
51-6063.00,14171,0.06801043831863036,0.011794782114229272
51-6063.00,14172,0.039602288959893324,0.00760072330112252
51-6063.00,14173,0.03689854795688213,0.006928586433150799
51-6063.00,14174,0.041201156568814255,0.0073291911787757005
51-6063.00,14175,0.020935686076496377,0.006099196612857511
51-6063.00,14176,0.028450296304639168,0.0069541913968921235
51-6063.00,14178,0.025050903548612287,0.006928090551437866
51-6063.00,14179,0.03044771152620245,0.008661234833651407
51-6063.00,14180,0.03282984563133206,0.007848019375307184
51-6063.00,14181,0.022184635970205573,0.005540060448264431
51-6063.00,14182,0.028550412921638846,0.010029549057286855
51-6064.00,14183,0.06105936172770681,0.0083030146452839
51-6064.00,14184,0.0744226860987661,0.010220208446924051
51-6064.00,14185,0.02087081081687794,0.005955192235558464
51-6064.00,14186,0.048879170075727695,0.008597765633463119
51-6064.00,14187,0.06958600073424981,0.014300594139901696
51-6064.00,14188,0.0524787516825282,0.007400000473528167
51-6064.00,14189,0.04538646121944264,0.010479394598391017
51-6064.00,14190,0.0555500991649779,0.008572162264386797
51-6064.00,14191,0.038016873867071234,0.008517034766908002
51-6064.00,14192,0.05503114214177105,0.007120598699364707
51-6064.00,14193,0.03979539316489904,0.009222317510396866
51-6064.00,14195,0.05197438363251934,0.00855760563069349
51-6064.00,14196,0.06320952239312395,0.009873821096714294
51-6064.00,14197,0.027533253647108177,0.006536876355589485
51-6064.00,14198,0.016657431641357603,0.0028279459256029854
51-6064.00,14199,0.016340961735855114,0.0052241439354108596
51-6064.00,14200,0.05594474972951818,0.012959533795669194
51-6064.00,14201,0.038039560106856427,0.0074040595156337815
51-6064.00,14202,0.043040732673959255,0.007159150953005512
51-6064.00,14203,0.04170863336188535,0.008404446136654193
51-6064.00,14204,0.013598134530635912,0.0056494516648182514
51-6064.00,14205,0.04852393320502239,0.011491083627432837
51-6064.00,14206,0.022351952648139828,0.006661972154940026
51-6091.00,14207,0.06341326437151773,0.023696423547179928
51-6091.00,14208,0.09533475014895859,0.018665574145220614
51-6091.00,14209,0.09923434062280793,0.02082848755984336
51-6091.00,14210,0.047258375889217774,0.011869767705119934
51-6091.00,14211,0.08007967169809824,0.013464878733394433
51-6091.00,14212,0.08156313809148252,0.013319604356347102
51-6091.00,14214,0.058349446647569775,0.012809675751952377
51-6091.00,14215,0.062387581996979205,0.011218235263333381
51-6091.00,14216,0.12556828248546792,0.01861125766010755
51-6091.00,14218,0.062255473859337246,0.013875530427549172
51-6091.00,14219,0.06381036011924023,0.019587259464052924
51-6091.00,14220,0.05708763102908922,0.011111828835024233
51-6091.00,14224,0.06102038926638025,0.016941714607826185
51-6091.00,14225,0.013964137662494687,0.004709054023258727
51-6091.00,14227,0.028673156111358636,0.012084381329921982
51-6093.00,14228,0.11002489122694067,0.020375219155684455
51-6093.00,14229,0.10831380350262439,0.018310878235998043
51-6093.00,14230,0.057216724002670416,0.019219870477339605
51-6093.00,14231,0.05916759623326964,0.015114833547780876
51-6093.00,14232,0.03694134231695997,0.009230152590558465
51-6093.00,14233,0.07615276362496712,0.018303464506588145
51-6093.00,14234,0.03578572031956367,0.008567085230894084
51-6093.00,14235,0.06320818686108737,0.013582975867076196
51-6093.00,14236,0.06122231815966527,0.013278857573889026
51-6093.00,14237,0.03884070380503634,0.012199036409621347
51-6093.00,14238,0.021535600892994326,0.013138047404220398
51-6093.00,14240,0.04201836490793192,0.012522241057404028
51-6093.00,14241,0.03778259078747184,0.011288527562353433
51-6093.00,14242,0.03149643386448976,0.010239767552942473
51-6093.00,14243,0.029620385292249713,0.010798555265128061
51-6093.00,14244,0.028508812841272733,0.010823227465908657
51-6093.00,14245,0.055799449468486396,0.013004917280575866
51-6093.00,14246,0.036796552031713746,0.008990807708973224
51-6093.00,14247,0.034640432109127844,0.008215799756673024
51-6093.00,14248,0.02024645460479353,0.010697099184114406
51-6093.00,14249,0.014680873146683425,0.007824084907934297
51-7021.00,14250,0.06358023242502259,0.01434049451091174
51-7021.00,14251,0.10234714187190168,0.014192248645095232
51-7021.00,14252,0.07727351747376168,0.01492006112175536
51-7021.00,14253,0.08087229148199479,0.01550149966501384
51-7021.00,14254,0.05860008760219366,0.01207666639829457
51-7021.00,14255,0.04169040324190174,0.010874336047708988
51-7021.00,14256,0.06479133445680776,0.01899068383754085
51-7021.00,14257,0.03986614184330769,0.011267808506661281
51-7021.00,14258,0.022625143918044405,0.006637034700317983
51-7021.00,14259,0.07039485814784935,0.013333181358124117
51-7021.00,14260,0.04253893718928901,0.013352849013355381
51-7021.00,14261,0.03745463931572334,0.00897709685575206
51-7021.00,14262,0.03752488316156946,0.009982939397224389
51-7021.00,14263,0.042166497475083935,0.010232980595447477
51-7021.00,14264,0.04424922504701549,0.009624221457392971
51-7021.00,14265,0.03406617763791069,0.012427453641403366
51-7021.00,14266,0.03814452250041992,0.0094910001337493
51-7021.00,14267,0.036404230788976574,0.011285904984463024
51-7021.00,14268,0.025011960265970166,0.008027303632827847
51-7021.00,14269,0.017825715458414323,0.008370331945907947
51-7021.00,14270,0.012272853013235127,0.006701679797072731
51-7021.00,14271,0.01029920568360656,0.006664051232657297
51-7031.00,14273,0.11894675186630779,0.04675635200548783
51-7031.00,14274,0.11936396845787181,0.0378313505410333
51-7031.00,14275,0.0904699407596259,0.03323497367030893
51-7031.00,14276,0.11385690039223913,0.035161767899684844
51-7031.00,14277,0.06700528136316389,0.032884394053791594
51-7031.00,14278,0.08240075960124328,0.03228331979129529
51-7031.00,14279,0.07903207128651482,0.03260917215730652
51-7031.00,14280,0.07006764608072195,0.03296215248115608
51-7031.00,14281,0.05458930655861956,0.03432929662316331
51-7031.00,14282,0.04603800191632141,0.0197602399540688
51-7031.00,14283,0.052844835336923524,0.033469130766267
51-7031.00,14284,0.0576093419765311,0.020884038022917266
51-7031.00,14285,0.04777519440391586,0.033355830231441126
51-8092.00,14286,0.047497398127090286,0.01551098044922999
51-8092.00,14287,0.12104854793669105,0.01422329921227894
51-8092.00,14288,0.09876013478368496,0.011816414032851736
51-8092.00,14289,0.02518495324504676,0.005578078152020291
51-8092.00,14290,0.0921827216206069,0.01755135313993566
51-8092.00,14291,0.0709540336923887,0.010954167822062702
51-8092.00,14292,0.021201097528852273,0.005854843977785168
51-8092.00,14293,0.04522281128498794,0.008068582992664405
51-8092.00,14294,0.04045926274381325,0.009368479602394928
51-8092.00,14295,0.05552899279838459,0.011866713165088688
51-8092.00,14296,0.026245392319275355,0.006028120537735141
51-8092.00,14297,0.03821494561600065,0.005666958273321533
51-8092.00,14298,0.012801988298877761,0.006184663533161362
51-8092.00,14299,0.1007421020042184,0.01889860536749687
51-8092.00,14300,0.08238478071357777,0.018168389646178555
51-8092.00,14301,0.04561596178559126,0.009790342563715653
51-8092.00,14302,0.03160492997320395,0.011631524370630338
51-8092.00,14303,0.03726924162622829,0.009691648531386994
51-8092.00,14304,0.0070807039014799105,0.0049376516155751875
51-8093.00,14305,0.10325498590559298,0.013302282604679107
51-8093.00,14306,0.05342047659298817,0.00603692264293154
51-8093.00,14307,0.05307276492318489,0.008355922789730828
51-8093.00,14308,0.0781676979304934,0.01116299956627078
51-8093.00,14309,0.0655852397194668,0.006400486265387478
51-8093.00,14310,0.06437594269870546,0.011181453001179809
51-8093.00,14311,0.05028285267341854,0.007456678599092377
51-8093.00,14312,0.05017676825322277,0.008639311427992081
51-8093.00,14313,0.06264121837812985,0.01026863519223382
51-8093.00,14314,0.031196853502885986,0.006338010769475887
51-8093.00,14315,0.04901392203188971,0.006250251429171328
51-8093.00,14316,0.032636878790904905,0.010612776051352558
51-8093.00,14317,0.06263813792092578,0.009651126005809139
51-8093.00,14318,0.046560611945491756,0.008257710122184217
51-8093.00,14319,0.04098411312929215,0.004418044094194742
51-8093.00,14320,0.032615529851116605,0.007682469081894497
51-8093.00,14321,0.034092429102053075,0.004960970618250706
51-8093.00,14322,0.00519252766448152,0.003814483775346382
51-8093.00,14323,0.021121946359333052,0.003208101600499783
51-8093.00,14324,0.016968717521392427,0.006572413352696781
51-8093.00,14325,0.007516570424384716,0.003633242118372957
51-8093.00,14326,0.00647152938933739,0.0017506141681185822
51-8093.00,14327,0.009304093453407393,0.004286837916620711
51-8093.00,14328,0.02270819183790071,0.006412943296616436
51-9022.00,14329,0.12988167449346125,0.023330504575421067
51-9022.00,14331,0.08808298670663653,0.01735822041300045
51-9022.00,14332,0.09627182450287879,0.02906952852727579
51-9022.00,14333,0.09382044114669853,0.014624428208681888
51-9022.00,14334,0.10600001720457229,0.015165314569217223
51-9022.00,14335,0.04638594056474958,0.012752451824350284
51-9022.00,14336,0.11598045694122454,0.024098577685741755
51-9022.00,14337,0.07000436580100694,0.01784913179794429
51-9022.00,14338,0.10598096434827388,0.02399439824678639
51-9022.00,14339,0.051284747123165976,0.01702221028759447
51-9022.00,14340,0.04856341066156052,0.014572881166604362
51-9022.00,14344,0.0477431705057712,0.01648926453088294
51-9031.00,14349,0.05584402940761465,0.01127598475551912
51-9031.00,14350,0.10862771259517437,0.021240834832687273
51-9031.00,14351,0.08332973799607576,0.016456196939331733
51-9031.00,14352,0.04977836082260956,0.014356918132477088
51-9031.00,14353,0.08778547644306225,0.021827491996569623
51-9031.00,14354,0.05616398073047865,0.012950147140203342
51-9031.00,14355,0.0390681837314818,0.011227922429580092
51-9031.00,14356,0.08443097803023879,0.015372323734686392
51-9031.00,14357,0.08795793886927039,0.01702578565392197
51-9031.00,14358,0.06065325785048812,0.016315177378967233
51-9031.00,14359,0.07122739075031251,0.014362159559952537
51-9031.00,14360,0.03417361443245013,0.0160956625212709
51-9031.00,14361,0.05858129466676688,0.012394309172976702
51-9031.00,14362,0.009158181514602355,0.00291888130387772
51-9031.00,14363,0.019319891417462844,0.012155833123362879
51-9031.00,14364,0.022795162682621304,0.00986464167864831
51-9031.00,14365,0.05247419194193844,0.01379659433014705
51-9031.00,14366,0.018630616117351163,0.0052710217535294635
51-9192.00,14367,0.1677877914647348,0.05256606427170886
51-9192.00,14368,0.05721116778534904,0.02113138016848998
51-9192.00,14369,0.0685920381205563,0.021832208301699525
51-9192.00,14370,0.04912391729521518,0.01669991243784863
51-9192.00,14371,0.09589795510553453,0.03365386980719288
51-9192.00,14372,0.1657810162600172,0.031280590108711176
51-9192.00,14373,0.1522782222309383,0.05228484175022587
51-9192.00,14374,0.10725286211333002,0.02643654102346848
51-9192.00,14376,0.044313869546726024,0.010767051168571466
51-9192.00,14377,0.09176116007759857,0.032601650983822214
51-9194.00,14378,0.044938315104002396,0.012782336580730587
51-9194.00,14379,0.04727592449038683,0.012340405854242105
51-9194.00,14380,0.0338723526339926,0.011768030423220504
51-9194.00,14381,0.06441478764604402,0.01655484178471738
51-9194.00,14382,0.054330961421673325,0.015062740581069167
51-9194.00,14383,0.06182632265572272,0.012775359159831707
51-9194.00,14384,0.03872591743266317,0.011389993150887569
51-9194.00,14385,0.03389956836144671,0.008826590584853888
51-9194.00,14386,0.08465504836062084,0.01805457732466795
51-9194.00,14388,0.012186323977120299,0.008374032849708356
51-9194.00,14391,0.026845037134104792,0.009395587124307075
51-9194.00,14394,0.026179275167992413,0.009862880513949634
51-9194.00,14395,0.09078289994411044,0.01902334108324237
51-9194.00,14396,0.05620538516283239,0.013085233243973473
51-9194.00,14397,0.024658618275818674,0.010186306861593268
51-9194.00,14398,0.062391845137693,0.013894162017816262
51-9194.00,14399,0.03285471687404212,0.012821793349608193
51-9194.00,14400,0.03303364475338619,0.013897853297326016
51-9194.00,14402,0.07365544142690318,0.015239878242659361
51-9194.00,14404,0.01829163949417087,0.00908285589766312
51-9194.00,14407,0.006664664585253866,0.0033765680785968043
51-9194.00,14408,0.016915580186355295,0.008028343641165402
51-9197.00,14410,0.04754133387085261,0.015091305197730956
51-9197.00,14411,0.057342888260123605,0.01076648690473467
51-9197.00,14413,0.0653309253068921,0.012664841285232424
51-9197.00,14414,0.06430478732768787,0.017613276831296758
51-9197.00,14415,0.05862144304887858,0.01481502761818512
51-9197.00,14417,0.030279090784042006,0.0111317950459055
51-9197.00,14418,0.07983323244017872,0.011152554988030276
51-9197.00,14422,0.049830446002032736,0.01056979379122772
51-9197.00,14423,0.06267482810425297,0.01529547764260083
51-9197.00,14424,0.03396442370989025,0.011475081050355568
51-9197.00,14425,0.070610636096141,0.011404284014306938
51-9197.00,14426,0.05328896225480291,0.014475731180298415
51-9197.00,14427,0.04131474655243956,0.012707483224331254
51-9197.00,14428,0.05037024609530294,0.013318675102947484
51-9197.00,14429,0.044458194503460835,0.015247465692238978
51-9197.00,14430,0.08026295592344215,0.014995515397458532
51-9197.00,14431,0.04732868424897728,0.012110758372021885
53-1041.00,14432,0.22455587166713425,0.04997414505964343
53-1041.00,14433,0.23580053603872494,0.05685097370486389
53-1041.00,14434,0.26629591598116054,0.0601712012865636
53-1041.00,14435,0.17402499272096805,0.054914973091468554
53-1041.00,14436,0.09932268359201218,0.04069173071827545
53-5011.00,14457,0.02912320620365527,0.01612786090538202
53-5011.00,14458,0.02513238890862465,0.016997588268423985
53-5011.00,14460,0.011971793711391782,0.0034799866144819168
53-5011.00,14461,0.13728949846146085,0.03765072523901802
53-5011.00,14462,0.03660817908526108,0.008721214549205842
53-5011.00,14464,0.040678001887482065,0.017457432377238243
53-5011.00,14465,0.02297015336381114,0.005094662240901683
53-5011.00,14467,0.040143945972898,0.019212361433051658
53-5011.00,14468,0.11444877052292181,0.016481439481759112
53-5011.00,14469,0.02422498446105423,0.010790084275642355
53-5011.00,14470,0.0367896491435232,0.013550481662351942
53-5011.00,14471,0.008298189694072814,0.002622558218478852
53-5011.00,14472,0.06743340307718045,0.01607069093973703
53-5011.00,14473,0.013978208703214938,0.0030800837509586524
53-5011.00,14474,0.052009795609702265,0.014721233511860174
53-5011.00,14477,0.018465674325534007,0.009031738647914638
53-5011.00,14479,0.0479180861629447,0.018678029217149946
53-5011.00,14480,0.09193060868288294,0.027542029541242366
53-5011.00,14481,0.013473219711674426,0.00305894711462938
53-5011.00,14482,0.10708739310046213,0.018486260502007874
53-5011.00,14483,0.02398080524702336,0.014067836152742687
53-5011.00,14484,0.015066976034637537,0.00350397869404652
53-5022.00,14535,0.08457274987816213,0.015135298377664145
53-5022.00,14536,0.12280643173852744,0.014433514425835757
53-5022.00,14537,0.11612559665473367,0.013102668622931152
53-5022.00,14538,0.035210399956503664,0.009599215361639945
53-5022.00,14539,0.07034389909347315,0.010010895411222728
53-5022.00,14540,0.11350950931659749,0.024898072276018226
53-5022.00,14541,0.05210898120244317,0.012135600803726068
53-5022.00,14542,0.047335157862908386,0.016085772312614155
53-5022.00,14543,0.027976115335860245,0.01710351438788136
53-5022.00,14544,0.04963362318657605,0.01161654340260724
53-5022.00,14545,0.08124682339523348,0.013249969359753406
53-5022.00,14546,0.04681178867621709,0.017443962183106433
53-5022.00,14547,0.01959648276043185,0.00786924584529987
53-5022.00,14548,0.0983424532947625,0.01677030793195673
53-5022.00,14550,0.034379987647569714,0.016101929654997137
53-5031.00,14552,0.08054212724496733,0.019972563014588374
53-5031.00,14553,0.16290896478791317,0.019606266856644464
53-5031.00,14554,0.06397996427495871,0.01539040323442778
53-5031.00,14556,0.008714333224742394,0.0018637671100793273
53-5031.00,14557,0.09569535938454259,0.013404452744639509
53-5031.00,14558,0.13405118921138995,0.015418221839052662
53-5031.00,14559,0.0977827921343167,0.019799130688563576
53-5031.00,14560,0.09206276001979401,0.021988431417694163
53-5031.00,14561,0.08597467740521926,0.012458618861779026
53-5031.00,14562,0.025473026027540927,0.010317537359873947
53-5031.00,14563,0.09785810182866415,0.02351745550941521
53-5031.00,14566,0.05100862406787252,0.020899363466785288
53-5031.00,14567,0.0012243073027073316,0.0007645848153532269
53-5031.00,14568,0.002723773085371076,0.0014851329026428065
53-6051.07,14569,0.20096566475241878,0.021561124867829202
53-6051.07,14570,0.17005173336765186,0.023802464012187278
53-6051.07,14573,0.11198270253684368,0.02038608508611194
53-6051.07,14574,0.09944477686416844,0.027151813777459472
53-6051.07,14575,0.07965161293132822,0.02233809560344555
53-6051.07,14576,0.017503716907821976,0.010618633757663792
53-6051.07,14577,0.02686925726262761,0.013255533192789373
53-6051.07,14579,0.04628018426166709,0.021951012360071458
53-7063.00,14583,0.12294811216973253,0.011972571595044676
53-7063.00,14584,0.07622438024346449,0.008458371065603569
53-7063.00,14585,0.08637988581074574,0.008689377126365385
53-7063.00,14586,0.0768245220671929,0.010670490242211617
53-7063.00,14587,0.07791221670241487,0.01236703244472252
53-7063.00,14588,0.07755218750042661,0.00648209300791801
53-7063.00,14589,0.09499202774872242,0.013039768521772905
53-7063.00,14590,0.09459558632734406,0.013331916474177993
53-7063.00,14591,0.1067484667737015,0.010684516512183238
53-7063.00,14592,0.03467484760036173,0.006951609634776414
53-7063.00,14593,0.06255039490474097,0.00842013388475274
53-7063.00,14594,0.05071455073017636,0.008274556617450413
53-7063.00,14595,0.03788282142097568,0.008817774921647441
53-7071.00,14596,0.17971251989262138,0.032581428769072725
53-7071.00,14597,0.11082204649229299,0.02066540821836877
53-7071.00,14598,0.0793635974542767,0.023389650133321196
53-7071.00,14599,0.09499230094347795,0.021413488909134287
53-7071.00,14600,0.12741332864716393,0.020922259721845818
53-7071.00,14601,0.08474134558846787,0.014886919386199187
53-7071.00,14602,0.08897779588674043,0.023362916990289945
53-7071.00,14603,0.12966523650359577,0.02630706040796241
53-7071.00,14604,0.04415980177172895,0.013098843817157126
53-7071.00,14605,0.013163513396442068,0.0032935553683581544
53-7071.00,14607,0.013170444101507023,0.003728895443272059
53-7071.00,14608,0.03381806932168497,0.009797286361443254
53-7072.00,14609,0.12992032270700823,0.02797832705315053
53-7072.00,14610,0.12822250311016292,0.02389575266474291
53-7072.00,14611,0.14665673708159868,0.031705157625883065
53-7072.00,14612,0.0742685816574731,0.027008190490299646
53-7072.00,14613,0.10286534427574474,0.02341798380856099
53-7072.00,14614,0.09984916803489424,0.022797994926301458
53-7072.00,14615,0.07799418612245994,0.014682452163527723
53-7072.00,14616,0.06750111098999319,0.021467065431159376
53-7072.00,14617,0.04330482663290041,0.01959143024846764
53-7072.00,14618,0.07553768929317348,0.021852354342378942
53-7072.00,14622,0.0538795300945911,0.024327864256287236
15-1221.00,14623,0.23954710213090535,0.06164953504865814
15-1221.00,14625,0.03505151925735038,0.013778960680957924
15-1221.00,14626,0.14287116256745105,0.043380345868975496
15-1221.00,14628,0.04325767446867539,0.015238230258249752
15-1221.00,14629,0.15744566961755768,0.0473288048361688
15-1221.00,14630,0.044211927374959555,0.026170993678446393
15-1221.00,14632,0.07133929521483391,0.041105795895777966
15-1221.00,14633,0.1728106482773768,0.04806219569411623
15-1221.00,14635,0.05439468041786917,0.02454702985748987
15-1221.00,14636,0.007515664479885852,0.0037617473776097093
15-1221.00,14637,0.03155465619313492,0.019736018636104864
15-1253.00,14638,0.045780915246605006,0.0
15-1253.00,14639,0.03322225484096181,0.0
15-1253.00,14640,0.06272142286614779,0.0
15-1253.00,14641,0.11874127710786127,0.0
15-1253.00,14642,0.133242454192468,0.0
15-1253.00,14643,0.04059089862478087,0.0
15-1253.00,14644,0.05686354481350336,0.0
15-1253.00,14645,0.027791142240038022,0.0
15-1253.00,14646,0.010999074825085066,0.0
15-1253.00,14647,0.009095116324945005,0.0
15-1253.00,14648,0.05738073117315212,0.0
15-1253.00,14649,0.010225615239575759,0.0
15-1253.00,14650,0.03247392995665592,0.0
15-1253.00,14651,0.011695561347023051,0.0
15-1253.00,14652,0.08646525869729885,0.0
15-1253.00,14653,0.058487689823020966,0.0
15-1253.00,14654,0.06495695132737236,0.0
15-1253.00,14655,0.023081449201280534,0.0
15-1253.00,14656,0.0065333811839831816,0.0
15-1253.00,14657,0.006764539474048424,0.0
15-1253.00,14658,0.024899160716091554,0.0
15-1253.00,14659,0.011034191225663684,0.0
15-1253.00,14660,0.01323578151166202,0.0
15-1253.00,14661,0.02244637621827978,0.0
15-1253.00,14662,0.020170936753063244,0.0
15-1253.00,14663,0.0026570769846682987,0.0
15-1253.00,14664,0.008443268084764036,0.0
15-1299.08,14666,0.10045704521906201,0.0
15-1299.08,14667,0.024660356008455033,0.0
15-1299.08,14668,0.015683102901610305,0.0
15-1299.08,14669,0.04991414979131477,0.0
15-1299.08,14670,0.037185279016656296,0.0
15-1299.08,14671,0.03080950890839412,0.0
15-1299.08,14672,0.06288452155285562,0.0
15-1299.08,14673,0.025823739945959972,0.0
15-1299.08,14674,0.04818848183616577,0.0
15-1299.08,14675,0.12077980821789457,0.0
15-1299.08,14676,0.12500925048929531,0.0
15-1299.08,14677,0.05824091579844798,0.0
15-1299.08,14678,0.024058128634961345,0.0
15-1299.08,14679,0.03504869508036093,0.0
15-1299.08,14680,0.003799245602457914,0.0
15-1299.08,14681,0.03345386925162018,0.0
15-1299.08,14682,0.006487863737878857,0.0
15-1299.08,14683,0.02214647206159655,0.0
15-1299.08,14684,0.006464869791916819,0.0
15-1299.08,14685,0.024922103908681704,0.0
15-1299.08,14686,0.013389800593653741,0.0
15-1299.08,14687,0.009109698667999525,0.0
15-1299.08,14688,0.009505569151150582,0.0
15-1299.08,14689,0.07550720215408074,0.0
15-1299.08,14690,0.017340585693800738,0.0
15-1299.08,14691,0.01010858735674146,0.0
15-1299.08,14692,0.0062234947274272265,0.0
15-1299.08,14693,0.0027976538995598704,0.0
15-1254.00,14694,0.1765098442402169,0.0
15-1254.00,14695,0.04240781593627203,0.0
15-1254.00,14697,0.03031375532858728,0.0
15-1254.00,14698,0.08978832407272214,0.0
15-1254.00,14700,0.05321838515413639,0.0
15-1254.00,14701,0.01673470467470781,0.0
15-1254.00,14702,0.01279905250316875,0.0
15-1254.00,14704,0.01894404898141899,0.0
15-1254.00,14705,0.005909483932572653,0.0
15-1254.00,14706,0.009816580640171161,0.0
15-1254.00,14707,0.19292924900908726,0.0
15-1254.00,14708,0.005461489793729198,0.0
15-1254.00,14710,0.05134132508214943,0.0
15-1254.00,14711,0.07336364529574549,0.0
15-1254.00,14713,0.08582373955851787,0.0
15-1254.00,14714,0.009250638285544408,0.0
15-1254.00,14717,0.01675025150733576,0.0
15-1254.00,14719,0.017647700047271057,0.0
15-1254.00,14722,0.008059003179566171,0.0
15-1254.00,14723,0.009799988988849075,0.0
15-1254.00,14724,0.014874981963071842,0.0
15-1254.00,14725,0.0033456229856715933,0.0
15-1254.00,14726,0.020477647502844816,0.0
15-1254.00,14727,0.0026773738704750014,0.0
15-1254.00,14728,0.021716523319975332,0.0
15-1254.00,14729,0.0008074287247667128,0.0
15-1254.00,14730,0.009231395421424935,0.0
15-1299.01,14731,0.016594601381893996,0.0
15-1299.01,14732,0.09865859435633287,0.0
15-1299.01,14733,0.10065235490529274,0.0
15-1299.01,14734,0.11929288723932444,0.0
15-1299.01,14735,0.009553156082960607,0.0
15-1299.01,14736,0.01848114567693176,0.0
15-1299.01,14737,0.04730200755413519,0.0
15-1299.01,14738,0.0016826332322891528,0.0
15-1299.01,14739,0.02688343736403389,0.0
15-1299.01,14740,0.007628338332250919,0.0
15-1299.01,14741,0.0129869260639658,0.0
15-1299.01,14742,0.06395387986022585,0.0
15-1299.01,14743,0.003130592961233651,0.0
15-1299.01,14744,0.05285659516851369,0.0
15-1299.01,14745,0.008265345676478469,0.0
15-1299.01,14746,0.03455518753666817,0.0
15-1299.01,14747,0.006154693300270232,0.0
15-1299.01,14748,0.015441769214697894,0.0
15-1299.01,14749,0.0400557704773818,0.0
15-1299.01,14750,0.010697811042369741,0.0
15-1299.01,14751,0.008479128845207217,0.0
15-1299.01,14752,0.03199984404362512,0.0
15-1299.01,14753,0.05559160369956812,0.0
15-1299.01,14754,0.026267093281315892,0.0
15-1299.01,14755,0.021890156474814005,0.0
15-1299.01,14756,0.017536711271071384,0.0
15-1299.01,14757,0.0052510333129341304,0.0
15-1299.01,14758,0.058167110487019044,0.0
15-1299.01,14759,0.014991925851561609,0.0
15-1299.01,14760,0.012633482177708912,0.0
15-1299.01,14761,0.01877406040050167,0.0
15-1299.01,14762,0.013271908679955122,0.0
15-1299.01,14763,0.0059247060206024235,0.0
15-1299.01,14764,0.007069672774386119,0.0
15-1299.01,14765,0.007323835252478476,0.0
39-5091.00,14797,0.04107841285224844,0.0
39-5091.00,14798,0.046584932546428724,0.0
39-5091.00,14799,0.015602165329501759,0.0
39-5091.00,14800,0.09597873114227422,0.0
39-5091.00,14801,0.09278128028404513,0.0
39-5091.00,14802,0.1002319078817016,0.0
39-5091.00,14803,0.05479474282964455,0.0
39-5091.00,14804,0.0530467596443656,0.0
39-5091.00,14805,0.042123472580000834,0.0
39-5091.00,14806,0.009617498857549374,0.0
39-5091.00,14807,0.06198274486696345,0.0
39-5091.00,14808,0.029870876485320094,0.0
39-5091.00,14809,0.0434071889500973,0.0
39-5091.00,14810,0.042802549253188986,0.0
39-5091.00,14811,0.017576916253891406,0.0
39-5091.00,14812,0.01581674423962944,0.0
39-5091.00,14813,0.007760901019775534,0.0
39-5091.00,14814,0.02185739621252546,0.0
39-5091.00,14815,0.04052128232510578,0.0
39-5091.00,14816,0.0033037256414578885,0.0
39-5091.00,14817,0.031152204212197082,0.0
39-5093.00,14818,0.5795564908732558,0.058171770523698006
39-5093.00,14819,0.014626027007335934,0.007961120101789705
39-5093.00,14820,0.2717816969363143,0.0575811229668552
39-5093.00,14821,0.13403578518309386,0.03873658367108262
13-1074.00,14838,0.17482650002981123,0.07319044863346982
13-1074.00,14839,0.1463416310255767,0.02998387710223047
13-1074.00,14840,0.12572307557211523,0.043545112910611146
13-1074.00,14841,0.18081686026206906,0.06315563343023826
13-1074.00,14842,0.24048609062326617,0.05422744128226078
13-1074.00,14843,0.07269855294615479,0.01737252829074084
13-1074.00,14844,0.05910728954100681,0.01464724504290551
45-2011.00,14846,0.12424902101283304,0.018848870420442705
45-2011.00,14847,0.06848661175649838,0.01725531345787408
45-2011.00,14848,0.08108362663639318,0.021292295967959222
45-2011.00,14849,0.0404526724118454,0.020603191088559368
45-2011.00,14850,0.09201587722971283,0.01665531981405259
45-2011.00,14851,0.057058938374268474,0.01770731066786878
45-2011.00,14852,0.08367453826600882,0.021519149909226657
45-2011.00,14853,0.061418628664813506,0.022340935698914474
45-2011.00,14854,0.14346941183310696,0.026611840861451394
45-2011.00,14855,0.02235396942411315,0.011574204404172133
45-2011.00,14856,0.07995663295388628,0.028399020384914066
45-2011.00,14863,0.08264177843313116,0.02139217893036263
45-2011.00,14864,0.018525583417857514,0.008982526839484323
45-2011.00,14866,0.03400348028947301,0.012163439418504871
45-2011.00,14868,0.010609229296058367,0.013040591025310676
47-2043.00,14869,0.23814210728708696,0.04965840243828023
47-2043.00,14870,0.1398627206869032,0.02774765675705413
47-2043.00,14871,0.1850747237790012,0.05396282606702026
47-2043.00,14872,0.17343726649789956,0.03782557750974644
47-2043.00,14873,0.08255172225143045,0.012677728295624198
47-2043.00,14874,0.04907952725246534,0.010157369032669804
47-2072.00,14901,0.3368677977800016,0.03555827528657399
47-2072.00,14902,0.11627419814615639,0.019117963076565884
47-2072.00,14903,0.2521107732681844,0.032884770194206166
47-2072.00,14904,0.2947472308056577,0.03567114249333679
47-2142.00,14906,0.13475865268108247,0.02019924751477214
47-2142.00,14907,0.06970681022819064,0.012491723736374048
47-2142.00,14908,0.11065060792827025,0.019815490091813735
47-2142.00,14909,0.0977767484252353,0.018667553307708248
47-2142.00,14910,0.039066451860794056,0.009785914693086357
47-2142.00,14911,0.06410018316886139,0.015760507255558387
47-2142.00,14912,0.0766485645681763,0.013451374194503634
47-2142.00,14913,0.0761334113863281,0.015387103390654024
47-2142.00,14914,0.11570690298757641,0.016767568116355564
47-2142.00,14916,0.026287255635199683,0.007557068697841999
47-2142.00,14917,0.027868518570324314,0.005975733574064601
47-2142.00,14918,0.03001438291249738,0.0100250380821332
47-2142.00,14919,0.03017949432962403,0.006679797493775019
47-2142.00,14920,0.023886360421018316,0.006059025821047381
47-2142.00,14921,0.03996426891829926,0.009879585592120712
47-2142.00,14922,0.01460196705485947,0.0024555820150004254
47-2142.00,14923,0.01290461862440294,0.005102979974053792
47-2142.00,14924,0.0051775412534468945,0.0022853427682917008
47-2142.00,14925,0.004567259045812823,0.0028605958407581776
47-3016.00,14926,0.07832077990396277,0.015803483055372845
47-3016.00,14927,0.07656097971559972,0.014241786390834947
47-3016.00,14928,0.06199525158444507,0.016380096449487618
47-3016.00,14930,0.08134971897540536,0.01397730877582018
47-3016.00,14931,0.054711937709769544,0.011430323337621765
47-3016.00,14932,0.06068748488645046,0.016330910838059605
47-3016.00,14933,0.09886134296026663,0.019435458838755467
47-3016.00,14934,0.058342182489004066,0.01183295762648235
47-3016.00,14935,0.06000046593102877,0.02030983423910264
47-3016.00,14936,0.10188021025132063,0.01910095363334234
47-3016.00,14938,0.03726620957591217,0.013143269292794657
47-3016.00,14939,0.05025694041817701,0.017080810037178283
47-3016.00,14940,0.06480962633138654,0.016443039981855218
47-3016.00,14941,0.035341809928522955,0.008039481957247319
47-3016.00,14942,0.03827151243170288,0.016183561581609756
47-3016.00,14943,0.041343546907045496,0.014037917425010317
47-5041.00,14956,0.10737388661498208,0.007658855106739823
47-5041.00,14957,0.07400268042145146,0.007332315680917061
47-5041.00,14958,0.09491736689388086,0.007471701270335259
47-5041.00,14959,0.10530278370738258,0.006688214839782553
47-5041.00,14960,0.07965561748770078,0.008802227219957067
47-5041.00,14961,0.09126995501031995,0.007646479214449248
47-5041.00,14962,0.06415016411589176,0.009652659197884023
47-5041.00,14963,0.016771278057539262,0.006769264412135019
47-5041.00,14964,0.016091305551098264,0.006510699815443172
47-5041.00,14965,0.008886029109077008,0.003174218175361833
47-5051.00,14966,0.1274335493529375,0.03506021790064263
47-5051.00,14967,0.24078483902678977,0.052466654154756945
47-5051.00,14968,0.15735607740193247,0.0308606083060776
47-5051.00,14969,0.05736510491910767,0.0158873358094269
47-5051.00,14970,0.05859256641757181,0.019532816495482424
47-5051.00,14971,0.03435967202576547,0.011314247535620525
47-5051.00,14972,0.16332318698831141,0.04542904541000991
47-5051.00,14973,0.0736106649805299,0.027337641447925755
47-5051.00,14974,0.08717433888705406,0.03291525045971657
49-9064.00,14975,0.09688637856821855,0.017982045178666636
49-9064.00,14976,0.07981064171239251,0.019006666155451282
49-9064.00,14977,0.06045890338185423,0.016822260399965365
49-9064.00,14978,0.07119458074342051,0.010873071368436472
49-9064.00,14979,0.11807353717333346,0.016309928149924234
49-9064.00,14980,0.06968223371640078,0.01530598533782738
49-9064.00,14981,0.007212967644752209,0.0025309795979209988
49-9064.00,14982,0.077352443785107,0.016917969942073972
49-9064.00,14983,0.08372319909324824,0.0175368218112301
49-9064.00,14984,0.07728628028574294,0.016934387642337356
49-9064.00,14985,0.04875635688839094,0.010166170740884783
49-9064.00,14986,0.05233464798272947,0.009488972504008751
49-9064.00,14987,0.098814773176662,0.0182352653337103
49-9064.00,14988,0.03208300260929201,0.011010595213302509
51-2061.00,15003,0.33927627439548913,0.08407951749154426
51-2061.00,15007,0.34117223090343546,0.0861840133957464
51-2061.00,15012,0.3195514947010755,0.08581312236147819
51-9071.06,15098,0.25707094582313544,0.06811222656312751
51-9071.06,15100,0.2473665532850992,0.06891157726393178
51-9071.06,15101,0.052400481804196986,0.031322145899154115
51-9071.06,15102,0.24271783046870715,0.06731415673581335
51-9071.06,15106,0.11894842171377638,0.04310469130625489
51-9071.06,15107,0.07165467117722236,0.030386071414639573
51-9071.06,15112,0.009841095727862462,0.005486971414853808
51-9195.05,15114,0.11921046956908102,0.014830084116596257
51-9195.05,15115,0.14150910145639778,0.015061326643738427
51-9195.05,15117,0.12555022378856434,0.014448647194101908
51-9195.05,15118,0.12127382823438856,0.014699343267944089
51-9195.05,15120,0.07972188029834815,0.015766225049861696
51-9195.05,15121,0.010621868162426907,0.006733816258359456
51-9195.05,15122,0.11708168549375521,0.01530348668447906
51-9195.05,15123,0.10660441694197699,0.016014686556602604
51-9195.05,15125,0.0018462264314414757,0.0007172246177616525
51-9195.05,15126,0.014681804668019828,0.006837062577592436
51-9195.05,15127,0.05678875438446235,0.013159842178867575
51-9195.05,15128,0.015349911911966722,0.008699429382764615
51-9195.05,15129,0.0036098238356066094,0.001230627490294674
51-9195.05,15130,0.024247460765968724,0.00962147447392804
51-9195.05,15131,0.010911162359319708,0.0035861883794395936
53-7031.00,15177,0.3130694416721374,0.02513473607407166
53-7031.00,15178,0.11976127599694522,0.014130979662264528
53-7031.00,15179,0.26482399575602567,0.026395351707804715
53-7031.00,15180,0.08611994557820328,0.011337170305019755
53-7031.00,15181,0.14367151505953393,0.03631308429760066
53-7031.00,15182,0.07255382593715451,0.013560422892640091
47-5044.00,15183,0.035418671311625904,0.005993287699369342
47-5044.00,15184,0.04242508164943418,0.011130770113867604
47-5044.00,15185,0.04155707644026985,0.0067791507027460925
47-5044.00,15186,0.0525994306260608,0.010371722421725219
47-5044.00,15187,0.02366075618259561,0.00541818262694972
47-5044.00,15188,0.01186142067465347,0.0027596674189748352
47-5044.00,15189,0.009857855128011357,0.003208348560763203
47-5044.00,15190,0.04527013885821621,0.009347597629747614
47-5044.00,15191,0.05079063841133956,0.009584334506268298
47-5044.00,15193,0.03916788418411197,0.009258411485312144
47-5044.00,15194,0.014661716442876296,0.005320241656084804
11-3021.00,15198,0.1721385969874454,0.04653528700122836
11-9051.00,15199,0.05226791252839459,0.01011519929590513
39-4031.00,15200,0.05378615578354915,0.005551318794532079
39-4031.00,15201,0.03361076121716994,0.005600370415622961
39-4031.00,15202,0.055932418727325864,0.006584658332180041
39-4031.00,15203,0.012478836234690512,0.00433740809462431
15-1244.00,15205,0.07847631536783967,0.017615956386261622
15-1244.00,15206,0.07424511542583999,0.01584411737070977
15-1244.00,15207,0.006747200364027084,0.001982562690205885
15-1244.00,15208,0.02663290012989155,0.0071588420255260556
17-2081.00,15210,0.16086717041857945,0.0
19-1022.00,15212,0.15881094297680054,0.0
19-1022.00,15213,0.10043334823753791,0.0
19-1022.00,15214,0.016369730633048078,0.0
19-1041.00,15215,0.13613235183883357,0.0
19-1041.00,15216,0.06080948277303135,0.0
19-1041.00,15217,0.07469425666072711,0.0
19-2041.00,15218,0.06762868275882618,0.01710029632802706
19-2041.00,15219,0.17416813190021205,0.055217891134140294
19-2041.00,15220,0.106200383092396,0.04731118612096597
19-2041.00,15221,0.0952955830062259,0.034770851964088766
19-2041.00,15222,0.044033488457638666,0.024904150059585524
19-2041.00,15223,0.04879747015113433,0.0243345769122327
19-2042.00,15224,0.19992497151204167,0.0
19-2042.00,15226,0.0069128012537082026,0.0
21-1022.00,15227,0.05092740440338805,0.0
27-1024.00,15228,0.06504892514305897,0.0
27-1024.00,15229,0.014157967520478893,0.0
29-1223.00,15230,0.015499480984135632,0.003956603685222556
29-1122.00,15231,0.05369948709822495,0.0
29-2011.00,15232,0.0379044731553564,0.004942647450400823
29-2011.00,15233,0.09632886566388132,0.009926835330793301
29-2031.00,15234,0.017122407831807827,0.004180232363697443
29-2031.00,15235,0.02379306368526809,0.008083007717120233
29-2031.00,15236,0.02043174621370415,0.006295670045590129
29-2031.00,15237,0.05512541695896027,0.007006635968326542
29-2031.00,15238,0.013603500065119742,0.003606955722888853
29-2033.00,15239,0.10955024131099722,0.005678574394951099
29-2033.00,15240,0.03321676565809687,0.003963777093311355
29-2055.00,15242,0.09128908285723171,0.008813667804189356
29-2055.00,15243,0.07914583498744644,0.007568693274013972
29-2055.00,15244,0.05910113288552595,0.007299868157025145
29-2055.00,15245,0.01560203050207112,0.004320603747732196
31-2021.00,15247,0.13362676916012162,0.007989763621055326
31-2021.00,15248,0.09316169169918175,0.01256731950738169
31-2021.00,15249,0.04316353147071653,0.00790139865205385
31-2021.00,15250,0.0011138525209892897,0.0004757298454542577
31-2022.00,15251,0.04906991815894365,0.009891393103038501
33-3012.00,15252,0.0759381291823666,0.008626727120267828
33-3012.00,15253,0.12181314593755867,0.00820594705604704
33-3012.00,15254,0.058264881118234205,0.007042615027566018
33-3012.00,15255,0.06862771569762682,0.006557737438488176
33-3012.00,15256,0.031543207075297425,0.00484054660139083
33-3012.00,15257,0.02620453703009029,0.005640359309490659
33-3012.00,15258,0.012542356827045032,0.005591940471324887
33-3012.00,15259,0.04217794608093967,0.005837166970231757
33-3012.00,15260,0.06926913915606288,0.00786379837967425
33-3012.00,15261,0.07546411412881075,0.010784409793059838
49-1011.00,15262,0.05426921899366077,0.008769659231341383
49-1011.00,15263,0.0733096068388864,0.011424579304708062
49-1011.00,15264,0.02079105555908705,0.007643833069808951
53-7051.00,15265,0.15951984498453375,0.028945367549377272
53-7051.00,15266,0.17559062014707416,0.029590970875557218
33-9093.00,15331,0.07043138973591885,0.0
33-9093.00,15332,0.05791645974864628,0.0
33-9093.00,15333,0.0015138824231241913,0.0
33-9093.00,15334,0.026500849161551446,0.0
33-9093.00,15335,0.023971833236991893,0.0
33-9093.00,15336,0.004206224591128175,0.0
33-9093.00,15337,0.055625270734519436,0.0
33-9093.00,15338,0.04740031536238767,0.0
33-9093.00,15339,0.0045088002580029665,0.0
33-9093.00,15340,0.04043447104191484,0.0
33-9093.00,15341,0.06193986819156007,0.0
33-9093.00,15342,0.06417482129355147,0.0
33-9093.00,15343,0.026221096130890468,0.0
33-9093.00,15344,0.050202971016771764,0.0
33-9093.00,15345,0.004884583523819459,0.0
33-9093.00,15346,0.060817333063114466,0.0
33-9093.00,15347,0.04731673458012818,0.0
33-9093.00,15348,0.04693216249209476,0.0
33-9093.00,15349,0.06306013584554628,0.0
33-9093.00,15350,0.0790562624775514,0.0
33-9093.00,15351,0.05749913924012407,0.0
33-9093.00,15352,0.010777435902326275,0.0
33-9093.00,15353,0.009563086416690507,0.0
33-9093.00,15354,0.0006638255014377146,0.0
33-9093.00,15355,0.03109153441677848,0.0
33-9093.00,15356,0.053289513613428825,0.0
11-1011.03,15367,0.015584339001124842,0.0
11-1011.03,15368,0.024069052272322852,0.0
11-1011.03,15369,0.005947771633775354,0.0
11-1011.03,15370,0.048882805476068325,0.0
11-1011.03,15371,0.01106006230926858,0.0
11-1011.03,15372,0.389583661447883,0.0
11-1011.03,15373,0.003411984749639546,0.0
11-1011.03,15374,0.023643793327133972,0.0
11-1011.03,15375,0.04854742229711023,0.0
11-1011.03,15376,0.06956737959979634,0.0
11-1011.03,15377,0.02063822445917167,0.0
11-1011.03,15378,0.020722179455103597,0.0
11-1011.03,15379,0.06036600470987855,0.0
11-1011.03,15380,0.05229390648048256,0.0
11-1011.03,15381,0.013751564270900995,0.0
11-1011.03,15382,0.04338358422226679,0.0
11-1011.03,15383,0.028509830670385372,0.0
11-1011.03,15384,0.12003643361768744,0.0
11-3051.01,15405,0.05262906110653818,0.020297667876916274
11-3051.01,15406,0.002495772758760825,0.0008378718670847861
11-3051.01,15407,0.020648726314789357,0.009809297101461766
11-3051.01,15408,0.01420029935659255,0.011076711460059724
11-3051.01,15409,0.015241799512264823,0.00981211877014507
11-3051.01,15410,0.020276264948097176,0.011675527204445991
11-3051.01,15413,0.0783460301784542,0.020776806988185844
11-3051.01,15414,0.06179570560722549,0.011928197854313996
11-3051.01,15415,0.018641464950899553,0.004394169113994733
11-3051.01,15416,0.029834085655401674,0.005611612599980316
11-3051.01,15417,0.008582719268520207,0.0016099020012227455
11-3051.01,15418,0.01963011620124518,0.010458034014610542
11-3051.01,15420,0.05768966393067768,0.016636403313863395
11-3051.01,15421,0.0633759957113681,0.014561995900680545
11-3051.01,15422,0.02680215154337111,0.01370594266766008
11-3051.01,15423,0.06106399568465061,0.02933607801470531
11-3051.01,15426,0.00792663281574077,0.0028693765820342145
11-3051.01,15427,0.036245810155118206,0.010377752060061302
11-3051.01,15428,0.09639833118820389,0.018306354730637703
11-3051.01,15429,0.1339085738339722,0.02092718858014178
11-3051.01,15430,0.10231512390946522,0.0177281482667244
11-3051.01,15431,0.07195167536864303,0.014710543705359153
11-3051.02,15432,0.029872715301202085,0.010261742355187124
11-3051.02,15433,0.013538264649502113,0.005245828670288874
11-3051.02,15434,0.07870595113622204,0.0095970790566161
11-3051.02,15435,0.03592716897407712,0.016304379587976307
11-3051.02,15436,0.08432407094327049,0.015585031479480085
11-3051.02,15437,0.004476070921132725,0.0017739463848653427
11-3051.02,15438,0.0019118225157387777,0.0009375170890275411
11-3051.02,15439,0.053437145202378245,0.007795034153878794
11-3051.02,15440,0.0015322477861267863,0.0008650993274296379
11-3051.02,15441,0.10620264894852507,0.02737799110585794
11-3051.02,15442,0.04492983239566558,0.015105533108370605
11-3051.02,15443,0.06800780423535613,0.0155946005189465
11-3051.02,15444,0.05578124529751819,0.014858818677671602
11-3051.02,15445,0.05148939842348434,0.016477430492305704
11-3051.02,15446,0.18051936181912376,0.022912557502680512
11-3051.02,15447,0.12481281956258197,0.02670859367211857
11-3051.02,15448,0.06453143188809456,0.014825466175898114
11-3051.03,15449,0.03628467525341318,0.009703058576815372
11-3051.03,15450,0.06966133427434018,0.011418914153484517
11-3051.03,15451,0.033505841695199254,0.005280222425858172
11-3051.03,15452,0.09004828985013505,0.015759645167813724
11-3051.03,15453,0.054250618206331994,0.008568888896532947
11-3051.03,15454,0.13139839367431125,0.016969777914504373
11-3051.03,15455,0.009583255860323192,0.0027512059778915946
11-3051.03,15456,0.07994083430493709,0.006951176353795799
11-3051.03,15457,0.020541273071456263,0.00807329797692706
11-3051.03,15458,0.16777602671634329,0.022481479025690008
11-3051.03,15459,0.0183076328776019,0.008123932208507167
11-3051.03,15460,0.019809854831534565,0.007778793280850456
11-3051.03,15461,0.10484603155407232,0.020300208693484364
11-3051.03,15462,0.16404593783000043,0.018636795905016105
11-3051.04,15463,0.008178553557129447,0.0021775947280722927
11-3051.04,15464,0.030319126854549586,0.007018534516785396
11-3051.04,15465,0.05801565776222403,0.018848406731605573
11-3051.04,15466,0.04686835966093864,0.01352016450651392
11-3051.04,15467,0.06098668431723289,0.016985365132440783
11-3051.04,15468,0.10267118768729833,0.014550036383954046
11-3051.04,15469,0.0027014874583749966,0.001192191843032117
11-3051.04,15470,0.054916596324554375,0.010350761031112292
11-3051.04,15471,0.07615953242324676,0.014982647164435762
11-3051.04,15472,0.021954514990497154,0.0034074659537571385
11-3051.04,15473,0.014302434257825786,0.004883813583049923
11-3051.04,15474,0.06009785248899684,0.014452294482359984
11-3051.04,15475,0.05851511866791862,0.03193034093505496
11-3051.04,15476,0.022888469886336665,0.0052507340751009116
11-3051.04,15477,0.029603420745156275,0.006924032791182624
11-3051.04,15478,0.14123942232574258,0.02160930165468983
11-3051.04,15479,0.09106172284653158,0.023084710599791863
11-3051.04,15480,0.03959563765817074,0.005484633961903311
11-3051.06,15502,0.04778357520231939,0.017229526667745767
11-3051.06,15503,0.05085919777005282,0.01636305021779644
11-3051.06,15504,0.036730939000995055,0.005521869952799693
11-3051.06,15505,0.05358520190623654,0.014985786895941992
11-3051.06,15506,0.018047986505810507,0.005072807140992012
11-3051.06,15508,0.0689809266005472,0.01433860176910247
11-3051.06,15509,0.03402799351803492,0.014118434622843564
11-3051.06,15510,0.03427173809063318,0.010396154451160902
11-3051.06,15512,0.12947331694546604,0.0227647112319587
11-3051.06,15514,0.09431183088569872,0.020577224542346933
11-3051.06,15515,0.03639027062983827,0.012863808656711155
11-3051.06,15516,0.018472374830664207,0.0037531188478885365
11-3051.06,15517,0.04537113304969824,0.02072822381958679
11-3051.06,15518,0.09678242207012346,0.021866776454555457
11-3051.06,15519,0.08522775369213176,0.019449040167097705
11-3051.06,15520,0.1496833393017497,0.019339076077436575
11-9179.01,15544,0.10998405487191074,0.0
11-9179.01,15545,0.038742600428659235,0.0
11-9179.01,15546,0.03323502263252928,0.0
11-9179.01,15547,0.01681592348923902,0.0
11-9179.01,15548,0.0030953278253485635,0.0
11-9179.01,15549,0.06383432063705752,0.0
11-9179.01,15550,0.03385198531785114,0.0
11-9179.01,15551,0.06707067467679194,0.0
11-9179.01,15552,0.05493355265893001,0.0
11-9179.01,15553,0.011197901047753402,0.0
11-9179.01,15554,0.0015997470674375205,0.0
11-9179.01,15555,0.0027996773809640554,0.0
11-9179.01,15556,0.05706480362439213,0.0
11-9179.01,15557,0.08805409657769135,0.0
11-9179.01,15558,0.09648210055863986,0.0
11-9179.01,15559,0.0044888264345550035,0.0
11-9179.01,15560,0.03482581966586053,0.0
11-9179.01,15561,0.13198505812839234,0.0
11-9179.01,15562,0.05338904839219796,0.0
11-9041.01,15563,0.05060254617334465,0.025188576149202314
11-9041.01,15564,0.03305023289177367,0.02480539722222417
11-9041.01,15566,0.1553954196111249,0.052011096036074185
11-9041.01,15567,0.05822509068141781,0.013736312669019583
11-9041.01,15568,0.035215053183910834,0.023826341421002876
11-9041.01,15569,0.050316224165455566,0.027698123796314398
11-9041.01,15570,0.006987539915543198,0.0031392200682068324
11-9041.01,15571,0.006649366431241001,0.0023968689762444003
11-9041.01,15572,0.01705572356440074,0.006960850406485219
11-9041.01,15573,0.011183265454057355,0.0034949965487726734
11-9041.01,15574,0.16431107315676088,0.04046731898438972
11-9041.01,15575,0.0029339602166894396,0.0016333950893953598
11-9041.01,15576,0.07720703732738136,0.027727660945149852
11-9041.01,15577,0.05138315663397615,0.02118896448540847
11-9041.01,15578,0.11250456448954774,0.024005658684147006
11-9041.01,15579,0.06697236521984447,0.027486179150453295
11-9041.01,15580,0.051119105429078784,0.025401601161564345
11-9041.01,15581,0.048888275454451464,0.026428241339665367
11-9121.01,15582,0.009477907115800356,0.006461955147597575
11-9121.01,15583,0.003975043341231832,0.001446946285328135
11-9121.01,15584,0.02377838255706617,0.01677484977618983
11-9121.01,15585,0.007680784923421203,0.0038754754181470805
11-9121.01,15586,0.006961859858441059,0.002942775215733445
11-9121.01,15587,0.06996252996968706,0.02273653808339681
11-9121.01,15588,0.02158283726230732,0.015589627316789827
11-9121.01,15589,0.004152571359020801,0.0021515341560048003
11-9121.01,15590,0.007186138781366331,0.0026455880040099373
11-9121.01,15591,0.0077414565307548575,0.002833614637038013
11-9121.01,15592,0.05455184506360882,0.016695849261711467
11-9121.01,15593,0.018471569413522185,0.0074746793579571775
11-9121.01,15594,0.028416309641097214,0.011472770030816152
11-9121.01,15595,0.02772547076523323,0.011929542647027263
11-9121.01,15596,0.008233812061739954,0.0031702381643124535
11-9121.01,15597,0.044916921224669185,0.012437474182227692
11-9121.01,15598,0.02532180870279751,0.01677241685803725
11-9121.01,15599,0.025045560234030446,0.010562000417804763
11-9121.01,15600,0.01126893326061929,0.003523676289205055
11-9121.01,15601,0.017029755095375233,0.005546957517553651
11-9121.01,15602,0.0801907652227586,0.021648858691393883
11-9121.01,15603,0.045170507246606206,0.018034202579157256
11-9121.01,15604,0.034191423096233305,0.013836973090463105
11-9121.01,15605,0.02142281022456134,0.008187485462096813
11-9121.01,15606,0.0463276331448368,0.017565016539793775
11-9121.01,15607,0.028089009586076897,0.005069670300327397
11-9121.01,15608,0.027878873443902944,0.016539424382927926
11-9121.01,15609,0.03234315263596967,0.011373376466392927
11-9121.01,15610,0.0883590202511269,0.017060420741018923
11-9121.01,15611,0.009501334921624416,0.0035300079674386374
11-9121.01,15612,0.051699415146914084,0.014598623399940213
11-9121.01,15613,0.06828579427401589,0.017354614049752953
11-9121.01,15614,0.04305876364358282,0.007897950936326038
11-9121.02,15615,0.005055201149599327,0.0
11-9121.02,15616,0.04544037904215122,0.0
11-9121.02,15617,0.0069897922291463944,0.0
11-9121.02,15618,0.07172337228470207,0.0
11-9121.02,15619,0.07161847690421484,0.0
11-9121.02,15620,0.05549269569574223,0.0
11-9121.02,15621,0.07532818209348909,0.0
11-9121.02,15622,0.06361098115052895,0.0
11-9121.02,15623,0.0697388581516892,0.0
11-9121.02,15624,0.05699012799504083,0.0
11-9121.02,15625,0.009939944529002678,0.0
11-9121.02,15626,0.014752827571916415,0.0
11-9121.02,15627,0.013719928661874057,0.0
11-9121.02,15628,0.0842676774731269,0.0
11-9121.02,15629,0.02139475467114727,0.0
11-9121.02,15630,0.029048762229796563,0.0
11-9121.02,15631,0.07961564592381608,0.0
11-9121.02,15632,0.06292296576554493,0.0
11-9121.02,15633,0.06445835601460795,0.0
11-9121.02,15634,0.08257943443715529,0.0
11-9121.02,15635,0.015311636025707766,0.0
11-9199.02,15636,0.027445019449009456,0.01517132659505843
11-9199.02,15637,0.10505424397871761,0.02950816976277164
11-9199.02,15638,0.05625802681274482,0.019893124874384896
11-9199.02,15639,0.014281200574303663,0.007113177539676515
11-9199.02,15641,0.018706896939762217,0.010365777604926213
11-9199.02,15642,0.0425297205657355,0.023134401225192697
11-9199.02,15643,0.03263419318472953,0.022863173567763538
11-9199.02,15644,0.06251104575104616,0.023143919180823896
11-9199.02,15645,0.04698056446424106,0.020645725459415364
11-9199.02,15647,0.03629527477405537,0.022616748204430694
11-9199.02,15649,0.07259573426702923,0.0274015693188671
11-9199.02,15650,0.08294913522151501,0.022561063386989155
11-9199.02,15652,0.03760560835349937,0.022219076219173607
11-9199.02,15653,0.03212118535324719,0.01977077235012727
11-9199.02,15654,0.0425000155720114,0.021168406206853976
11-9199.02,15655,0.012146747638539315,0.005315824026349838
11-9199.02,15656,0.010283705972602012,0.002957848288446068
11-3031.03,15660,0.003323878050266435,0.0013897155906040742
11-3031.03,15661,0.014180872442013808,0.008020695639409417
11-3031.03,15662,0.0017110560710186875,0.0006078008791782582
11-3031.03,15663,0.012576752905320914,0.0034978270613232627
11-3031.03,15664,0.06018707344090208,0.01156447552321057
11-3031.03,15665,0.06291269554813662,0.012321188494139037
11-3031.03,15666,0.013412066638431171,0.00838940459646774
11-3031.03,15667,0.09977497730705313,0.020689893491806367
11-3031.03,15668,0.04423055356998948,0.011326486663310601
11-3031.03,15669,0.09549375021938002,0.016697867032890275
11-3031.03,15671,0.027015097156323862,0.011165943968069341
11-3031.03,15672,0.02972604039442308,0.012449010586583112
11-3031.03,15673,0.013972790735200346,0.009945394482881433
11-3031.03,15674,0.04106103219523061,0.010989646755969982
11-3031.03,15675,0.08052905506538366,0.01717012660814522
11-3031.03,15676,0.09384220238762367,0.022427806433860366
11-3031.03,15677,0.023385131987150705,0.010477662063182604
11-3031.03,15678,0.18256449370805045,0.021428514394876606
11-3031.03,15679,0.1001004801781013,0.020874163001684386
11-3071.04,15680,0.05362314083007196,0.0
11-3071.04,15681,0.058194547486915785,0.0
11-3071.04,15685,0.03431369271236692,0.0
11-3071.04,15688,0.021812695378199323,0.0
11-3071.04,15691,0.03556284472245009,0.0
11-3071.04,15692,0.002430389353469778,0.0
11-3071.04,15693,0.020690576160827933,0.0
11-3071.04,15694,0.03933690301065452,0.0
11-3071.04,15695,0.04206480639918303,0.0
11-3071.04,15696,0.04000267489343037,0.0
11-3071.04,15697,0.022190938032545335,0.0
11-3071.04,15698,0.0559274045269794,0.0
11-3071.04,15700,0.050190073700264966,0.0
11-3071.04,15701,0.03185191674520999,0.0
13-1199.06,15702,0.00797484354156436,0.003205789718819013
13-1199.06,15703,0.028844795056490968,0.008432028018776898
13-1199.06,15704,0.01955100002587165,0.00799866697163142
13-1199.06,15705,0.022330011641002987,0.009091339968982644
13-1199.06,15706,0.013587706131624008,0.00897501626174432
13-1199.06,15707,0.05300899733703271,0.012354319976869099
13-1199.06,15708,0.025339140323032125,0.006923517023201381
13-1199.06,15709,0.09466785128982236,0.010839187033975864
13-1199.06,15710,0.06911366998714134,0.010937731618350916
13-1199.06,15711,0.04683403212370818,0.010879534326334745
13-1199.06,15712,0.017950892597371277,0.00940981198828811
13-1199.06,15713,0.014905564826323672,0.005145675896399056
13-1199.06,15714,0.037703902955585365,0.00910023325700281
13-1199.06,15715,0.004644204486867919,0.0022573080562105835
13-1199.06,15716,0.0008425151566366358,0.0006352779950540883
13-1199.06,15717,0.02828543369770325,0.008840782337078324
13-1199.06,15718,0.08021394156988083,0.01341373095753266
13-1199.06,15719,0.008341454182778776,0.003143748015100688
13-1199.06,15720,0.012340759237403617,0.00838412705246093
13-1199.06,15721,0.02744351733326786,0.010507803955298635
13-1199.06,15722,0.013281304215264472,0.008454880112243978
13-1199.06,15723,0.009710529284263882,0.005148066377971746
13-1199.06,15725,0.008373906714936529,0.004106024988731251
13-1199.06,15726,0.017602950856495388,0.008545726042269499
13-1199.06,15727,0.006435344438745369,0.002703337401257142
13-1199.06,15728,0.07548391419291808,0.011650783503873384
13-1199.06,15729,0.03368931099907857,0.010646774258777381
13-1199.06,15730,0.050852934490542866,0.009833486848958144
13-1199.06,15731,0.07605599436390346,0.010290174259276672
13-1199.06,15732,0.029095265798644285,0.009245692285068526
13-1199.06,15733,0.01980113705064785,0.004878870350627525
13-1199.06,15734,0.028507862651611197,0.00899974914115552
13-1199.06,15735,0.017185311441838144,0.004649565478896048
11-9199.08,15781,0.06224422881072345,0.0
11-9199.08,15782,0.02303839133698493,0.0
11-9199.08,15783,0.007518174961921253,0.0
11-9199.08,15784,0.03193561774928261,0.0
11-9199.08,15785,0.037230850056256905,0.0
11-9199.08,15786,0.03166246896651054,0.0
11-9199.08,15787,0.0025354952140801065,0.0
11-9199.08,15788,0.006336630988188311,0.0
11-9199.08,15789,0.035202334575781445,0.0
11-9199.08,15790,0.04021144223123393,0.0
11-9199.08,15791,0.0376263959737951,0.0
11-9199.08,15792,0.03318879760140047,0.0
11-9199.08,15793,0.013714389440122614,0.0
11-9199.08,15794,0.010519150901560166,0.0
11-9199.08,15795,0.049722109067566175,0.0
11-9199.08,15796,0.12186807307554715,0.0
11-9199.08,15797,0.031400793374395414,0.0
11-9199.08,15798,0.034301412935282535,0.0
11-9199.08,15799,0.022318670029232972,0.0
11-9199.08,15800,0.028208488374530476,0.0
11-9199.08,15801,0.012263475155551148,0.0
11-9199.08,15802,0.028176076953841906,0.0
11-9199.08,15803,0.017798490897920242,0.0
11-9199.08,15804,0.03863297293894359,0.0
11-9199.08,15805,0.04024259393402732,0.0
11-9199.08,15806,0.04506333548013197,0.0
11-9199.08,15807,0.15703913897518731,0.0
11-9199.09,15808,0.04196448362500246,0.006499959440710171
11-9199.09,15809,0.12269022693555728,0.032574556842460925
11-9199.09,15810,0.07000041644062299,0.013287077846009373
11-9199.09,15811,0.04078466381707151,0.020152209925041256
11-9199.09,15812,0.032154722983555796,0.006389319809283885
11-9199.09,15813,0.10267197272109321,0.02084308850568064
11-9199.09,15814,0.005320739384281969,0.002449085451788683
11-9199.09,15815,0.006227272588763228,0.00385096390276723
11-9199.09,15816,0.13204156692578278,0.029188402307143067
11-9199.09,15817,0.04660764465537857,0.0222890543067228
11-9199.09,15818,0.04923379760984908,0.022833925033172428
11-9199.09,15819,0.07013463991516079,0.02205240154398138
11-9199.09,15820,0.041453896147777204,0.021696374625129577
11-9199.09,15821,0.0018490491366795693,0.001008762349136937
11-9199.09,15822,0.09835002708657939,0.020120174705939915
11-9199.09,15823,0.13851488002684414,0.020728845948517677
11-9199.10,15824,0.11432966158436307,0.017583355707316877
11-9199.10,15825,0.015154783658630037,0.009977727991935628
11-9199.10,15826,0.05915271461732795,0.02427057664208999
11-9199.10,15827,0.05325992768796469,0.021559345515416967
11-9199.10,15828,0.09157367202112643,0.02913401840641868
11-9199.10,15829,0.05373233567001906,0.02919665564291273
11-9199.10,15830,0.10294330118823486,0.028082258868003245
11-9199.10,15831,0.02785521697245148,0.00565507553277977
11-9199.10,15832,0.04015147295844744,0.016466523758778114
11-9199.10,15833,0.047931044843233496,0.010834602895121793
11-9199.10,15834,0.09280996170112016,0.02309073098063082
11-9199.10,15835,0.03959489290603778,0.007994287967989549
11-9199.10,15836,0.12409452935090987,0.040668651915874134
11-9199.10,15837,0.02674791400984879,0.0058370631265374775
11-9199.10,15838,0.11066857083028477,0.026282331770314638
11-9199.11,15839,0.046952836822327544,0.0
11-9199.11,15840,0.011791987693058961,0.0
11-9199.11,15841,0.002513236548683055,0.0
11-9199.11,15842,0.0008123823390260165,0.0
11-9199.11,15843,0.03610157308068536,0.0
11-9199.11,15844,0.028165356646970462,0.0
11-9199.11,15845,0.02229828739747792,0.0
11-9199.11,15846,0.19712929057184733,0.0
11-9199.11,15847,0.046756099049928314,0.0
11-9199.11,15848,0.05745599909060628,0.0
11-9199.11,15849,0.034932501473296254,0.0
11-9199.11,15850,0.13035469356686105,0.0
11-9199.11,15851,0.005025117529422522,0.0
11-9199.11,15852,0.025774713479299993,0.0
11-9199.11,15853,0.019924184925933935,0.0
11-9199.11,15854,0.03864519532618457,0.0
11-9199.11,15855,0.016157068113384358,0.0
11-9199.11,15856,0.018731951857831077,0.0
11-9199.11,15857,0.09520983087637366,0.0
11-9199.11,15858,0.012426400435211989,0.0
11-9199.11,15859,0.012536915423259836,0.0
11-9199.11,15860,0.024465417919337516,0.0
13-1081.01,15861,0.05166530028750359,0.0
13-1081.01,15863,0.034131738733026655,0.0
13-1081.01,15864,0.09561864682329553,0.0
13-1081.01,15865,0.0011575034087343223,0.0
13-1081.01,15866,0.007226323975376947,0.0
13-1081.01,15867,0.08390144736710925,0.0
13-1081.01,15868,0.04905650466439197,0.0
13-1081.01,15870,0.029142857088292135,0.0
13-1081.01,15872,0.04255965872844508,0.0
13-1081.01,15873,0.002240280404477526,0.0
13-1081.01,15874,0.02912430310134276,0.0
13-1081.01,15875,0.053989713020062974,0.0
13-1081.01,15876,0.13190984523279584,0.0
13-1081.01,15877,0.046121977125185544,0.0
13-1081.01,15879,0.028933251188155075,0.0
13-1081.01,15880,0.0370130795873957,0.0
13-1081.02,15881,0.018833421667943422,0.0
13-1081.02,15882,0.008450738469100768,0.0
13-1081.02,15883,0.07632854328808243,0.0
13-1081.02,15884,0.04115869638075827,0.0
13-1081.02,15885,0.024915504522765596,0.0
13-1081.02,15886,0.008154381545731513,0.0
13-1081.02,15887,0.03471642429436633,0.0
13-1081.02,15888,0.041046837540169,0.0
13-1081.02,15889,0.06087915936673017,0.0
13-1081.02,15890,0.06090974264203367,0.0
13-1081.02,15891,0.001935178584956955,0.0
13-1081.02,15892,0.027138990119946464,0.0
13-1081.02,15893,0.040798973662895685,0.0
13-1081.02,15894,0.03340699881663152,0.0
13-1081.02,15895,0.012109028635209657,0.0
13-1081.02,15896,0.013561972999467318,0.0
13-1081.02,15897,0.056387850979595394,0.0
13-1081.02,15898,0.09074418761004625,0.0
13-1081.02,15899,0.04619241754831754,0.0
13-1081.02,15900,0.02225432940143196,0.0
13-1081.02,15901,0.017454535766751596,0.0
13-1081.02,15902,0.01050364312720207,0.0
13-1081.02,15903,0.03623182770536046,0.0
13-1081.02,15904,0.04018068889678957,0.0
13-1081.02,15905,0.043981484419444904,0.0
13-1041.08,15924,0.08284971481825512,0.0
13-1041.08,15925,0.02104396134725317,0.0
13-1041.08,15926,0.036682839066013176,0.0
13-1041.08,15927,0.006597534915680387,0.0
13-1041.08,15928,0.03082242251433026,0.0
13-1041.08,15929,0.011271778010763303,0.0
13-1041.08,15930,0.05454485306217159,0.0
13-1041.08,15931,0.003026072174604467,0.0
13-1041.08,15932,0.0995076540864733,0.0
13-1041.08,15933,0.0272655996414039,0.0
13-1041.08,15934,0.027375768378680707,0.0
13-1041.08,15935,0.0009272822186998608,0.0
13-1041.08,15936,0.05218966628697742,0.0
13-1041.08,15937,0.0489366439048856,0.0
13-1041.08,15938,0.008551228272666486,0.0
13-1041.08,15939,0.013431496445488113,0.0
13-1041.08,15940,0.026342340788006676,0.0
13-1041.08,15941,0.08324258303512595,0.0
13-1041.08,15942,0.08825568363017744,0.0
13-1041.08,15943,0.010293414437747022,0.0
13-1041.08,15944,0.03149294620186552,0.0
13-1041.08,15945,0.11787853963936018,0.0
13-1041.08,15946,0.11746997712337036,0.0
13-1199.04,15947,0.026514242951170493,0.0
13-1199.04,15948,0.023917376926114745,0.0
13-1199.04,15949,0.013070110029641502,0.0
13-1199.04,15950,0.012003967622940868,0.0
13-1199.04,15951,0.022754505705100736,0.0
13-1199.04,15952,0.04539266560147621,0.0
13-1199.04,15953,0.006877120028260794,0.0
13-1199.04,15954,0.014673534975163459,0.0
13-1199.04,15955,0.05450575249871659,0.0
13-1199.04,15956,0.00996677199882372,0.0
13-1199.04,15957,0.02741493267245248,0.0
13-1199.04,15958,0.10439156140382905,0.0
13-1199.04,15959,0.022423909520676206,0.0
13-1199.04,15960,0.058612724942531134,0.0
13-1199.04,15961,0.12538731363814135,0.0
13-1199.04,15962,0.03200876767640221,0.0
13-1199.04,15963,0.03160010179765603,0.0
13-1199.04,15964,0.027182422814996453,0.0
13-1199.04,15965,0.11221392081574177,0.0
13-1199.04,15966,0.05209521414126248,0.0
13-1199.04,15967,0.17699308223890156,0.0
13-1199.05,15968,0.04087139645626141,0.0
13-1199.05,15969,0.06025013848713263,0.0
13-1199.05,15970,0.038440527495171385,0.0
13-1199.05,15971,0.02129256043742282,0.0
13-1199.05,15972,0.01402715785276134,0.0
13-1199.05,15973,0.23528289958391768,0.0
13-1199.05,15974,0.013160287587328366,0.0
13-1199.05,15975,0.10794344885307469,0.0
13-1199.05,15976,0.04148580980644215,0.0
13-1199.05,15977,0.041065718763560854,0.0
13-1199.05,15978,0.08471307561740497,0.0
13-1199.05,15979,0.06102450740371453,0.0
13-1199.05,15980,0.14615784371309912,0.0
13-1199.05,15981,0.09428462794270803,0.0
13-2099.01,15982,0.012987144213287605,0.0
13-2099.01,15983,0.04700945852477046,0.0
13-2099.01,15984,0.05244830506952701,0.0
13-2099.01,15985,0.07281071166139384,0.0
13-2099.01,15986,0.01731533047575948,0.0
13-2099.01,15987,0.02867831708995202,0.0
13-2099.01,15988,0.028361799990001622,0.0
13-2099.01,15989,0.16360801871253536,0.0
13-2099.01,15990,0.0600563068520082,0.0
13-2099.01,15991,0.04988467665459812,0.0
13-2099.01,15992,0.020423062369223054,0.0
13-2099.01,15993,0.06016590889880943,0.0
13-2099.01,15994,0.009496785399798566,0.0
13-2099.01,15995,0.04586522999108448,0.0
13-2099.01,15996,0.08273905211627426,0.0
13-2099.01,15997,0.22384134140063902,0.0
13-2099.04,16035,0.026413304167171664,0.0
13-2099.04,16036,0.0156435727404832,0.0
13-2099.04,16037,0.006822255061852958,0.0
13-2099.04,16038,0.008019667068645524,0.0
13-2099.04,16039,0.007268941443711189,0.0
13-2099.04,16040,0.008097739036589982,0.0
13-2099.04,16041,0.004336828021132181,0.0
13-2099.04,16042,0.0010973108218719815,0.0
13-2099.04,16043,0.0012874988747009924,0.0
13-2099.04,16044,0.011427257628003784,0.0
13-2099.04,16045,0.06240521293374167,0.0
13-2099.04,16046,0.030373689865370344,0.0
13-2099.04,16047,0.08065020304166166,0.0
13-2099.04,16048,0.11266425167394302,0.0
13-2099.04,16049,0.014980703169731541,0.0
13-2099.04,16050,0.028385660170934017,0.0
13-2099.04,16051,0.13705731635045715,0.0
13-2099.04,16052,0.02917519904287127,0.0
13-2099.04,16053,0.18397350894489647,0.0
13-2099.04,16054,0.1326275070745954,0.0
13-2099.04,16055,0.05129706822584609,0.0
13-2099.04,16056,0.016132564868680345,0.0
13-2099.04,16057,0.029862739773107574,0.0
15-1241.01,16058,0.05431161034387966,0.0
15-1241.01,16059,0.044233514957705125,0.0
15-1241.01,16060,0.02595112468458944,0.0
15-1241.01,16061,0.008633940854423348,0.0
15-1241.01,16062,0.03065399221184698,0.0
15-1241.01,16063,0.03509842986723763,0.0
15-1241.01,16064,0.05603255378034849,0.0
15-1241.01,16065,0.022422756565392273,0.0
15-1241.01,16066,0.04919858305102976,0.0
15-1241.01,16067,0.03713776223544065,0.0
15-1241.01,16069,0.06778758811404088,0.0
15-1241.01,16070,0.082969056516115,0.0
15-1241.01,16072,0.03775605814487975,0.0
15-1241.01,16073,0.02697266553362567,0.0
15-1241.01,16074,0.02574180276129503,0.0
15-1241.01,16075,0.018154664860261075,0.0
15-1241.01,16076,0.06184704415321006,0.0
15-1241.01,16077,0.012696060386087962,0.0
15-1241.01,16078,0.024695824852008084,0.0
15-1241.01,16079,0.0357969496586939,0.0
15-1241.01,16080,0.044961250228781065,0.0
15-1241.01,16081,0.06535506255270736,0.0
15-1241.01,16082,0.029393382973753344,0.0
15-1241.01,16083,0.021030629814967894,0.0
15-1243.00,16099,0.06268877594925651,0.0
15-1243.00,16100,0.009187564569195129,0.0
15-1243.00,16101,0.038503903388566345,0.0
15-1243.00,16102,0.007449223746575887,0.0
15-1243.00,16104,0.022418569006581613,0.0
15-1243.00,16105,0.02565726871757776,0.0
15-1243.00,16106,0.03724186387868461,0.0
15-1243.00,16107,0.008918159557405221,0.0
15-1243.00,16108,0.04021960124265738,0.0
15-1243.00,16109,0.07521247885371309,0.0
15-1243.00,16110,0.07065852603264346,0.0
15-1243.00,16111,0.01858366136778613,0.0
15-1243.00,16112,0.026153525022068507,0.0
15-1243.00,16113,0.06617880388948078,0.0
15-1243.00,16114,0.09399753392591718,0.0
15-1243.00,16115,0.07442860379243488,0.0
15-1243.01,16116,0.03182889205573095,0.0
15-1243.01,16117,0.03395454826710172,0.0
15-1243.01,16118,0.06732356216631269,0.0
15-1243.01,16119,0.02346289055149059,0.0
15-1243.01,16120,0.10750397533541042,0.0
15-1243.01,16121,0.08486426582153285,0.0
15-1243.01,16122,0.015579064066852178,0.0
15-1243.01,16123,0.11779055241549814,0.0
15-1243.01,16124,0.0533260238267909,0.0
15-1243.01,16125,0.09365781625083264,0.0
15-1243.01,16126,0.08215389635113436,0.0
15-1243.01,16127,0.015050008997958862,0.0
15-1243.01,16128,0.05476034699237838,0.0
15-1243.01,16129,0.028821243589157837,0.0
15-1243.01,16130,0.042344378341313146,0.0
15-1243.01,16131,0.023911936281835532,0.0
15-1243.01,16132,0.08019496408472043,0.0
15-1243.01,16133,0.04347163460394839,0.0
15-2051.01,16134,0.08718932547310632,0.0
15-2051.01,16135,0.01336335764091977,0.0
15-2051.01,16136,0.05235521969826653,0.0
15-2051.01,16137,0.012133007194050045,0.0
15-2051.01,16138,0.03119514915242013,0.0
15-2051.01,16139,0.10887869715869228,0.0
15-2051.01,16140,0.12989745716550197,0.0
15-2051.01,16141,0.05734970017026369,0.0
15-2051.01,16142,0.026317146588979944,0.0
15-2051.01,16143,0.03747705609103548,0.0
15-2051.01,16144,0.05235187511478771,0.0
15-2051.01,16145,0.04955650555685171,0.0
15-2051.01,16146,0.060046355317547415,0.0
15-2051.01,16147,0.012272089910723366,0.0
15-2051.01,16148,0.0385938314419473,0.0
15-2051.01,16149,0.07037592552166985,0.0
15-2051.01,16150,0.16064730080323644,0.0
15-1299.09,16151,0.03281450763774835,0.0
15-1299.09,16152,0.032605019844469695,0.0
15-1299.09,16153,0.05225492963795662,0.0
15-1299.09,16154,0.07669565762532225,0.0
15-1299.09,16155,0.05609461053279298,0.0
15-1299.09,16156,0.0813500489692637,0.0
15-1299.09,16157,0.051929819993682784,0.0
15-1299.09,16158,0.03303183939669866,0.0
15-1299.09,16159,0.04342753774144283,0.0
15-1299.09,16160,0.0326022825471211,0.0
15-1299.09,16161,0.035133907388701126,0.0
15-1299.09,16162,0.04071416288666148,0.0
15-1299.09,16163,0.07725547096607314,0.0
15-1299.09,16164,0.030748129661913513,0.0
15-1299.09,16165,0.03354294491205192,0.0
15-1299.09,16166,0.02903017126226803,0.0
15-1299.09,16167,0.04477090155677948,0.0
15-1299.09,16168,0.045945081755745514,0.0
15-1299.09,16169,0.08234279627290428,0.0
15-1299.09,16170,0.0421867949626901,0.0
15-1299.09,16171,0.045523384447712534,0.0
13-1161.01,16172,0.017663901839539267,0.0
13-1161.01,16173,0.002984134574497634,0.0
13-1161.01,16174,0.007109168207591354,0.0
13-1161.01,16175,0.003706449873084828,0.0
13-1161.01,16176,0.000976834580616294,0.0
13-1161.01,16177,0.005093913563586557,0.0
13-1161.01,16178,0.004326829600555178,0.0
13-1161.01,16179,0.01680452588001463,0.0
13-1161.01,16180,0.0034049764151370533,0.0
13-1161.01,16181,0.004270245227435974,0.0
13-1161.01,16182,0.06584751165505731,0.0
13-1161.01,16183,0.0042478556850489005,0.0
13-1161.01,16184,0.026466920937795825,0.0
13-1161.01,16185,0.006512024776913907,0.0
13-1161.01,16186,0.033637836149310776,0.0
13-1161.01,16187,0.004581556384852545,0.0
13-1161.01,16188,0.013821770433259401,0.0
13-1161.01,16189,0.06856833470931274,0.0
13-1161.01,16190,0.06918501478149539,0.0
13-1161.01,16191,0.07782497752886777,0.0
13-1161.01,16192,0.04605857535748047,0.0
13-1161.01,16193,0.044464071154337974,0.0
15-1255.01,16194,0.012508329880889787,0.0
15-1255.01,16195,0.011252112939323126,0.0
15-1255.01,16196,0.013232019645073471,0.0
15-1255.01,16197,0.006584878588767257,0.0
15-1255.01,16198,0.051887778521161415,0.0
15-1255.01,16199,0.09412066843266985,0.0
15-1255.01,16200,0.05211955022340466,0.0
15-1255.01,16201,0.05860580679170741,0.0
15-1255.01,16202,0.04430513810056208,0.0
15-1255.01,16203,0.01805300308845591,0.0
15-1255.01,16204,0.011581908320569892,0.0
15-1255.01,16205,0.009558951615772032,0.0
15-1255.01,16206,0.016671394415221707,0.0
15-1255.01,16207,0.039270993720379906,0.0
15-1255.01,16208,0.07839086402936098,0.0
15-1255.01,16209,0.09678330186176952,0.0
15-1255.01,16210,0.023814279897174516,0.0
15-1255.01,16211,0.00823162325259932,0.0
15-1255.01,16212,0.0996780631032289,0.0
15-1255.01,16213,0.013832818921301164,0.0
15-1255.01,16214,0.03364532777024789,0.0
15-1255.01,16215,0.045415531499617974,0.0
15-1255.01,16216,0.06547475134765479,0.0
15-1255.01,16217,0.09498090403308646,0.0
15-1299.03,16219,0.06280085336658461,0.0
15-1299.03,16220,0.006700364331810399,0.0
15-1299.03,16221,0.09265975451569546,0.0
15-1299.03,16222,0.10025755232466395,0.0
15-1299.03,16223,0.04110102746993672,0.0
15-1299.03,16224,0.0024549170490433523,0.0
15-1299.03,16226,0.06615194827535628,0.0
15-1299.03,16227,0.025166197124241924,0.0
15-1299.03,16228,0.035387622599644425,0.0
15-1299.03,16229,0.05588745126163459,0.0
15-1299.03,16230,0.03679306355311854,0.0
15-1299.03,16231,0.04189847610849104,0.0
15-1299.03,16232,0.03505579872400455,0.0
15-1299.03,16233,0.010027533327908199,0.0
15-1299.03,16234,0.039812176053919575,0.0
15-1299.03,16235,0.009154339654724163,0.0
15-1299.03,16236,0.0689100682856287,0.0
15-1299.03,16237,0.01714971727718464,0.0
15-1299.03,16238,0.01782721897066719,0.0
15-1299.03,16239,0.12071704708237162,0.0
15-1299.03,16240,0.008416757475504605,0.0
15-2041.01,16241,0.005847081284044133,0.0
15-2041.01,16242,0.01420255430880611,0.0
15-2041.01,16243,0.04263885559631688,0.0
15-2041.01,16244,0.15171734592994224,0.0
15-2041.01,16245,0.025754062306988724,0.0
15-2041.01,16246,0.011990052601018887,0.0
15-2041.01,16247,0.05070075871070669,0.0
15-2041.01,16248,0.07434279339643853,0.0
15-2041.01,16249,0.09202417897598106,0.0
15-2041.01,16250,0.02566544985800293,0.0
15-2041.01,16251,0.042516138485507976,0.0
15-2041.01,16252,0.059517589363391556,0.0
15-2041.01,16253,0.03860739288862767,0.0
15-2041.01,16254,0.057283754104971545,0.0
15-2041.01,16255,0.010504531837400154,0.0
15-2041.01,16256,0.0016592174514097758,0.0
15-2041.01,16257,0.0913091372714832,0.0
15-2041.01,16258,0.020081500430591415,0.0
15-2041.01,16259,0.006588704253153062,0.0
15-2041.01,16260,0.007470745481410378,0.0
15-2041.01,16261,0.004165154467264154,0.0
15-2041.01,16262,0.02338622576309373,0.0
15-2041.01,16263,0.06950523023356399,0.0
15-2041.01,16264,0.012875543873464814,0.0
15-2041.01,16265,0.05964600112642041,0.0
15-2051.02,16266,0.015272809652262792,0.0
15-2051.02,16267,0.04581959466589735,0.0
15-2051.02,16268,0.051623027946950936,0.0
15-2051.02,16269,0.0330565289487049,0.0
15-2051.02,16270,0.029240021374260163,0.0
15-2051.02,16271,0.0043270061855418315,0.0
15-2051.02,16272,0.03643770610456584,0.0
15-2051.02,16273,0.006660170346519913,0.0
15-2051.02,16274,0.06164574016030955,0.0
15-2051.02,16275,0.012043031035644384,0.0
15-2051.02,16276,0.09029837070989621,0.0
15-2051.02,16277,0.04385237140182767,0.0
15-2051.02,16278,0.015172239665778317,0.0
15-2051.02,16279,0.0980898842154603,0.0
15-2051.02,16280,0.14667515685381843,0.0
15-2051.02,16281,0.045137982786482116,0.0
15-2051.02,16282,0.018123787073104972,0.0
15-2051.02,16283,0.02394672702933924,0.0
15-2051.02,16284,0.17987075887354065,0.0
15-2051.02,16285,0.01770881578973288,0.0
15-2051.02,16286,0.02499826918036155,0.0
17-1022.01,16287,0.05882855651705308,0.0
17-1022.01,16288,0.0300946874242121,0.0
17-1022.01,16289,0.09902711795067824,0.0
17-1022.01,16290,0.07075882109028585,0.0
17-1022.01,16291,0.046087005250501405,0.0
17-1022.01,16292,0.07481365351531209,0.0
17-1022.01,16293,0.019921567193006133,0.0
17-1022.01,16294,0.03324403322854621,0.0
17-1022.01,16295,0.11320691064784416,0.0
17-1022.01,16296,0.040674384930593985,0.0
17-1022.01,16297,0.04674596636682076,0.0
17-1022.01,16298,0.10852246722223023,0.0
17-1022.01,16299,0.08512098801800526,0.0
17-1022.01,16300,0.08001767174500655,0.0
17-1022.01,16301,0.04054120163386868,0.0
17-1022.01,16302,0.0523949672660352,0.0
17-2051.01,16303,0.0177377346852823,0.0
17-2051.01,16304,0.022625571132131563,0.0
17-2051.01,16305,0.04220054329565815,0.0
17-2051.01,16306,0.01558344994377045,0.0
17-2051.01,16307,0.014457020880615852,0.0
17-2051.01,16308,0.007159500769250607,0.0
17-2051.01,16309,0.06554061195235017,0.0
17-2051.01,16310,0.060551499807651864,0.0
17-2051.01,16311,0.045898002743133756,0.0
17-2051.01,16312,0.010511942074173709,0.0
17-2051.01,16313,0.03249218149231043,0.0
17-2051.01,16314,0.0287053593469577,0.0
17-2051.01,16315,0.016825811453096914,0.0
17-2051.01,16316,0.011922555488518009,0.0
17-2051.01,16317,0.002047733981380821,0.0
17-2051.01,16318,0.03612026399783484,0.0
17-2051.01,16319,0.13215849239680816,0.0
17-2051.01,16320,0.08336232369965087,0.0
17-2051.01,16321,0.005464469578261823,0.0
17-2051.01,16322,0.05556549931409178,0.0
17-2051.01,16323,0.19941507507676376,0.0
17-2051.02,16324,0.03414415090168304,0.0
17-2051.02,16325,0.05306266220219503,0.0
17-2051.02,16326,0.03879745242972066,0.0
17-2051.02,16327,0.35894892332479245,0.0
17-2051.02,16328,0.01065847871391822,0.0
17-2051.02,16329,0.01065847871391822,0.0
17-2051.02,16330,0.0272071449753337,0.0
17-2051.02,16331,0.018763848806672114,0.0
17-2051.02,16332,0.0040678360187437704,0.0
17-2051.02,16333,0.01310973623160636,0.0
17-2051.02,16334,0.01665621309073204,0.0
17-2051.02,16335,0.02122082042296675,0.0
17-2051.02,16336,0.00367473665296719,0.0
17-2051.02,16337,0.01686702751109938,0.0
17-2051.02,16338,0.0065152137183411025,0.0
17-2051.02,16339,0.01066244122799075,0.0
17-2051.02,16340,0.009491678218944007,0.0
17-2051.02,16341,0.02440193534709486,0.0
17-2051.02,16342,0.01514456760105974,0.0
17-2051.02,16343,0.03259587470712349,0.0
17-2051.02,16344,0.021181353256190184,0.0
17-2051.02,16345,0.024235495963882997,0.0
17-2051.02,16346,0.02853953489203637,0.0
17-2051.02,16347,0.048096686735316564,0.0
17-2051.02,16348,0.041152175597256556,0.0
17-2051.02,16349,0.04459636734111644,0.0
17-2051.02,16350,0.032989021930777684,0.0
17-2072.01,16351,0.043395600628348505,0.018276771089000467
17-2072.01,16352,0.04297896829967726,0.012454739444135951
17-2072.01,16353,0.08600260752433887,0.02198584600205426
17-2072.01,16354,0.08381411265295145,0.027310857503171908
17-2072.01,16355,0.031618231143475596,0.009722774721563453
17-2072.01,16356,0.013302597961096379,0.0050465942005653835
17-2072.01,16357,0.026095623309793696,0.013728060727152895
17-2072.01,16358,0.06994625021647281,0.020186604830540144
17-2072.01,16359,0.06673982603014503,0.019137251285220126
17-2072.01,16360,0.04621533856705554,0.016905416579407397
17-2072.01,16361,0.02586453106886985,0.015668327163430983
17-2072.01,16362,0.03672541916473036,0.016379578980292353
17-2072.01,16363,0.04160743121179403,0.015108658309513847
17-2072.01,16364,0.0403792316862292,0.01585792297147582
17-2072.01,16365,0.0511487039151589,0.018642551987872166
17-2072.01,16366,0.043251785550773206,0.015279235179327099
17-2072.01,16367,0.02596716923428798,0.009741543375205327
17-2072.01,16368,0.034165566241625034,0.015686293455341525
17-2072.01,16369,0.05151322410438503,0.018615031332396288
17-2072.01,16370,0.09312138386113548,0.020234864413146033
17-2072.01,16371,0.04614639762765583,0.01682954062450398
17-2112.01,16372,0.02920007882120542,0.0
17-2112.01,16373,0.04554421886420084,0.0
17-2112.01,16374,0.026988872428775866,0.0
17-2112.01,16375,0.03601913810855635,0.0
17-2112.01,16376,0.009743876743635856,0.0
17-2112.01,16377,0.014264681479967251,0.0
17-2112.01,16378,0.059863146262594515,0.0
17-2112.01,16379,0.09534460710059231,0.0
17-2112.01,16380,0.06459098326307908,0.0
17-2112.01,16381,0.03899701268510026,0.0
17-2112.01,16382,0.013474066515941662,0.0
17-2112.01,16383,0.0722773982420887,0.0
17-2112.01,16384,0.01978733796192735,0.0
17-2112.01,16385,0.015653159135455588,0.0
17-2112.01,16386,0.022622241656467108,0.0
17-2112.01,16387,0.10590581096279271,0.0
17-2112.01,16388,0.025045986285929727,0.0
17-2112.01,16389,0.010114380118924793,0.0
17-2112.01,16390,0.0112150707761724,0.0
17-2112.01,16391,0.021348123994165493,0.0
17-2112.01,16392,0.028623957873548902,0.0
17-2112.01,16393,0.10017882624577501,0.0
17-2112.01,16394,0.008212640605442523,0.0
17-2112.01,16395,0.011188645337855364,0.0
17-2112.01,16396,0.07854455446384495,0.0
17-2112.01,16397,0.03525118406596,0.0
17-2141.01,16398,0.024441029705937416,0.0
17-2141.01,16399,0.06714131803672121,0.0
17-2141.01,16403,0.022074521713421953,0.0
17-2141.01,16405,0.0442752735188117,0.0
17-2141.01,16406,0.02060630408784417,0.0
17-2141.01,16407,0.1225897232676946,0.0
17-2141.01,16408,0.0910243752928676,0.0
17-2141.01,16410,0.004523568741391633,0.0
17-2141.01,16411,0.01855502870945799,0.0
17-2141.01,16412,0.04246775184356127,0.0
17-2141.01,16413,0.05007876699362386,0.0
17-2141.01,16414,0.023314710401576174,0.0
17-2141.01,16415,0.02048305715474169,0.0
17-2141.01,16417,0.10605610109965281,0.0
17-2141.01,16418,0.02257506110923942,0.0
17-2141.01,16419,0.05387694689733913,0.0
17-2141.01,16420,0.016566531549648857,0.0
17-2141.02,16421,0.028918237047858352,0.0
17-2141.02,16422,0.04152454820718481,0.0
17-2141.02,16423,0.04105821801193594,0.0
17-2141.02,16424,0.033881120151837196,0.0
17-2141.02,16425,0.05775866625345997,0.0
17-2141.02,16426,0.026946992900745197,0.0
17-2141.02,16427,0.053958340679810125,0.0
17-2141.02,16428,0.1639769328729014,0.0
17-2141.02,16429,0.05019828345224551,0.0
17-2141.02,16430,0.02712719390118795,0.0
17-2141.02,16431,0.01782741164715493,0.0
17-2141.02,16432,0.01967013854445693,0.0
17-2141.02,16433,0.01595782047357601,0.0
17-2141.02,16434,0.08810461844747185,0.0
17-2141.02,16435,0.033956964292180015,0.0
17-2141.02,16436,0.034225937111990144,0.0
17-2141.02,16437,0.04079378031603944,0.0
17-2141.02,16438,0.09269295097680187,0.0
17-2141.02,16439,0.023338797953793986,0.0
17-2199.05,16464,0.026897070305657446,0.009594357300983786
17-2199.05,16465,0.04832034152096724,0.01547425721204423
17-2199.05,16466,0.018285854512293625,0.006153937116697461
17-2199.05,16468,0.12871135298427172,0.03380394413826394
17-2199.05,16469,0.03430188691514082,0.009546815635767363
17-2199.05,16470,0.04060423509416096,0.01043691201535343
17-2199.05,16471,0.0490864529028254,0.013174994418071038
17-2199.05,16473,0.022580126715235023,0.010573046432382813
17-2199.05,16474,0.20449963839828814,0.1034827109092991
17-2199.05,16475,0.026357822126154277,0.013557613316593626
17-2199.05,16479,0.018630893745271174,0.0062460168269993345
17-2199.05,16481,0.008895294800837786,0.004812465528699317
17-2199.05,16483,0.07940034811659161,0.021790154293003957
17-2199.06,16484,0.016175511820251842,0.009959412570992303
17-2199.06,16485,0.11494964502775933,0.049318746170455195
17-2199.06,16486,0.027061613119114907,0.01683966285292518
17-2199.06,16487,0.033852164345271836,0.025713239303351027
17-2199.06,16488,0.033418261692563296,0.020334568988237135
17-2199.06,16490,0.06322809453619245,0.018273377934609928
17-2199.06,16493,0.013545430850784586,0.0065641116681152386
17-2199.06,16494,0.1239569574840107,0.06386964107566881
17-2199.06,16495,0.03182609704269779,0.019566421803690108
17-2199.06,16496,0.03685251429495011,0.0241982418806054
17-2199.06,16497,0.09438739973485666,0.035474221180898186
17-2199.06,16498,0.04562757806948249,0.015599986264585383
17-2199.06,16499,0.03236415893757555,0.0171733622160311
17-2199.06,16500,0.03455635443472459,0.012605569180933715
17-2199.06,16501,0.050845622742785763,0.04084886577345798
17-2199.06,16502,0.055666805897639796,0.017384521243885395
17-2199.06,16504,0.04154862671562518,0.01661531758978599
17-2199.06,16505,0.04887732737645791,0.021895899745931487
17-2199.06,16506,0.03482265878955877,0.0151037422037864
17-2199.06,16507,0.027843195953728157,0.018157152774409442
17-2199.06,16508,0.03859398113396828,0.012772857550504224
17-2199.08,16509,0.12377263032194061,0.0
17-2199.08,16510,0.0206524491904027,0.0
17-2199.08,16511,0.10906760153700831,0.0
17-2199.08,16512,0.04546354796247821,0.0
17-2199.08,16513,0.013225012795689538,0.0
17-2199.08,16514,0.03180588019903046,0.0
17-2199.08,16515,0.05140147745652327,0.0
17-2199.08,16516,0.04655641274324641,0.0
17-2199.08,16517,0.14540852404025276,0.0
17-2199.08,16518,0.017183049481006643,0.0
17-2199.08,16519,0.021968003438612813,0.0
17-2199.08,16520,0.044252874495475165,0.0
17-2199.08,16521,0.08132700332892648,0.0
17-2199.08,16522,0.011465852702448482,0.0
17-2199.08,16523,0.03339599918761381,0.0
17-2199.08,16524,0.0037037280687866507,0.0
17-2199.08,16525,0.016068243548918764,0.0
17-2199.08,16527,0.01663109157242569,0.0
17-2199.08,16528,0.04791540836312936,0.0
17-2199.08,16530,0.02316719997051912,0.0
17-2199.09,16531,0.010409735226164505,0.0
17-2199.09,16532,0.17029397710251284,0.0
17-2199.09,16533,0.11614264094051586,0.0
17-2199.09,16534,0.016252638028876828,0.0
17-2199.09,16535,0.06281149691051527,0.0
17-2199.09,16536,0.030941478430932545,0.0
17-2199.09,16537,0.014925472380907301,0.0
17-2199.09,16538,0.002854180271650027,0.0
17-2199.09,16539,0.02472781568734256,0.0
17-2199.09,16540,0.12373261965557547,0.0
17-2199.09,16541,0.05459112981019736,0.0
17-2199.09,16542,0.0527877205876409,0.0
17-2199.09,16543,0.01807054015456678,0.0
17-2199.09,16544,0.022952845753752355,0.0
17-2199.09,16545,0.061661379081865246,0.0
17-2199.09,16546,0.06378205479556529,0.0
17-2199.10,16549,0.14231734826070713,0.0682783339416223
17-2199.10,16550,0.2753926897753816,0.11341343065092105
17-2199.10,16553,0.16159126488309025,0.08551647189762245
17-2199.10,16554,0.012599364980319853,0.009995674760112377
17-2199.10,16556,0.021144154019672484,0.009736554411349201
17-2199.10,16557,0.11199203671033132,0.08438396704696216
17-2199.10,16559,0.2749631413704973,0.1116943044934123
17-2199.11,16563,0.02772224882550121,0.0
17-2199.11,16564,0.07336596036109108,0.0
17-2199.11,16565,0.02452898120988832,0.0
17-2199.11,16566,0.04262485637100144,0.0
17-2199.11,16567,0.00022708283934964386,0.0
17-2199.11,16568,0.15780356785990654,0.0
17-2199.11,16569,0.12555710224996194,0.0
17-2199.11,16570,0.06303900428127711,0.0
17-2199.11,16571,0.1424167650045175,0.0
17-2199.11,16572,0.11071491807571533,0.0
17-2199.11,16573,0.01734082223936161,0.0
17-2199.11,16574,0.12611756552208717,0.0
17-2199.11,16575,0.08854112516034116,0.0
17-3024.01,16576,0.011406135045322494,0.0
17-3024.01,16577,0.005863915490382144,0.0
17-3024.01,16579,0.09047803167449836,0.0
17-3024.01,16580,0.02158151776371666,0.0
17-3024.01,16581,0.028633047995630503,0.0
17-3024.01,16582,0.006124562081584511,0.0
17-3024.01,16583,0.02118620740845851,0.0
17-3024.01,16584,0.08248493391165017,0.0
17-3024.01,16585,0.03276831880962444,0.0
17-3024.01,16586,0.04734076043260237,0.0
17-3024.01,16587,0.05918385082950739,0.0
17-3024.01,16588,0.15819729344696726,0.0
17-3024.01,16589,0.06708301140653755,0.0
17-3024.01,16590,0.019094453214796102,0.0
17-3024.01,16591,0.07593249154003119,0.0
17-3024.01,16592,0.04915330289950211,0.0
17-3024.01,16593,0.09985011871564493,0.0
17-3024.01,16594,0.002290672170434307,0.0
17-3024.01,16596,0.013114347761813857,0.0
17-3027.01,16597,0.020641456893261908,0.0
17-3027.01,16598,0.02186556871112111,0.0
17-3027.01,16599,0.056079448584469095,0.0
17-3027.01,16600,0.022531111298468517,0.0
17-3027.01,16601,0.1503613217040378,0.0
17-3027.01,16602,0.08926785143176302,0.0
17-3027.01,16603,0.03250247243356836,0.0
17-3027.01,16604,0.05707289700869407,0.0
17-3027.01,16605,0.07552176414135439,0.0
17-3027.01,16606,0.11270156372560867,0.0
17-3027.01,16607,0.021503649152717717,0.0
17-3027.01,16608,0.0886634756569248,0.0
17-3027.01,16610,0.03370251172543889,0.0
17-3027.01,16611,0.06496818809201198,0.0
17-3029.01,16612,0.0684068798183266,0.0
17-3029.01,16613,0.06973370567546144,0.0
17-3029.01,16614,0.02569949471833694,0.0
17-3029.01,16615,0.021854824920157157,0.0
17-3029.01,16616,0.06442911410667297,0.0
17-3029.01,16617,0.04640008641796253,0.0
17-3029.01,16618,0.07162369033451206,0.0
17-3029.01,16619,0.06914475128179143,0.0
17-3029.01,16620,0.11056246406333109,0.0
17-3029.01,16621,0.025368828389314348,0.0
17-3029.01,16622,0.08026428271246855,0.0
17-3029.01,16623,0.050303050179019246,0.0
17-3029.01,16624,0.0620715215359516,0.0
17-3029.01,16625,0.061960059231772974,0.0
17-3029.01,16626,0.10302904660261274,0.0
17-3029.01,16627,0.06914820001230837,0.0
17-3029.08,16709,0.018270665517830367,0.0
17-3029.08,16710,0.06156705259721646,0.0
17-3029.08,16714,0.0425793709661272,0.0
17-3029.08,16715,0.04224109112011038,0.0
17-3029.08,16716,0.03164427574397623,0.0
17-3029.08,16718,0.016446005716396633,0.0
17-3029.08,16719,0.01114704187902633,0.0
17-3029.08,16720,0.006867369008605065,0.0
17-3029.08,16721,0.06427415771981919,0.0
17-3029.08,16722,0.014148103634997137,0.0
17-3029.08,16723,0.015818022860585878,0.0
17-3029.08,16724,0.03580173727294721,0.0
17-3029.08,16725,0.01050482957643789,0.0
17-3029.08,16726,0.0997660353417895,0.0
17-3029.08,16727,0.00562031920252985,0.0
17-3029.08,16729,0.05320235577917177,0.0
17-3029.08,16730,0.03170562228560649,0.0
17-3029.08,16731,0.0814071023432725,0.0
17-3029.08,16732,0.08656472733510219,0.0
19-1029.01,16777,0.14091811080070477,0.057614075232921155
19-1029.01,16781,0.04776176185726551,0.02043639557624931
19-1029.01,16784,0.03249178710659748,0.015541245029892674
19-1029.01,16785,0.11594145534959631,0.02829593718627549
19-1029.01,16786,0.08312346809059919,0.022203218979793302
19-1029.01,16787,0.04551553108813875,0.01356970176935704
19-1029.01,16788,0.030239331235219078,0.012329266586808512
19-1029.01,16789,0.04533389111656439,0.020846156025366862
19-1029.01,16790,0.058164554508170575,0.015229036864729685
19-1029.01,16791,0.04748179358467397,0.016047034232524487
19-1029.01,16792,0.03825660619749046,0.014031482092854609
19-1029.01,16793,0.10675425454012447,0.025164057250279336
19-1029.01,16794,0.1170116309848499,0.03122033476646753
19-1029.01,16795,0.09100582354000518,0.031401691122433024
19-1029.02,16796,0.020410090746464122,0.0
19-1029.02,16797,0.014561274428289833,0.0
19-1029.02,16798,0.011726750946444212,0.0
19-1029.02,16799,0.017986917285651098,0.0
19-1029.02,16800,0.014620408966860053,0.0
19-1029.02,16801,0.006438464825539852,0.0
19-1029.02,16802,0.060125252970171794,0.0
19-1029.02,16804,0.06468246491764174,0.0
19-1029.02,16805,0.10795957226591939,0.0
19-1029.02,16806,0.043929288947459996,0.0
19-1029.02,16807,0.12944174876777328,0.0
19-1029.02,16808,0.10544348150922996,0.0
19-1029.02,16809,0.015838568869187015,0.0
19-1029.02,16810,0.0849149997966363,0.0
19-1029.02,16811,0.016758344629469447,0.0
19-1029.02,16812,0.0032296700371189585,0.0
19-1029.02,16813,0.05989101279722099,0.0
19-1029.02,16814,0.04377272688665034,0.0
19-1029.02,16815,0.11584427713054311,0.0
19-1029.02,16816,0.028812404503502437,0.0
19-1029.03,16817,0.012446348214244434,0.0
19-1029.03,16818,0.024774041433782205,0.0
19-1029.03,16819,0.005658172235720634,0.0
19-1029.03,16820,0.017275628619673526,0.0
19-1029.03,16821,0.014134988211502929,0.0
19-1029.03,16822,0.02262984057179385,0.0
19-1029.03,16823,0.04427058675561811,0.0
19-1029.03,16824,0.021978783210012898,0.0
19-1029.03,16825,0.008084470854492681,0.0
19-1029.03,16826,0.026228001251959173,0.0
19-1029.03,16827,0.04288414502129565,0.0
19-1029.03,16828,0.11939500804687074,0.0
19-1029.03,16829,0.07527897824308741,0.0
19-1029.03,16830,0.0702366383878158,0.0
19-1029.03,16831,0.014665280741589957,0.0
19-1029.03,16832,0.17583892109444912,0.0
19-1029.03,16833,0.05031482323936578,0.0
19-1029.03,16834,0.04268477067293868,0.0
19-1029.03,16835,0.021307014336215735,0.0
19-1029.03,16836,0.012162781846125641,0.0
19-1029.03,16837,0.03122567969689649,0.0
19-1029.03,16838,0.01691710820967532,0.0
19-1029.03,16839,0.08737636946659125,0.0
19-1029.03,16840,0.042231619638281946,0.0
19-2041.01,16841,0.02864004408930266,0.0
19-2041.01,16842,0.10671483801799692,0.0
19-2041.01,16843,0.038181597204835035,0.0
19-2041.01,16844,0.00999494375254211,0.0
19-2041.01,16845,0.01232182538919726,0.0
19-2041.01,16846,0.10643247443667468,0.0
19-2041.01,16847,0.05021619830316599,0.0
19-2041.01,16848,0.059486089553661234,0.0
19-2041.01,16849,0.18432234227569613,0.0
19-2041.01,16850,0.07331156711202351,0.0
19-2041.01,16851,0.019426814104835405,0.0
19-2041.01,16852,0.15467795051334307,0.0
19-2041.01,16853,0.10822600720935073,0.0
19-2041.01,16854,0.04804730803737524,0.0
19-2041.02,16855,0.012694131279505288,0.0
19-2041.02,16856,0.054214052489807055,0.0
19-2041.02,16857,0.01813500987450936,0.0
19-2041.02,16858,0.01572164574896968,0.0
19-2041.02,16859,0.028333165058431954,0.0
19-2041.02,16860,0.03328538196301829,0.0
19-2041.02,16861,0.224711700813134,0.0
19-2041.02,16862,0.1686248938230221,0.0
19-2041.02,16863,0.030583211969259855,0.0
19-2041.02,16864,0.010065128758543417,0.0
19-2041.02,16865,0.07341378549824033,0.0
19-2041.02,16866,0.023389197455068927,0.0
19-2041.02,16867,0.05609769130643196,0.0
19-2041.02,16868,0.022647518734260092,0.0
19-2041.02,16869,0.008696137870110381,0.0
19-2041.02,16870,0.008803320888492049,0.0
19-2041.02,16871,0.03664774563476705,0.0
19-2041.02,16872,0.04664888659534903,0.0
19-2041.02,16873,0.04127881661081028,0.0
19-2041.02,16874,0.00554207048196495,0.0
19-2041.02,16875,0.056412626604131565,0.0
19-2041.02,16876,0.02098039641377455,0.0
19-2041.03,16879,0.001341822355487103,0.0
19-2041.03,16880,0.002965221558166276,0.0
19-2041.03,16881,0.028534039957114062,0.0
19-2041.03,16882,0.019906023039721495,0.0
19-2041.03,16883,0.012949031002563671,0.0
19-2041.03,16884,0.009862779237395067,0.0
19-2041.03,16885,0.024624273673593277,0.0
19-2041.03,16886,0.03299698686900776,0.0
19-2041.03,16888,0.08492788128352,0.0
19-2041.03,16889,0.004723805491607282,0.0
19-2041.03,16890,0.003278112094796568,0.0
19-2041.03,16891,0.024084467426681664,0.0
19-2041.03,16892,0.0027219275402487,0.0
19-2041.03,16893,0.019010772360509597,0.0
19-2041.03,16894,0.014871502066126889,0.0
19-2041.03,16895,0.01878831826188828,0.0
19-2041.03,16896,0.009127444453703115,0.0
19-3011.01,16897,0.03201950786521997,0.0
19-3011.01,16898,0.03573279718476727,0.0
19-3011.01,16899,0.003181749890851869,0.0
19-3011.01,16900,0.004907981441598623,0.0
19-3011.01,16901,0.05729427131867464,0.0
19-3011.01,16902,0.12902045842747117,0.0
19-3011.01,16903,0.032080824404218396,0.0
19-3011.01,16904,0.007540697228768902,0.0
19-3011.01,16905,0.03718445942520451,0.0
19-3011.01,16906,0.009923826393249891,0.0
19-3011.01,16908,0.008732321863086395,0.0
19-3011.01,16909,0.07210923485547002,0.0
19-3011.01,16910,0.06608239400223247,0.0
19-3011.01,16913,0.07546262251069112,0.0
19-3011.01,16914,0.058174318304611825,0.0
19-3011.01,16915,0.1717386283105394,0.0
19-3099.01,16934,0.10762652616096743,0.0
19-3099.01,16935,0.0031038840583453324,0.0
19-3099.01,16937,0.010911693767846379,0.0
19-3099.01,16938,0.020370873440507038,0.0
19-3099.01,16939,0.005727918454095868,0.0
19-3099.01,16941,0.026636766472948006,0.0
19-3099.01,16942,0.023850435458756307,0.0
19-3099.01,16943,0.09720446411120692,0.0
19-3099.01,16944,0.00825004559646541,0.0
19-3099.01,16945,0.011259653486889945,0.0
19-3099.01,16948,0.06181711601764114,0.0
19-3099.01,16949,0.008010126520616695,0.0
19-3099.01,16951,0.09400699262029993,0.0
19-3099.01,16952,0.03770001783148618,0.0
19-3099.01,16953,0.07079334895682092,0.0
19-3099.01,16954,0.09784395840938834,0.0
19-4099.01,16955,0.0069196979641968585,0.0013895787733392995
19-4099.01,16956,0.08782536224464471,0.018553057817989913
19-4099.01,16957,0.02939121211338047,0.008929986498438675
19-4099.01,16958,0.0069162170592938395,0.0025843314114234878
19-4099.01,16959,0.04974250931551478,0.012089767998374409
19-4099.01,16960,0.0043924697204446375,0.002227414339647122
19-4099.01,16961,0.08024391390748722,0.010951771197536094
19-4099.01,16962,0.0031470820612689706,0.002060210511782426
19-4099.01,16963,0.00413883824344757,0.001332929406420844
19-4099.01,16964,0.022578631605595558,0.01067791313572514
19-4099.01,16965,0.011728634539556155,0.007800621446949736
19-4099.01,16966,0.03149418316035673,0.010634637167265674
19-4099.01,16967,0.03969248813638087,0.008081265005135105
19-4099.01,16968,0.019534501020196552,0.01037484896265222
19-4099.01,16969,0.012379387049082865,0.003528861642561009
19-4099.01,16970,0.02662207192239637,0.010632699604443296
19-4099.01,16971,0.0250341574903115,0.009133066730714982
19-4099.01,16972,0.06898454968099771,0.016067383695586298
19-4099.01,16973,0.033062412259362045,0.010466561981612289
19-4099.01,16974,0.0926445292137644,0.013319916224824811
19-4099.01,16975,0.04715559156566164,0.012072058684663026
19-4099.01,16976,0.008045895007971057,0.0026031614333225203
19-4099.01,16977,0.0665069809470194,0.014569950286364415
19-4099.01,16978,0.04008746620341072,0.00862210046794317
19-4099.01,16979,0.08279304365770827,0.014700584922891724
19-4099.01,16980,0.09893817391054911,0.01390409587912625
19-4099.03,16981,0.032777678568999845,0.01554459557915075
19-4099.03,16982,0.03438507447276171,0.010956298898721174
19-4099.03,16983,0.017974638231071587,0.010992997597441198
19-4099.03,16984,0.011671599423849202,0.007669443002714392
19-4099.03,16985,0.013423492024730374,0.008720185259264277
19-4099.03,16986,0.10368271009411353,0.020573184933623895
19-4099.03,16987,0.02321550782239722,0.01495792765561525
19-4099.03,16989,0.020444576292923632,0.01572589871234321
19-4099.03,16990,0.07167219898084912,0.01991544242851466
19-4099.03,16991,0.12628787957702198,0.014555348323737017
19-4099.03,16992,0.018934783063913895,0.014491420796434187
19-4099.03,16993,0.09076215132038924,0.02400727831293295
19-4099.03,16994,0.06309614588464259,0.01234679348738621
19-4099.03,16995,0.01684688113811439,0.013783172399968102
19-4099.03,16996,0.030799068600139437,0.007479944873714053
19-4099.03,16997,0.10024815800502918,0.021731236492136742
19-4099.03,16998,0.11314307256218087,0.022064216777859212
19-4099.03,16999,0.11063438393687218,0.02509317658982992
25-2059.01,17000,0.0060274931837718225,0.0
25-2059.01,17001,0.0010300627255620802,0.0
25-2059.01,17002,0.011630616023699735,0.0
25-2059.01,17003,0.0006311350397591551,0.0
25-2059.01,17004,0.005815496309691602,0.0
25-2059.01,17005,0.15118553583989872,0.0
25-2059.01,17006,0.09467934693606742,0.0
25-2059.01,17007,0.02253330515857544,0.0
25-2059.01,17008,0.04200743071067453,0.0
25-2059.01,17009,0.01548428363855887,0.0
25-2059.01,17010,0.01885507476246857,0.0
25-2059.01,17011,0.11787564277850003,0.0
25-2059.01,17012,0.015375999288229917,0.0
25-2059.01,17013,0.0036913486576053674,0.0
25-2059.01,17014,0.05038757615873898,0.0
25-2059.01,17015,0.007914882192178258,0.0
25-2059.01,17016,0.14401317283734336,0.0
25-2059.01,17017,0.11429333019983785,0.0
25-2059.01,17018,0.14709308689416056,0.0
25-3041.00,17019,0.01889115391865685,0.0
25-3041.00,17020,0.062163145528262506,0.0
25-3041.00,17021,0.004779967148199475,0.0
25-3041.00,17022,0.02082196715099338,0.0
25-3041.00,17023,0.0062610082399183024,0.0
25-3041.00,17024,0.05566448561840406,0.0
25-3041.00,17025,0.04767139235882106,0.0
25-3041.00,17026,0.12578979902042098,0.0
25-3041.00,17027,0.13171851833418424,0.0
25-3041.00,17028,0.03296255409990911,0.0
25-3041.00,17029,0.051451389497680196,0.0
25-3041.00,17030,0.03133387691292179,0.0
25-3041.00,17031,0.00994042282023868,0.0
25-3041.00,17032,0.03229507669592739,0.0
25-3041.00,17033,0.0623753800261842,0.0
25-3041.00,17034,0.11385721203784968,0.0
25-3041.00,17035,0.001219513027459154,0.0
25-3041.00,17036,0.0770456493720951,0.0
25-3041.00,17037,0.1137574881918738,0.0
29-1229.01,17063,0.09631923342089307,0.010082543648510236
29-1229.01,17064,0.01643639293319518,0.007072352155830487
29-1229.01,17065,0.02318027888332616,0.005828764082782024
29-1229.01,17066,0.09331204600503389,0.010469097144132517
29-1229.01,17067,0.08936451408178815,0.010220862856664317
29-1229.01,17068,0.0715855892185984,0.008805388524906513
29-1229.01,17069,0.09966513417470696,0.009568485256563935
29-1229.01,17070,0.08405207701113954,0.011083561039746689
29-1229.01,17071,0.09605507184185337,0.010757017021107219
29-1229.01,17072,0.055709696572714566,0.007962878765464395
29-1229.01,17073,0.06712363036071639,0.010712855562429752
29-1229.01,17074,0.07881191918488266,0.010669225659144771
29-1229.01,17075,0.030402052355501752,0.006627470695948055
29-1229.01,17076,0.09798236395564994,0.009032166914708609
29-1213.00,17077,0.02099885122936976,0.009550451200141752
29-1213.00,17078,0.11151475122097357,0.006928755459654382
29-1213.00,17079,0.030623723638151114,0.011792210574326922
29-1213.00,17081,0.02649101801107841,0.006606047165070121
29-1213.00,17082,0.020795542626664436,0.009276259932193961
29-1213.00,17083,0.012238453228810781,0.004454426549915969
29-1213.00,17084,0.029894235551987083,0.007243040403638428
29-1213.00,17085,0.08416173477126943,0.00801054204701577
29-1213.00,17087,0.061436957908136164,0.011123523111095027
29-1213.00,17088,0.01215752053789292,0.006798553736744588
29-1213.00,17089,0.06513945669047766,0.0109452721641931
29-1213.00,17090,0.08119017868341542,0.012302947336864321
29-1213.00,17091,0.04055132826488821,0.013214056718145616
29-1213.00,17092,0.08904976087405106,0.008493932646874822
29-1213.00,17093,0.09993249918574555,0.007041886605459228
29-1213.00,17094,0.11154847312626355,0.006872739638038713
29-1213.00,17095,0.10227551445082486,0.007872495409372312
29-1229.02,17096,0.07299026242106381,0.0
29-1229.02,17097,0.005116131156903944,0.0
29-1229.02,17098,0.09464760394470272,0.0
29-1229.02,17099,0.06908200047271877,0.0
29-1229.02,17100,0.0255728859419656,0.0
29-1229.02,17101,0.04201602254040714,0.0
29-1229.02,17102,0.16358540257838142,0.0
29-1229.02,17103,0.11881977022815618,0.0
29-1229.02,17104,0.07153777977845015,0.0
29-1229.02,17105,0.07652828045992147,0.0
29-1229.02,17106,0.15398003567134994,0.0
29-1229.02,17107,0.05638600957653452,0.0
29-1229.02,17108,0.03805935967391034,0.0
29-1217.00,17109,0.008183659446871359,0.002715480981307776
29-1217.00,17110,0.029688204874267463,0.005038757623885793
29-1217.00,17111,0.008926240654569848,0.003005380040654609
29-1217.00,17112,0.018370249138915738,0.00528298533005683
29-1217.00,17113,0.052117615149252845,0.005420175993948424
29-1217.00,17114,0.03625173016663196,0.005514643352823968
29-1217.00,17115,0.02979123426183275,0.004691523512212571
29-1217.00,17116,0.024154565386176087,0.0035416639678601844
29-1217.00,17117,0.0729108668266217,0.00920993238615563
29-1217.00,17118,0.006610340773808348,0.0026772132076983103
29-1217.00,17119,0.06011805737194913,0.009992130644815926
29-1217.00,17120,0.016983084422213753,0.00581140674792683
29-1217.00,17121,0.06173418218198489,0.00942275921608258
29-1217.00,17122,0.02512670125619494,0.004127208927846487
29-1217.00,17123,0.07595499812844851,0.009723818642506576
29-1217.00,17124,0.06811117124946613,0.007573146655643475
29-1217.00,17125,0.06416453327429368,0.00901426667423922
29-1217.00,17126,0.06963856585162091,0.008148654891721605
29-1217.00,17127,0.004388985944594257,0.0023114716816686346
29-1217.00,17128,0.04345052979714893,0.007846146597090108
29-1217.00,17129,0.030336370924461526,0.005772915180731013
29-1217.00,17130,0.05408774003131074,0.007491625670879898
29-1217.00,17131,0.0554699221556334,0.009226540815226612
29-1217.00,17132,0.08343045073173108,0.00929081857623359
29-1241.00,17159,0.038417674985730836,0.00562054290660386
29-1241.00,17160,0.014753826039915059,0.006167293067576899
29-1241.00,17161,0.0018179157645877681,0.0010002287252378267
29-1241.00,17162,0.10024162804424676,0.008207303320973962
29-1241.00,17163,0.09972251881262549,0.0077945983118183956
29-1241.00,17164,0.0005868075244651395,0.00037207017638494117
29-1241.00,17165,0.0258927647332885,0.007851084554785774
29-1241.00,17166,0.05872214882627471,0.011857093948798558
29-1241.00,17167,0.10671240838210568,0.007067254530010071
29-1241.00,17168,0.0572858540462879,0.013458646917499968
29-1241.00,17169,0.06645850087355205,0.009695389450814893
29-1241.00,17170,0.07531388714220236,0.010371683846994455
29-1241.00,17171,0.09008483552186347,0.010182406518833561
29-1241.00,17172,0.01570084482658283,0.006265064267302405
29-1241.00,17173,0.015917979555733132,0.006010677744867947
29-1241.00,17174,0.03953990199374404,0.00677270674768184
29-1241.00,17175,0.10360735571381192,0.00796477733355272
29-1241.00,17176,0.08922314721298233,0.004677661732593299
29-1222.00,17178,0.03762139521945755,0.007959449087170792
29-1222.00,17179,0.04137332543222335,0.010538746722023198
29-1222.00,17180,0.04113337668175532,0.007195265828172832
29-1222.00,17181,0.013825816030541354,0.0076939041032310475
29-1222.00,17182,0.02527236126597788,0.0065733342748545065
29-1222.00,17183,0.009372944038252305,0.005278317408251867
29-1222.00,17184,0.0019567872818279596,0.0009906780824351542
29-1222.00,17185,0.027769317720099683,0.007031637908301533
29-1222.00,17186,0.01945738716621654,0.009445557362631363
29-1222.00,17187,0.11366703665195171,0.009179010859983667
29-1222.00,17188,0.03079256454199729,0.00972534906296164
29-1222.00,17189,0.013535618071003298,0.004118266918109557
29-1222.00,17190,0.14805459914540323,0.010222993859830344
29-1222.00,17191,0.052642243851911304,0.011779847039536322
29-1222.00,17192,0.0702562258294849,0.009727815038062627
29-1222.00,17193,0.050050173378889784,0.011113212891938444
29-1222.00,17194,0.15450799221435244,0.009418099491638516
29-1222.00,17195,0.14871083547865413,0.008859498573060743
29-1229.04,17196,0.04907292317584245,0.009199651107059883
29-1229.04,17197,0.01819363757550253,0.007088767493794717
29-1229.04,17198,0.10585612712924625,0.013524713203268606
29-1229.04,17199,0.06655769971721112,0.010529591573121768
29-1229.04,17200,0.11139976762768816,0.014276134347915552
29-1229.04,17201,0.12099587806542465,0.012982567273821124
29-1229.04,17202,0.032140230348992965,0.006314638794580287
29-1229.04,17203,0.08165758655645415,0.01112751484758495
29-1229.04,17204,0.07982326990848675,0.011820392052992363
29-1229.04,17205,0.07521223871928859,0.01448429567882006
29-1229.04,17206,0.048625761988299064,0.0066245812821777925
29-1229.04,17207,0.02766602948383417,0.008820751356101587
29-1229.04,17208,0.06997630584787362,0.00915227478212829
29-1229.04,17209,0.018521903956952735,0.003561902582357577
29-1229.04,17210,0.09430063989890287,0.011505633369891589
29-1229.05,17211,0.04655514398688765,0.0
29-1229.05,17212,0.0908322583500791,0.0
29-1229.05,17213,0.017296740402027926,0.0
29-1229.05,17214,0.2772484016247245,0.0
29-1229.05,17215,0.0035621722932745034,0.0
29-1229.05,17216,0.02341694687700354,0.0
29-1229.05,17217,0.027550500198894986,0.0
29-1229.05,17218,0.1531530234016628,0.0
29-1229.05,17219,0.04550695795767627,0.0
29-1229.05,17220,0.023263823463436115,0.0
29-1229.05,17221,0.006052788343554718,0.0
29-1229.05,17222,0.2212692179840352,0.0
29-1229.05,17223,0.0216813493186799,0.0
29-1229.05,17224,0.018792133998153934,0.0
29-1229.05,17225,0.02381854179990883,0.0
29-1224.00,17231,0.011525928039269478,0.004919780495930772
29-1224.00,17234,0.005954650873498578,0.002117182365223564
29-1224.00,17235,0.024009816041327518,0.008601330537607609
29-1224.00,17236,0.02119211892956917,0.005552139495913578
29-1224.00,17239,0.12346229531409754,0.010725252987543682
29-1224.00,17241,0.011059090745861163,0.004617050107094889
29-1224.00,17242,0.11941071732009155,0.012159472913569195
29-1224.00,17243,0.12364584544728688,0.010425322035328843
29-1224.00,17245,0.05942297969582963,0.008081146510506789
29-1224.00,17246,0.04558505563291226,0.008567476497739888
29-1224.00,17248,0.0826877516618877,0.010324682133762508
29-1224.00,17249,0.06941579692854245,0.012815842846809162
29-1224.00,17250,0.04383316280674379,0.008294227717111267
29-1224.00,17251,0.03432488977803757,0.008732600759696252
29-1224.00,17252,0.0755848888683784,0.013915759936611432
29-1224.00,17253,0.021344718006213778,0.004973613476306377
29-1224.00,17254,0.12754029391045252,0.010911644890389713
29-1229.06,17255,0.018458460785541805,0.011572406674377382
29-1229.06,17256,0.002377698341866696,0.0010073765192364144
29-1229.06,17257,0.04482364033512316,0.008885886114370571
29-1229.06,17258,0.023026455505112016,0.011343646235249225
29-1229.06,17259,0.00395159351795933,0.001226588184119527
29-1229.06,17260,0.00969531131930477,0.004352902257146514
29-1229.06,17261,0.01689982540296596,0.011601304336778714
29-1229.06,17262,0.004322085623033447,0.0019062218445213973
29-1229.06,17263,0.02209708379036892,0.012098626592658725
29-1229.06,17264,0.017473342866629375,0.011200503605416025
29-1229.06,17265,0.08957106099408425,0.016310238900573037
29-1229.06,17266,0.05293047726442691,0.012513825420376093
29-1229.06,17267,0.05295584698424772,0.012379955278766692
29-1229.06,17268,0.09628369832345501,0.01787676298370852
29-1229.06,17269,0.025559040289444133,0.010601766083627274
29-1229.06,17270,0.03930274774566832,0.005770295991610971
29-1229.06,17271,0.028555049571993545,0.0108390989026104
29-1229.06,17272,0.05766505312029021,0.013299453019066362
29-1229.06,17273,0.08394174332370392,0.013458067952827668
29-1229.06,17274,0.008926319977879965,0.0024765924573378513
29-1229.06,17275,0.034725021001837025,0.013193486556621706
29-1229.06,17276,0.02095191389258392,0.010923872512236043
29-1229.06,17277,0.000700912518263616,0.000208430408030817
29-1229.06,17278,0.04952168910327546,0.012213531119602059
29-1229.06,17279,0.006673801626286244,0.0013890307355123278
29-1229.06,17280,0.058565957719723616,0.016306574484071138
29-1229.06,17281,0.13004416905493058,0.016117404131593998
29-1229.03,17282,0.033237422940076096,0.007163728543789305
29-1229.03,17283,0.14582366947054942,0.024097887549056434
29-1229.03,17284,0.0578119913922957,0.01807575897339203
29-1229.03,17285,0.038258429262312946,0.011481112661226896
29-1229.03,17286,0.08495841652551885,0.018080669281737308
29-1229.03,17287,0.03889981101816851,0.009294908351262083
29-1229.03,17288,0.08164941613740466,0.018043785237840004
29-1229.03,17289,0.08775655080440008,0.019566198585727116
29-1229.03,17290,0.07154459761766488,0.01743671623140247
29-1229.03,17291,0.017443221589673232,0.00726437282177349
29-1229.03,17293,0.1350601586434615,0.020860268993860287
29-1229.03,17294,0.0800120745364733,0.018490335758653116
29-1229.03,17295,0.12754424006200085,0.02204606440799733
29-1071.01,17296,0.13029127681505764,0.024797451665887517
29-1071.01,17297,0.021948403047696928,0.009369446559323882
29-1071.01,17298,0.018045622596605842,0.01065826910300039
29-1071.01,17299,0.00742112666696003,0.004885123539237905
29-1071.01,17300,0.09142205433492649,0.02057782400987838
29-1071.01,17301,0.11556703440433796,0.022636103172036334
29-1071.01,17302,0.021115406342265775,0.014303631113198424
29-1071.01,17303,0.07143745079902293,0.020935881584374986
29-1071.01,17304,0.07905666587258008,0.01687871173279495
29-1071.01,17305,0.11933412400245444,0.026386979479068932
29-1071.01,17306,0.01166840246360424,0.005566485987199958
29-1071.01,17307,0.03184054688885865,0.009902558799666696
29-1071.01,17308,0.02675539423351792,0.011496478857805364
29-1071.01,17309,0.04949262536145272,0.017587506816511556
29-1071.01,17310,0.12520481040289227,0.030161780521999665
29-1071.01,17311,0.07939905576776611,0.022840654632197626
29-1141.02,17312,0.00107241236261714,0.0
29-1141.02,17313,0.007642507030835981,0.0
29-1141.02,17314,0.012230686147025598,0.0
29-1141.02,17315,0.023404812084088806,0.0
29-1141.02,17316,0.010579668574172646,0.0
29-1141.02,17317,0.0059339557518572564,0.0
29-1141.02,17318,0.01885051528781186,0.0
29-1141.02,17319,0.09610416049236785,0.0
29-1141.02,17320,0.016703321129966052,0.0
29-1141.02,17321,0.017390453373121034,0.0
29-1141.02,17322,0.014449646907522066,0.0
29-1141.02,17323,0.021812783561549757,0.0
29-1141.02,17324,0.08783694867150169,0.0
29-1141.02,17325,0.06331763572867455,0.0
29-1141.02,17326,0.0894282023583497,0.0
29-1141.02,17327,0.07663228770722633,0.0
29-1141.02,17328,0.05423587395933317,0.0
29-1141.02,17329,0.0874472342455478,0.0
29-1141.02,17330,0.021875755817595443,0.0
29-1141.02,17331,0.09914265009407086,0.0
29-1141.02,17332,0.030911224466143063,0.0
29-1141.02,17333,0.012149846328539724,0.0
29-1141.02,17334,0.08143854873324526,0.0
29-1141.02,17335,0.04940886918683639,0.0
29-1122.01,17336,0.13786415268662974,0.0
29-1122.01,17337,0.005030911280532375,0.0
29-1122.01,17338,0.03556910907508618,0.0
29-1122.01,17339,0.0066742998556650205,0.0
29-1122.01,17340,0.012847907141492993,0.0
29-1122.01,17341,0.017297773231750066,0.0
29-1122.01,17342,0.01849238509721799,0.0
29-1122.01,17343,0.003969632522528514,0.0
29-1122.01,17344,0.01105292864665607,0.0
29-1122.01,17345,0.11742114100441872,0.0
29-1122.01,17346,0.12265200727982457,0.0
29-1122.01,17347,0.030298421200818826,0.0
29-1122.01,17348,0.04578187959721061,0.0
29-1122.01,17349,0.08695204504571508,0.0
29-1122.01,17350,0.02777536432211063,0.0
29-1122.01,17351,0.05994426678579951,0.0
29-1122.01,17352,0.11517205178787474,0.0
29-1122.01,17353,0.014840215440398237,0.0
29-1122.01,17354,0.05682973678995815,0.0
29-1122.01,17355,0.021091877490619613,0.0
29-1291.00,17356,0.021219210318592554,0.0
29-1291.00,17357,0.0797693741403032,0.0
29-1291.00,17358,0.0694907076453919,0.0
29-1291.00,17359,0.016192286653744243,0.0
29-1291.00,17360,0.043160817362243455,0.0
29-1291.00,17361,0.07195901850901909,0.0
29-1291.00,17362,0.08059622380731943,0.0
29-1291.00,17363,0.05008377004496195,0.0
29-1291.00,17364,0.058798059472419346,0.0
29-1291.00,17365,0.06829452512616883,0.0
29-1291.00,17366,0.05895924319089972,0.0
29-1291.00,17367,0.014861512958471658,0.0
29-1291.00,17368,0.040089066571178056,0.0
29-1291.00,17369,0.05929356652015314,0.0
29-1291.00,17370,0.07072486307720549,0.0
29-1291.00,17371,0.033262460646740204,0.0
29-1291.00,17372,0.08264907014786826,0.0
29-1291.00,17373,0.08059622380731943,0.0
29-2011.01,17374,0.0010744856639309016,0.0
29-2011.01,17375,0.02409238163188425,0.0
29-2011.01,17376,0.045958275354371504,0.0
29-2011.01,17377,0.031223365388740865,0.0
29-2011.01,17378,0.013907134095325575,0.0
29-2011.01,17379,0.013986590638643891,0.0
29-2011.01,17380,0.020571024615018772,0.0
29-2011.01,17381,0.014324014668690536,0.0
29-2011.01,17382,0.019273358739368394,0.0
29-2011.01,17383,0.07311014618013993,0.0
29-2011.01,17384,0.012992109328540056,0.0
29-2011.01,17385,0.08551770392421511,0.0
29-2011.01,17386,0.038514106039286344,0.0
29-2011.01,17387,0.017503506531383835,0.0
29-2011.01,17388,0.03662276977139607,0.0
29-2011.01,17389,0.07963538923193507,0.0
29-2011.01,17390,0.07050004895942188,0.0
29-2011.01,17391,0.07506771909567847,0.0
29-2011.01,17392,0.04667103140693739,0.0
29-2011.01,17393,0.016510785428298976,0.0
29-2011.01,17394,0.028059455874232905,0.0
29-2011.02,17395,0.16881817835630555,0.0
29-2011.02,17396,0.12559005707183044,0.0
29-2011.02,17397,0.10849724289092277,0.0
29-2011.02,17398,0.09162453369523033,0.0
29-2011.02,17399,0.037256112160984116,0.0
29-2011.02,17400,0.02896305896639905,0.0
29-2011.02,17401,0.13691589203897414,0.0
29-2011.02,17402,0.11015055185963797,0.0
29-2011.02,17404,0.025326890516708958,0.0
29-2011.02,17405,0.09676801555386103,0.0
29-2011.02,17406,0.023320239998757084,0.0
29-2011.02,17407,0.045102360714391686,0.0
29-2011.02,17408,0.0016668661759968828,0.0
29-2099.01,17423,0.08483323283478954,0.0
29-2099.01,17424,0.06126039256716882,0.0
29-2099.01,17425,0.07228175827083677,0.0
29-2099.01,17426,0.0407516269361436,0.0
29-2099.01,17427,0.015734374336961406,0.0
29-2099.01,17428,0.03728608511093014,0.0
29-2099.01,17429,0.144246088007811,0.0
29-2099.01,17430,0.06737214305153447,0.0
29-2099.01,17431,0.10519866638973599,0.0
29-2099.01,17432,0.038293899095762786,0.0
29-2099.01,17433,0.07488348854624749,0.0
29-2099.01,17434,0.08703062582987167,0.0
29-2099.01,17435,0.055886808070309345,0.0
29-2099.01,17436,0.021694587254654594,0.0
29-2099.01,17437,0.08881341279817447,0.0
29-2099.01,17438,0.004432810899067953,0.0
29-2092.00,17439,0.14562281110523997,0.027111118973887842
29-2092.00,17440,0.13910167739854964,0.029338125771113166
29-2092.00,17441,0.11046659128391342,0.011935416368112442
29-2092.00,17442,0.05213616660441928,0.008299393654829469
29-2092.00,17443,0.1508834814528359,0.022421409016831234
29-2092.00,17444,0.019920969533825765,0.0060650107661852975
29-2092.00,17445,0.04150814803848395,0.015085115858831525
29-2092.00,17446,0.17855948332668556,0.023341362550359523
29-2092.00,17447,0.021765396433778516,0.011828104918429514
29-2092.00,17448,0.014548321819472595,0.005019508340916915
29-9099.01,17465,0.010824435766482156,0.002041365907553051
29-9099.01,17466,0.0406515485406334,0.008647328306300732
29-9099.01,17467,0.010359257222934078,0.002024828278119139
29-9099.01,17468,0.01351188831023408,0.007157968076563815
29-9099.01,17469,0.011146600750677171,0.0016491153241131417
29-9099.01,17470,0.013385205062521988,0.004734356851662529
29-9099.01,17471,0.04612657659758252,0.007866302540933921
29-9099.01,17472,0.09568822277460522,0.015084285862579061
29-9099.01,17473,0.04245059225778463,0.013139359059877224
29-9099.01,17475,0.02727967067680482,0.0060441697245586165
29-9099.01,17476,0.055648683208377236,0.007985104735312694
29-9099.01,17477,0.0022372378838377716,0.0008487418977424856
29-9099.01,17478,0.017921642856355006,0.004867475174785484
29-9099.01,17479,0.0010224989089219535,0.0006875522894602031
29-9099.01,17480,0.021021598480312816,0.004377777566142858
29-9099.01,17481,0.0894131733261377,0.014214851672650342
29-9099.01,17482,0.08337301005939239,0.011062613237870519
29-9099.01,17483,0.030510835644847918,0.0050907036674141684
29-9099.01,17484,0.020264672954931028,0.00463255504895132
29-9099.01,17485,0.05787710068901837,0.008525520028983966
29-9099.01,17486,0.006143742522765987,0.001510875604214021
29-9099.01,17487,0.02876135705279361,0.006222273671565416
29-9099.01,17488,0.02192995616144554,0.005774497467972801
29-9099.01,17492,0.005272633692321576,0.0011779292278079685
29-9099.01,17493,0.05317272442988844,0.010156208281630087
29-9099.01,17494,0.0024508102462678983,0.0016493125716574883
29-9099.01,17495,0.04733572854453442,0.011662275037388517
29-9099.01,17496,0.0189984068107635,0.003860683728371672
29-9099.01,17498,0.04067944611952005,0.007262616141754307
29-9099.01,17499,0.02666136569509783,0.005907063380616188
29-9092.00,17500,0.08153059096474669,0.0
29-9092.00,17501,0.058786243526697854,0.0
29-9092.00,17502,0.08313040332060777,0.0
29-9092.00,17503,0.059592222773446585,0.0
29-9092.00,17504,0.09176362051892015,0.0
29-9092.00,17505,0.08446112678864705,0.0
29-9092.00,17506,0.08240773082840132,0.0
29-9092.00,17507,0.0806686414159722,0.0
29-9092.00,17508,0.08884066361178743,0.0
29-9092.00,17509,0.06519515168821567,0.0
29-9092.00,17510,0.025960661882710245,0.0
29-9092.00,17511,0.08299367260782092,0.0
29-9092.00,17512,0.005060210308385297,0.0
29-9092.00,17513,0.002484316227091922,0.0
29-9092.00,17514,0.006065224393542076,0.0
29-9092.00,17515,0.02991383115459683,0.0
29-9092.00,17516,0.0005793043150108075,0.0
29-9092.00,17517,0.02306705926322374,0.0
29-9092.00,17518,0.047499324410175466,0.0
31-9099.02,17519,0.13991357727276457,0.0
31-9099.02,17520,0.034210753557337416,0.0
31-9099.02,17521,0.13298952774378694,0.0
31-9099.02,17522,0.13087524570862016,0.0
31-9099.02,17523,0.05221534238786847,0.0
31-9099.02,17524,0.11488910079137449,0.0
31-9099.02,17525,0.15208804795023234,0.0
31-9099.02,17526,0.010821821227524925,0.0
31-9099.02,17527,0.11723689761351193,0.0
31-9099.02,17528,0.002542872604745402,0.0
31-9099.02,17529,0.01484967978247332,0.0
31-9099.02,17530,0.09736713335976006,0.0
31-9099.01,17531,0.018386546589531406,0.007800606814757694
31-9099.01,17532,0.1741176386391501,0.014358167628915355
31-9099.01,17533,0.17537733454607626,0.01773270459968954
31-9099.01,17534,0.15524597620537745,0.021287621156624647
31-9099.01,17535,0.16915284325969573,0.019059776043141075
31-9099.01,17536,0.007422655661595572,0.0039401814651972905
31-9099.01,17539,0.1431568845277469,0.022853346573751786
31-9099.01,17540,0.043545336958567916,0.01132188746492668
31-9099.01,17541,0.11359478361225868,0.01643840249150436
33-3021.06,17542,0.03783621321319185,0.0
33-3021.06,17543,0.060609420931715154,0.0
33-3021.06,17544,0.07097423572157917,0.0
33-3021.06,17545,0.05884858621593218,0.0
33-3021.06,17546,0.051940234988837444,0.0
33-3021.06,17547,0.016607143533813037,0.0
33-3021.06,17548,0.07912060558737243,0.0
33-3021.06,17549,0.13446711743487255,0.0
33-3021.06,17550,0.051992736426772664,0.0
33-3021.06,17551,0.034101953378525,0.0
33-3021.06,17552,0.03628105073316787,0.0
33-3021.06,17553,0.007300041685442114,0.0
33-3021.06,17554,0.013920552861724122,0.0
33-3021.06,17555,0.10967658922806285,0.0
33-3021.06,17556,0.05454144252811757,0.0
33-3021.06,17557,0.024841550988849992,0.0
33-3021.06,17558,0.0009147776100558043,0.0
33-3021.06,17559,0.00258985397829514,0.0
33-9099.02,17560,0.09189125169863618,0.017658607106081154
33-9099.02,17561,0.07720641099359186,0.014649532223845562
33-9099.02,17562,0.011756173000993962,0.0024949641759293246
33-9099.02,17563,0.04123001800986497,0.01300595985801788
33-9099.02,17564,0.05728365353078701,0.01813664644412553
33-9099.02,17565,0.060862196862152024,0.015643228021062185
33-9099.02,17566,0.06445930241619889,0.016998201698398413
33-9099.02,17567,0.05609153380649229,0.014257447735136071
33-9099.02,17568,0.0767950215339153,0.017785631264512346
33-9099.02,17569,0.10403694590283205,0.02752111627864959
33-9099.02,17570,0.045848139147498135,0.015547353456906176
33-9099.02,17571,0.03177862074914283,0.015500470621093419
33-9099.02,17572,0.032495250282913786,0.006445039243538553
33-9099.02,17573,0.07751537871702247,0.01691768745492666
33-9099.02,17575,0.01464004886422445,0.002318025995191191
33-9099.02,17576,0.008330565168788794,0.003344943087160511
33-9099.02,17577,0.016618221948178195,0.0053929159191258656
33-9099.02,17578,0.08540537110637976,0.018820394132376954
33-9099.02,17579,0.04575589626038695,0.014760496130683897
35-3023.01,17581,0.10033291191485329,0.004694261303886811
35-3023.01,17582,0.06923870344402504,0.005735257352550305
35-3023.01,17583,0.06031253025769541,0.004743779830742276
35-3023.01,17584,0.016960690086317065,0.003752567840790482
35-3023.01,17585,0.08401386955563052,0.00455497535403992
35-3023.01,17586,0.031319544204652376,0.004966491865056151
35-3023.01,17587,0.05839098782316276,0.006275561074345231
35-3023.01,17588,0.09506200259992936,0.006724167370886336
35-3023.01,17589,0.07975462002759014,0.008345880296714448
35-3023.01,17590,0.04612097780883933,0.00684535356444752
35-3023.01,17591,0.08465262091915186,0.0059381022522699825
35-3023.01,17592,0.028379350560444157,0.0025771136755164334
35-3023.01,17593,0.04087257608316911,0.008237190049914307
35-3023.01,17594,0.035228465938769986,0.005085196855311331
35-3023.01,17595,0.007624261828169731,0.0023050179725941453
35-3023.01,17596,0.04211054001058212,0.008912445353661995
35-3023.01,17597,0.0604753337881428,0.006956017606519738
35-3023.01,17598,0.033083132748419994,0.004376203370638222
35-3023.01,17599,0.026066880400454996,0.004968441574413511
11-9179.02,17600,0.03409061974473613,0.011074615953022135
11-9179.02,17601,0.08601791168883272,0.02419685682657331
11-9179.02,17602,0.022181339843275097,0.013792617625997684
11-9179.02,17603,0.03467939637671898,0.01706584922807607
11-9179.02,17604,0.019626563061341612,0.005934930235299663
11-9179.02,17605,0.10230193673573575,0.0190392865989633
11-9179.02,17606,0.02750271473715917,0.012361165319550763
11-9179.02,17607,0.009722306666108646,0.006344937087358415
11-9179.02,17608,0.01616723805433853,0.004427853706612966
11-9179.02,17609,0.04163583480334121,0.016081010104437566
11-9179.02,17610,0.061251847902286355,0.01687287416037446
11-9179.02,17612,0.10752978461423941,0.02041564400495462
11-9179.02,17613,0.041043179682783815,0.01178995921876147
11-9179.02,17615,0.015249823057467712,0.004204542495350461
11-9179.02,17616,0.03862130947955092,0.018000799695995454
11-9179.02,17617,0.1082077301023912,0.02561232109458094
11-9179.02,17619,0.15617060836179247,0.028288015598413027
11-9179.02,17620,0.07799985508790029,0.021024833089482442
41-4011.07,17654,0.07707680884486057,0.024880833912887295
41-4011.07,17655,0.10886325969012373,0.012008084536359057
41-4011.07,17656,0.1011215483901107,0.01001965729882973
41-4011.07,17657,0.05252564565768959,0.009414482994197872
41-4011.07,17658,0.08711398857865994,0.012005748658112998
41-4011.07,17659,0.056593881136038186,0.009817307754572567
41-4011.07,17660,0.046456851487874366,0.015441391488775639
41-4011.07,17661,0.09536785061106923,0.014284863831138708
41-4011.07,17662,0.04694628873975794,0.010815888552218272
41-4011.07,17663,0.10782606573794414,0.011197873999217834
41-4011.07,17664,0.11873762616436201,0.01694200052163958
41-4011.07,17665,0.05585709705666183,0.009963773442199167
41-4011.07,17666,0.04551308790484778,0.01251155437753418
29-2099.08,17667,0.11731117508117574,0.024786680580165914
29-2099.08,17668,0.20418009943162604,0.018712989316469694
29-2099.08,17669,0.03395035255872325,0.008405187063142694
29-2099.08,17670,0.14045555148568134,0.01943723379127446
29-2099.08,17671,0.13731652245159212,0.019453467354048275
29-2099.08,17672,0.038948461049904785,0.013345646661225594
29-2099.08,17673,0.051518024408855854,0.01881111237513076
29-2099.08,17674,0.037612893352147105,0.017594503213264858
29-2099.08,17675,0.027533311216884286,0.01517783734139919
29-2099.08,17676,0.01835845146387454,0.00887334140610501
29-2099.08,17677,0.0350078490820385,0.01609511879029571
29-2099.08,17678,0.1265613915893037,0.024075196735003922
29-2099.08,17679,0.031245916828192777,0.00968548315347989
43-5011.01,17680,0.040609881788399374,0.009298267031046565
43-5011.01,17681,0.05082984360388654,0.009508226391560941
43-5011.01,17682,0.043724877964241,0.009570030760417382
43-5011.01,17683,0.04090482790974057,0.010435722533627168
43-5011.01,17684,0.029253768902198513,0.008796424081044625
43-5011.01,17686,0.04515613743770816,0.007878405778661389
43-5011.01,17687,0.044455424245430746,0.009113456060459206
43-5011.01,17688,0.036263700561502854,0.009257251476279314
43-5011.01,17689,0.042752515510222695,0.014303864250624104
43-5011.01,17690,0.03910670542430977,0.008903387601321167
43-5011.01,17691,0.02507263163443981,0.008521555734837885
43-5011.01,17692,0.040034900205612754,0.01089236910028224
43-5011.01,17693,0.04249160408574253,0.01193967819502828
43-5011.01,17695,0.037242348051410086,0.008824604456270427
43-5011.01,17696,0.0375678005820065,0.012326518838050584
43-5011.01,17697,0.02357608625029638,0.00987550531074953
43-5011.01,17698,0.03260840384337346,0.00717702012101653
43-5011.01,17699,0.03256279329533144,0.007656984330686927
43-5011.01,17700,0.03434640748373137,0.009806329605098271
43-5011.01,17701,0.037710970785612606,0.009572514275305708
43-5011.01,17702,0.02804746088336049,0.008608973024113922
43-5011.01,17703,0.02826799395999083,0.009189561438222547
43-5011.01,17704,0.03417040243644598,0.00866164235610249
43-5011.01,17705,0.026763103676803405,0.009522005493123844
15-2099.01,17706,0.11720316205732309,0.03403187206457082
15-2099.01,17707,0.09201763981900557,0.033693782122699155
15-2099.01,17708,0.019085648729310897,0.006080466696270842
15-2099.01,17709,0.13216969992010572,0.03248257408252605
15-2099.01,17710,0.046979148642414384,0.015327228563571662
15-2099.01,17711,0.08427550012956889,0.04348636940305196
15-2099.01,17712,0.04588124090100075,0.01458940664808761
15-2099.01,17713,0.04763777066720965,0.019895084584346176
15-2099.01,17714,0.03796636096714647,0.012458486036540936
15-2099.01,17715,0.04269139088212415,0.014992494373814827
15-2099.01,17716,0.04498080600339723,0.008465155056679451
15-2099.01,17717,0.028934123493273144,0.007335143334559674
15-2099.01,17719,0.0036839213553391662,0.0016169967216843445
15-2099.01,17720,0.09907160598313293,0.026952746130991512
15-2099.01,17721,0.10872546833206014,0.04014247640342734
15-2099.01,17722,0.022104965716340248,0.00919380125678186
15-2099.01,17724,0.026591546401247588,0.007513035424472053
47-1011.03,17726,0.23938994525798563,0.038373819988021814
47-1011.03,17727,0.029883437102588818,0.00839986373901256
47-1011.03,17728,0.04209745934793536,0.00717434820059026
47-1011.03,17729,0.04573130815482686,0.013973927417768942
47-1011.03,17730,0.07313415279730104,0.026906347056678236
47-1011.03,17731,0.058212671224778245,0.01950607450930671
47-1011.03,17732,0.1506160970496087,0.022090224885551003
47-1011.03,17733,0.016924532442245364,0.0069288815840322085
47-1011.03,17734,0.04644213419962011,0.015814673552338107
47-1011.03,17735,0.12302592331188829,0.0315016141837238
47-1011.03,17737,0.09223880184111041,0.012316406068662656
47-1011.03,17738,0.06180714457968281,0.017345385365601124
47-1011.03,17739,0.020496392690428272,0.008753084179840923
47-2231.00,17740,0.06105313358517585,0.010271782022241585
47-2231.00,17741,0.025608455347565538,0.00991856873920723
47-2231.00,17742,0.07141010045705364,0.011886458489581388
47-2231.00,17743,0.018032792353934537,0.007400338900752187
47-2231.00,17744,0.01867907873482398,0.002440318493667604
47-2231.00,17745,0.05814318508291877,0.010232955042446168
47-2231.00,17746,0.05043088001965494,0.009327217506077781
47-2231.00,17747,0.029995552466473036,0.00712910041037991
47-2231.00,17748,0.020900069230896205,0.005849260941638975
47-2231.00,17749,0.028727025876307356,0.008090730588972512
47-2231.00,17750,0.05661111148339421,0.009964319321381662
47-2231.00,17751,0.06258530034319085,0.011100205352609253
47-2231.00,17752,0.021162016667273936,0.006505974878669524
47-2231.00,17753,0.06510087668818336,0.013088370960984325
47-2231.00,17754,0.05389297627350196,0.01112250198570763
47-2231.00,17755,0.03613734112110227,0.007976386658100673
47-2231.00,17756,0.058994340810441,0.009886309421937361
47-2231.00,17757,0.030778012063578764,0.007128809532826668
47-2231.00,17758,0.02045582983216193,0.006735298813178739
47-2231.00,17759,0.02193351535300522,0.006323878987980025
47-2231.00,17760,0.013252978507029676,0.002102086731634581
47-2231.00,17761,0.030498222963682733,0.005828343880606537
47-2231.00,17762,0.03242237841810045,0.008776207401977565
47-2231.00,17763,0.021754953363320166,0.004308862370888047
47-2231.00,17764,0.017004361730779464,0.0015140965522525535
47-2231.00,17765,0.07443551122645017,0.015678501273403374
47-2152.04,17766,0.04169166742705389,0.01843299404156007
47-2152.04,17767,0.06536913472944367,0.02697429968964059
47-2152.04,17768,0.05517951325860946,0.022733883178619706
47-2152.04,17769,0.05596556424729219,0.023625098773952594
47-2152.04,17770,0.03842462621331495,0.01318929528341455
47-2152.04,17771,0.06260201786654315,0.024110342069880997
47-2152.04,17772,0.05102473884988433,0.0256811002123222
47-2152.04,17773,0.06274757298641362,0.025461734478780997
47-2152.04,17774,0.03785437108402021,0.011929848922221677
47-2152.04,17775,0.0762635704341292,0.021259471730141533
47-2152.04,17776,0.04051597102433628,0.011631428827816656
47-2152.04,17777,0.023385366850912796,0.009061800670121549
47-2152.04,17778,0.04495958960978221,0.02377120328086434
47-2152.04,17779,0.04644845955983655,0.02391493543898075
47-2152.04,17780,0.04722157518327848,0.014017768256434582
47-2152.04,17781,0.024833068648011956,0.008101140205135977
47-2152.04,17782,0.06996501948551903,0.024959443173132118
47-2152.04,17783,0.013565998815414745,0.006359267818193008
47-2152.04,17784,0.05540037939519832,0.023492843988484703
47-2152.04,17785,0.05271064197140337,0.022120733832837542
47-2152.04,17786,0.03387115235960158,0.006374394608704988
47-4099.03,17787,0.03304645786262601,0.0
47-4099.03,17788,0.07686916963196616,0.0
47-4099.03,17789,0.04432646827110016,0.0
47-4099.03,17790,0.03633545055546076,0.0
47-4099.03,17791,0.03911963402716504,0.0
47-4099.03,17792,0.05664362055636401,0.0
47-4099.03,17793,0.01251107715141993,0.0
47-4099.03,17794,0.07336271309788203,0.0
47-4099.03,17795,0.06777761226616429,0.0
47-4099.03,17796,0.027262782739959406,0.0
47-4099.03,17797,0.027730965111979308,0.0
47-4099.03,17798,0.04182462772092893,0.0
47-4099.03,17799,0.04887589980137348,0.0
47-4099.03,17800,0.06406062932539333,0.0
47-4099.03,17801,0.05605123486223248,0.0
47-4099.03,17802,0.062095577960597614,0.0
47-4099.03,17803,0.061194739047296456,0.0
47-4099.03,17804,0.042465442618116384,0.0
49-9081.00,17806,0.15194739995691972,0.02559752760822326
49-9081.00,17807,0.13167613211651888,0.01608958100846451
49-9081.00,17808,0.10691830456471617,0.013348102646544709
49-9081.00,17809,0.12383236827300252,0.025349750543429216
49-9081.00,17810,0.12861387397494475,0.014913785793925351
49-9081.00,17811,0.11602065808691185,0.015793950193182266
49-9081.00,17812,0.08018961294859991,0.011775146291016302
49-9081.00,17813,0.0010097380155643847,0.000719915332059593
49-9081.00,17814,0.046783493438343066,0.014753869434780948
49-9081.00,17815,0.07733197306714416,0.013957027583670666
49-9081.00,17817,0.035676445557334506,0.01086892115585043
51-8099.01,17818,0.04404097476476541,0.007593689304394675
51-8099.01,17819,0.06271166917288051,0.010107567323362949
51-8099.01,17820,0.06904606886263005,0.009346277818255925
51-8099.01,17821,0.09697142508923708,0.007811069660769994
51-8099.01,17822,0.061752348133113595,0.007143360601009183
51-8099.01,17823,0.04516996095164683,0.00895733786016098
51-8099.01,17824,0.01727170843647605,0.004886312271310618
51-8099.01,17825,0.08686317916346052,0.006667249714763585
51-8099.01,17826,0.04575540779321024,0.005869301612931504
51-8099.01,17827,0.05510917472202479,0.010990908206894743
51-8099.01,17828,0.07991047414514166,0.008026637525975325
51-8099.01,17829,0.0756338513926062,0.007524473776000732
51-8099.01,17830,0.08600672245797643,0.011053936048203488
51-8099.01,17831,0.04246424916525866,0.005987270040480082
51-8099.01,17832,0.050820364943273626,0.005329224690827786
51-8099.01,17833,0.03424772756140664,0.004919043721665511
51-8099.01,17834,0.028786814948303326,0.005259268433818644
51-8099.01,17835,0.01240987808627999,0.004390055550766372
51-8099.01,17836,0.0050280002103083084,0.001469167961209414
51-8013.03,17854,0.05282333419510529,0.009963285948714611
51-8013.03,17855,0.08677027727455736,0.010636491000248022
51-8013.03,17856,0.01959296866551905,0.004724871230428605
51-8013.03,17857,0.04014259822771683,0.008538448207835779
51-8013.03,17858,0.049552231062927325,0.01108575884418924
51-8013.03,17859,0.02256907366967651,0.0051463614295402605
51-8013.03,17860,0.07984066029892355,0.010486132057008584
51-8013.03,17861,0.09578178814831721,0.008099934349722827
51-8013.03,17862,0.09670057695230257,0.010309033179648193
51-8013.03,17863,0.08118741163442837,0.011762778712569356
51-8013.03,17864,0.09542629233661552,0.014787314880661572
51-8013.03,17865,0.020521795739449997,0.007203247038726208
51-8013.03,17866,0.09980678474546105,0.01055340622988022
51-8013.03,17867,0.04426512754628819,0.008163959442553565
51-8013.03,17868,0.011342680761808941,0.004873370964232476
51-8013.03,17869,0.030826528683559302,0.013786203294180819
53-7062.04,17872,0.11427309174559028,0.036089232554060546
53-7062.04,17874,0.13183563383786806,0.03820587926335472
53-7062.04,17876,0.0531309777866263,0.018097117905977525
53-7062.04,17877,0.13057327556191642,0.043885533378690694
53-7062.04,17878,0.18820532812646545,0.03125456061552787
53-7062.04,17879,0.09730153110149424,0.028088933787727394
53-7062.04,17882,0.12417758884613517,0.031939173865305995
53-7062.04,17884,0.10720117554910122,0.02701844638731324
53-7062.04,17886,0.05330139744480284,0.015378233139731724
53-1042.01,17888,0.06172298184720638,0.01704646520785577
53-1042.01,17889,0.14524195838275372,0.026944901868513307
53-1042.01,17890,0.10939637556100335,0.030542968052394145
53-1042.01,17891,0.07061761741556327,0.02548710756354114
53-1042.01,17892,0.031666060890099455,0.01688930423390052
53-1042.01,17893,0.03485589420244515,0.014920743044915507
53-1042.01,17894,0.0026048167121954864,0.0013687625765983012
53-1042.01,17895,0.028160112334755082,0.018159435822124752
53-1042.01,17896,0.007415355884687183,0.005034233495763543
53-1042.01,17897,0.009627608039616542,0.0033657112791566704
53-1042.01,17898,0.020595184640625045,0.012260395882955922
53-1042.01,17899,0.00458019678705593,0.0027426055774536382
53-1042.01,17900,0.045445261245856565,0.017023611051789653
53-1042.01,17902,0.030077893418628973,0.01418057971019311
53-1042.01,17904,0.06575857335200125,0.020668209229975056
53-1042.01,17905,0.03432059441110811,0.0187584633116455
53-1042.01,17906,0.03180242130585052,0.011436777120275294
53-1042.01,17907,0.08616601059572,0.028926890954734455
53-1042.01,17908,0.06209884152071304,0.023532050578126996
53-1042.01,17909,0.024624603217437303,0.012040886746771163
53-1042.01,17910,0.09322163823467769,0.028414963647098005
51-8013.04,17911,0.05473484459292143,0.01455369301297445
51-8013.04,17913,0.07587955677581014,0.016186699936537745
51-8013.04,17914,0.10608716641440324,0.019540817978416787
51-8013.04,17915,0.05753737414637124,0.01913797098131255
51-8013.04,17916,0.07452108274395433,0.012062352357264876
51-8013.04,17917,0.025703253848507964,0.005487071377489907
51-8013.04,17918,0.10275857163302786,0.015260292215045995
51-8013.04,17919,0.04181632947113078,0.007871056863290817
51-8013.04,17920,0.024908764573952368,0.01063426701098307
51-8013.04,17921,0.098913423580167,0.014425201136207613
51-8013.04,17922,0.11761482569746372,0.016685407389921858
51-8013.04,17923,0.02633266946351328,0.009939848387844697
51-8013.04,17924,0.020527748562336058,0.003481637618435324
51-8013.04,17925,0.03212961740726172,0.008084959673631716
51-8013.04,17926,0.02480115077204245,0.011797537425071855
51-8013.04,17927,0.007601939656841999,0.0031549460482874713
51-8013.04,17928,0.025079787260448207,0.005898753076091111
51-8013.04,17929,0.030236756325799186,0.004377653520760792
51-8013.04,17930,0.04075368540943526,0.014614765213345478
51-8013.04,17931,0.01206145166461176,0.0023602693642811464
49-9099.01,17932,0.06280953108617265,0.012199447984718597
49-9099.01,17933,0.024920974099730382,0.01287873213643122
49-9099.01,17934,0.13878707856145223,0.03360340578072959
49-9099.01,17935,0.09239845476879152,0.017918757843988983
49-9099.01,17938,0.01892875501403769,0.014060020089898958
49-9099.01,17939,0.01095872767575544,0.009024398986147073
49-9099.01,17941,0.028271252228896874,0.015569164746059136
49-9099.01,17942,0.04612460761442733,0.012609121724421633
49-9099.01,17943,0.04183845579507737,0.014450149763672303
49-9099.01,17944,0.057229694405067554,0.01567748844040336
49-9099.01,17945,0.0372615849329729,0.01710584080071901
49-9099.01,17946,0.017144274622075847,0.0074686567799879516
49-9099.01,17949,0.021009429310548843,0.01165471473246998
49-9099.01,17950,0.12535473087435633,0.019049714363754217
49-9099.01,17951,0.041773022709536485,0.012165868760479943
49-9099.01,17953,0.03682642399804506,0.013202169637186598
49-9099.01,17955,0.1571511633489053,0.015818150113449347
49-9099.01,17956,0.041211838954150135,0.013192457328609406
29-1141.04,18000,0.010255387480121933,0.0
29-1141.04,18001,0.04213163157582164,0.0
29-1141.04,18002,0.04133056389482548,0.0
29-1141.04,18003,0.047305967621642554,0.0
29-1141.04,18004,0.06847277529438102,0.0
29-1141.04,18005,0.05347186731056063,0.0
29-1141.04,18006,0.07071467651594539,0.0
29-1141.04,18007,0.014119115305529655,0.0
29-1141.04,18008,0.051817013095245446,0.0
29-1141.04,18009,0.029627938616471765,0.0
29-1141.04,18010,0.02561714297616227,0.0
29-1141.04,18011,0.030259347526662293,0.0
29-1141.04,18012,0.03373711664354007,0.0
29-1141.04,18013,0.06046209797444512,0.0
29-1141.04,18014,0.018678102137398515,0.0
29-1141.04,18015,0.01979859325547589,0.0
29-1141.04,18016,0.051797714757777724,0.0
29-1141.04,18017,0.055385660479576236,0.0
29-1141.04,18018,0.01383055998603303,0.0
29-1141.04,18019,0.009182481804186227,0.0
29-1141.04,18020,0.02071679757829953,0.0
29-1141.04,18021,0.021759034160883293,0.0
11-9199.01,18022,0.04710782061608121,0.0
11-9199.01,18023,0.018432977387366475,0.0
11-9199.01,18024,0.06696333149501352,0.0
11-9199.01,18025,0.08920324931823383,0.0
11-9199.01,18026,0.13602676721424298,0.0
11-9199.01,18027,0.032727156120460184,0.0
11-9199.01,18028,0.025310943703180135,0.0
11-9199.01,18029,0.03198678698897863,0.0
11-9199.01,18030,0.09717460833306575,0.0
11-9199.01,18031,0.010415384993401992,0.0
11-9199.01,18032,0.030189936989837296,0.0
11-9199.01,18034,0.016138481687848493,0.0
11-9199.01,18035,0.016073362356180843,0.0
11-9199.01,18036,0.003496173613051387,0.0
11-9199.01,18037,0.06429472116116053,0.0
11-9199.01,18038,0.02252570291708671,0.0
11-9199.01,18039,0.026361159302046196,0.0
11-9199.01,18040,0.03181094308101867,0.0
11-9199.01,18041,0.0031180900546825025,0.0
11-9199.01,18042,0.03856226370545726,0.0
11-9199.01,18043,0.012313912581929518,0.0
11-9199.01,18044,0.0015372617203820928,0.0
13-1041.07,18045,0.017858135835751035,0.0
13-1041.07,18048,0.06119193453041591,0.0
13-1041.07,18049,0.04007279595579634,0.0
13-1041.07,18050,0.06122875015779148,0.0
13-1041.07,18051,0.06914227081372107,0.0
13-1041.07,18052,0.07267254557352025,0.0
13-1041.07,18053,0.06503775882085401,0.0
13-1041.07,18054,0.13072796116006263,0.0
13-1041.07,18055,0.040414034685068954,0.0
13-1041.07,18056,0.00566507612178048,0.0
13-1041.07,18058,0.04249156650420717,0.0
13-1041.07,18059,0.025862099710223574,0.0
13-1041.07,18060,0.002336802263689141,0.0
13-1041.07,18061,0.014041205687714461,0.0
13-1041.07,18062,0.09427309852655945,0.0
13-1041.07,18063,0.019253731287657685,0.0
13-1041.07,18064,0.010623536587225509,0.0
13-1041.07,18065,0.04351242136038118,0.0
13-1041.07,18066,0.011378123816791819,0.0
13-1041.07,18067,0.006440304756197506,0.0
13-1041.07,18068,0.01220907909833842,0.0
13-1041.07,18069,0.014069980333363588,0.0
13-1041.07,18070,0.01742225185603003,0.0
47-4011.01,18071,0.048489541687765356,0.0
47-4011.01,18072,0.0688666503161595,0.0
47-4011.01,18073,0.06083934315933857,0.0
47-4011.01,18074,0.06983271429349207,0.0
47-4011.01,18075,0.029579041106514912,0.0
47-4011.01,18076,0.05110184554700728,0.0
47-4011.01,18077,0.0663240514687493,0.0
47-4011.01,18078,0.08016726502990269,0.0
47-4011.01,18079,0.03391995653739566,0.0
47-4011.01,18080,0.03450010734933843,0.0
47-4011.01,18081,0.06133638334462284,0.0
47-4011.01,18082,0.07079586865837749,0.0
47-4011.01,18083,0.06735365436479643,0.0
47-4011.01,18084,0.037899093085331986,0.0
47-4011.01,18085,0.022670744619120015,0.0
47-4011.01,18086,0.04272028695805711,0.0
47-4011.01,18087,0.05537984499039237,0.0
15-1211.01,18088,0.02664845964179959,0.0
15-1211.01,18089,0.06246450003189899,0.0
15-1211.01,18090,0.11928291483439027,0.0
15-1211.01,18091,0.007762031037608807,0.0
15-1211.01,18092,0.15194890473831585,0.0
15-1211.01,18093,0.06270123448916784,0.0
15-1211.01,18094,0.10207355317524094,0.0
15-1211.01,18095,0.041757490710239105,0.0
15-1211.01,18096,0.10409904562194008,0.0
15-1211.01,18097,0.08529158129899553,0.0
15-1211.01,18098,0.038711630686549404,0.0
15-1211.01,18099,0.03906069666366081,0.0
15-1211.01,18100,0.013812474542452305,0.0
15-1211.01,18101,0.09131385823250077,0.0
15-1211.01,18102,0.03301209793646053,0.0
15-1211.01,18103,0.01733222841680924,0.0
15-1211.01,18104,0.002727297941969925,0.0
17-2112.02,18127,0.04500915751344887,0.0
17-2112.02,18128,0.045917032106815234,0.0
17-2112.02,18129,0.06686468817105136,0.0
17-2112.02,18130,0.005869848069137202,0.0
17-2112.02,18131,0.07944640440992176,0.0
17-2112.02,18132,0.04095571863934244,0.0
17-2112.02,18133,0.029014167452806536,0.0
17-2112.02,18134,0.04139353512568801,0.0
17-2112.02,18137,0.04974343034440984,0.0
17-2112.02,18139,0.011901758786629097,0.0
17-2112.02,18141,0.006989052574802124,0.0
17-2112.02,18142,0.040351965797736075,0.0
17-2112.02,18143,0.04380339573644767,0.0
17-2112.02,18144,0.05585593906917766,0.0
17-2112.02,18145,0.07386922890339774,0.0
17-2112.02,18146,0.06355737652420054,0.0
17-2199.03,18148,0.034529841990364844,0.0
17-2199.03,18149,0.0054515485776873195,0.0
17-2199.03,18150,0.033909566108766505,0.0
17-2199.03,18151,0.01741145268643542,0.0
17-2199.03,18156,0.02804970617242291,0.0
17-2199.03,18157,0.02842812057521821,0.0
17-2199.03,18159,0.14435544537320855,0.0
17-2199.03,18165,0.010224914076489375,0.0
17-2199.03,18166,0.01355563195393344,0.0
17-2112.03,18167,0.15739408442469163,0.0
17-2112.03,18168,0.007442917293687236,0.0
17-2112.03,18170,0.06648309675773247,0.0
17-2112.03,18172,0.00533878600150634,0.0
17-2112.03,18174,0.00970959917006994,0.0
17-2112.03,18175,0.032401035342860846,0.0
17-2112.03,18177,0.11400461586579473,0.0
17-2112.03,18178,0.02774850173141639,0.0
17-2112.03,18179,0.005623052665882371,0.0
17-2112.03,18180,0.02603303718948758,0.0
17-2112.03,18181,0.11219370303268345,0.0
17-2112.03,18182,0.04077612144911614,0.0
17-2112.03,18183,0.1707883195839694,0.0
17-2112.03,18184,0.03653278884857855,0.0
17-2112.03,18185,0.04381426178981402,0.0
17-2112.03,18186,0.008766693341536555,0.0
17-2199.07,18187,0.0036280403912116923,0.0
17-2199.07,18188,0.02073081562119823,0.0
17-2199.07,18189,0.01766162171700791,0.0
17-2199.07,18190,0.0020678372918950636,0.0
17-2199.07,18191,0.008769427558147493,0.0
17-2199.07,18192,0.021616212142647705,0.0
17-2199.07,18193,0.07230500240014578,0.0
17-2199.07,18194,0.09241713848381806,0.0
17-2199.07,18195,0.06519080194111956,0.0
17-2199.07,18196,0.036583594416334686,0.0
17-2199.07,18197,0.06914925709636553,0.0
17-2199.07,18198,0.06760879025090746,0.0
17-2199.07,18199,0.10918970281749098,0.0
17-2199.07,18200,0.09208408587636152,0.0
17-2199.07,18202,0.020249241028588293,0.0
17-2199.07,18203,0.05322536148735544,0.0
17-2199.07,18204,0.01854684396068816,0.0
17-2199.07,18205,0.10741293180669494,0.0
17-2199.07,18206,0.03267303118907091,0.0
19-2099.01,18256,0.10155296000794937,0.0
19-2099.01,18257,0.07159687590186137,0.0
19-2099.01,18258,0.11057989045106713,0.0
19-2099.01,18259,0.015770291172485254,0.0
19-2099.01,18260,0.09883400525994362,0.0
19-2099.01,18261,0.04395658142026675,0.0
19-2099.01,18262,0.03773177424634313,0.0
19-2099.01,18263,0.04906152368229546,0.0
19-2099.01,18264,0.033620052191149705,0.0
19-2099.01,18265,0.06963243126636189,0.0
19-2099.01,18266,0.012456154873309746,0.0
19-2099.01,18267,0.040458400284377444,0.0
19-2099.01,18268,0.013763498476916236,0.0
19-2099.01,18269,0.030953927026076303,0.0
19-2099.01,18270,0.11359793022135353,0.0
19-2099.01,18271,0.02719043377422109,0.0
19-2099.01,18272,0.00260556630041809,0.0
19-2099.01,18273,0.016273297630931643,0.0
19-2099.01,18274,0.017516858486901477,0.0
19-2099.01,18275,0.007634914828548016,0.0
19-2099.01,18276,0.008168841569109625,0.0
19-2099.01,18277,0.023799130033499212,0.0
19-4012.01,18278,0.029081414151798015,0.0
19-4012.01,18279,0.04812897303420943,0.0
19-4012.01,18280,0.049266236363679175,0.0
19-4012.01,18281,0.07590894447089233,0.0
19-4012.01,18282,0.07012751337896045,0.0
19-4012.01,18284,0.022995067147439145,0.0
19-4012.01,18287,0.005278759112204909,0.0
19-4012.01,18288,0.023115821260714726,0.0
19-4012.01,18289,0.06365290523725332,0.0
19-4012.01,18290,0.0437159186624897,0.0
19-4012.01,18293,0.021214891725240485,0.0
19-4012.01,18295,0.10528418584864169,0.0
19-4012.01,18296,0.029050902568150194,0.0
29-1141.01,18297,0.027764499490090185,0.0
29-1141.01,18298,0.0467922740966858,0.0
29-1141.01,18299,0.05476977846455009,0.0
29-1141.01,18300,0.07979116596991476,0.0
29-1141.01,18301,0.03146856571897771,0.0
29-1141.01,18302,0.010110147808406994,0.0
29-1141.01,18303,0.054534784642477074,0.0
29-1141.01,18304,0.014862703107345734,0.0
29-1141.01,18305,0.029818952738272054,0.0
29-1141.01,18306,0.05275648784386651,0.0
29-1141.01,18307,0.06913741198200882,0.0
29-1141.01,18308,0.09338765436549516,0.0
29-1141.01,18309,0.023526781237244894,0.0
29-1141.01,18310,0.042056859250485634,0.0
29-1141.01,18311,0.05030368056595935,0.0
29-1141.01,18312,0.019497155067761188,0.0
29-1141.01,18313,0.028027853641847768,0.0
29-1141.01,18314,0.029338768279908712,0.0
29-1141.01,18315,0.015579353367561147,0.0
29-1141.01,18316,0.019790159372139786,0.0
29-1141.01,18317,0.015412191331890982,0.0
29-1141.01,18318,0.06668207892958325,0.0
29-1141.01,18319,0.027430382023625903,0.0
29-1141.01,18321,0.01694956436075722,0.0
29-1141.01,18322,0.009009506471177505,0.0
29-1141.01,18323,0.04024925829964981,0.0
29-1141.01,18324,0.030951981572315962,0.0
29-1141.03,18325,0.021932423221774043,0.0
29-1141.03,18326,0.00226625890926691,0.0
29-1141.03,18327,0.09618336791821978,0.0
29-1141.03,18328,0.024680908966460084,0.0
29-1141.03,18329,0.006920503536143759,0.0
29-1141.03,18330,0.0650951431210467,0.0
29-1141.03,18331,0.031706210672376826,0.0
29-1141.03,18332,0.03754448648202283,0.0
29-1141.03,18333,0.08688780697321281,0.0
29-1141.03,18334,0.07902563657014992,0.0
29-1141.03,18335,0.06461218317885774,0.0
29-1141.03,18336,0.02406747191949976,0.0
29-1141.03,18337,0.03132010152349098,0.0
29-1141.03,18338,0.03382731921600651,0.0
29-1141.03,18339,0.06023315999752311,0.0
29-1141.03,18340,0.05353457052235732,0.0
29-1141.03,18341,0.04079847213144388,0.0
29-1141.03,18342,0.029872233423656663,0.0
29-1141.03,18343,0.020911137622874592,0.0
29-1141.03,18344,0.0669799626956445,0.0
29-1141.03,18345,0.012206852423574987,0.0
29-1141.03,18346,0.013402897994540251,0.0
29-1141.03,18347,0.012643842518330397,0.0
29-1141.03,18348,0.031320808471146114,0.0
29-1141.03,18349,0.0043945974436693834,0.0
29-1141.03,18350,0.001016873421088716,0.0
29-1141.03,18351,0.0012881743723686578,0.0
29-1141.03,18352,0.0016420851343888865,0.0
29-1141.03,18353,0.04368450961886399,0.0
29-1151.00,18354,0.027091296172513275,0.0
29-1151.00,18355,0.04780770257485476,0.0
29-1151.00,18356,0.041532057206229704,0.0
29-1151.00,18357,0.051439125639205795,0.0
29-1151.00,18358,0.04875686414373228,0.0
29-1151.00,18359,0.03609320574275592,0.0
29-1151.00,18360,0.033011008756999874,0.0
29-1151.00,18361,0.0693549549121141,0.0
29-1151.00,18362,0.09557953779427024,0.0
29-1151.00,18363,0.0328461774228652,0.0
29-1151.00,18364,0.04473816510136908,0.0
29-1151.00,18365,0.018861673059298412,0.0
29-1151.00,18366,0.08291443932098153,0.0
29-1151.00,18367,0.05229104081839031,0.0
29-1151.00,18368,0.04858666147945019,0.0
29-1151.00,18369,0.05297380325829104,0.0
29-1151.00,18370,0.06811632488414071,0.0
29-1151.00,18371,0.03244421720885272,0.0
29-1151.00,18372,0.02894349983157963,0.0
29-1151.00,18373,0.011780906454026067,0.0
29-1151.00,18374,0.03367559973788476,0.0
29-1151.00,18375,0.02058362418061765,0.0
29-1151.00,18376,0.0125500628530373,0.0
29-1151.00,18377,0.008028051446539425,0.0
29-1171.00,18378,0.03722122603403635,0.0
29-1171.00,18379,0.03653280157101229,0.0
29-1171.00,18380,0.04507483412789264,0.0
29-1171.00,18381,0.04752903582378591,0.0
29-1171.00,18382,0.06383341228357378,0.0
29-1171.00,18383,0.04989554990933885,0.0
29-1171.00,18384,0.03716839135386769,0.0
29-1171.00,18385,0.03352647669130023,0.0
29-1171.00,18386,0.054508620505232724,0.0
29-1171.00,18387,0.01940390999572351,0.0
29-1171.00,18388,0.020271282819455075,0.0
29-1171.00,18389,0.05941634593978896,0.0
29-1171.00,18390,0.02346745561414773,0.0
29-1171.00,18391,0.03902922145962007,0.0
29-1171.00,18392,0.05450686821193732,0.0
29-1171.00,18393,0.058431515904954615,0.0
29-1171.00,18394,0.04261095047077158,0.0
29-1171.00,18395,0.032014425103641386,0.0
29-1171.00,18396,0.053902641876465596,0.0
29-1171.00,18397,0.011833237490412717,0.0
29-1171.00,18398,0.019737915472064937,0.0
29-1171.00,18399,0.06776596574172808,0.0
29-1171.00,18400,0.012951623254211774,0.0
29-1171.00,18401,0.006702024693035859,0.0
29-1171.00,18402,0.00891803165639415,0.0
29-1171.00,18403,0.03889811845932105,0.0
29-1171.00,18404,0.024848117536285044,0.0
29-1299.01,18405,0.01025910598738824,0.0
29-1299.01,18406,0.026282026012332045,0.0
29-1299.01,18407,0.016387159951478027,0.0
29-1299.01,18408,0.07877718501719591,0.0
29-1299.01,18409,0.10866233270474597,0.0
29-1299.01,18410,0.07132065984310115,0.0
29-1299.01,18411,0.13582790854846588,0.0
29-1299.01,18412,0.12108086225789232,0.0
29-1299.01,18413,0.11254312925384881,0.0
29-1299.01,18414,0.08031957377992943,0.0
29-1299.01,18415,0.008108629745126456,0.0
29-1299.01,18416,0.0029077285216213226,0.0
29-1299.01,18417,0.01279353751407729,0.0
29-1299.01,18418,0.12837675200861257,0.0
29-1299.01,18419,0.002449848348920842,0.0
29-1299.01,18420,0.026664057595081954,0.0
29-1299.01,18421,0.0003704638238054724,0.0
29-1299.01,18422,0.004680559879543872,0.0
29-1299.01,18423,0.022801893571149083,0.0
29-1299.01,18424,0.02938658563568334,0.0
29-1299.02,18425,0.02400761323582651,0.0
29-1299.02,18426,0.10219243328589135,0.0
29-1299.02,18427,0.07622582422162384,0.0
29-1299.02,18428,0.13095820288159596,0.0
29-1299.02,18429,0.13090667378437176,0.0
29-1299.02,18430,0.12253311431739924,0.0
29-1299.02,18431,0.09764831200568277,0.0
29-1299.02,18432,0.10427075662789463,0.0
29-1299.02,18433,0.019315972981409933,0.0
29-1299.02,18434,0.08042698304981584,0.0
29-1299.02,18435,0.03736272123633874,0.0
29-1299.02,18436,0.029462813041331696,0.0
29-1299.02,18437,0.008951728968220746,0.0
29-1299.02,18438,0.00079701070446919,0.0
29-1299.02,18439,0.00017209264177137692,0.0
29-1299.02,18440,0.03476774701635637,0.0
29-1161.00,18441,0.07621588873425064,0.0
29-1161.00,18442,0.09154517650991535,0.0
29-1161.00,18443,0.08571875412551709,0.0
29-1161.00,18444,0.0790024468095942,0.0
29-1161.00,18445,0.0772746556355741,0.0
29-1161.00,18446,0.016655976303984316,0.0
29-1161.00,18447,0.07600804086208265,0.0
29-1161.00,18448,0.08149670488054558,0.0
29-1161.00,18449,0.07296815983204082,0.0
29-1161.00,18450,0.0021893336523469914,0.0
29-1161.00,18451,0.003994881880739099,0.0
29-1161.00,18452,0.062453476557612284,0.0
29-1161.00,18453,0.07854127040906554,0.0
29-1161.00,18454,0.049571039936936775,0.0
29-1161.00,18455,0.03938889530420238,0.0
29-1161.00,18456,0.07224716801763982,0.0
29-1161.00,18457,0.0028385956479718756,0.0
29-1161.00,18458,0.003456227177902022,0.0
29-1161.00,18459,0.010621209093482412,0.0
29-1161.00,18460,0.0012437866744820602,0.0
11-9151.00,18463,0.14921026265673754,0.029632064447309023
11-9151.00,18464,0.043222264227956345,0.015512490050184605
17-1012.00,18470,0.058972369804803935,0.0
17-2041.00,18471,0.11400433213135493,0.0
17-2041.00,18472,0.11298267910412073,0.0
17-2041.00,18473,0.14520684827976732,0.0
19-2031.00,18474,0.057979604382191886,0.016214261932995223
19-2031.00,18475,0.08371859024951214,0.02077359107380602
19-3051.00,18476,0.033746310616598114,0.0
19-4031.00,18477,0.060794003993416466,0.021563487984887494
19-4092.00,18478,0.19029133751279168,0.06610407453913134
19-4092.00,18479,0.08739490529744441,0.03658791576882442
19-4092.00,18481,0.021068903515224755,0.01584116087576155
19-4092.00,18482,0.006931483207084394,0.0025714805815404717
21-1014.00,18483,0.033073136939426886,0.0
21-1014.00,18484,0.08189957809466142,0.0
21-1014.00,18485,0.018749100889282336,0.0
21-1014.00,18486,0.0010771399870937027,0.0
21-1023.00,18487,0.10527263519060868,0.024692270913865274
21-1023.00,18488,0.0927668006514224,0.016281862997392215
21-1023.00,18489,0.10351536727529251,0.015964202599741042
21-1023.00,18490,0.02510968374753857,0.010283897456190657
23-2011.00,18491,0.2539302820310419,0.0379136769219398
23-2011.00,18492,0.07954200745869502,0.03141287604298624
23-2011.00,18493,0.09400422835477636,0.042512183086669715
23-2011.00,18494,0.07143340916672024,0.029891428720441825
25-4031.00,18510,0.08602036371722371,0.012581937858070477
25-4031.00,18511,0.07636560455235739,0.01150201417616237
25-4031.00,18512,0.0894929940520951,0.014691601571347244
25-4031.00,18513,0.03009187160443643,0.008515323664155429
25-4031.00,18514,0.006013402029000729,0.004890063978619148
25-4031.00,18515,0.03588466930327748,0.008508953928540099
25-4031.00,18516,0.01416005619610998,0.0077349746841778345
25-4031.00,18517,0.01108395371181386,0.00819714842621789
25-4031.00,18518,0.01387466977301365,0.006658130638807193
27-1025.00,18519,0.1312430025345605,0.0
27-1025.00,18520,0.0388264499561653,0.0
27-1025.00,18521,0.16158951498969112,0.0
29-1126.00,18522,0.09613667383296792,0.008153402336614678
29-1127.00,18523,0.04664693110362423,0.011090914765075606
29-1127.00,18524,0.09371881184617323,0.016821163068355436
29-1127.00,18525,0.051300745647790816,0.013587020382039135
29-1127.00,18526,0.04948103639778609,0.015340595812337392
29-1127.00,18527,0.05850278228771334,0.009990483601222188
29-1127.00,18528,0.0577757083892222,0.011719980163030226
29-1127.00,18529,0.0020065214687888227,0.0006701176458319379
29-1127.00,18530,0.043181056210519486,0.008765431033194307
29-1127.00,18531,0.025886156915248225,0.009377357581704262
29-1131.00,18532,0.09156821378493926,0.01380955646394286
29-1131.00,18534,0.027918479929662898,0.00673201345869862
29-2012.00,18535,0.08157224005469202,0.0158688440064819
29-1292.00,18536,0.11272083579231876,0.007736136056896581
29-1292.00,18537,0.0915163646880042,0.010485576795240564
29-1292.00,18538,0.07049340032904007,0.007650140093776728
29-1292.00,18539,0.06344143361582923,0.009071293122734081
29-2052.00,18544,0.05418741560822492,0.00633565882231403
29-2052.00,18545,0.04532305844985496,0.004467732085943796
29-2052.00,18546,0.01853801539045233,0.004158980949989452
29-2056.00,18548,0.03181123638001498,0.005446997014609575
29-2056.00,18549,0.011899672668766263,0.0032190062667980003
29-2056.00,18550,0.015676039560002228,0.002720877358211591
29-2081.00,18551,0.029880911362435255,0.0
31-9091.00,18552,0.028056010387655133,0.011599185031837805
31-9091.00,18553,0.014643529159611694,0.006769286014998942
39-9032.00,18557,0.024835322845587808,0.009709625083390891
39-9032.00,18558,0.0069671626411761285,0.0033804932697902605
43-3011.00,18559,0.1023566901071527,0.01870531738676883
43-3011.00,18560,0.017096722635941898,0.006718895652702977
43-3031.00,18561,0.007466626123396995,0.002436842268893317
43-3051.00,18562,0.07241636546485872,0.028826295538342216
43-3051.00,18563,0.151205169925253,0.031913982144152746
43-4051.00,18565,0.23580772851841192,0.04664165752877164
43-4081.00,18566,0.02135713821701284,0.004338425066607191
43-4081.00,18567,0.06492821410945886,0.005621170256461374
43-4081.00,18568,0.026316208000502266,0.00396585210595172
43-4081.00,18569,0.014905297536340104,0.003366881104645874
43-4081.00,18570,0.020378937085063158,0.004720807132946842
43-4161.00,18572,0.12132389449237203,0.029493273590742736
43-6011.00,18573,0.1573887694239142,0.014879602962330365
43-6011.00,18574,0.09320991252388511,0.016730001216767793
43-6011.00,18575,0.016459508956198132,0.003572647045969807
43-6011.00,18576,0.057698969560244416,0.016161522030149738
43-6011.00,18577,0.0491671866695641,0.010866584906512052
49-3021.00,18580,0.07037942686733192,0.010151078339896166
49-3031.00,18582,0.029917441720964038,0.0069978301485004255
49-3042.00,18583,0.034054585866504325,0.0049837738003173605
49-3042.00,18584,0.04322310866432529,0.007755223750600921
51-8031.00,18585,0.02434888112285674,0.0
11-2011.00,18586,0.05383209902994881,0.019574608064154165
11-9032.00,18587,0.01628101619565718,0.006017380441948389
11-9032.00,18588,0.04393714944358854,0.014991341985698512
11-9032.00,18589,0.009583340879616662,0.0070591571132717894
11-9032.00,18590,0.01421476655648445,0.005136388063850245
11-9032.00,18591,0.017658497511590255,0.0078887765195489
11-9032.00,18592,0.021339213156933042,0.008192472629843192
11-9033.00,18593,0.0786631742938058,0.028179218228771064
11-9033.00,18594,0.14850375391613635,0.031454596619624485
11-9033.00,18595,0.026335631003635385,0.021188873426798257
11-9033.00,18596,0.06944487927729287,0.026276149953421625
11-9081.00,18599,0.031055598691843725,0.004706513521704993
11-9081.00,18600,0.03409706440402525,0.011972031788117642
17-2031.00,18603,0.0064966591207387715,0.0
17-2031.00,18604,0.05028268726599996,0.0
17-2112.00,18607,0.0620745390570625,0.014397672475534256
17-2112.00,18608,0.029586123545238815,0.015016394212728514
17-2112.00,18609,0.07482696649174173,0.01646786311978027
17-2151.00,18610,0.05499577414297792,0.021467728914261144
19-1012.00,18611,0.03338641705636473,0.0
19-1012.00,18612,0.07857865270082415,0.0
19-1029.04,18614,0.0385895646642108,0.01906518833503948
19-1023.00,18615,0.18379108084956772,0.06142168341963615
19-1023.00,18616,0.09210615576875572,0.03955900381845199
19-2043.00,18617,0.059760584598869446,0.0
19-2043.00,18618,0.07102586107748432,0.0
19-3034.00,18619,0.049809653257131284,0.017195943183245754
21-1011.00,18622,0.03552339500882302,0.017449325899725386
21-1011.00,18623,0.034257699911851,0.018490396472211873
21-1012.00,18624,0.040008109283984454,0.013361929180551584
21-1012.00,18625,0.036668665787303587,0.007942516492890727
21-1012.00,18626,0.0058091139122600464,0.0018550275946067555
21-1012.00,18627,0.09334651556966689,0.014740125421002497
21-1012.00,18628,0.00839789091311416,0.0025019975938994207
21-1012.00,18629,0.00873678818626414,0.003765925149083094
21-1012.00,18630,0.01272306304679725,0.0021518449063853504
21-1012.00,18631,0.007065759187214705,0.0033943508540385694
21-1012.00,18632,0.042506498356849644,0.014287745808377968
21-1012.00,18633,0.00412571033289998,0.0021421958169656435
21-1012.00,18634,0.03963323944094395,0.01513561285979232
21-1012.00,18635,0.008523206925585277,0.0024485520904350138
25-2022.00,18638,0.030510308975000858,0.009040654129612769
25-2022.00,18639,0.004409139193482407,0.0008465868024508788
25-2022.00,18640,0.006434921436358601,0.0023297312279333187
25-4012.00,18641,0.12523990724746042,0.02247658013376038
25-4012.00,18642,0.049449427031618566,0.01101712747736068
25-4013.00,18644,0.08371571135891256,0.0257999584095856
27-4011.00,18649,0.046790980692710656,0.01709767225681582
27-4011.00,18650,0.08903577832717158,0.03081567602022849
27-4011.00,18651,0.033127401475008325,0.0185125471155804
27-4011.00,18652,0.027519090291072048,0.01754893706005852
27-4012.00,18653,0.08645682753596821,0.026587657486389877
27-4012.00,18654,0.1336945401812022,0.02394868123217386
27-4012.00,18655,0.06817564134234778,0.02107257899341335
27-4012.00,18656,0.01849280503925577,0.005521488714350071
27-4012.00,18657,0.02682202042549481,0.010862438571851206
27-4012.00,18658,0.018718522785732893,0.011544580194000625
27-4014.00,18660,0.030471195078477946,0.0
27-4014.00,18661,0.03762649947908111,0.0
27-4014.00,18662,0.05545093625678126,0.0
27-4031.00,18663,0.08507651692619791,0.02785810476342194
27-4031.00,18664,0.05880024293682975,0.019132747848706985
27-4031.00,18665,0.047597949386461585,0.019322637073717813
27-4031.00,18666,0.04916671155900633,0.014956165885882604
27-4031.00,18667,0.008246558335455702,0.005174285630571483
27-4031.00,18668,0.025134958716369525,0.018203222237181155
27-4031.00,18669,0.02508513923635042,0.016783685848484067
27-4031.00,18670,0.003805828582440683,0.0019309007516118556
27-4031.00,18671,0.008014146628198788,0.00450101502928819
29-1181.00,18672,0.062103677168749025,0.0
29-1181.00,18673,0.08970096938464175,0.0
29-1181.00,18674,0.026746661835929074,0.0
29-1181.00,18675,0.001016654982808891,0.0
29-1181.00,18676,0.01670345634551979,0.0
29-1181.00,18677,0.026013137364171914,0.0
29-1181.00,18678,0.09462363584150774,0.0
29-1181.00,18679,0.0046786650105838075,0.0
29-1181.00,18680,0.04256503449134047,0.0
29-1181.00,18681,0.09462363584150774,0.0
29-1181.00,18682,0.03488480705478987,0.0
29-1181.00,18683,0.007240500490729757,0.0
29-1181.00,18684,0.07244031042672446,0.0
29-1181.00,18685,0.021392665609234234,0.0
29-1181.00,18686,0.07098980283408127,0.0
29-1181.00,18687,0.004981946137158907,0.0
29-1181.00,18688,0.033193752188829174,0.0
29-1181.00,18689,0.03901712959315521,0.0
29-1181.00,18690,0.1448977223919589,0.0
29-9091.00,18691,0.10149651196241918,0.0167582929613142
29-9091.00,18692,0.005465121389185646,0.0017517362187617113
29-9091.00,18693,0.02151863138839827,0.012977020607902403
31-1121.00,18694,0.08981706922794712,0.011173176204329642
31-1121.00,18695,0.05192239757399649,0.007654322334143399
31-1133.00,18696,0.11926743639943034,0.02370603591403995
31-1133.00,18697,0.07004559496721957,0.012015172985380537
31-1133.00,18698,0.0550391203927547,0.008212432137434486
31-2011.00,18699,0.06920305240343226,0.009638830710249189
31-2011.00,18700,0.008589909700214959,0.004236579095351691
31-2011.00,18701,0.008265253231688143,0.0030125273053136985
31-9093.00,18702,0.04487143834657048,0.010266300164474074
31-9093.00,18703,0.07272886851384178,0.013616037156675552
31-9095.00,18704,0.027004873941430117,0.005908927002639592
33-3021.02,18708,0.2204188570502331,0.04650918928669995
33-3021.02,18709,0.11382812874773159,0.04090788565444769
33-3021.02,18710,0.12967515824900488,0.04500438616474971
33-3021.02,18711,0.023083965906087158,0.006049254144652038
33-3021.02,18712,0.0094982067361417,0.0054198523408558585
33-3021.02,18713,0.05857307633623437,0.026127859131504554
35-1012.00,18715,0.10014926495416726,0.01874124872252969
35-1012.00,18717,0.03406417711468654,0.013878594718970166
35-1012.00,18719,0.04373114848751854,0.01622582870320521
35-1012.00,18720,0.04240607649091231,0.019257732395700736
35-1012.00,18721,0.04037700554032606,0.016050794475184038
35-2014.00,18722,0.09674624065704426,0.010337277289548934
35-2014.00,18723,0.0822411905535764,0.012247298117143564
35-2014.00,18724,0.0666887944674852,0.014246646653237677
35-2015.00,18725,0.11267592065797478,0.021760615241992267
35-2015.00,18726,0.12953683199895502,0.021969054840367347
35-2015.00,18727,0.10129942423093155,0.01737009283758298
35-2021.00,18728,0.09302303542259377,0.011728842116945309
35-2021.00,18729,0.03479665994139229,0.01234706661020074
35-2021.00,18730,0.03768352728953494,0.012674087459058184
35-2021.00,18731,0.03973161669820213,0.014069825075285586
35-2021.00,18732,0.025457025582058406,0.006518826985559951
35-2021.00,18734,0.028735319555888976,0.00497682544567714
35-3011.00,18735,0.05694431643396715,0.013696588261919348
35-3031.00,18745,0.06482137974393412,0.003882236383760552
35-3031.00,18746,0.043115010940980414,0.007928168243945325
35-3031.00,18747,0.042678809780311196,0.006363834307759991
35-3031.00,18748,0.02107773032612583,0.00793696346283863
35-9031.00,18749,0.09019363093639028,0.009137056611430562
35-9031.00,18750,0.07020660673340408,0.009229938032188016
35-9031.00,18751,0.062177997891705875,0.009014778320758345
35-9031.00,18752,0.06616717502139535,0.010134831613452942
35-9031.00,18753,0.03879353781781758,0.010175165851614777
35-9031.00,18754,0.04677746203189581,0.008717648470082728
39-9011.00,18756,0.09491265614261593,0.008998701580042446
39-9011.00,18757,0.04733203627866364,0.009468819545226357
39-9011.00,18758,0.0339675913114534,0.0032764583073066843
39-9011.00,18759,0.023636481085420314,0.008155954542992304
39-9011.00,18760,0.021969418980860765,0.004009156167949421
39-9011.00,18761,0.04609696315653718,0.009069561644584879
39-9011.00,18762,0.023402496125699168,0.008606146307147986
39-9011.00,18763,0.009283041206434734,0.003391905093734264
39-9011.00,18764,0.022107254937092483,0.004774462470477423
41-2011.00,18765,0.04494351727056774,0.010822538439570047
41-2011.00,18766,0.03990855422328353,0.016275055006345154
41-2011.00,18767,0.022041124879418783,0.007358961958051368
41-2011.00,18768,0.017763332947760786,0.00633488346063208
43-4121.00,18769,0.01838762449574776,0.0009554196656412779
43-4121.00,18770,0.08239118368776847,0.012355571634594123
43-4121.00,18771,0.016616041947764584,0.006082709149524863
43-4121.00,18772,0.03000026450675298,0.005974478788098766
43-4121.00,18773,0.061277594931745116,0.011342097644511094
43-4121.00,18774,0.04391825041885436,0.007777462607276214
43-4121.00,18775,0.013698815411292874,0.005021847332231019
43-4121.00,18776,0.008456511304764078,0.001577266176715594
43-4121.00,18777,0.0007901120037354419,0.00042394208594680584
43-4121.00,18778,0.0030450417939757455,0.0012758503070460492
43-4121.00,18779,0.00048764444347461106,0.0002105140382758289
43-6012.00,18780,0.021246846435076693,0.011634933213219328
47-4051.00,18783,0.05936659287862724,0.011216503081033953
47-4051.00,18784,0.10589690589979633,0.02635591705108312
49-9044.00,18785,0.05247413730918564,0.0
49-9044.00,18786,0.038394959384343105,0.0
49-9044.00,18787,0.03655935526008132,0.0
49-9044.00,18788,0.03213760564878342,0.0
49-9094.00,18789,0.17879846700118582,0.0
49-9094.00,18790,0.03233251324228273,0.0
49-9094.00,18791,0.08495474389300883,0.0
49-9094.00,18792,0.00747928054161437,0.0
49-9094.00,18793,0.03661070304646116,0.0
53-3052.00,18794,0.15658945544070008,0.01068961903409202
53-3052.00,18795,0.08651972197987255,0.010027546985478223
53-3052.00,18796,0.042382701320463734,0.007898648837310233
53-3052.00,18797,0.056315067930542966,0.008189193952482287
53-3052.00,18798,0.10299216770995125,0.01589085844935239
53-3052.00,18799,0.03652129074571598,0.005187265031532585
11-9171.00,18830,0.008204195534441924,0.003914711327462973
11-9171.00,18831,0.0022033486449712083,0.0005056891527110445
11-9171.00,18832,0.14106190070391025,0.03370569251165072
11-9171.00,18833,0.10108393749136374,0.018691593548927524
11-9171.00,18835,0.10472346590002084,0.024837532770123922
11-9171.00,18836,0.029805765720637107,0.011250365652325926
11-9171.00,18837,0.06544939983760327,0.013404759612153145
11-9171.00,18838,0.005680749610283141,0.0019307962784608338
11-9171.00,18839,0.0054465051458127325,0.0025218291327748174
11-9171.00,18840,0.031369608406999906,0.007199298748113114
11-9171.00,18841,0.01954058998316552,0.005055024638134291
11-9171.00,18842,0.09639028646652757,0.016843540618960342
11-9171.00,18843,0.07547230783590039,0.013870903950397001
11-9171.00,18844,0.012005026722882435,0.00415974082165652
11-9171.00,18845,0.010718971744947316,0.003866945975828982
11-9171.00,18846,0.08812241390556101,0.020251125003582223
11-9171.00,18847,0.025233936680712814,0.008765593885026087
11-9171.00,18848,0.018108773702088746,0.004940254966706178
11-9171.00,18849,0.03481566669655534,0.009766814291501
11-9171.00,18850,0.0011707788733637246,0.0003138985237288518
11-9171.00,18851,0.04690695699350862,0.0066900673358967055
13-1071.00,18852,0.012877576539237514,0.004207528900845001
13-1071.00,18853,0.0322918664429561,0.015742978745729847
13-1071.00,18854,0.005214340776218293,0.0020311650085316018
13-1071.00,18856,0.008520499060065129,0.0027080397342606343
13-1071.00,18857,0.04713175655282364,0.017027917475318465
13-1071.00,18859,0.08110442851367419,0.028159572830178125
13-1071.00,18860,0.04354028183606885,0.013791469318282432
13-1071.00,18861,0.08799242646702755,0.01601162672164775
13-1071.00,18862,0.04152981092203105,0.018446327564807744
13-1071.00,18863,0.012666811169030378,0.003852358151989249
13-1071.00,18864,0.03160202761782796,0.011758465189193679
13-1071.00,18865,0.058825315830702336,0.020302070958281633
13-1071.00,18866,0.06312581387792196,0.014033934407562908
13-1071.00,18867,0.013195664215447588,0.003901296356661134
13-1071.00,18868,0.1329312874580885,0.0329819870107777
13-1071.00,18869,0.024883417092501206,0.014248999605240889
13-1071.00,18871,0.08426458754766715,0.02963304077466702
13-1071.00,18872,0.0647014215625901,0.029209305581119074
13-1071.00,18874,0.02383343197798283,0.014978105268957114
13-1071.00,18875,0.005907857000332482,0.0023652853316089677
13-1071.00,18876,0.09260494644904571,0.02420225432138832
13-1075.00,18877,0.03836028794771587,0.0
13-1075.00,18878,0.04325731458517927,0.0
13-1075.00,18879,0.012897855736972145,0.0
13-1075.00,18880,0.010448983512921122,0.0
13-1075.00,18881,0.010411429588035358,0.0
13-1075.00,18882,0.061877895467486094,0.0
13-1075.00,18883,0.18028146462026912,0.0
13-1075.00,18884,0.12264559789843656,0.0
13-1075.00,18885,0.049602545442588096,0.0
13-1075.00,18886,0.016960413755226278,0.0
13-1075.00,18887,0.0008427589685842241,0.0
13-1075.00,18888,0.002596069791800598,0.0
13-1075.00,18889,0.003618078712605286,0.0
13-1075.00,18890,0.01991778721707307,0.0
13-1075.00,18891,0.02940026242390313,0.0
13-1075.00,18892,0.019027360095863904,0.0
13-1075.00,18893,0.16496735926156292,0.0
13-1075.00,18894,0.02332322364502364,0.0
13-1075.00,18895,0.015105608882397498,0.0
13-1075.00,18896,0.02036882616380806,0.0
13-1075.00,18897,0.008622014543425583,0.0
13-1075.00,18898,0.002997925368693795,0.0
13-1075.00,18899,0.012235361577235877,0.0
13-1075.00,18900,0.022065651225619747,0.0
13-1075.00,18901,0.0030706950630110877,0.0
13-1075.00,18902,0.08442147800596612,0.0
13-1075.00,18903,0.0061036130686153945,0.0
13-1075.00,18904,0.014572137429980191,0.0
13-1131.00,18905,0.03277594129434763,0.0
13-1131.00,18906,0.008050514850319993,0.0
13-1131.00,18907,0.10869876263606922,0.0
13-1131.00,18908,0.017269522998905478,0.0
13-1131.00,18909,0.0013496706388651228,0.0
13-1131.00,18910,0.00799969655858232,0.0
13-1131.00,18911,0.053532451980649265,0.0
13-1131.00,18912,0.06757364374097025,0.0
13-1131.00,18913,0.0024777532351689183,0.0
13-1131.00,18914,0.06503274128141565,0.0
13-1131.00,18915,0.030877883348931347,0.0
13-1131.00,18916,0.04604628806054438,0.0
13-1131.00,18917,0.14188682159542346,0.0
13-1131.00,18918,0.01898779605357178,0.0
13-1131.00,18919,0.08035116325109999,0.0
13-1131.00,18920,0.005872491364735198,0.0
13-1131.00,18921,0.007087306687985294,0.0
13-1131.00,18922,0.08308862620731701,0.0
13-1131.00,18923,0.07469541268834706,0.0
13-1131.00,18924,0.005496722138581414,0.0
13-1131.00,18925,0.004367003580545474,0.0
13-1131.00,18926,0.061337987635788474,0.0
13-1131.00,18927,0.00346281146632087,0.0
13-1131.00,18928,0.004411881956999437,0.0
13-1131.00,18929,0.0009517414106613161,0.0
13-1131.00,18930,0.0018252324188004463,0.0
13-1131.00,18931,0.054293662032693916,0.0
13-1131.00,18932,0.0101984688863592,0.0
13-2071.00,18933,0.0648944180253676,0.0
13-2071.00,18934,0.07067320555977316,0.0
13-2071.00,18935,0.06851206387098589,0.0
13-2071.00,18936,0.0678380932648465,0.0
13-2071.00,18937,0.04599412322456049,0.0
13-2071.00,18938,0.06763439196907868,0.0
13-2071.00,18939,0.07434353006384369,0.0
13-2071.00,18940,0.061727849545818614,0.0
13-2071.00,18941,0.033424994431370265,0.0
13-2071.00,18942,0.05514784855189802,0.0
13-2071.00,18943,0.05333265473249136,0.0
13-2071.00,18944,0.05443227402434918,0.0
13-2071.00,18945,0.060289134261882094,0.0
13-2071.00,18946,0.03731696411037948,0.0
13-2071.00,18947,0.02249242727835869,0.0
13-2071.00,18948,0.03300820127988218,0.0
13-2071.00,18949,0.0067022957675576715,0.0
13-2071.00,18950,0.028410715826027083,0.0
13-2071.00,18951,0.011777752094740157,0.0
13-2071.00,18952,0.05573295643262361,0.0
13-2071.00,18953,0.01762360686618892,0.0
13-2071.00,18954,0.004711143830644801,0.0
13-2071.00,18955,0.0039793549873319055,0.0
15-1241.00,18956,0.032185884594954674,0.0
15-1241.00,18957,0.045601460715398404,0.0
15-1241.00,18958,0.10019625914836755,0.0
15-1241.00,18959,0.04246585303530289,0.0
15-1241.00,18960,0.03609557309970637,0.0
15-1241.00,18961,0.013360912037433243,0.0
15-1241.00,18962,0.025892954885181684,0.0
15-1241.00,18963,0.01824212674922543,0.0
15-1241.00,18964,0.04123183829672038,0.0
15-1241.00,18965,0.05952093627445153,0.0
15-1241.00,18966,0.018318227204139077,0.0
15-1241.00,18967,0.02173287639530345,0.0
15-1241.00,18968,0.0033784180192070914,0.0
15-1241.00,18969,0.02214786854385606,0.0
15-1241.00,18970,0.009359148779460345,0.0
15-1241.00,18971,0.0881086526432954,0.0
15-1241.00,18972,0.002825858862721993,0.0
15-1241.00,18973,0.01522323309275716,0.0
15-1241.00,18974,0.010877561083607264,0.0
15-1241.00,18975,0.013757284050043323,0.0
15-1241.00,18976,0.018954829802000056,0.0
15-1241.00,18977,0.08501339815480365,0.0
15-1241.00,18978,0.022598777220830427,0.0
15-1241.00,18979,0.05312497772615984,0.0
15-1241.00,18980,0.005122000603643367,0.0
15-1241.00,18981,0.01617529432070383,0.0
15-1241.00,18982,0.01578084579016202,0.0
15-1241.00,18983,0.00829971164846352,0.0
15-1241.00,18984,0.00333271131708192,0.0
15-1241.00,18985,0.05977444305804635,0.0
15-1241.00,18986,0.02011186269060981,0.0
15-1241.00,18987,0.005661957018168586,0.0
15-1241.00,18988,0.06552626313819333,0.0
15-1231.00,18989,0.07754520018556242,0.01905710272578009
15-1231.00,18990,0.0554181171946123,0.019288932422731022
15-1231.00,18991,0.07305322935825141,0.01823325366346922
15-1231.00,18992,0.043934597141103836,0.019624916511112603
15-1231.00,18993,0.07112791982566562,0.016432765246306883
15-1231.00,18994,0.061816773976800424,0.018330343751991062
15-1231.00,18995,0.06926646844150501,0.01953843660245517
15-1231.00,18996,0.02574640972403438,0.01559859689051822
15-1231.00,18997,0.03106268564228806,0.015892380086930558
15-1231.00,18998,0.025718266993320124,0.014460218761568017
15-1231.00,18999,0.007918638757271347,0.0028007606258581767
15-1231.00,19000,0.016760375219849098,0.0038752649481493184
15-1231.00,19001,0.015612464336560586,0.005118825657778626
15-1231.00,19002,0.058049034898488616,0.01884375944266874
15-1231.00,19003,0.017219869955418368,0.005013736296270115
15-1231.00,19004,0.040930792409611394,0.0058295688096359315
15-1231.00,19005,0.0057891057827676165,0.0011485160483752205
15-1231.00,19006,0.010193676364835811,0.0022344686321662988
15-1231.00,19007,0.07883273184598567,0.016458016862984606
15-1231.00,19008,0.03225295591107738,0.012977276629012437
15-1231.00,19009,0.02136734537818761,0.006212385968918818
15-1231.00,19010,0.07681275120605528,0.017801927268166377
15-1231.00,19011,0.015049594558570654,0.0037496745581200638
15-1231.00,19012,0.0025070570798432154,0.0005894700279067014
15-1231.00,19013,0.030287581188098805,0.009588813109021897
15-1231.00,19014,0.03572635662423494,0.013645191582561314
21-1094.00,19017,0.17198602338121913,0.02679925634641772
21-1094.00,19019,0.06097815914749861,0.012771637056615649
21-1094.00,19021,0.05008215524363856,0.022879909174748535
21-1094.00,19023,0.06102878188921307,0.021026184267937648
21-1094.00,19024,0.020299013056942282,0.008812061580544834
21-1094.00,19025,0.007464385528344505,0.004339466361829672
21-1094.00,19027,0.04048989829246745,0.012293947320884104
21-1094.00,19028,0.07536523285310612,0.02440735105943257
21-1094.00,19029,0.029736442421854914,0.015205219404000339
21-1094.00,19030,0.03903680254462041,0.01349199385901766
21-1094.00,19031,0.24125064228954532,0.052762563790394366
21-1094.00,19032,0.04867833560499625,0.02480801963962911
21-1094.00,19036,0.0487592418669099,0.008413601429075226
21-1094.00,19038,0.03606867741368479,0.01708152864345564
21-1094.00,19040,0.04216283581916199,0.011929839332692494
21-1094.00,19041,0.025360363807090235,0.007899172066805401
21-1094.00,19042,0.0012530088397064295,0.0007826876813513305
23-1012.00,19044,0.018768023327158212,0.004357241506519011
23-1012.00,19045,0.02776529485994409,0.013093422663786944
23-1012.00,19046,0.10930075167664725,0.02368810685240972
23-1012.00,19047,0.13837575091739635,0.02849404353960771
23-1012.00,19048,0.021651009388936188,0.010152134095820178
23-1012.00,19049,0.014587122876285136,0.011001351650462768
23-1012.00,19050,0.2195031273975598,0.02832969753079086
23-1012.00,19051,0.22681994686359055,0.027231515772469884
23-1012.00,19052,0.14972365641642368,0.03111106863247098
23-1012.00,19056,0.020458864023458284,0.010126189202202252
23-1012.00,19058,0.002376858097102111,0.001575692391992386
23-1012.00,19060,0.009918715578552477,0.006144269509958731
23-1012.00,19061,0.04075087857694585,0.010355160354909547
25-2051.00,19063,0.026827322028275837,0.006005602317944545
25-2051.00,19064,0.054885682851191143,0.008354927146679849
25-2051.00,19065,0.07577271826703144,0.008207558007815129
25-2051.00,19066,0.011965860398485167,0.004528398270974487
25-2051.00,19067,0.004649380257851319,0.0037974297530035516
25-2051.00,19068,0.039014780870849065,0.004532628872933626
25-2051.00,19069,0.07388526787544569,0.007457368860927247
25-2051.00,19070,0.05217564033305574,0.005381773095240921
25-2051.00,19071,0.034750320288353294,0.006031372953746971
25-2051.00,19072,0.05794179183110163,0.007670124533040713
25-2051.00,19073,0.050776056735626636,0.005779977134611344
25-2051.00,19075,0.019947233207542752,0.004509828906137216
25-2051.00,19076,0.04275480573696183,0.00695995974921569
25-2051.00,19077,0.028442643840490864,0.004117931259257239
25-2051.00,19078,0.009705814235602149,0.0038318121152584577
25-2051.00,19079,0.020427708577079595,0.003609178951372343
25-2051.00,19080,0.012273235975070016,0.004170824190805228
25-2051.00,19081,0.01812582471442026,0.004815577605487122
25-2051.00,19082,0.02574939295185223,0.004086261501745243
25-2051.00,19083,0.020664072259556274,0.0039524415970809395
25-2051.00,19084,0.071560248056675,0.008590193022515827
25-2051.00,19085,0.07410641324611342,0.004625703186748657
25-2051.00,19086,0.03780691720055277,0.0062278904140549655
25-2051.00,19087,0.006502310413702708,0.0019910930163438284
25-2051.00,19088,0.00496077953833051,0.0035049313919410133
25-2051.00,19089,0.011929943608822522,0.004032813760440355
25-2051.00,19090,0.009417626627366057,0.0038889011439220494
25-2051.00,19091,0.01441585383367721,0.00536956559094986
25-2051.00,19092,0.006798801322002434,0.0034623237774138098
25-2051.00,19093,0.024381724684134118,0.004137914719714597
25-2051.00,19094,0.0060198417878687994,0.0032668459224639667
25-2051.00,19095,0.015494843755942938,0.003948627495886352
25-2051.00,19096,0.008150884120159615,0.0020395992386499358
25-2051.00,19097,0.004319976338854107,0.0009354640859517284
25-2051.00,19098,0.023398282229954808,0.005288987353354239
29-1129.01,19139,0.009703692019063273,0.0
29-1129.01,19140,0.04019041574269715,0.0
29-1129.01,19141,0.0749963092883908,0.0
29-1129.01,19142,0.025016097974090587,0.0
29-1129.01,19143,0.09150208942471673,0.0
29-1129.01,19144,0.02593033892229389,0.0
29-1129.01,19145,0.036243123602991964,0.0
29-1129.01,19146,0.08042302143842593,0.0
29-1129.01,19147,0.04712090864120227,0.0
29-1129.01,19148,0.02919504005994165,0.0
29-1129.01,19149,0.05070738845140934,0.0
29-1129.01,19150,0.05896101849851542,0.0
29-1129.01,19151,0.09519109946757298,0.0
29-1129.01,19152,0.019376324936371942,0.0
29-1129.01,19153,0.10039671790135307,0.0
29-1129.01,19154,0.05629557337995613,0.0
29-1129.01,19155,0.0010734863781902877,0.0
29-1129.01,19156,0.0007689456512868257,0.0
29-1129.01,19157,0.00031237169461765125,0.0
29-1129.01,19158,0.03649191521932811,0.0
29-1129.01,19159,0.00600806103658283,0.0
29-1129.01,19160,0.006016253263278049,0.0
29-1129.01,19161,0.07819272961687461,0.0
29-1129.01,19162,0.022411060741471225,0.0
29-1129.01,19163,0.007476016649377387,0.0
29-1129.02,19164,0.004705392910820401,0.0
29-1129.02,19165,0.008914171470780007,0.0
29-1129.02,19166,0.015436546218817503,0.0
29-1129.02,19167,0.04342504572626909,0.0
29-1129.02,19168,0.029651317954542487,0.0
29-1129.02,19169,0.013149195337510331,0.0
29-1129.02,19170,0.04493116822269956,0.0
29-1129.02,19171,0.0764987722942865,0.0
29-1129.02,19172,0.04546708469927251,0.0
29-1129.02,19173,0.026846167408301293,0.0
29-1129.02,19174,0.03080373001625096,0.0
29-1129.02,19175,0.06098033889866076,0.0
29-1129.02,19176,0.05604822318435446,0.0
29-1129.02,19177,0.053620509345654224,0.0
29-1129.02,19178,0.0974431533289147,0.0
29-1129.02,19179,0.08006370239717778,0.0
29-1129.02,19180,0.03710249909299566,0.0
29-1129.02,19181,0.07542491819315658,0.0
29-1129.02,19182,0.04835379520522508,0.0
29-1129.02,19183,0.0038874191645066848,0.0
29-1129.02,19184,0.023485714549555666,0.0
29-1129.02,19185,0.0006522286365137834,0.0
29-1129.02,19186,0.001283205804797792,0.0
29-1129.02,19187,0.011068521583799121,0.0
29-1129.02,19188,0.043655155732015435,0.0
29-1129.02,19189,0.010330443768052172,0.0
29-1129.02,19190,0.025146653757411635,0.0
29-1128.00,19191,0.02775368690914084,0.0
29-1128.00,19192,0.09242340647367712,0.0
29-1128.00,19193,0.0895619308901465,0.0
29-1128.00,19194,0.05186535421658289,0.0
29-1128.00,19195,0.11170069754215536,0.0
29-1128.00,19196,0.016317477620537105,0.0
29-1128.00,19197,0.016081267067156103,0.0
29-1128.00,19198,0.022759604703615145,0.0
29-1128.00,19199,0.07449063068674788,0.0
29-1128.00,19200,0.10528559168878572,0.0
29-1128.00,19201,0.1116139732348808,0.0
29-1128.00,19202,0.014772251789362218,0.0
29-1128.00,19203,0.05603146591645993,0.0
29-1128.00,19204,0.009213954306435802,0.0
29-1128.00,19205,0.021050006530688007,0.0
29-1128.00,19206,0.005806200922287954,0.0
29-1128.00,19207,0.05966731801228058,0.0
29-1128.00,19208,0.015874599300694396,0.0
29-1128.00,19209,0.005888804591449972,0.0
29-1128.00,19210,0.0057882421685177465,0.0
29-1128.00,19211,0.00328683893435906,0.0
29-1128.00,19212,0.012803643684439907,0.0
29-1128.00,19213,0.01808423701630899,0.0
29-1128.00,19214,0.017701164036357936,0.0
29-1128.00,19215,0.03417765175693208,0.0
29-2035.00,19216,0.010645539132990359,0.0
29-2035.00,19217,0.018363696321239693,0.0
29-2035.00,19218,0.07819815383683973,0.0
29-2035.00,19219,0.021955666437771526,0.0
29-2035.00,19220,0.05995070004803816,0.0
29-2035.00,19221,0.019365833876079777,0.0
29-2035.00,19222,0.054915451841653924,0.0
29-2035.00,19223,0.02495291072296482,0.0
29-2035.00,19224,0.05413746942311191,0.0
29-2035.00,19225,0.08225129574943163,0.0
29-2035.00,19226,0.07004357290886555,0.0
29-2035.00,19227,0.08225129574943163,0.0
29-2035.00,19228,0.08341604439095818,0.0
29-2035.00,19229,0.011657658119216461,0.0
29-2035.00,19230,0.005787679156440463,0.0
29-2035.00,19231,0.012009817037642803,0.0
29-2035.00,19232,0.01272718612993981,0.0
29-2035.00,19233,0.048822893895430056,0.0
29-2035.00,19235,0.008261533018371178,0.0
29-2035.00,19236,0.07762156642190321,0.0
29-2035.00,19237,0.012877823474834415,0.0
29-2035.00,19238,0.04099614135611244,0.0
29-2057.00,19239,0.10243816755550239,0.0
29-2057.00,19240,0.041478286650022365,0.0
29-2057.00,19241,0.015548427874681478,0.0
29-2057.00,19242,0.0054570961771495865,0.0
29-2057.00,19243,0.01697375382298322,0.0
29-2057.00,19244,0.07862756479162156,0.0
29-2057.00,19245,0.043159415240710375,0.0
29-2057.00,19246,0.007479120344678229,0.0
29-2057.00,19247,0.01756001532630504,0.0
29-2057.00,19248,0.10025952394793375,0.0
29-2057.00,19249,0.10970620884519988,0.0
29-2057.00,19250,0.10418651343511222,0.0
29-2057.00,19251,0.05047241690978038,0.0
29-2057.00,19252,0.10908551816592446,0.0
29-2057.00,19253,0.0027196499703804043,0.0
29-2057.00,19254,0.0015214528032505609,0.0
29-2057.00,19255,0.016671301189278852,0.0
29-2057.00,19256,0.01357072370873679,0.0
29-2057.00,19257,0.10970620884519988,0.0
29-2057.00,19258,0.053378634395548546,0.0
29-2099.05,19259,0.07841620591683539,0.0
29-2099.05,19260,0.015897539925575,0.0
29-2099.05,19261,0.051060533428302385,0.0
29-2099.05,19262,0.006523005020754185,0.0
29-2099.05,19263,0.05837052412787073,0.0
29-2099.05,19264,0.017978868848666937,0.0
29-2099.05,19265,0.025102783933847808,0.0
29-2099.05,19266,0.0495261448215984,0.0
29-2099.05,19267,0.020484672289498462,0.0
29-2099.05,19268,0.07375659599885824,0.0
29-2099.05,19269,0.02128251251254037,0.0
29-2099.05,19270,0.021619597779526722,0.0
29-2099.05,19271,0.07788770402582644,0.0
29-2099.05,19272,0.019698336102796383,0.0
29-2099.05,19273,0.02790768221265646,0.0
29-2099.05,19274,0.02396339152583027,0.0
29-2099.05,19275,0.07841620591683539,0.0
29-2099.05,19276,0.0008957865998653483,0.0
29-2099.05,19277,0.009647600809173859,0.0
29-2099.05,19278,0.040533805942957746,0.0
29-2099.05,19279,0.023997257138835302,0.0
29-2099.05,19280,0.02672153381296712,0.0
29-2099.05,19281,0.02806668048018911,0.0
29-2099.05,19282,0.002361761110820736,0.0
29-2099.05,19283,0.007799896618762902,0.0
29-2099.05,19284,0.0021677611237241666,0.0
29-2099.05,19285,0.010792479943971716,0.0
29-2099.05,19286,0.01690067392252011,0.0
29-2099.05,19287,0.07841620591683539,0.0
29-9093.00,19288,0.03848180790679054,0.004975910938021139
29-9093.00,19289,0.0404986548291206,0.006588151020406604
29-9093.00,19290,0.03914526581374609,0.005338035671175577
29-9093.00,19291,0.01672356348866833,0.004304697536964156
29-9093.00,19292,0.03657886790803383,0.008747885440512127
29-9093.00,19293,0.05755257170875661,0.006481437598228284
29-9093.00,19294,0.053796488327100725,0.00626577719384908
29-9093.00,19295,0.028667293369160164,0.0047064693068379
29-9093.00,19296,0.03937549180214984,0.006035583585339949
29-9093.00,19297,0.003499212774845049,0.0018525195901513438
29-9093.00,19298,0.0767990559859168,0.007730105147912222
29-9093.00,19299,0.09307182893665346,0.008849890398103773
29-9093.00,19300,0.03414573661142922,0.008343921401534565
29-9093.00,19301,0.011847027172809985,0.0034915461970777438
29-9093.00,19302,0.04608441562521893,0.00848795669076125
29-9093.00,19303,0.01078782288793158,0.004392346432788008
29-9093.00,19305,0.0018709619280606916,0.0011698126616166682
29-9093.00,19306,0.050575952551409196,0.007958699778436511
29-9093.00,19307,0.04809808318682553,0.008380038024900244
29-9093.00,19308,0.04273961412017396,0.009156414266499418
29-9093.00,19309,0.0054905806395290045,0.0019060719536401417
29-9093.00,19310,0.05017477546454216,0.009208772389579265
29-9093.00,19311,0.024652914460240236,0.007052670968107635
29-9093.00,19312,0.05342723034347304,0.013750300380896125
29-9093.00,19313,0.01691859900286073,0.00423422312194236
29-9093.00,19314,0.017913377345467846,0.005533251794554141
29-9093.00,19315,0.061082805809085886,0.01046621851499316
31-1131.00,19316,0.011158918667890722,0.0036464932677764696
31-1131.00,19317,0.09573049234260994,0.009314922698643854
31-1131.00,19318,0.011956040921270816,0.0033811753386575978
31-1131.00,19319,0.02817880967097332,0.006084844682403062
31-1131.00,19320,0.034544709864253835,0.0037478129612859945
31-1131.00,19321,0.028839445781901573,0.006127328865595483
31-1131.00,19322,0.008901488423373018,0.003814865878313291
31-1131.00,19323,0.05109989165700038,0.005416050519815833
31-1131.00,19324,0.03862967080947255,0.003772150680700317
31-1131.00,19325,0.047628068900368976,0.006564891928292178
31-1131.00,19326,0.028509035283435215,0.0041346945177446505
31-1131.00,19327,0.03946844002653433,0.005832157386243784
31-1131.00,19328,0.0325842887864024,0.00426323896996664
31-1131.00,19329,0.01457835440310765,0.006875414212106618
31-1131.00,19330,0.03626355444563126,0.00273644421286552
31-1131.00,19331,0.05973434477564472,0.004378521079512838
31-1131.00,19332,0.014446091648138034,0.004026171360367619
31-1131.00,19333,0.025618958713335038,0.004525854994193821
31-1131.00,19334,0.027248620341480984,0.0038445747620617626
31-1131.00,19335,0.0256456851110354,0.003736953491779911
31-1131.00,19336,0.022672852287426746,0.002674320728279323
31-1131.00,19337,0.0171465474709391,0.005568197390229853
31-1131.00,19338,0.01644487852684862,0.005171406583336605
31-1131.00,19339,0.03800083110981965,0.00677385719623691
31-1131.00,19340,0.025165879461101603,0.005142074675949338
31-1131.00,19341,0.06533641594100971,0.00708043365076354
31-1131.00,19342,0.04085554074344135,0.006284472583624226
31-1131.00,19343,0.030459025719692407,0.005095409805605393
31-1131.00,19344,0.018339289685250674,0.0035924335325423027
31-1131.00,19345,0.016574709692057592,0.005313261322096874
31-1131.00,19346,0.04185486925297733,0.006338333709010996
31-1131.00,19348,0.0063842495355750555,0.002990777878936317
31-1132.00,19349,0.02496063977604877,0.010574455250288786
31-1132.00,19350,0.0750215182594958,0.014931516475612604
31-1132.00,19351,0.06348431390951131,0.013315192928279316
31-1132.00,19352,0.0358109595634962,0.008593435544147475
31-1132.00,19353,0.11514779118309178,0.010993309554529016
31-1132.00,19354,0.03455317752339581,0.009587979197129868
31-1132.00,19355,0.05124841825349621,0.012051101537791226
31-1132.00,19356,0.1137102056145652,0.012451489323613356
31-1132.00,19357,0.12190237767344271,0.013645252783691978
31-1132.00,19358,0.02140698291211028,0.007898606804040422
31-1132.00,19360,0.005758761858714688,0.0022857971100084407
31-1132.00,19361,0.0013343512436282806,0.0011425812852598899
31-1132.00,19362,0.022904272998889686,0.006128045402186611
31-1132.00,19363,0.018812511163017555,0.004964545239197276
31-1132.00,19365,0.004208653900946774,0.0014283421824522037
31-1132.00,19366,0.13968880180480892,0.012301040147695242
31-1132.00,19367,0.04831349016745945,0.009116187384716312
31-1132.00,19368,0.03857029220381626,0.010638016336414391
31-1132.00,19369,0.017065383105432853,0.007111932658143037
31-1132.00,19370,0.029828712520578643,0.008244364703420097
31-1132.00,19371,0.016268384364052917,0.006018306857077497
31-9097.00,19373,0.03570901782957126,0.0
31-9097.00,19374,0.08107499170330998,0.0
31-9097.00,19375,0.10262285530197625,0.0
31-9097.00,19376,0.033128102295558765,0.0
31-9097.00,19377,0.0047205976214509315,0.0
31-9097.00,19378,0.05061400609168843,0.0
31-9097.00,19379,0.09408852797363254,0.0
31-9097.00,19380,0.040945475858754535,0.0
31-9097.00,19381,0.07107067009691477,0.0
31-9097.00,19382,0.06921890851504917,0.0
31-9097.00,19383,0.009163171881880372,0.0
31-9097.00,19384,0.014357163002280226,0.0
31-9097.00,19385,0.05271459201853043,0.0
31-9097.00,19386,0.04229203687941689,0.0
31-9097.00,19387,0.03788134989958184,0.0
31-9097.00,19388,0.02080874865611758,0.0
31-9097.00,19389,0.05927382306023484,0.0
31-9097.00,19390,0.028000498459103847,0.0
31-9097.00,19392,0.047190563292460894,0.0
31-9097.00,19393,0.016898395782734353,0.0
31-9097.00,19394,0.019113458906799323,0.0
31-9097.00,19395,0.015815086037634537,0.0
31-9097.00,19396,0.05329795883531829,0.0
49-2021.00,19399,0.015148992964654608,0.006967952213662169
49-2021.00,19400,0.020866326450409853,0.008350862750241444
49-2021.00,19401,0.17692668325826585,0.04158219504512384
49-2021.00,19402,0.03995279020355555,0.026314207636774424
49-2021.00,19405,0.007849751974054025,0.0028488142428836553
49-2021.00,19406,0.019775532205341975,0.009191019912638142
49-2021.00,19407,0.20861668034850675,0.035907326885567054
49-2021.00,19408,0.04129057738765601,0.019242555149452695
49-2021.00,19409,0.14302159128211572,0.042752449298805416
49-2021.00,19410,0.08429647341188884,0.03320831053150567
49-2021.00,19411,0.03149615687745215,0.009816320152381718
49-2021.00,19412,0.09637767552004986,0.02402033115463717
49-2021.00,19413,0.017476258549781822,0.006786575913922681
49-2021.00,19414,0.02916578205282212,0.006915383668036686
49-2021.00,19415,0.06773872751344479,0.024869701975145826
51-5112.00,19416,0.013193227627249192,0.004022526547058311
51-5112.00,19417,0.06111894666760017,0.009381802493273124
51-5112.00,19418,0.041657509762796856,0.005320104763786115
51-5112.00,19419,0.04246943398507067,0.006797225183309475
51-5112.00,19420,0.02097310264976678,0.004709595868266451
51-5112.00,19421,0.08857028362976725,0.0063822065229098505
51-5112.00,19422,0.017080503497667182,0.003782845493580329
51-5112.00,19423,0.07109985962514177,0.00665076207689777
51-5112.00,19424,0.05777962370685904,0.009787845790786181
51-5112.00,19425,0.046521534010569215,0.007792087558776139
51-5112.00,19426,0.059887298908205516,0.008077176700210967
51-5112.00,19427,0.06650351726616116,0.00962877969684048
51-5112.00,19428,0.05384833118062132,0.006523956760264172
51-5112.00,19429,0.05183438068749653,0.007304836981058456
51-5112.00,19430,0.08379964407649021,0.009236007829817018
51-5112.00,19431,0.05693324861276581,0.00636390587331448
51-5112.00,19432,0.016569328317335222,0.005429579438553435
51-5112.00,19433,0.02784696981681052,0.006688828950680721
51-5112.00,19434,0.021534567189577244,0.005122098861676359
51-5112.00,19435,0.054721093830373366,0.0054312145206103935
51-5112.00,19436,0.027406232304840322,0.0064801882667474995
51-5112.00,19438,0.018651362646834653,0.005753308145471576
51-5113.00,19440,0.012808130386139517,0.004049432251021124
51-5113.00,19441,0.023721192952950273,0.011543724389417465
51-5113.00,19442,0.031595519290234485,0.011127240048645971
51-5113.00,19443,0.029713200822134217,0.010709137111989805
51-5113.00,19445,0.024311002936794158,0.008928329317753145
51-5113.00,19446,0.008867629518583695,0.00475820311209812
51-5113.00,19447,0.035587343758168966,0.014046205630633924
51-5113.00,19448,0.06804390258783008,0.01802272138180063
51-5113.00,19449,0.015307632261124221,0.011305006856443808
51-5113.00,19450,0.07168848472294544,0.012366475309909001
51-5113.00,19451,0.007622097829177335,0.00268244508894871
51-5113.00,19452,0.015929839794130308,0.008734175031220126
51-5113.00,19453,0.08627370753989005,0.016661099791947447
51-5113.00,19455,0.053834350646365825,0.01329056592369294
51-5113.00,19456,0.05500257950198829,0.014183276714552768
51-5113.00,19457,0.06140590851112809,0.012460785929754971
51-5113.00,19458,0.09297819146343989,0.018878159618918502
51-5113.00,19459,0.07369126423258582,0.012926772758991317
51-5113.00,19460,0.09455719285573111,0.020411853277641553
51-5113.00,19462,0.05479690318457161,0.01268710591401769
51-5113.00,19463,0.06753742924566651,0.02126683660884566
51-5113.00,19464,0.014726495958420143,0.010717065156784208
51-9151.00,19465,0.08991791351097043,0.008310490920075837
51-9151.00,19466,0.05765271931951254,0.012812289814357466
51-9151.00,19467,0.014778750886262364,0.006494562544644962
51-9151.00,19468,0.023065592570338304,0.008916326831708447
51-9151.00,19469,0.06524633796538745,0.01159723158706755
51-9151.00,19470,0.03030172218012487,0.005585926492921409
51-9151.00,19471,0.06783418090338937,0.009624433333646465
51-9151.00,19472,0.03409849335383172,0.009053924143717059
51-9151.00,19473,0.010399457386390847,0.004518047491447538
51-9151.00,19474,0.02896917944887742,0.006331659940272938
51-9151.00,19476,0.06711492576294366,0.0075464365979904325
51-9151.00,19477,0.04130492895783723,0.008508982351737361
51-9151.00,19478,0.01739125406534158,0.004865700924145199
51-9151.00,19479,0.06091237803394435,0.010849297684195859
51-9151.00,19480,0.04975208317879287,0.011944253979131975
51-9151.00,19481,0.0327306890093292,0.007265273822882655
51-9151.00,19482,0.004055462374639594,0.0018374926028869396
51-9151.00,19483,0.07831097634727141,0.01002152961007573
51-9151.00,19484,0.09254235324212433,0.008587065603423715
51-9151.00,19486,0.05869327733863456,0.008987659133430598
51-9151.00,19491,0.016940379266803446,0.005141512846171572
51-9151.00,19492,0.02379734115185528,0.009721852305804208
51-9151.00,19496,0.016375922212173228,0.008566951510835408
51-9151.00,19499,0.006696432851596987,0.002715288350955931
51-9151.00,19500,0.011117248681626956,0.004807465022161744
11-1021.00,19501,0.02374523207582648,0.014703592217049526
11-2021.00,19502,0.025847946724597344,0.011567485054459101
11-2021.00,19503,0.004504313530940055,0.002592097905085309
11-2021.00,19505,0.008974823994686595,0.0032784237387988653
11-9021.00,19518,0.0020328899311402343,0.0
11-9021.00,19519,0.006722811370306796,0.0
11-9021.00,19520,0.003099629658825718,0.0
11-9021.00,19521,0.005121062104401681,0.0
11-9021.00,19522,0.022715536342233705,0.0
11-9021.00,19523,0.01168506871465756,0.0
11-9021.00,19524,0.002411748401609002,0.0
11-9041.00,19525,0.007979701717564737,0.006021662056751218
11-9041.00,19526,0.017891273739135544,0.010832761824739983
11-9041.00,19528,0.017780550839828865,0.011303639785649303
11-9199.01,19529,0.05597841286810044,0.0
11-9199.01,19530,0.002517061612914262,0.0
11-9199.01,19531,0.039322436162695346,0.0
11-9199.01,19532,0.01716172249656318,0.0
11-9199.02,19533,0.009754095828359443,0.0034372343289098928
11-9199.02,19537,0.007346102294100749,0.0035234935716591735
11-9199.02,19538,0.0019370678864706235,0.0010531260420382613
11-3071.04,19539,0.0018824407962987886,0.0
11-3071.04,19540,0.007807794397567334,0.0
11-3071.04,19541,0.035385172810406935,0.0
11-3071.04,19542,0.010579705418718697,0.0
11-3071.04,19543,0.012374306386130948,0.0
11-3071.04,19544,0.0005968591552847573,0.0
11-3071.04,19545,0.0015493546854346515,0.0
11-3071.04,19546,0.0042385484043079655,0.0
13-1022.00,19547,0.011823750346464252,0.005936338479849338
13-1022.00,19548,0.02324807619133384,0.009444894745459368
13-1022.00,19551,0.0016571475797669077,0.0009650800872754041
13-1041.07,19552,0.03504374218071559,0.0
13-1041.07,19553,0.0005188346296045177,0.0
13-1041.07,19554,0.0006045858658482267,0.0
13-1041.07,19557,0.0010537782414462465,0.0
13-1151.00,19558,0.0035413708595599083,0.0
13-1151.00,19559,0.08770217733647369,0.0
47-4011.01,19560,0.015499105544901135,0.0
47-4011.01,19561,0.04563186988441291,0.0
47-4011.01,19562,0.031904040132254896,0.0
47-4011.01,19563,0.005188591922069061,0.0
13-2052.00,19570,0.013869626732170627,0.0
13-2052.00,19571,0.008873741018966607,0.0
13-2099.01,19572,0.0013629658725069556,0.0
13-2099.01,19573,0.005940743435054506,0.0
13-2099.01,19574,0.011335142682481675,0.0
13-2099.01,19575,0.0039584619258283245,0.0
13-2099.01,19576,0.0017112366644659628,0.0
17-1011.00,19590,0.0020129487908429845,0.0
17-1011.00,19591,0.0039436880997658,0.0
17-1011.00,19592,0.014637912747717377,0.0
17-1011.00,19593,0.014215148658333114,0.0
17-1011.00,19594,0.009672656050676558,0.0
17-1011.00,19595,0.0017445915682466877,0.0
17-1011.00,19596,0.07030375095729727,0.0
17-1012.00,19597,0.0857619698459198,0.0
17-1012.00,19598,0.04781151143576891,0.0
17-1012.00,19599,0.006736451432679427,0.0
17-1012.00,19600,0.01580229628204663,0.0
17-2051.00,19607,0.025096313293513476,0.0
17-2051.00,19608,0.0033272991128771795,0.0
17-2051.00,19609,0.0004561054140003629,0.0
17-2051.00,19610,0.2234435649295754,0.0
17-2051.00,19611,0.009955200766307301,0.0
17-2051.01,19612,0.060516026853724765,0.0
17-2051.01,19613,0.007322975149354979,0.0
17-2051.01,19614,0.0046442367329694555,0.0
17-2051.01,19615,0.009815661157844128,0.0
17-2051.01,19616,0.01135545699641314,0.0
17-2071.00,19619,0.006958552548904809,0.005777033508591391
17-2081.00,19624,0.028889767650200696,0.0
17-2081.00,19625,0.008340010924636754,0.0
17-2081.00,19626,0.0030196706537940583,0.0
17-2141.00,19628,0.07940531063006788,0.031432285748307365
17-2141.00,19629,0.013010877352264206,0.010511525065325883
17-2141.02,19633,0.025700063848031286,0.0
17-2141.02,19634,0.012225140125604732,0.0
17-2141.02,19635,0.021370744830046088,0.0
17-2141.02,19636,0.014117017771325662,0.0
17-2141.02,19637,0.017395860520245335,0.0
17-2141.02,19638,0.01727421966211533,0.0
17-2161.00,19639,0.009715664889337257,0.0
17-2161.00,19640,0.020993345744098817,0.0
17-2161.00,19641,0.03629032250644421,0.0
17-2161.00,19642,0.037672110493604354,0.0
17-2161.00,19643,0.010550236532126899,0.0
17-2112.02,19647,0.053303972722126454,0.0
17-2199.03,19648,0.007651522186688893,0.0
17-2112.03,19649,0.008074276111258952,0.0
17-2112.03,19650,0.010677706812180958,0.0
17-2112.03,19651,0.0031066002756378296,0.0
17-2112.03,19652,0.002510659690907992,0.0
17-2199.05,19654,0.059425184089241495,0.03588387334919834
17-2199.05,19655,0.018538538635725365,0.007921063769108293
17-2199.07,19662,0.001202430513401619,0.0
17-2199.07,19663,0.004941065521413048,0.0
17-2199.07,19664,0.009471985320244375,0.0
17-2199.07,19665,0.0017901523091610949,0.0
17-2199.07,19666,0.004283360983045453,0.0
17-2199.08,19667,0.010398020459948438,0.0
17-2199.08,19668,0.005170171236783335,0.0
17-2199.09,19669,0.01692896777717093,0.0
17-2199.09,19670,0.011135776068492751,0.0
17-2199.09,19671,0.020545142324231002,0.0
17-2199.09,19672,0.014419863398300954,0.0
17-2199.09,19673,0.0333671193953298,0.0
17-2199.09,19674,0.03649051779140893,0.0
17-2199.09,19675,0.008046276642987278,0.0
17-2199.09,19676,0.005590643155445134,0.0
17-2199.09,19677,0.006537968628052104,0.0
17-3024.01,19684,0.04456663834273427,0.0
17-3025.00,19686,0.0400050660300972,0.026313261715468085
17-3025.00,19688,0.08622177134326882,0.03676360110245619
17-3025.00,19689,0.019003227311626913,0.006168721750992835
17-3025.00,19691,0.0361630410435889,0.01006640237255493
17-3026.00,19692,0.0627430765745181,0.02880121382836786
17-3027.01,19696,0.040741784212318104,0.0
17-3027.01,19697,0.03177784018859557,0.0
17-3027.01,19698,0.028151060192949235,0.0
17-3027.01,19699,0.051946034846696694,0.0
17-3029.08,19731,0.006262883568575737,0.0
19-1013.00,19750,0.006724674358435335,0.0
19-1013.00,19751,0.02683601939513092,0.0
19-1013.00,19753,0.01089401682725326,0.0
19-1013.00,19754,0.06693365160408202,0.0
19-2021.00,19755,0.022269086325006827,0.0
19-2021.00,19756,0.007267943042973013,0.0
19-2021.00,19757,0.018893881777895385,0.0
19-2021.00,19758,0.002585078276331353,0.0
19-2021.00,19759,0.09246114890984483,0.0
19-2042.00,19760,0.00048395631630049926,0.0
19-2042.00,19761,0.00045758086836535593,0.0
19-2042.00,19762,0.0008372966549709992,0.0
19-2042.00,19763,0.0021912963559906047,0.0
19-2042.00,19764,0.0036292276848306896,0.0
19-2042.00,19765,0.003194502464870973,0.0
19-2042.00,19766,0.004669915736321714,0.0
19-2042.00,19767,0.0030245480796389605,0.0
19-2042.00,19768,0.0016206596604737868,0.0
19-2042.00,19769,0.0016611901975872778,0.0
19-2042.00,19770,0.0006743235702038133,0.0
19-2042.00,19771,0.01593953736456905,0.0
19-2042.00,19772,0.0030929968102904335,0.0
19-2099.01,19773,0.03228937126688296,0.0
19-2099.01,19774,0.02095528962773103,0.0
19-3051.00,19775,0.01729739981109857,0.0
19-3051.00,19776,0.01817225413925272,0.0
19-3051.00,19777,0.029277025606995816,0.0
19-3051.00,19778,0.017722706430067577,0.0
19-3099.01,19779,0.14441247718705671,0.0
19-4012.00,19781,0.00988093547283757,0.0031169132061818583
19-4012.00,19782,0.017619265105960496,0.0036120171804684418
19-4042.00,19797,0.0204013469141495,0.0
19-4042.00,19798,0.04027458779167297,0.0
19-4042.00,19799,0.024942203481357984,0.0
19-4012.01,19800,0.042945508931724705,0.0
19-4012.01,19801,0.027404307356019498,0.0
19-4012.01,19802,0.0306446940888476,0.0
19-4012.01,19803,0.02931501594697811,0.0
23-1022.00,19807,0.03636854767305114,0.0
27-3031.00,19809,0.005691851409810716,0.0
27-3031.00,19810,0.002693279729002075,0.0
27-3031.00,19811,0.03214847068166682,0.0
19-5012.00,19813,0.013299479708114818,0.0
19-5012.00,19814,0.0017168025830537616,0.0
19-5012.00,19815,0.0005913634958725087,0.0
19-5012.00,19816,0.0005645605186162399,0.0
19-5012.00,19817,0.021253704364702895,0.0
19-5012.00,19818,0.034113396638591156,0.0
41-4011.00,19825,0.0026868878179810763,0.0017099096602868945
41-4011.00,19826,0.0029838415161389763,0.0014554310774563706
41-4011.00,19828,0.004826692182863319,0.0019427854234427642
43-5011.01,19829,0.026734747313697016,0.008841263916929045
43-5011.01,19830,0.024702317652763216,0.009928675020129354
43-5011.01,19831,0.022963408010351318,0.00926958646460223
43-5011.01,19832,0.023528798031184947,0.00908278246945715
43-5011.01,19833,0.028550138470205592,0.009445761334127311
47-2061.00,19838,0.00506472723596056,0.0034208455702578015
47-2181.00,19851,0.03080788377030854,0.008048272709728781
47-2181.00,19853,0.016394423100715143,0.007962763297654675
47-2181.00,19854,0.000795444979439199,0.0005224942525884917
47-4011.00,19863,0.0033786884089293634,0.0
47-4011.00,19864,0.012493493667815,0.0
47-4011.00,19865,0.005737197389239177,0.0
47-4011.00,19866,0.015523069439521671,0.0
47-4011.00,19867,0.00015940669007485954,0.0
47-4041.00,19868,0.014187407476290591,0.006232870596140645
47-4041.00,19869,0.025432553790570432,0.01045875406672138
47-4041.00,19870,0.0672971272789342,0.021461302386540308
47-4041.00,19871,0.021016100799768116,0.008366656454322462
47-4041.00,19872,0.04217434248428727,0.01648751002862673
47-4041.00,19873,0.04244381344618876,0.016604967421894188
47-5013.00,19874,0.01726184327494733,0.011562986396397936
47-5041.00,19875,0.019012089035040185,0.007899441145041871
47-5041.00,19876,0.03204416945242955,0.005764735542337889
49-3031.00,19886,0.04213143264923869,0.01617832714805598
49-3031.00,19887,0.01636461001257686,0.0039041041172528
49-3031.00,19888,0.013071350206465769,0.005751567981734151
49-3031.00,19889,0.014228394911962249,0.0049512963949119885
49-9071.00,19898,0.008676615289788898,0.002969866242972698
49-9071.00,19899,0.011527850512801665,0.009094058130069468
49-9071.00,19900,0.006456952950558232,0.0070830735193317925
51-2011.00,19901,0.008275010117995588,0.0038866333644018147
51-2011.00,19902,0.024155985777355858,0.006894602438456231
51-2011.00,19903,0.02617429393629969,0.013189659958864265
51-4041.00,19905,0.027481738325534712,0.0054245998886638825
51-4041.00,19906,0.03002057418916333,0.006574532998266277
51-8011.00,19907,0.0107515565404679,0.00309810373773371
51-8011.00,19908,0.017068018425044684,0.004784414087437405
51-8011.00,19909,0.003028181241619256,0.00085854333762673
51-8011.00,19911,0.16724284242710458,0.0073104842417735785
51-8011.00,19912,0.01991762509751606,0.00427591427869431
51-8013.00,19914,0.06517423774519653,0.015626846375768732
51-8013.00,19915,0.03264989473340627,0.008584112537883895
51-9012.00,19918,0.06809218855305885,0.008679128136236265
51-9061.00,19920,0.024013260639818724,0.007042341473660729
53-3032.00,19922,0.012311867209707497,0.0023152578998269237
53-3032.00,19923,0.03845657359033263,0.00663423570250518
53-6051.07,19924,0.07681819424062909,0.02273498153022901
53-6051.07,19927,0.09248587637548333,0.02413090684458794
53-6051.07,19929,0.07794628049935988,0.029191045171244635
53-7081.00,19932,0.052780045685118446,0.017573721214833648
17-2141.01,19945,0.05051173511492325,0.0
17-2141.01,19946,0.035513400970605326,0.0
17-2141.01,19947,0.03466598620561724,0.0
17-2141.01,19948,0.0041574349227556096,0.0
17-2141.01,19949,0.023342168209026085,0.0
17-2141.01,19950,0.07060880787717855,0.0
17-2141.01,19951,0.008982333538916233,0.0
17-2141.01,19952,0.01280131748162699,0.0
17-2141.01,19953,0.008766745555819138,0.0
19-2041.03,19963,0.027857886926436346,0.0
19-2041.03,19964,0.02105265573074768,0.0
19-2041.03,19965,0.04162364746925525,0.0
19-2041.03,19966,0.041767229412542725,0.0
19-2041.03,19967,0.003748414628908267,0.0
19-2041.03,19968,0.03234537868944937,0.0
19-2041.03,19969,0.011072138413488987,0.0
19-2041.03,19970,0.03427465012877203,0.0
19-2041.03,19971,0.021195870719371887,0.0
19-2041.03,19972,0.1228741893481495,0.0
19-2041.03,19973,0.033291628274176914,0.0
19-2041.03,19974,0.06061370879064829,0.0
19-2041.03,19975,0.03983132728764127,0.0
19-2041.03,19976,0.007810927148696567,0.0
19-2041.03,19977,0.023612510834924487,0.0
19-2041.03,19978,0.01949984239982036,0.0
19-2041.03,19979,0.009751740163172205,0.0
19-2041.03,19980,0.030572564760261125,0.0
19-2041.03,19981,0.004720824202491302,0.0
19-2041.03,19982,0.0694416436246894,0.0
19-2041.03,19983,0.028326812374225175,0.0
19-3011.01,19984,0.02491008253291392,0.0
19-3011.01,19985,0.07025401371833721,0.0
19-3011.01,19986,0.055963055657659674,0.0
13-1081.01,19995,0.0115835569292163,0.0
13-1081.01,19996,0.03222355023442054,0.0
13-1081.01,19997,0.0734091128537838,0.0
13-1081.01,19998,0.0034529851630999446,0.0
13-1081.01,19999,0.01869662859317043,0.0
13-1081.01,20000,0.012096495713018098,0.0
13-1081.01,20001,0.004674630550077433,0.0
13-1081.01,20002,0.02900138832834017,0.0
13-1081.01,20003,0.011904528962018868,0.0
13-1081.01,20004,0.008768650505869186,0.0
13-1081.01,20005,0.011268889314935221,0.0
13-1081.01,20006,0.04192461635753947,0.0
13-1081.01,20007,0.01509610642373391,0.0
13-1081.01,20008,0.0021064293351857233,0.0
13-1081.02,20009,0.05752710225489328,0.0
13-1081.02,20010,0.03907645340089554,0.0
13-1081.02,20011,0.030210713314051008,0.0
13-1081.02,20012,0.0013407214864619068,0.0
13-1081.02,20013,0.0010005189887658513,0.0
13-1081.02,20014,0.0025689325632039356,0.0
13-2081.00,20016,0.04172906776041251,0.013689831548723908
19-2011.00,20049,0.011983000870096527,0.0
19-2011.00,20050,0.0046272688571926835,0.0
19-3011.00,20051,0.04480880860738088,0.0
19-3011.00,20052,0.034764579238011045,0.0
19-3011.00,20053,0.09603008569565114,0.0
21-1092.00,20055,0.05795622838201678,0.010775586120636038
21-1092.00,20056,0.07003160863381666,0.01115780683702881
23-1023.00,20057,0.003110702174755962,0.0021817185030425313
25-1011.00,20058,0.053934806215701334,0.015291787613817064
25-1021.00,20059,0.01892363098980521,0.00599351879710009
25-1022.00,20060,0.035517597662546724,0.008681435897300725
25-1042.00,20061,0.05463787739162089,0.006876013964374113
25-1042.00,20062,0.03893867970033488,0.006576858824844565
25-1042.00,20063,0.007505743536885918,0.003358368340439881
25-1042.00,20064,0.005199689222243372,0.0019395803040334419
25-1042.00,20065,0.004083277252063851,0.0025064813990095663
25-1043.00,20066,0.005151943409573797,0.002166963462730897
25-1043.00,20067,0.02261585429643792,0.01065927833208043
25-1051.00,20069,0.004176835093675498,0.0014614903524839563
25-1051.00,20070,0.0035851632563265027,0.0011451170156991308
25-1052.00,20072,0.01134932239771983,0.0022409808011153573
25-1052.00,20073,0.011693888790168635,0.003071337609972272
25-1054.00,20075,0.016610866458338175,0.003160766370692678
25-1061.00,20076,0.06428550697357728,0.0
25-1061.00,20077,0.008007492392921959,0.0
25-1061.00,20078,0.00403004063941444,0.0
25-1066.00,20080,0.09934818787986655,0.023832215125858
25-1066.00,20081,0.06854826749783292,0.0383989679013377
25-1066.00,20082,0.020706784044672327,0.007483517717943983
25-1072.00,20084,0.038618301526610326,0.009376900885964769
25-1072.00,20085,0.04830964472604775,0.01997954142230882
25-1081.00,20086,0.015494009218041633,0.008641598765768204
25-1082.00,20087,0.07638406347295398,0.019740082497903218
25-1082.00,20088,0.06827789787569587,0.02112852450150298
25-1082.00,20089,0.07169866987424399,0.02584681286571686
25-1082.00,20090,0.049021349028882874,0.02599795472041487
25-1123.00,20093,0.0425606049212982,0.00853760889583527
25-1123.00,20095,0.028640895086785745,0.018391106718289668
25-1123.00,20097,0.0035139873253028585,0.0025439029140996534
25-1123.00,20098,0.07727909058023681,0.016738801145487665
25-1124.00,20099,0.018667589263697548,0.00834995369117593
25-1125.00,20101,0.008889245943172034,0.004145183303645954
25-1125.00,20102,0.012625175522187273,0.007299042033412341
25-1126.00,20104,0.10436371055533211,0.02591113258399484
25-1126.00,20105,0.03672935076668612,0.009823416329753237
25-1194.00,20106,0.03512279759514871,0.009902520597755657
27-2022.00,20109,0.0940825471533685,0.017609263623716166
27-2022.00,20110,0.03730949435044531,0.00943378624657181
27-2022.00,20111,0.0324778547850111,0.017044420582432572
27-2022.00,20112,0.0134158689910168,0.002523949281769845
27-2022.00,20113,0.03282496266287059,0.01278142387676277
27-2022.00,20114,0.02495080370607589,0.007415919515314187
27-2022.00,20115,0.03908233965825183,0.010320747488655885
27-2022.00,20116,0.0036711590286536257,0.001676818588409307
27-2022.00,20118,0.031148449701326644,0.009417090237143553
27-2022.00,20119,0.006744817112126655,0.00313712795625216
29-1081.00,20122,0.14771464335419143,0.014311091964822704
33-3011.00,20123,0.17814024654960872,0.03238611302297536
33-3011.00,20124,0.099986013050417,0.03067102723621167
33-3011.00,20125,0.04382831551251771,0.01045163507300373
33-3011.00,20127,0.13179497731414289,0.03350781292544219
33-3011.00,20128,0.06615324527349731,0.02289094337693345
33-9092.00,20129,0.06647243553484347,0.025542194251725246
37-1011.00,20130,0.05130895643688054,0.01043322559064273
37-1011.00,20131,0.007577564510431969,0.003849490446244411
39-2021.00,20132,0.11230122599715255,0.01341120494939966
39-3011.00,20133,0.02567607658049044,0.006859749897979885
39-3093.00,20134,0.07660436877467765,0.0114808728505695
39-7011.00,20135,0.05524832403844442,0.015463464326093598
39-7011.00,20136,0.009339514925038562,0.008054314195913216
39-9041.00,20137,0.02109035101876609,0.0059892062773737745
39-9041.00,20138,0.06569769554704194,0.015765753037196857
39-9041.00,20139,0.01634726949913852,0.003964147336607106
47-2041.00,20142,0.07043246648106602,0.010542354029643819
47-2071.00,20143,0.059544502749360344,0.018186145451678053
47-3015.00,20144,0.11604901030994537,0.027305082298535992
47-5071.00,20145,0.05296976052604476,0.021215305743440275
49-9098.00,20150,0.06945393798987055,0.022856729905979263
49-9098.00,20151,0.04283270278968321,0.018359981648495984
49-9098.00,20152,0.06462347847354269,0.01594902083345271
49-9098.00,20153,0.016022603251832176,0.006597764561609731
51-1011.00,20154,0.01883659663063468,0.0025309634804650755
51-1011.00,20155,0.03285068607832447,0.007269127160183123
51-1011.00,20156,0.007735871451731402,0.0016322424107258649
51-2092.00,20157,0.2184192434948343,0.03940690238137565
51-2092.00,20158,0.06257419167165491,0.01785453742079764
51-2092.00,20159,0.07269030157909254,0.01449311245880728
51-2092.00,20160,0.15081107342516872,0.03250029454788071
51-2092.00,20161,0.062442125915829566,0.020986655506820828
51-2092.00,20162,0.041958477003030466,0.009992186807415192
51-2092.00,20163,0.08075611579492746,0.02961642316930598
29-1129.02,20165,0.022569176042630673,0.0
29-1129.02,20166,0.008277431505705066,0.0
29-1129.02,20167,0.0007783175493220029,0.0
11-3031.01,20168,0.11968259065886086,0.0
11-3031.01,20169,0.0057667637483944465,0.0
11-9041.00,20170,0.31604749336832755,0.04845666209846956
11-9041.00,20171,0.19902510358768785,0.060865725248993856
11-9041.00,20172,0.010899417302608117,0.0025502212514030443
11-9041.00,20173,0.06567976089424932,0.014187489121115341
11-9041.00,20175,0.029701499922221278,0.011175486967985683
11-9041.00,20176,0.07881428351396443,0.02804648996204863
11-9041.00,20177,0.04801382003033809,0.014134628328760168
11-9041.00,20178,0.006033537781685829,0.002732126726415138
11-9041.00,20179,0.004029060925135513,0.0012458370998750252
11-9041.00,20180,0.013440364704831316,0.0064466976027901446
13-1041.06,20181,0.05369468929459464,0.0
13-2052.00,20182,0.06467570054954302,0.0
13-2052.00,20183,0.08099765243218163,0.0
13-2052.00,20184,0.10065570691570346,0.0
13-2052.00,20185,0.02748287833800125,0.0
13-2052.00,20186,0.025338711352501358,0.0
13-2052.00,20187,0.0399158681014208,0.0
13-2052.00,20188,0.09336119680891457,0.0
13-2052.00,20189,0.08491832234781649,0.0
13-2061.00,20190,0.008634271277695445,0.0
15-2021.00,20191,0.017849652539324787,0.0
15-2041.00,20192,0.02643480403395007,0.0
15-2041.00,20193,0.04546516732526127,0.0
15-2041.00,20194,0.03763044347830563,0.0
17-2081.00,20195,0.1020112252519097,0.0
17-2081.00,20196,0.006055717609484407,0.0
17-2081.00,20197,0.020727418449099536,0.0
19-1013.00,20198,0.007096326587734957,0.0
19-1013.00,20199,0.0068067042668854836,0.0
19-1042.00,20200,0.1447600429466976,0.04612567773439325
19-2021.00,20202,0.03519215534861183,0.0
19-2021.00,20203,0.012248140159026942,0.0
19-2021.00,20204,0.01316903367734558,0.0
19-2021.00,20205,0.02416011650630927,0.0
19-2021.00,20206,0.05869987696872919,0.0
19-2021.00,20207,0.010290989497129295,0.0
19-2021.00,20208,0.1189701354720719,0.0
19-2021.00,20209,0.12034286841278528,0.0
19-2021.00,20210,0.060821937113674035,0.0
19-2021.00,20211,0.027010038926351725,0.0
19-2021.00,20212,0.010125758221212757,0.0
19-2032.00,20213,0.06927271767693675,0.0
19-2032.00,20214,0.06671636903371989,0.0
19-2032.00,20215,0.0711702605534231,0.0
19-3032.00,20222,0.012206469343985362,0.0
19-3032.00,20223,0.0003869302373495371,0.0
19-3032.00,20224,0.07817183269327868,0.0
19-3032.00,20225,0.08511355783099088,0.0
19-3032.00,20226,0.034103314007730305,0.0
19-3032.00,20227,0.05189864277029547,0.0
19-3032.00,20228,0.01941442547986836,0.0
19-3032.00,20229,0.06361003143210665,0.0
19-3032.00,20230,0.05932526246369671,0.0
21-1013.00,20232,0.10683400378128653,0.022003620326252783
21-1015.00,20234,0.028905226997134704,0.009200869627135368
21-1091.00,20235,0.04764452551993312,0.020381806297022777
21-1091.00,20237,0.022006630633882543,0.009373560983356777
23-1022.00,20238,0.06369827535814657,0.0
23-1022.00,20239,0.052174133175465716,0.0
23-1022.00,20240,0.06316100013633447,0.0
25-2023.00,20241,0.02585828555285827,0.006757759753605922
27-1011.00,20242,0.050677591960238216,0.015882945869007556
27-3042.00,20243,0.07531391916550192,0.020563863413902497
29-1022.00,20245,0.0037088460843334404,0.0017580068065537018
29-1024.00,20246,0.104418474783537,0.023085257138128958
29-1221.00,20247,0.0012644694974426295,0.0009195285301810979
19-5012.00,20248,0.12879957354519347,0.0
19-5012.00,20249,0.017628597988046123,0.0
19-5012.00,20250,0.019178725234815206,0.0
19-5012.00,20251,0.03301776452882507,0.0
19-5012.00,20252,0.023607442658898126,0.0
19-5012.00,20253,0.10264265295119984,0.0
31-9094.00,20254,0.05299555707955799,0.016202913379510776
33-1011.00,20255,0.040145768154099065,0.007600108880961452
39-4011.00,20257,0.056539424872810405,0.005688380941420476
39-5094.00,20258,0.07876103939295455,0.015484288004133807
39-6012.00,20259,0.1383284839858971,0.0
39-6012.00,20260,0.18392537856771837,0.0
39-6012.00,20261,0.032133816006333964,0.0
39-6012.00,20262,0.013674804414997287,0.0
39-6012.00,20263,0.009974740724647461,0.0
39-6012.00,20264,0.02766111540889812,0.0
39-6012.00,20265,0.027078291554873856,0.0
41-1012.00,20266,0.17403469306287733,0.04178684012499316
41-4012.00,20267,0.06445103231719417,0.028912482354930824
43-5011.00,20271,0.16271655916789107,0.051707670958769734
43-5011.00,20272,0.1270197837095974,0.049070995752943956
43-5011.00,20273,0.09379860310505002,0.04145468118886449
43-5011.00,20275,0.04108915161393295,0.02164714332142883
43-5071.00,20276,0.15953181806186573,0.029969886192396426
43-5071.00,20277,0.1421420742651831,0.034842947835942426
43-5071.00,20278,0.08301195828139435,0.019633349515928825
43-5071.00,20279,0.07446477288069134,0.02029202285370343
43-6014.00,20280,0.10695293747858611,0.010889128951784927
43-6014.00,20281,0.06736786674336101,0.01181327731132001
43-6014.00,20282,0.06214454987339882,0.008122774267965694
43-6014.00,20283,0.08234081779751815,0.007907845617180682
43-6014.00,20284,0.029002343458107604,0.009980212429649554
43-6014.00,20285,0.003879280096256781,0.0010055567419915337
43-6014.00,20286,0.014560805251131907,0.005784531514894796
43-6014.00,20287,0.01741811072480069,0.009808544325735528
43-6014.00,20289,0.009826112124457224,0.00261339954736486
47-1011.00,20291,0.13533383961578885,0.017884381122346502
51-4041.00,20292,0.09179517502665999,0.006965048231209544
51-4041.00,20293,0.05833679719617271,0.0068849131562642215
51-4041.00,20294,0.053749010799983385,0.00785540044183875
51-4041.00,20295,0.03859429002544107,0.00684207752160192
51-4041.00,20296,0.04076270268660731,0.006953900165674242
51-4041.00,20297,0.026566504985007563,0.007442854023254001
51-9061.00,20298,0.04732505564940842,0.009229576968767474
51-9061.00,20299,0.043850985428563374,0.006544338469895493
51-9061.00,20300,0.0330261922026241,0.008422815915300754
51-9061.00,20301,0.025031772709526494,0.005539712197038794
51-9061.00,20302,0.027417463601530127,0.006558524894001718
51-9061.00,20303,0.010564839119406234,0.003633572234601706
51-9061.00,20304,0.03569290284582279,0.0070085094727877885
51-9061.00,20305,0.029631320172843575,0.006838301801108038
51-9061.00,20306,0.05167048510263123,0.008411889185009024
51-9061.00,20307,0.023015719067325732,0.006818209930320495
51-9061.00,20308,0.01674329928682661,0.005406507616719626
51-9061.00,20309,0.01701824944196176,0.005003293589315983
51-9061.00,20310,0.014054766620681428,0.004498992851825898
51-9061.00,20311,0.009147239001678253,0.004323600518592469
53-7081.00,20313,0.1082688874840654,0.034101746890355784
11-9179.01,20314,0.0002758071189875744,0.0
11-9179.01,20315,0.0015917659510225437,0.0
11-9179.01,20316,0.014053198011143778,0.0
11-9179.01,20317,0.06212533088962986,0.0
13-1161.01,20318,0.014221217642541887,0.0
13-1161.01,20319,0.017572692592272503,0.0
13-1161.01,20320,0.08033959458902863,0.0
13-1161.01,20321,0.029820523702706894,0.0
13-1161.01,20322,0.01795114412545448,0.0
13-1161.01,20323,0.006512024776913907,0.0
13-1161.01,20324,0.016680125403544667,0.0
13-1161.01,20325,0.04952018212109103,0.0
13-1161.01,20326,0.0196556702784969,0.0
13-1161.01,20327,0.041868595537024364,0.0
13-1161.01,20328,0.043044225998058204,0.0
13-1161.01,20329,0.08679703171554543,0.0
13-1161.01,20330,0.015575280897665873,0.0
13-1161.01,20331,0.032884261303863446,0.0
11-9021.00,20332,0.1111000382876418,0.0
11-9021.00,20333,0.03400724725564489,0.0
11-9021.00,20334,0.005219469481473095,0.0
11-9021.00,20335,0.02362165232951675,0.0
11-9021.00,20336,0.040857721632698345,0.0
11-9021.00,20337,0.0020758066038365102,0.0
11-9021.00,20338,0.024670198602370328,0.0
11-9021.00,20339,0.06302059221101036,0.0
11-9021.00,20340,0.16161413833643246,0.0
13-2082.00,20363,0.07163875528819943,0.0
13-2082.00,20364,0.08520462843145882,0.0
15-1241.01,20365,0.04133457475621466,0.0
15-1241.01,20366,0.03983311614146491,0.0
15-1299.03,20367,0.049998100180439535,0.0
15-1299.03,20368,0.055672014987425966,0.0
17-1012.00,20369,0.1957707812863831,0.0
17-1012.00,20370,0.14727710043998601,0.0
17-1012.00,20371,0.057709071768204855,0.0
17-1012.00,20372,0.02510694259197088,0.0
17-1012.00,20373,0.019133185456671795,0.0
17-1012.00,20374,0.007047474742216704,0.0
17-1012.00,20375,0.07722566301224659,0.0
17-1012.00,20376,0.03257694855207902,0.0
17-1012.00,20377,0.02639542238370092,0.0
17-1012.00,20378,0.025692412404429467,0.0
17-1012.00,20379,0.03096366714325154,0.0
17-1012.00,20380,0.08121324750154013,0.0
17-1012.00,20381,0.043809152382674015,0.0
17-1012.00,20382,0.01499433153342627,0.0
17-2111.02,20383,0.07795868151046412,0.0
17-3029.08,20384,0.1549216069643768,0.0
17-3029.08,20385,0.04743608506623288,0.0
17-3029.08,20386,0.043876282966886004,0.0
17-3029.08,20387,0.017927255532380386,0.0
19-2031.00,20388,0.06481106608207317,0.022936214468269923
19-2042.00,20390,0.07407585422572024,0.0
19-2042.00,20391,0.03573943846477915,0.0
19-2042.00,20392,0.003993372196945393,0.0
19-2042.00,20393,0.004156554679484582,0.0
19-4013.00,20394,0.11454699959784616,0.023651165300081052
19-4013.00,20395,0.10142265058274297,0.014832976577626607
19-4013.00,20396,0.02989867895839846,0.004127587808079452
19-4013.00,20397,0.0028630596972699894,0.0012609719969786629
19-4013.00,20398,0.029564390820495563,0.00852948001656985
19-4092.00,20399,0.13729033750833336,0.023914103263715184
19-4092.00,20400,0.023404344749833047,0.008228751380137095
21-1014.00,20402,0.00354630032683308,0.0
29-1011.00,20403,0.019716472187556358,0.004846712867685815
29-1051.00,20404,0.006885655600958039,0.0036952455667295632
29-1051.00,20405,0.04622644482960912,0.011415246153109265
29-1051.00,20406,0.01808764235869789,0.006638799102022996
29-1123.00,20407,0.005289906514101417,0.0010026809027929879
29-1124.00,20408,0.044286923095351406,0.005195427525001617
29-1126.00,20409,0.018250814103761108,0.0034801377947432316
29-1126.00,20410,0.004896582525866307,0.0011031970822969002
29-1126.00,20411,0.017585114810232155,0.006932741663644569
29-1141.00,20413,0.0877719894383704,0.016436299145761092
29-1141.04,20414,0.03501938674635698,0.0
29-1141.04,20415,0.044316361614902065,0.0
29-1141.04,20416,0.019581741181854153,0.0
29-1141.04,20417,0.02335528855235213,0.0
29-1141.04,20418,0.02753740325892398,0.0
29-1141.04,20419,0.01131149850688122,0.0
29-1141.04,20420,0.013703179151148296,0.0
29-2051.00,20421,0.1399373899971267,0.030166055811163845
29-2056.00,20422,0.08767476886658931,0.006363324158757436
29-2056.00,20423,0.03898051403265016,0.004430605554468804
29-2056.00,20424,0.036066350587073484,0.006289185776892935
43-2011.00,20427,0.06432040528957024,0.015876611292015258
43-2011.00,20428,0.01619087504037284,0.0024440157892371365
43-2011.00,20429,0.05006201875957183,0.015953681648059777
43-2011.00,20430,0.036282027630367086,0.011495654119047561
43-2011.00,20431,0.10917945294703069,0.016895517390652082
43-2011.00,20432,0.05091945757723789,0.011727061449564258
43-2011.00,20433,0.006676731004874319,0.002224141910149757
43-4111.00,20434,0.025938585995080622,0.009506805689094082
43-4111.00,20435,0.09617334325301574,0.018672599789419465
43-4181.00,20436,0.02629422540793836,0.0077412894698001295
43-4181.00,20437,0.020970078703207835,0.004868208978299392
43-6013.00,20438,0.04834474137784493,0.010864656622734847
47-2111.00,20439,0.027247806490678646,0.008649773062148734
47-3012.00,20443,0.0979458344602582,0.01790093002652171
47-3012.00,20444,0.1231502833288364,0.02449872530937975
47-4011.00,20445,0.06568268764129231,0.0
47-4011.00,20446,0.07307955174484217,0.0
47-4011.00,20447,0.07235373050322022,0.0
47-4011.00,20448,0.0016939476880591684,0.0
47-4011.00,20449,0.01076930529410825,0.0
47-4011.00,20450,0.0060812621893158855,0.0
47-5013.00,20451,0.1724578458153767,0.022951904621543104
47-5013.00,20452,0.16852662486938483,0.04301685433077993
49-3031.00,20453,0.03213183796887661,0.005430514961056058
49-3031.00,20454,0.01953697153292527,0.005425289062691897
53-1043.00,20455,0.052169413788993126,0.01294649657938093
53-2022.00,20456,0.03074689343772489,0.005335084077133902
53-2022.00,20457,0.07783616891217195,0.011048829193024048
47-5022.00,20458,0.037328681288827784,0.00838228325894059
47-5022.00,20459,0.03959433240671703,0.012992715295569302
11-1011.00,20461,0.014248667416396,0.007470422900817038
11-9071.00,20472,0.04699493995844432,0.01026447871929107
13-1041.01,20473,0.0016433957244974702,0.0
13-1151.00,20474,0.04743691999824082,0.0
13-1151.00,20475,0.09099442838600821,0.0
13-1151.00,20476,0.0180515266233136,0.0
13-1151.00,20477,0.011683995078546793,0.0
17-1011.00,20479,0.22348887223392114,0.0
17-1011.00,20480,0.08155033423348822,0.0
17-1011.00,20481,0.00991749504597683,0.0
17-1011.00,20482,0.002923954389439701,0.0
17-1011.00,20483,0.09798406250155203,0.0
17-1011.00,20484,0.015733536950284316,0.0
17-1011.00,20485,0.04460508704503699,0.0
17-1011.00,20486,0.05563605467289298,0.0
17-1011.00,20487,0.0008262624542521211,0.0
17-1011.00,20488,0.0454369434381934,0.0
17-2051.00,20489,0.07912645144610456,0.0
17-2051.00,20490,0.0851949737415315,0.0
17-2051.00,20491,0.17847584012294126,0.0
17-2051.00,20492,0.12734854308219942,0.0
17-2072.00,20493,0.05770082224696906,0.015526760419080477
17-2072.00,20494,0.07198101118826238,0.018151356294542707
17-2072.00,20495,0.028409132291255863,0.011448608243422526
17-2072.00,20496,0.11155910619397998,0.027384859306616525
17-2072.00,20497,0.17176028297309043,0.052173040849413994
17-2072.00,20498,0.048200059137670316,0.011847507055431052
17-2072.00,20499,0.04146498099012659,0.013931556782032714
17-2072.00,20500,0.005456092488848458,0.004349841761021996
17-3025.00,20513,0.08181876012962351,0.020890436633795025
17-3025.00,20514,0.07902396238643061,0.036791174873780065
17-3026.00,20516,0.11427942098581283,0.02595937373421763
17-3026.00,20518,0.27955922645279024,0.05656266065520414
19-3051.00,20523,0.11704816377132173,0.0
19-3051.00,20524,0.0604033438902862,0.0
19-3051.00,20525,0.020285565971029595,0.0
19-4012.00,20526,0.02564369762183744,0.008274052588612319
19-4012.00,20527,0.03080011583561515,0.01908492061813603
19-4012.00,20528,0.02095478471069106,0.007996982352054588
19-4012.00,20529,0.030556159709906945,0.007113560860424602
19-4012.00,20530,0.02840568731780601,0.013188186676717364
19-4012.00,20531,0.02121713831658481,0.0071169073523269875
19-4012.00,20532,0.007264039562363079,0.00412980340461552
19-4012.00,20533,0.06721649870457712,0.02213002934732316
19-4012.00,20534,0.011384521824942916,0.006069344720979323
19-4012.00,20535,0.03954145504274929,0.03313062770616379
19-4012.00,20536,0.006811896925916706,0.0035290785556366913
19-4012.00,20537,0.010348688423504072,0.004951155276027586
19-4031.00,20538,0.014607299444175574,0.009722714787222857
19-4051.02,20539,0.16140797825276548,0.01698209781560357
19-4051.02,20540,0.08368902970934061,0.01039606110797742
19-4051.02,20541,0.04546335341286965,0.006982445364810845
27-3031.00,20554,0.11609013152786457,0.0
27-3031.00,20555,0.1305141815791756,0.0
27-3031.00,20557,0.04105673710148121,0.0
27-4021.00,20558,0.07297994736865422,0.0
27-4021.00,20559,0.0006690548827953151,0.0
27-4021.00,20560,0.01272573733349757,0.0
27-4021.00,20561,0.008263473190880543,0.0
29-1021.00,20562,0.12258819601678679,0.00554734571096088
29-1021.00,20563,0.09897051372287069,0.007982969255829905
29-1021.00,20564,0.038990382660601904,0.006783435979518683
29-2011.01,20565,0.030623546716306727,0.0
29-2011.01,20566,0.043345820272718764,0.0
29-2011.01,20567,0.01540721797297868,0.0
29-2011.01,20568,0.057442708608928465,0.0
29-2011.01,20569,0.02487599596364359,0.0
29-2011.01,20570,0.01710332009918273,0.0
29-2011.01,20571,0.033161015635308995,0.0
29-2011.01,20572,0.006076233390099586,0.0
29-2011.01,20573,0.006848738773391808,0.0
29-2053.00,20575,0.04658713056278278,0.018291588867861676
29-2053.00,20576,0.0247479229289781,0.005306100172182466
31-1121.00,20577,0.09207423235260785,0.011235771317185065
31-1133.00,20578,0.09914852881169833,0.0139626073568282
33-3031.00,20582,0.02568212766518012,0.005138301242556861
33-3031.00,20583,0.09263728723301036,0.02605064922646953
33-3031.00,20584,0.11040988432625527,0.02756189375449845
33-3031.00,20587,0.012638601507223063,0.004826250867299658
37-2011.00,20590,0.0808124639320851,0.018615075833860004
37-2011.00,20592,0.03734444920230918,0.013796906368450188
39-2011.00,20593,0.11072325159588264,0.01892356469931361
39-2011.00,20594,0.06037987133223483,0.009983361351288486
39-3012.00,20596,0.11548616176028276,0.013209109712443783
39-4021.00,20597,0.013093830415416856,0.0030431538248840676
39-4021.00,20598,0.03606615655484146,0.0200415364526053
39-4021.00,20599,0.1142919381485951,0.027365556973735914
39-4021.00,20600,0.024706380660348855,0.006775269144526103
39-4021.00,20601,0.021212199928571675,0.007667668158174379
39-4021.00,20602,0.03000438756514195,0.006972040711327815
39-4021.00,20605,0.03696818543235869,0.020647087766155512
39-4021.00,20607,0.013992539653455488,0.007484375915056049
41-4011.00,20608,0.05556414073646044,0.01531620966122953
41-4011.00,20609,0.04881026345258527,0.012607507860250524
41-4011.00,20610,0.0377041535933157,0.011502760073404754
41-4011.00,20611,0.03360455337093885,0.006619008779622234
41-4011.00,20612,0.04735328127544571,0.011994529399626778
41-4011.00,20613,0.026153989708697315,0.01008050232351705
41-4011.00,20614,0.010236611965156506,0.0033107676269817725
41-4011.00,20616,0.01807642290565797,0.010756131763617064
41-4011.00,20617,0.029023113929447987,0.011991722324436708
41-4011.00,20618,0.006064696663044487,0.00260340633857836
41-4011.00,20619,0.01726019694666327,0.005601016361140157
41-4011.00,20620,0.006783751640280056,0.002570447747575178
43-4011.00,20622,0.11625098333981977,0.026308904647176484
43-4011.00,20623,0.2536097843152414,0.03724635020892892
43-4071.00,20627,0.06478731649048863,0.019431988449206704
43-4071.00,20628,0.17075333242966362,0.017136290217514
43-4071.00,20629,0.07402697176534441,0.021004368233379984
43-4071.00,20630,0.060359944936172846,0.015036936664104114
43-4071.00,20631,0.04214019899369426,0.01677668830262776
45-4011.00,20632,0.0127783996906233,0.011074562944396718
49-3022.00,20645,0.09533281392529183,0.022596445075101928
49-3022.00,20646,0.09512320107615531,0.010673978165999657
49-3052.00,20651,0.15191057087961574,0.017268084024601296
49-3052.00,20652,0.027225884906311153,0.013401513396449325
49-3052.00,20653,0.004912107714299186,0.0032445203093931637
49-3093.00,20654,0.0671769949391808,0.005712644839977569
49-3093.00,20655,0.0609655602878903,0.0061090878029587846
49-3093.00,20656,0.04296986578624882,0.006526381074255867
49-3093.00,20657,0.042327642590268805,0.005037319181166136
49-9071.00,20670,0.0415380802877137,0.010288146941193095
49-9071.00,20671,0.06113128684226522,0.015465045078225676
49-9071.00,20672,0.11358417993199696,0.024885737810823212
49-9071.00,20673,0.030934498179610248,0.010396936553537699
49-9071.00,20674,0.049600162090565135,0.017536852677234403
49-9071.00,20675,0.04183417250523516,0.012437785403471121
49-9071.00,20676,0.04617630455894865,0.011633398168299591
49-9071.00,20677,0.018884382177017177,0.009798671276944332
49-9071.00,20678,0.03916253603284218,0.021356144773328808
49-9071.00,20679,0.02927613991633992,0.013185740457159345
51-8011.00,20680,0.048190842391611644,0.00450184492074886
51-8011.00,20681,0.016771262710379074,0.0022947940149374403
51-9023.00,20682,0.05780036194703824,0.010494593279625555
53-2021.00,20691,0.024316332886756598,0.002381610752898312
53-3032.00,20692,0.05151959940929998,0.008532519168359455
53-3032.00,20693,0.043712613015086846,0.005785828540284478
53-3032.00,20694,0.02244787361129835,0.0030493632959470323
53-3032.00,20695,0.05737484050295624,0.007153398123417756
53-3032.00,20696,0.031105437255072074,0.006267886848801184
53-3032.00,20697,0.021038627105411812,0.005879076313888064
11-1021.00,20700,0.18944497490072792,0.05002532324760577
11-1021.00,20702,0.0373207102027208,0.011808791693932988
11-1021.00,20703,0.05430592688397893,0.018954365688001972
11-1021.00,20704,0.060871113235389,0.01559451652262051
11-1021.00,20705,0.050925303970451,0.01224701343478655
11-1021.00,20706,0.11894124013585519,0.03299510389490741
11-1021.00,20707,0.08405082032937733,0.028541274869047735
11-1021.00,20708,0.08627859599397303,0.02769287224988475
11-2021.00,20709,0.2705471545133266,0.03915375539730031
13-1022.00,20710,0.17389979170521289,0.030023784717964623
13-1022.00,20711,0.13333138246946408,0.0300799105500091
13-1022.00,20712,0.14733813202887205,0.0274677718210732
13-1022.00,20714,0.09638268693038927,0.021148183495361877
13-1022.00,20715,0.08517746923498001,0.026439394205456337
13-1022.00,20716,0.026363986420095527,0.0057928888997969405
13-1022.00,20717,0.008724358054604961,0.0031044835603543314
13-1041.03,20719,0.10545917539496322,0.018232896233521114
13-1041.03,20720,0.1069666440155126,0.022383530285079983
13-1041.03,20721,0.05545277684662252,0.01917419850975868
13-1041.03,20722,0.02251751097492816,0.010571267610301166
13-1041.03,20723,0.07236180242771204,0.02634997334558196
17-2011.00,20724,0.18223570810547313,0.031916795948779816
17-2011.00,20725,0.05907820773368299,0.012862237969672534
17-2011.00,20726,0.040546530525679345,0.014050039421538044
17-2011.00,20727,0.043405291384964795,0.012060647264041196
17-2011.00,20728,0.03225802888853344,0.016314968535151107
17-2071.00,20729,0.03297720061958331,0.01780042013334343
17-2071.00,20730,0.022275184433148174,0.007294282453321791
17-2071.00,20731,0.046942430265878146,0.03581531011010845
17-2141.00,20733,0.14256251855993216,0.027237581110242378
17-2141.00,20734,0.030328897014812,0.013763712850802136
17-2141.00,20735,0.020530346856749912,0.008040605979071008
17-2141.00,20736,0.06820285288463555,0.012965768406817471
17-2141.00,20737,0.05072408342290574,0.01662900966075219
17-2141.00,20738,0.017152932264779774,0.011686008613030652
17-2141.00,20739,0.05030213413889164,0.016228812040990713
17-2141.00,20740,0.01115743668865124,0.009756077788221048
17-2141.00,20741,0.02977842208925919,0.010038739703901322
17-2141.00,20742,0.018993626073058472,0.00801477949038024
17-3024.00,20743,0.06200457160434866,0.02028688682761561
21-2011.00,20748,0.06321608558613524,0.02186677316815527
21-2011.00,20749,0.024944029410524163,0.013587139345694443
21-2021.00,20750,0.019801527630467847,0.009756515427421215
27-1023.00,20751,0.060658000341305966,0.0151040045899508
27-1026.00,20752,0.07876624943691561,0.02083954334352842
27-1026.00,20753,0.043851228878534224,0.019919580589588155
27-1026.00,20754,0.03419479563784493,0.008779342262984666
27-1026.00,20755,0.035274192580460065,0.017419288147689265
27-1026.00,20756,0.04920743246897809,0.026707630315842754
31-9011.00,20757,0.035136467577674524,0.0
33-9021.00,20758,0.13118226148005835,0.023431406797131883
37-2021.00,20759,0.11161585034207279,0.01369993548616558
37-2021.00,20760,0.05235688595472074,0.015814146629064336
37-3011.00,20761,0.10364779411062369,0.024293875566253106
37-3012.00,20762,0.11870516672859067,0.04396783803890249
39-1022.00,20763,0.03844642924504999,0.01740384778038802
39-3031.00,20764,0.09345731018038107,0.020151675457931246
39-3031.00,20765,0.055845369958445176,0.012679905659942654
39-3031.00,20766,0.07906036024026272,0.01909938395827346
39-3031.00,20767,0.026153461676771697,0.007544191227106808
39-3031.00,20768,0.00878656760608119,0.0049647895722855296
39-5092.00,20769,0.056770053954500695,0.012916164051096364
39-5092.00,20770,0.06279651028931632,0.011795694091299191
39-5092.00,20771,0.058006651907790925,0.008441366448284124
39-5092.00,20772,0.06901034863947046,0.009753780087590983
39-5092.00,20773,0.045852101912475664,0.014297543471830923
39-5092.00,20774,0.04805871916110408,0.013395384117226166
41-2022.00,20775,0.08736881915191734,0.008636001819999418
41-2022.00,20776,0.05623013519334285,0.007168465845152227
41-2022.00,20777,0.0560386762490073,0.010051121072008952
41-2022.00,20778,0.024871260276118152,0.0066930050345187595
41-2022.00,20779,0.05854831048428116,0.013759850549337921
41-2022.00,20780,0.03552086445911711,0.005818145385695911
43-3061.00,20785,0.023913644638641623,0.013348471840356018
43-3061.00,20786,0.0408521013263327,0.00954485511975829
47-2082.00,20788,0.048237516072419884,0.013209582732010982
47-2161.00,20789,0.07264298813148472,0.01085525720127102
47-2161.00,20790,0.10383184625150522,0.010583553761534994
47-2161.00,20791,0.030487748631928276,0.00974064006204247
47-2161.00,20792,0.06061440180031103,0.005842475330646318
47-2181.00,20793,0.04840867208364266,0.012425084845573899
47-2181.00,20794,0.044977596970097435,0.013399802227155148
47-2221.00,20795,0.08198074814343094,0.020345373356394914
47-4041.00,20796,0.09265421000422229,0.03114487334900901
47-4041.00,20797,0.07874267402617399,0.019968106705832316
49-2098.00,20799,0.15187307063457076,0.046601667750024674
49-2098.00,20800,0.08134148532555514,0.01804503892487908
49-3051.00,20801,0.11601426670149045,0.019835096428680237
49-3092.00,20802,0.04265730074401382,0.015499637215113193
49-3092.00,20803,0.030475385031279247,0.006647575667398911
49-3092.00,20804,0.04125490132389906,0.015034506609348528
49-9011.00,20805,0.03433557827607921,0.006704573079481289
49-9052.00,20806,0.04680552574100528,0.010188829252461071
49-9052.00,20807,0.03961250975485191,0.010163203059361655
49-9061.00,20808,0.06412578097468216,0.014945851422252748
49-9092.00,20809,0.01871287812787981,0.004606327748249385
51-2011.00,20810,0.11830116570468971,0.022715581102212
51-2011.00,20811,0.099370213102185,0.01706279227468398
51-2011.00,20812,0.07142819561997422,0.015361309699391973
51-2011.00,20813,0.0664825001452844,0.012417534966004376
51-2011.00,20814,0.019379199525668477,0.009730215147424153
51-2011.00,20815,0.011437029513817896,0.005985504084064451
51-2011.00,20816,0.006750406214229375,0.0032713551524859363
51-2011.00,20817,0.005799098560010027,0.0029535771378677717
51-3011.00,20819,0.061800460277363745,0.010318094943304464
51-4031.00,20820,0.10900821144918568,0.02485432564729917
51-4031.00,20821,0.03976781437734331,0.014821899255311721
51-7011.00,20822,0.01567923692733724,0.010320289809843584
51-7042.00,20823,0.009732133244584116,0.0032291877480573614
51-9012.00,20824,0.0706955542461148,0.006894435657043064
51-9012.00,20825,0.07178095060568919,0.006675050828219898
51-9012.00,20826,0.061009356170047026,0.010471568365651987
51-9012.00,20827,0.06268431033521095,0.007302454565439457
51-9012.00,20828,0.015266519663993698,0.006163879042355406
53-1042.00,20830,0.10804251019217276,0.023017584278402514
53-2012.00,20831,0.054926282949278066,0.008315735235048308
53-6021.00,20836,0.14832792066241593,0.034302108017836744
53-6021.00,20837,0.13939881069494442,0.02771246303889768
53-6021.00,20838,0.12138580740258553,0.024922065674092417
53-6021.00,20839,0.03029291576166707,0.010285868846372784
53-6061.00,20841,0.12029896808947484,0.023539963218995315
11-9131.00,20842,0.1504698041920437,0.018828300652700993
13-1041.04,20843,0.15539553590121763,0.04618591235375934
13-1041.04,20844,0.15267494586381594,0.060888545054669854
13-1041.04,20845,0.04162294638263665,0.01582659122703536
13-1051.00,20846,0.04657809697316672,0.0
13-1081.00,20847,0.045402558587209305,0.0
17-2199.03,20854,0.13467263884302744,0.0
17-2199.03,20855,0.017725601005040614,0.0
17-2199.03,20856,0.14220408519632582,0.0
17-2199.03,20857,0.12423916628221089,0.0
17-2199.03,20858,0.018126002896853472,0.0
17-2199.03,20859,0.046304389669194944,0.0
17-2199.03,20860,0.0384167129518725,0.0
17-2199.03,20861,0.0954076071540325,0.0
17-2199.03,20862,0.028822581281228832,0.0
17-2199.03,20863,0.022548728505117726,0.0
17-2199.03,20864,0.007964736513879814,0.0
19-1011.00,20865,0.10059253663141592,0.0
19-1031.03,20866,0.03398921244696329,0.011454514831519248
19-1031.03,20867,0.024034285375688202,0.009080764899100079
19-3041.00,20868,0.002364134234121951,0.0
19-4042.00,20869,0.023255638024125707,0.0
19-4042.00,20870,0.025490789073499377,0.0
19-4042.00,20871,0.014386096749765154,0.0
19-4012.01,20872,0.049611544619764684,0.0
19-4012.01,20873,0.06636220391000079,0.0
19-4012.01,20874,0.07308577038537784,0.0
19-4012.01,20875,0.0741967371133478,0.0
19-4012.01,20876,0.019612684686265366,0.0
23-1011.00,20877,0.072872434574682,0.01570938906664073
25-9044.00,20878,0.07847740592815411,0.013766187770428524
25-9044.00,20879,0.0427253500949137,0.013308515883238205
27-1012.00,20881,0.002131561175913724,0.0
27-2021.00,20882,0.13666442218820476,0.02764884389065371
27-3011.00,20887,0.12306662204620519,0.021650165300197182
27-3011.00,20888,0.04440290962709908,0.012648369754087172
27-3011.00,20889,0.04807840021573169,0.01171987131507051
27-3011.00,20890,0.036828209145091155,0.012865409156549724
29-1125.00,20893,0.03178134358477495,0.0
33-9032.00,20894,0.08826027261160742,0.024688424321265497
33-9032.00,20895,0.02980130276306801,0.022121199461649314
35-2013.00,20896,0.15204608748125764,0.0
35-2013.00,20897,0.06800048927406167,0.0
39-3092.00,20898,0.16769167724206768,0.04513256197227294
39-5012.00,20899,0.02213212623916084,0.01030123999846035
41-3041.00,20900,0.1261059046372528,0.021953414155761703
43-5021.00,20903,0.08834515028092198,0.029504574109533752
43-5041.00,20904,0.0434651611856737,0.012379576256267406
43-5051.00,20905,0.010489636130863214,0.005954070338620008
43-5052.00,20906,0.1868226846256454,0.011304172880528976
43-9081.00,20907,0.03289552291499007,0.008995807409543252
43-9081.00,20908,0.07097984467351169,0.02890746255259692
43-9081.00,20909,0.08776944015840417,0.033951116764302354
43-9081.00,20910,0.08510787300091435,0.026336588452156705
47-5041.00,20912,0.09089329087874334,0.00878444495058854
47-5041.00,20913,0.1062063325944005,0.008652150208219586
47-5041.00,20914,0.0934230510700624,0.00777296510444517
49-3091.00,20915,0.0811198363775827,0.013854702865925446
49-3091.00,20916,0.12346817419645813,0.025089277931402112
49-3091.00,20917,0.1184507978938278,0.02626220646171914
49-3091.00,20918,0.14446176099540242,0.018103862094503053
49-3091.00,20919,0.10579852917890262,0.016578006955527448
49-3091.00,20920,0.03821999137862084,0.009237935111954032
51-4034.00,20923,0.02423174493984485,0.0033851391308670144
51-4061.00,20924,0.08891923145588682,0.021977872281485997
51-4061.00,20925,0.043317253361507824,0.015862538979928148
51-4194.00,20926,0.035711406183652414,0.014062825704078796
51-5111.00,20927,0.15073578642603663,0.01442331448849438
51-5111.00,20928,0.14180727995169412,0.01636169567318074
51-5111.00,20929,0.10111708771290244,0.009694698676843775
51-6092.00,20930,0.07993306755137063,0.01897546899892871
51-6092.00,20931,0.08444198250293518,0.018963407582812557
51-6092.00,20932,0.036723265566828485,0.010143223140959508
53-5011.00,20934,0.02097706792858638,0.0037165103689498595
53-6031.00,20936,0.16969885131963877,0.04266783668644884
53-6041.00,20938,0.016590831937904033,0.007854698417539299
11-3071.04,20942,0.12004898566246894,0.0
11-3071.04,20943,0.1505834486971062,0.0
11-3071.04,20944,0.06910414574662747,0.0
11-3071.04,20945,0.029745009404774977,0.0
11-3071.04,20946,0.032266130503181514,0.0
11-3071.04,20947,0.005453608505552106,0.0
11-3071.04,20948,0.008690193014382454,0.0
11-3071.04,20949,0.0015016924591868405,0.0
15-1211.00,20950,0.12431973489553677,0.03115815469596262
15-2011.00,20951,0.008057110975181634,0.0
15-2031.00,20952,0.07136894374088328,0.0
15-2031.00,20953,0.03070400667061327,0.0
17-1022.00,20954,0.00020966364951998127,0.0
17-2041.00,20955,0.33631850926516965,0.0
17-2161.00,20956,0.05234151910137842,0.0
17-2161.00,20957,0.005368476150897316,0.0
17-2161.00,20958,0.0286955009306485,0.0
17-2161.00,20959,0.017788726466796984,0.0
17-2112.03,20960,0.061090653246081685,0.0
17-2112.03,20961,0.0141724834023119,0.0
17-2112.03,20962,0.024375471260392332,0.0
17-2112.03,20963,0.01094153471240071,0.0
17-3013.00,20964,0.1529801085293718,0.015423668556475015
17-3022.00,20965,0.012012198320496131,0.005974990111635116
17-3022.00,20966,0.005789251004346189,0.004066576572067129
19-3099.01,20976,0.09451858805884505,0.0
19-3099.01,20977,0.007582266465475448,0.0
19-3099.01,20978,0.023982865135495204,0.0
19-3099.01,20979,0.02446898299469487,0.0
19-3099.01,20980,0.019920998794150893,0.0
19-4021.00,20981,0.10624914945960953,0.021105580879743773
19-4021.00,20982,0.016542905859740418,0.006599490190914761
25-4031.00,20989,0.012920385946339902,0.0043384125763284665
27-1013.00,20990,0.032917299032166454,0.02005725413709142
27-1013.00,20991,0.04345329850737662,0.03178563903047497
27-1013.00,20993,0.0026232906453213765,0.0006874061193099099
27-1025.00,20996,0.09396574578325002,0.0
27-1025.00,20997,0.018828041994679853,0.0
27-1025.00,20998,0.05489079618298048,0.0
27-1025.00,20999,0.034363391260849585,0.0
27-3041.00,21000,0.07437609002691616,0.018966041678605165
33-3052.00,21002,0.23412453441173334,0.030101971211139212
33-3052.00,21003,0.11551921463807976,0.016541753915955117
33-3052.00,21004,0.01987345504448664,0.009568438845826218
35-2021.00,21005,0.026359965990887035,0.006814388709855382
39-4031.00,21009,0.04250222927059123,0.005121538858970387
39-9032.00,21010,0.09705273872021043,0.015384141933914505
39-9032.00,21011,0.04422465501820992,0.0110932492055085
39-9032.00,21012,0.02149546918010713,0.004208762416918134
43-4161.00,21013,0.021474605393028923,0.009693674441822746
43-9022.00,21014,0.026759111291456063,0.007746001707099543
45-4023.00,21015,0.03503551078967847,0.013255011169056067
47-5023.00,21016,0.02353391788047807,0.008129199584601723
47-5043.00,21017,0.07217184628577006,0.009650856561431158
47-5043.00,21018,0.0571793349180855,0.007277880681703044
47-5043.00,21019,0.09078411961247862,0.006867671533751024
47-5043.00,21020,0.07044657598816878,0.007864159223587953
47-5043.00,21021,0.062457018935356504,0.011586549648815291
47-5043.00,21022,0.09152289850888866,0.006564632401750544
47-5043.00,21023,0.07102355796850131,0.011273948138096233
49-9012.00,21024,0.03655688053030968,0.008085275119835238
51-4062.00,21025,0.043669243023696784,0.01922662371651276
51-6021.00,21026,0.03884380171451018,0.010586428221698682
51-9194.00,21027,0.055395729773663784,0.01033725660239423
53-3011.00,21028,0.04834115419802638,0.011315285530657936
53-7011.00,21030,0.07231608698849058,0.015419178772710268
19-1029.04,21035,0.005284701489981461,0.00323330608835046
33-3021.02,21036,0.06510833710041498,0.019661926359917824
33-3021.02,21037,0.021627538368211813,0.008236613931374513
11-3061.00,21039,0.07989835810143213,0.0
11-9033.00,21041,0.01732154269813865,0.0038881362787302177
11-9033.00,21042,0.031322332382995914,0.020737666470847634
13-2053.00,21045,0.27423726960288636,0.0
15-1251.00,21049,0.03287898299409694,0.0163590946154608
15-1251.00,21050,0.0338814440192426,0.020140143178076806
17-2112.02,21051,0.11083584079968091,0.0
17-2112.02,21052,0.08275405329865115,0.0
17-2112.02,21053,0.051200245858198455,0.0
17-2112.02,21054,0.0013631880963309352,0.0
17-2199.07,21055,0.01726378589521839,0.0
17-2199.07,21056,0.04993748198046657,0.0
17-2199.08,21057,0.046417432988983924,0.0
17-2199.08,21058,0.033582384909848995,0.0
17-3024.01,21059,0.044406305819901744,0.0
17-3024.01,21060,0.01926008323865916,0.0
19-4071.00,21061,0.04165353262307953,0.017627630670297083
23-2011.00,21062,0.08371864499145411,0.024646022283413168
25-2057.00,21063,0.012330959534286763,0.004575319707030319
25-2057.00,21064,0.021763859306231575,0.004854647575121676
25-4013.00,21065,0.1568142851562356,0.04079471985309818
35-9031.00,21070,0.06457978213539801,0.00917982503726016
39-9011.01,21071,0.005329813088991922,0.0
41-2011.00,21072,0.04704784972429137,0.010838900128093487
41-2011.00,21073,0.08370086618017503,0.016453086132625486
41-2011.00,21074,0.028150306740883396,0.00804998841749986
41-9091.00,21075,0.12224653941219432,0.0
43-3071.00,21076,0.07200526038401946,0.008608508684519942
43-4121.00,21077,0.02593814962115549,0.00939281843849191
43-6012.00,21078,0.08134653869024379,0.019918301934079452
45-2021.00,21080,0.05894703802907064,0.045945748363819004
45-2021.00,21081,0.027330486765309043,0.00949586070980726
45-2021.00,21082,0.128739639621796,0.03269470447052584
49-9044.00,21083,0.04343499216192249,0.0
49-9064.00,21084,0.02633005323845515,0.010916794989741732
53-3052.00,21085,0.09697858885008752,0.01807483227969119
53-3052.00,21086,0.020801245001124267,0.0045364286744308795
11-9199.01,21087,0.06324933151902062,0.0
11-9199.02,21088,0.08185393801818955,0.029903143701712674
11-9199.02,21089,0.027898357495777334,0.012720860197867645
11-9199.02,21090,0.048404557950225115,0.019789384110594017
11-9199.02,21091,0.0470269076733706,0.023013885500586428
11-9199.02,21093,0.04288065398071771,0.023330836220857076
13-1041.07,21094,0.060297677556119804,0.0
13-1041.07,21095,0.005566573292003581,0.0
13-1041.07,21096,0.0189893427911203,0.0
13-1071.00,21097,0.03125443109075952,0.017230976479769056
15-2041.00,21100,0.05634245738773489,0.0
15-2041.00,21101,0.003356026421472988,0.0
19-2021.00,21103,0.014126844696334576,0.0
19-2021.00,21104,0.0314508231049494,0.0
19-2021.00,21105,0.015204071165338942,0.0
19-3011.00,21106,0.025150616104912097,0.0
19-3022.00,21107,0.021330263408604316,0.0
25-1011.00,21108,0.008823031575651837,0.002761113294675792
25-1021.00,21109,0.0333970657315743,0.012169637076926719
25-1032.00,21112,0.004756532334819469,0.0013324016923868932
25-1042.00,21113,0.010154570573678818,0.002584781030600273
25-1052.00,21114,0.007743560130202041,0.003235572423685667
25-1052.00,21115,0.01699747673053111,0.004312921710226487
25-1061.00,21117,0.006343114660159443,0.0
25-1061.00,21118,0.0029042195123132357,0.0
25-1066.00,21120,0.008258346641728982,0.003295305684572204
25-1072.00,21122,0.002024713417710417,0.0008775638233713585
25-1082.00,21123,0.004612717586373658,0.001499858838432599
25-1111.00,21124,0.00612635263456082,0.001911104872969865
25-1121.00,21125,0.036024671995020824,0.013566161580384793
25-1123.00,21127,0.0816246778193951,0.01746147924460075
25-1123.00,21128,0.0189155499269421,0.015047093297697448
25-1123.00,21130,0.003512338990562045,0.002460697730045251
25-1192.00,21132,0.010068781869888759,0.007871411803119644
27-2012.04,21140,0.02016258824671595,0.011187940240678618
27-2031.00,21141,0.03446282024715646,0.012481842912074857
19-5011.00,21142,0.03948278809835509,0.0
33-2022.00,21143,0.02461419081558305,0.009470133825150247
33-2022.00,21144,0.04058433680280895,0.008437396141930554
33-9031.00,21145,0.22942961299566925,0.014564050506307956
33-9031.00,21146,0.15273047521497662,0.02325395788565256
35-2012.00,21148,0.1460701512492716,0.012817634180332568
35-2012.00,21149,0.06535636060077457,0.007145438614623377
39-2021.00,21150,0.04953180721676442,0.014218101782904764
39-3011.00,21151,0.07217754557681469,0.005265148515377338
41-2012.00,21152,0.1780428342648982,0.013015396543341839
41-2012.00,21153,0.08836460172787787,0.007937411829678057
41-2012.00,21154,0.031436340385320546,0.006601715952073321
41-9022.00,21155,0.05646590232556917,0.0
51-6062.00,21156,0.11770238920539444,0.03227445251045847
53-7073.00,21159,0.15925592379172793,0.02976773878220689
53-7073.00,21160,0.18392211838328051,0.029935819809499817
11-3051.04,21162,0.0799242200872748,0.014385003982081961
13-1011.00,21163,0.17021503485571216,0.028433609386556466
13-2041.00,21164,0.000928414284086707,0.0
13-2082.00,21165,0.02991235400401469,0.0
17-2051.02,21166,0.032560143466520405,0.0
17-2131.00,21167,0.02453091364657571,0.0
19-1021.00,21168,0.026146103934962913,0.0
19-1031.02,21169,0.06418809258117437,0.018242742864214716
19-1031.02,21170,0.11638552501760892,0.04003229461324868
19-2011.00,21171,0.08060614052514362,0.0
19-2011.00,21172,0.11614892259244607,0.0
19-2011.00,21173,0.0044818478566324964,0.0
19-2012.00,21174,0.021151281214468003,0.02154920986350485
19-2032.00,21175,0.014039738563406129,0.0
19-2042.00,21176,0.016258203000623868,0.0
19-3011.01,21177,0.04768675466443285,0.0
21-1015.00,21178,0.07230170994680961,0.019561816741804423
21-1093.00,21179,0.16131248900747738,0.03632560913572918
23-1021.00,21181,0.03892547706773778,0.01285931097410483
23-1023.00,21182,0.049446350716444765,0.01507895300433795
27-3092.00,21183,0.1442181939900619,0.02625275189662328
27-3092.00,21184,0.04709811879985525,0.01790607578529642
27-3092.00,21185,0.03995682411794969,0.015660650887531165
25-2059.01,21186,0.029475180664677657,0.0
29-1221.00,21187,0.015037509436683747,0.007767073457763511
29-1141.04,21188,0.03470355499659547,0.0
29-2092.00,21189,0.12548695300279544,0.01706315496319042
29-2099.05,21190,0.029914059498682716,0.0
29-2099.05,21191,0.053892192692874215,0.0
31-2021.00,21192,0.11950623419191576,0.008540818477332906
31-2021.00,21193,0.12434999289673296,0.007072445670792755
31-9096.00,21195,0.021164511068725755,0.005667274642733627
33-1011.00,21196,0.011195386332542337,0.0037328635596167686
33-3011.00,21198,0.1332623541971358,0.0344428313749343
33-3021.06,21199,0.08658895760205293,0.0
33-3021.06,21200,0.022545268225596788,0.0
39-3021.00,21201,0.021397914211029885,0.003968128094840619
39-3021.00,21202,0.055284735161410956,0.014392273873075756
39-6012.00,21203,0.024521765580485726,0.0
47-4099.03,21204,0.0626291877320938,0.0
47-4099.03,21205,0.06581670965988039,0.0
49-9096.00,21206,0.045655415931117986,0.012017186328059405
51-1011.00,21207,0.0260006294225898,0.005195786784905145
51-8013.03,21208,0.04252839116443909,0.008050026956761817
51-8013.03,21209,0.030321478892903878,0.004723550765986543
51-9195.05,21210,0.008358109592877824,0.0019601677791926124
51-9195.05,21212,0.03958934940610159,0.010925602789375724
51-9195.05,21214,0.003043922699296284,0.0012665585499857714
51-9197.00,21215,0.06264217547060184,0.013715055688896402
53-7064.00,21216,0.1704732846499842,0.017878541157156216
11-2033.00,21246,0.10272533627539586,0.04500552022056743
11-2033.00,21248,0.09251669494781474,0.04737683436139466
11-2033.00,21249,0.07878413663842423,0.04449047818353096
11-2033.00,21250,0.015604291989228756,0.0066499899136426375
11-2033.00,21251,0.11685848639200366,0.04705328854351312
11-2033.00,21252,0.16837715767013378,0.050820955524354554
11-2033.00,21253,0.08353048345082176,0.02878310417311431
11-2033.00,21254,0.11121256153758935,0.043980439551959974
11-2033.00,21255,0.07355460842632176,0.03725915617064512
11-2033.00,21258,0.07251109889653043,0.031145622394751736
11-2033.00,21259,0.08432514377573572,0.03276673109821467
11-3013.00,21272,0.06427675293348499,0.016421625709787394
11-3013.00,21274,0.011801871856481424,0.003230173767229334
11-3013.00,21276,0.29525377430436683,0.031722254163947486
11-3013.00,21277,0.054123463714174556,0.02902478443531339
11-3013.00,21278,0.2480166947563723,0.04094057477805775
11-3013.00,21279,0.052151136110854576,0.028839029738077553
11-3013.00,21280,0.07881768326841956,0.02634563034036751
11-3013.00,21281,0.08769278777693165,0.013600902551927054
11-3013.00,21282,0.10786583527891415,0.023203716292948196
11-3013.01,21283,0.031235802778857166,0.0
11-3013.01,21284,0.019103501087021753,0.0
11-3013.01,21285,0.013635887526196405,0.0
11-3013.01,21286,0.09888606929373601,0.0
11-3013.01,21287,0.0190850411810221,0.0
11-3013.01,21288,0.007291394740168037,0.0
11-3013.01,21289,0.07036606704108399,0.0
11-3013.01,21290,0.01766916104832409,0.0
11-3013.01,21291,0.002071862242963947,0.0
11-3013.01,21292,0.021516003040306965,0.0
11-3013.01,21293,0.010631358920650556,0.0
11-3013.01,21294,0.005041047568622322,0.0
11-3013.01,21295,0.007808381709561943,0.0
11-3013.01,21296,0.04356885572653802,0.0
11-3013.01,21297,0.05964960734286044,0.0
11-3013.01,21298,0.028401465317533407,0.0
11-3013.01,21299,0.05882892192766538,0.0
11-3013.01,21300,0.058773218090454986,0.0
11-3013.01,21301,0.005274535649460114,0.0
11-3013.01,21302,0.12670070663808067,0.0
11-3013.01,21303,0.019620790538958943,0.0
11-3013.01,21304,0.005245023099436433,0.0
11-3013.01,21305,0.06603980554547069,0.0
11-3013.01,21306,0.006144603043947543,0.0
11-3013.01,21307,0.08513176739140962,0.0
11-3013.01,21308,0.01651427612550205,0.0
11-3013.01,21309,0.025632976800431924,0.0
11-3013.01,21310,0.07013186858373441,0.0
11-3031.00,21311,0.3094907208467236,0.06167328793136557
11-3031.00,21312,0.15008406528859675,0.04134445908763555
11-3031.00,21314,0.015068769047389968,0.005154812351469395
11-3031.00,21316,0.015829263639891306,0.006338269978454477
11-3031.00,21317,0.07593812951227416,0.0354076239233404
11-3031.00,21319,0.12609197709385758,0.033171809539768816
11-3031.00,21320,0.06077222033236837,0.04183854937406488
11-3031.00,21321,0.08870068617340966,0.037136945630960795
11-3031.00,21323,0.07156776587046933,0.03515257430173313
11-3031.00,21326,0.04497684901858569,0.015491616399654665
11-3031.00,21327,0.04147955317643352,0.02440168165110121
11-3071.00,21340,0.15096956224214977,0.0
11-3071.00,21341,0.019375785333752806,0.0
11-3071.00,21342,0.066486993726937,0.0
11-3071.00,21343,0.12517748168822446,0.0
11-3071.00,21344,0.04559342818146087,0.0
11-3071.00,21345,0.022356152168907014,0.0
11-3071.00,21346,0.05543577462695991,0.0
11-3071.00,21347,0.014717465487213808,0.0
11-3071.00,21348,0.09141477747350085,0.0
11-3071.00,21349,0.00984766791365064,0.0
11-3071.00,21350,0.03187773740281455,0.0
11-3071.00,21351,0.02636513836524267,0.0
11-3071.00,21352,0.006194117665867558,0.0
11-3071.00,21353,0.017667914586289576,0.0
11-3071.00,21354,0.05710514961006754,0.0
11-3071.00,21355,0.012945051683700201,0.0
11-3071.00,21356,0.020297507576959098,0.0
11-3071.00,21357,0.016519358271466243,0.0
11-3071.00,21358,0.06166349124253836,0.0
11-3071.00,21359,0.01360258335899125,0.0
11-3071.00,21360,0.03842520520791192,0.0
11-3071.00,21361,0.025817722870166183,0.0
11-3071.00,21362,0.023411720362195212,0.0
11-3071.00,21363,0.023293523907257346,0.0
11-3071.00,21364,0.012951003853573747,0.0
11-3071.00,21365,0.010487685192201363,0.0
11-9013.00,21370,0.04329190156577264,0.0
11-9013.00,21371,0.37081395011352314,0.0
11-9013.00,21372,0.013564955403884195,0.0
11-9013.00,21373,0.020373125728196828,0.0
11-9013.00,21374,0.031952984560664865,0.0
11-9013.00,21375,0.15405581549883757,0.0
11-9013.00,21376,0.016810019462390576,0.0
11-9013.00,21377,0.049830040248140854,0.0
11-9013.00,21378,0.008996446173171206,0.0
11-9013.00,21379,0.040878226397879344,0.0
11-9013.00,21380,0.03817541673559205,0.0
11-9013.00,21381,0.1050533595832198,0.0
11-9013.00,21382,0.03816770925238452,0.0
11-9013.00,21383,0.029586265695131127,0.0
11-9013.00,21384,0.002029622722573917,0.0
11-9013.00,21385,0.0026537606197013196,0.0
11-9013.00,21387,0.02398455919094698,0.0
11-9013.00,21388,0.005939807923543164,0.0
11-9013.00,21389,0.003842033124445788,0.0
11-9072.00,21401,0.06345707766984986,0.01793683271610104
11-9072.00,21402,0.0307077178400233,0.015285879864993532
11-9072.00,21403,0.016126347815548586,0.006485319135308111
11-9072.00,21404,0.07966809541895607,0.021803882881185836
11-9072.00,21405,0.014772421911098583,0.005608402678301006
11-9072.00,21407,0.014500120790668846,0.005415813015021633
11-9072.00,21408,0.06822804253891672,0.02520549435691499
11-9072.00,21409,0.0981162459807732,0.023764496487173433
11-9072.00,21410,0.05915422155588068,0.03050420910292615
11-9072.00,21411,0.07930891839747486,0.02962875166208791
11-9072.00,21412,0.23172885232469242,0.037093414726029124
11-9072.00,21413,0.16774426473685092,0.03357601139271368
11-9072.00,21414,0.02212371025098236,0.00837934899965285
11-9072.00,21415,0.040010592968105406,0.021481953845012686
11-9072.00,21416,0.01435336980017811,0.011656414786705213
13-1031.00,21417,0.07709439184657357,0.009863728752194545
13-1031.00,21418,0.06513394591160789,0.012278687264703412
13-1031.00,21419,0.05960684842603845,0.007667711365620649
13-1031.00,21420,0.061405932512635854,0.009149507168661457
13-1031.00,21421,0.04202114976938628,0.007486794425807573
13-1031.00,21422,0.06540456041396568,0.012858539179837853
13-1031.00,21423,0.07032846489533374,0.012635731882852408
13-1031.00,21424,0.05083018412417587,0.00719423428658965
13-1031.00,21425,0.026468630503386062,0.0067849407575350604
13-1031.00,21426,0.06724005560343667,0.009716157081546453
13-1031.00,21427,0.05293013824890462,0.00971883599996707
13-1031.00,21428,0.06877829527340881,0.008374037789800863
13-1031.00,21429,0.05988123354320163,0.0067582069936024496
13-1031.00,21430,0.02087912305946206,0.003991546827205557
13-1031.00,21431,0.016500548370916177,0.006856084831921949
13-1031.00,21432,0.01930869086619156,0.007008499908008501
13-1031.00,21433,0.037359496096201567,0.010884555977114114
13-1031.00,21434,0.046025864371274365,0.009664147440981017
13-1031.00,21435,0.017255421519293178,0.006209523937650884
13-1031.00,21436,0.027345366196522475,0.007366434111433313
13-1031.00,21437,0.009450798511419632,0.002482147775629038
13-1031.00,21438,0.005705050143854272,0.0028331318047298327
13-1031.00,21439,0.008612564178187839,0.002573792611228831
13-1031.00,21440,0.002777356093777943,0.0012677193285891375
13-1031.00,21441,0.013087765512010189,0.0054875407179785785
13-1031.00,21443,0.008568124008833531,0.0054744622443856465
13-1041.00,21446,0.10943191519831068,0.0
13-1041.00,21447,0.17350111571109608,0.0
13-1041.00,21448,0.1404416489784617,0.0
13-1041.00,21449,0.09059768410419454,0.0
13-1041.00,21450,0.047281065358324756,0.0
13-1041.00,21451,0.07277433327514535,0.0
13-1041.00,21452,0.1185250380681895,0.0
13-1041.00,21453,0.05639564166550018,0.0
13-1041.00,21454,0.06417511154193746,0.0
13-1041.00,21456,0.07477910667717533,0.0
13-1041.00,21457,0.05209733942166445,0.0
13-1199.07,21482,0.1324286188393552,0.0
13-1199.07,21483,0.02627362964165011,0.0
13-1199.07,21484,0.019884268821301086,0.0
13-1199.07,21485,0.02746004498750031,0.0
13-1199.07,21486,0.03509640994919475,0.0
13-1199.07,21487,0.022942863619507654,0.0
13-1199.07,21488,0.029512038483492844,0.0
13-1199.07,21489,0.03196911132608071,0.0
13-1199.07,21490,0.042269643655560955,0.0
13-1199.07,21491,0.03097531166562397,0.0
13-1199.07,21492,0.011432426337732508,0.0
13-1199.07,21493,0.13872837612672398,0.0
13-1199.07,21494,0.03381153892600715,0.0
13-1199.07,21495,0.004118922581030586,0.0
13-1199.07,21496,0.05706270649086619,0.0
13-1199.07,21497,0.02851105130670055,0.0
13-1199.07,21498,0.03183923798416796,0.0
13-1199.07,21499,0.05383673893632699,0.0
13-1199.07,21500,0.09117661993490725,0.0
13-1199.07,21501,0.03879699500228579,0.0
13-1199.07,21502,0.058367828621277075,0.0
13-1199.07,21503,0.02438068421825452,0.0
13-1199.07,21504,0.029124932544451882,0.0
13-2011.00,21505,0.03048778307388387,0.0
13-2011.00,21506,0.015168421874338204,0.0
13-2011.00,21507,0.05052559821968909,0.0
13-2011.00,21508,0.08522441047299295,0.0
13-2011.00,21509,0.13934497751716052,0.0
13-2011.00,21510,0.015561837847476086,0.0
13-2011.00,21511,0.014618193949921782,0.0
13-2011.00,21512,0.06948603645437108,0.0
13-2011.00,21513,0.07643017231562155,0.0
13-2011.00,21514,0.050641888582591735,0.0
13-2011.00,21515,0.05924461776385442,0.0
13-2011.00,21516,0.050397847768811996,0.0
13-2011.00,21517,0.04786773180994089,0.0
13-2011.00,21518,0.006111967897832558,0.0
13-2011.00,21519,0.06202523507044734,0.0
13-2011.00,21520,0.07577446463316674,0.0
13-2011.00,21521,0.0717686201773387,0.0
13-2011.00,21522,0.011317259520852645,0.0
13-2011.00,21523,0.014704361647514097,0.0
13-2011.00,21524,0.025848663670930746,0.0
13-2011.00,21525,0.0029339199574361574,0.0
13-2011.00,21526,0.0035060363117009707,0.0
13-2011.00,21527,0.0017300037572590948,0.0
13-2011.00,21529,0.014186457761891796,0.0
13-2011.00,21530,0.005093491942974922,0.0
13-2022.00,21535,0.12461900636104342,0.0
13-2022.00,21536,0.08374728240759602,0.0
13-2022.00,21537,0.10579102229738924,0.0
13-2022.00,21538,0.1223473587580776,0.0
13-2022.00,21539,0.02507753327110664,0.0
13-2022.00,21540,0.058944663604469524,0.0
13-2022.00,21541,0.09342400041313574,0.0
13-2022.00,21542,0.005593055696189078,0.0
13-2022.00,21543,0.057487867539661765,0.0
13-2022.00,21544,0.0005149462059581379,0.0
13-2022.00,21545,0.02706064090395602,0.0
13-2022.00,21546,0.06253535525416427,0.0
13-2022.00,21547,0.09191829737371066,0.0
13-2022.00,21548,0.14093896991354182,0.0
13-2023.00,21549,0.07511297361062229,0.0
13-2023.00,21550,0.07820695876385579,0.0
13-2023.00,21551,0.02371939174354365,0.0
13-2023.00,21552,0.05891816451084136,0.0
13-2023.00,21553,0.017383889357146885,0.0
13-2023.00,21554,0.0012621870521564126,0.0
13-2023.00,21555,0.03333184131872765,0.0
13-2023.00,21556,0.04160235652977418,0.0
13-2023.00,21558,0.04691130481734715,0.0
13-2023.00,21559,0.0059675726708380665,0.0
13-2023.00,21560,0.011118468156576349,0.0
13-2023.00,21561,0.01711787411839748,0.0
13-2023.00,21562,0.03464270185183706,0.0
13-2023.00,21563,0.03378558609559346,0.0
13-2023.00,21564,0.06123909196740507,0.0
13-2023.00,21565,0.06959493789976079,0.0
13-2023.00,21566,0.035149733381276194,0.0
13-2023.00,21567,0.05736132499568389,0.0
13-2023.00,21568,0.03427837220157424,0.0
13-2023.00,21569,0.04397188848410844,0.0
13-2023.00,21570,0.07247271009552882,0.0
13-2023.00,21571,0.03334654843969529,0.0
13-2023.00,21572,0.03179756409049105,0.0
13-2023.00,21573,0.019140487321695345,0.0
13-2023.00,21574,0.0002404953322470368,0.0
13-2023.00,21575,0.01650013918593582,0.0
13-2023.00,21577,0.03300595955811335,0.0
13-2023.00,21578,0.012819476449226853,0.0
15-1242.00,21648,0.08121717307935641,0.06830813367548479
15-1242.00,21649,0.012019178997468022,0.004894743823650714
15-1242.00,21650,0.1504623392138145,0.026090229274207958
15-1242.00,21651,0.07441969929870279,0.03422199018112404
15-1243.00,21652,0.05621303798051373,0.0
15-1243.00,21653,0.03183098625514966,0.0
15-1243.00,21654,0.00924759200182248,0.0
15-1243.00,21655,0.03584821061969577,0.0
15-1243.00,21656,0.023254278161907057,0.0
15-1243.00,21657,0.035788183187068424,0.0
15-1243.00,21658,0.011851491425430807,0.0
15-1243.00,21659,0.06932041183863949,0.0
15-1243.00,21660,0.04914774558922811,0.0
15-1252.00,21661,0.04367606317307642,0.008502130085023343
15-1252.00,21662,0.09072080834069987,0.031141922710509085
15-1252.00,21663,0.04021359396506432,0.008377898195824384
15-1252.00,21664,0.1077607647950722,0.028412160295128167
15-1252.00,21665,0.04870898222926673,0.011702512169148182
15-1252.00,21666,0.027686708327907733,0.011635203156576278
15-1252.00,21667,0.0986793069541486,0.03875254621188481
15-1252.00,21669,0.07593734539691983,0.016432932987095236
15-1252.00,21670,0.1430948721143934,0.03282820263622543
15-1252.00,21671,0.08725860601385653,0.03979787974076338
15-1252.00,21672,0.031417524132148295,0.019322517430367708
15-1252.00,21676,0.09521188801075099,0.025247586784147204
15-1252.00,21677,0.030104630886970747,0.010165791576840923
15-1252.00,21678,0.055904534438329025,0.017543162806460528
15-1252.00,21679,0.023624371221395206,0.008574957070522282
15-1299.02,21715,0.12907073873796862,0.0
15-1299.02,21716,0.0830220365828936,0.0
15-1299.02,21717,0.0929308077389843,0.0
15-1299.02,21718,0.051303150549289196,0.0
15-1299.02,21719,0.07081098030117101,0.0
15-1299.02,21720,0.07629023459660875,0.0
15-1299.02,21721,0.04916187082214497,0.0
15-1299.02,21722,0.0401510228099087,0.0
15-1299.02,21723,0.047773760919478214,0.0
15-1299.02,21724,0.027966931333978724,0.0
15-1299.02,21725,0.046459211912994576,0.0
15-1299.02,21726,0.029878863403446938,0.0
15-1299.02,21727,0.02702579953564216,0.0
15-1299.02,21728,0.05062463653679162,0.0
15-1299.02,21729,0.00398580593821821,0.0
15-1299.02,21730,0.013518665287440033,0.0
15-1299.02,21731,0.044489284712037544,0.0
15-1299.02,21732,0.027873070990429866,0.0
15-1299.02,21733,0.00749807220492873,0.0
15-1299.02,21734,0.009255874929008244,0.0
15-1299.02,21735,0.0055124157068727996,0.0
15-1299.02,21736,0.008133430506522592,0.0
15-1299.02,21737,0.02574145927386465,0.0
15-1299.02,21738,0.010672222869728291,0.0
15-1299.02,21739,0.01793237188922268,0.0
15-1299.02,21740,0.002917279910424975,0.0
15-1299.05,21766,0.07639839267556922,0.0
15-1299.05,21767,0.03528001905600212,0.0
15-1299.05,21768,0.05605654275188008,0.0
15-1299.05,21769,0.12525219494501258,0.0
15-1299.05,21770,0.04920380644174441,0.0
15-1299.05,21771,0.017121637933378616,0.0
15-1299.05,21772,0.04273372532535383,0.0
15-1299.05,21773,0.025155740410813122,0.0
15-1299.05,21774,0.02045965699120424,0.0
15-1299.05,21775,0.06706349306294597,0.0
15-1299.05,21776,0.046296328302002615,0.0
15-1299.05,21777,0.05740004980227086,0.0
15-1299.05,21778,0.03587172971493415,0.0
15-1299.05,21779,0.065263201377405,0.0
15-1299.05,21780,0.05354556262499721,0.0
15-1299.05,21781,0.04752447381055016,0.0
15-1299.05,21782,0.0376864144342096,0.0
15-1299.05,21783,0.030982185952653892,0.0
15-1299.05,21784,0.09312675099773428,0.0
15-1299.05,21785,0.017578093389337978,0.0
17-2031.00,21839,0.006641932611422903,0.0
17-2031.00,21840,0.01836561793634127,0.0
17-2031.00,21841,0.01771601682685616,0.0
17-2031.00,21842,0.0038186378900568014,0.0
17-2031.00,21843,0.028407909120557392,0.0
17-2031.00,21844,0.005377961343129885,0.0
17-2031.00,21845,0.004842548900874227,0.0
17-2031.00,21846,0.06538465715674592,0.0
17-2031.00,21847,0.06989066307393672,0.0
17-2031.00,21848,0.013906258842011097,0.0
17-2031.00,21849,0.004125962671659383,0.0
17-2031.00,21850,0.00669367482233605,0.0
17-2031.00,21851,0.05612165401830069,0.0
17-2031.00,21852,0.01007059956420357,0.0
17-2031.00,21853,0.06906239948376973,0.0
17-2031.00,21854,0.11240486036905871,0.0
17-2031.00,21855,0.005280496768263909,0.0
17-2031.00,21856,0.07189764576893641,0.0
17-2031.00,21857,0.05588106630309817,0.0
17-2031.00,21858,0.010346223091946539,0.0
17-2031.00,21859,0.0038338389565106454,0.0
17-2111.00,21860,0.02189072275145824,0.0
17-2111.00,21861,0.05337405156126527,0.0
17-2111.00,21862,0.04501542867930766,0.0
17-2111.00,21863,0.046773109581719576,0.0
17-2111.00,21864,0.2321032795966486,0.0
17-2111.00,21865,0.03989171125915707,0.0
17-2111.00,21866,0.0370949680480199,0.0
17-2111.00,21867,0.02804582269394735,0.0
17-2111.00,21868,0.0636731299115778,0.0
17-2111.00,21869,0.11423415034092571,0.0
17-2111.00,21870,0.037453016213387105,0.0
17-2111.00,21871,0.014637439223946266,0.0
17-2111.00,21872,0.05836361128722884,0.0
17-2111.00,21873,0.002773848162193151,0.0
17-2111.00,21874,0.029390635408514824,0.0
17-2111.00,21875,0.04099896445032809,0.0
17-2111.00,21876,0.05144771378362966,0.0
17-2111.00,21877,0.007264901529899304,0.0
17-2111.00,21878,0.00909823701046103,0.0
17-2111.00,21879,0.007956889665995321,0.0
17-2111.00,21880,0.014855250664868733,0.0
17-2111.00,21881,0.007598480715914961,0.0
17-2111.00,21882,0.008737208189777624,0.0
17-2111.00,21883,0.008001571685276324,0.0
17-2111.00,21884,0.019325857584551534,0.0
17-2121.00,21887,0.025945274762406975,0.0
17-2121.00,21888,0.06602764947908582,0.0
17-2121.00,21889,0.04735863272428207,0.0
17-2121.00,21890,0.05389347849165565,0.0
17-2121.00,21891,0.006041413600850697,0.0
17-2121.00,21892,0.023589664824097457,0.0
17-2121.00,21893,0.026350729543270803,0.0
17-2121.00,21894,0.027873803551287782,0.0
17-2121.00,21895,0.033454295192882864,0.0
17-2121.00,21896,0.01523544185011747,0.0
17-2121.00,21897,0.10485799642566397,0.0
17-2121.00,21898,0.01620177737262312,0.0
17-2121.00,21899,0.051816798246662486,0.0
17-2121.00,21900,0.030939901749756377,0.0
17-2121.00,21901,0.02342161223466038,0.0
17-2121.00,21902,0.05272788932613283,0.0
17-2121.00,21903,0.02960923103911992,0.0
17-2121.00,21904,0.02415189212675351,0.0
17-2121.00,21905,0.058934176167279355,0.0
17-2121.00,21906,0.028111624598579587,0.0
17-2121.00,21907,0.039228929400398044,0.0
17-2121.00,21908,0.03178356783869365,0.0
17-2121.00,21909,0.015470854738607535,0.0
17-2121.00,21910,0.03629552268234836,0.0
17-2121.00,21911,0.01374752776961304,0.0
17-2121.00,21912,0.016898418597786125,0.0
17-2121.00,21913,0.01869893172424009,0.0
17-2121.00,21914,0.025655972172058672,0.0
17-2121.00,21915,0.04211919005955004,0.0
17-2121.00,21916,0.013557801709535381,0.0
17-3011.00,21917,0.2236400619373149,0.0
17-3011.00,21918,0.14988674642989364,0.0
17-3011.00,21919,0.06344630572686506,0.0
17-3011.00,21920,0.044304560550073833,0.0
17-3011.00,21921,0.06477356215415503,0.0
17-3011.00,21922,0.07363550178946052,0.0
17-3011.00,21923,0.06511296301264544,0.0
17-3011.00,21924,0.04015229940001038,0.0
17-3011.00,21925,0.029951599278318978,0.0
17-3011.00,21926,0.09119084393596374,0.0
17-3011.00,21927,0.007494546059932038,0.0
17-3011.00,21928,0.03251846754647837,0.0
17-3011.00,21929,0.04544923721148721,0.0
17-3011.00,21930,0.005711537697748088,0.0
17-3011.00,21931,0.010917260619186181,0.0
17-3011.00,21933,0.010624988949949564,0.0
17-3011.00,21934,0.014299925279165624,0.0
17-3011.00,21936,0.003339406665735708,0.0
17-3011.00,21937,0.0025222451622364927,0.0
17-3011.00,21938,0.003342423962302158,0.0
17-3011.00,21939,0.004240890306873445,0.0
17-3011.00,21940,0.01344462632420359,0.0
17-3012.00,21945,0.0947141576249863,0.02468028450193795
17-3012.00,21946,0.06333819587162552,0.02422247940916787
17-3012.00,21947,0.0918504296930267,0.01420369019685015
17-3012.00,21948,0.032923151728695456,0.010536120673338483
17-3012.00,21949,0.05089982462573751,0.00881753277812295
17-3012.00,21950,0.055403747519608075,0.008008451895786733
17-3012.00,21951,0.13442283202308475,0.01594259391929342
17-3012.00,21952,0.029138559580110468,0.011406609693469238
17-3012.00,21953,0.06397707350200682,0.015510676199734716
17-3012.00,21954,0.028251787776680647,0.010086037305618035
17-3012.00,21955,0.04642777591801628,0.02424117012809057
17-3012.00,21956,0.02453509673937068,0.008742844213456613
17-3012.00,21957,0.013568542096906404,0.004222926021971867
17-3012.00,21958,0.04677820716711294,0.010493452512163768
17-3012.00,21959,0.015591266658485476,0.002737706408108988
17-3012.00,21961,0.025770060828299794,0.008276077845105397
17-3012.00,21962,0.006969542484711298,0.003966146664892726
17-3012.00,21963,0.054444999819400305,0.011329322529731952
17-3012.00,21964,0.01282967694825307,0.002723635005087623
17-3012.00,21965,0.045107389293749925,0.00961843794927242
17-3012.00,21966,0.005892882987084453,0.0021033244097566086
17-3012.00,21967,0.023163504946140976,0.008709322053536379
17-3012.00,21970,0.027792787020839215,0.008782554877792625
17-3012.00,21971,0.006208507146066884,0.005723135476021558
17-3023.00,21975,0.09897740984182106,0.0
17-3023.00,21976,0.05797764928330061,0.0
17-3023.00,21977,0.08524876395314512,0.0
17-3023.00,21978,0.06782921126042525,0.0
17-3023.00,21979,0.045101018931962215,0.0
17-3023.00,21980,0.06319756513574824,0.0
17-3023.00,21981,0.03965112318125847,0.0
17-3023.00,21982,0.0545207678142686,0.0
17-3023.00,21983,0.01703378798193122,0.0
17-3023.00,21984,0.03374512678432473,0.0
17-3023.00,21985,0.06144419180888619,0.0
17-3023.00,21986,0.030431990894593332,0.0
17-3023.00,21987,0.03819907638622852,0.0
17-3023.00,21988,0.030886666137148522,0.0
17-3023.00,21989,0.0395041963893919,0.0
17-3023.00,21990,0.01664067290091929,0.0
17-3023.00,21991,0.03141680774976235,0.0
17-3023.00,21992,0.017272010183998474,0.0
17-3023.00,21993,0.011887279732844083,0.0
17-3023.00,21994,0.014826467608186348,0.0
17-3023.00,21995,0.011459633631893446,0.0
17-3023.00,21996,0.027710202442786273,0.0
17-3023.00,21997,0.006804452464878494,0.0
17-3023.00,21998,0.02283499253369598,0.0
17-3023.00,21999,0.051535029874524324,0.0
17-3023.00,22000,0.023863905092077024,0.0
17-3024.00,22007,0.003438405454480754,0.0018575802886279477
17-3024.00,22009,0.009057715059749106,0.005902000528368076
17-3024.00,22011,0.014155230776143446,0.004625615649866016
17-3024.00,22012,0.05615828333881529,0.027827003156524893
17-3024.00,22014,0.05498629753085599,0.02165787095782612
17-3024.00,22015,0.07810870270708883,0.03223350160045256
17-3024.00,22016,0.01339904787709249,0.006626889319089693
17-3024.00,22017,0.016677648106932723,0.007007257893940299
17-3024.00,22018,0.022251450118051814,0.008889190059039355
17-3024.00,22019,0.01510252386042147,0.007337783911203481
17-3026.01,22045,0.08359704348597272,0.0
17-3026.01,22046,0.1530041943740393,0.0
17-3026.01,22047,0.07199374704559938,0.0
17-3026.01,22048,0.08940631772714541,0.0
17-3026.01,22049,0.013549797237432434,0.0
17-3026.01,22050,0.027313190476275184,0.0
17-3026.01,22051,0.08204129825353937,0.0
17-3026.01,22052,0.08796865894223371,0.0
17-3026.01,22053,0.035042903140840284,0.0
17-3026.01,22054,0.07282826604304096,0.0
17-3026.01,22055,0.007218270399467003,0.0
17-3026.01,22056,0.044160491331260925,0.0
17-3026.01,22057,0.0030087139579667815,0.0
17-3026.01,22058,0.009781789091500095,0.0
17-3026.01,22059,0.005370951360643838,0.0
17-3026.01,22060,0.006710300335475164,0.0
17-3026.01,22061,0.010111469014216511,0.0
17-3026.01,22062,0.0048587902101862555,0.0
17-3026.01,22063,0.06155076306535339,0.0
17-3026.01,22064,0.0007115539893259451,0.0
17-3026.01,22065,0.009188851667447717,0.0
17-3026.01,22066,0.0002158672516697543,0.0
17-3026.01,22067,0.04005207239119267,0.0
17-3026.01,22068,0.06847018861149831,0.0
17-3026.01,22069,0.011844510596676908,0.0
17-3027.00,22072,0.08392527216331952,0.028700375514828593
17-3027.00,22073,0.03717062075320368,0.018088247446570095
17-3027.00,22075,0.025867231992199816,0.00615162013637653
17-3027.00,22077,0.0170073626869691,0.005098279211808871
17-3027.00,22078,0.01895192869049133,0.009327936690776705
17-3027.00,22082,0.11112950875016624,0.02208394310462014
17-3027.00,22083,0.02928970290776567,0.0054764219960454505
17-3027.00,22084,0.02533647715406614,0.006895503314207099
17-3027.00,22085,0.030902927696021702,0.014218718431086748
17-3027.00,22086,0.11545111893277141,0.026997669049807743
17-3027.00,22087,0.10189209803812208,0.039302971070424596
17-3031.00,22103,0.08406414834023146,0.0
17-3031.00,22104,0.1092715094417333,0.0
17-3031.00,22105,0.02061895827731827,0.0
17-3031.00,22106,0.09359600206006623,0.0
17-3031.00,22107,0.0897214166525301,0.0
17-3031.00,22108,0.04204383152355425,0.0
17-3031.00,22109,0.03567153114870063,0.0
17-3031.00,22110,0.030502080912822156,0.0
17-3031.00,22111,0.06374027548020465,0.0
17-3031.00,22112,0.04183607856034473,0.0
17-3031.00,22113,0.10726881568830847,0.0
17-3031.00,22114,0.059016537251326766,0.0
17-3031.00,22115,0.023649213682057118,0.0
17-3031.00,22116,0.055051151976090916,0.0
17-3031.00,22117,0.05604323158120625,0.0
17-3031.00,22118,0.01836055083329009,0.0
17-3031.00,22119,0.03819405986750159,0.0
17-3031.00,22120,0.020314914199339455,0.0
17-3031.00,22121,0.011035692523373565,0.0
19-1031.00,22133,0.05127897802295129,0.0
19-1031.00,22134,0.06755810922118823,0.0
19-1031.00,22135,0.02422801201784808,0.0
19-1031.00,22136,0.019930745522722403,0.0
19-1031.00,22137,0.04528781605284119,0.0
19-1031.00,22138,0.2120771410553746,0.0
19-1031.00,22139,0.06334368265456573,0.0
19-1031.00,22140,0.04061055147568491,0.0
19-1031.00,22141,0.03228562263424774,0.0
19-1031.00,22142,0.00211243453050425,0.0
19-1031.00,22143,0.012834975696954689,0.0
19-1031.00,22144,0.026548461240686615,0.0
19-1031.00,22145,0.016861858726747402,0.0
19-1031.00,22146,0.01566480704232424,0.0
19-1031.00,22147,0.02919606881577411,0.0
19-1031.00,22148,0.03372563451433827,0.0
19-1031.00,22149,0.02486531246559377,0.0
19-1031.00,22150,0.008349047065805321,0.0
19-1031.00,22151,0.010193951049279906,0.0
19-1031.00,22152,0.04960063808568687,0.0
19-1031.00,22153,0.06881011062004821,0.0
19-1031.00,22154,0.005373350615084183,0.0
19-1031.00,22155,0.00873532839861269,0.0
19-1031.00,22156,0.006284928877545528,0.0
19-1031.00,22157,0.005805394320886133,0.0
19-1031.00,22158,0.05672204370824972,0.0
19-1031.00,22159,0.027082413676356026,0.0
19-1031.00,22160,0.004127529608277797,0.0
19-1031.00,22161,0.023857788947732453,0.0
19-1031.00,22162,0.006647263336087652,0.0
19-3033.00,22163,0.06466795469792437,0.0
19-3033.00,22164,0.0785902871791732,0.0
19-3033.00,22165,0.10465131487623772,0.0
19-3033.00,22166,0.06339277130655578,0.0
19-3033.00,22167,0.04233844661958989,0.0
19-3033.00,22168,0.049063278108747964,0.0
19-3033.00,22169,0.08452867451745512,0.0
19-3033.00,22170,0.05643586850838971,0.0
19-3033.00,22171,0.020258377104932602,0.0
19-3033.00,22172,0.02799546527109242,0.0
19-3033.00,22173,0.044198552938629246,0.0
19-3033.00,22174,0.022701598345489807,0.0
19-3033.00,22175,0.04872869251878304,0.0
19-3033.00,22176,0.03337372502799958,0.0
19-3033.00,22177,0.01948214521689736,0.0
19-3033.00,22178,0.013234336302051966,0.0
19-3033.00,22179,0.024855044622770404,0.0
19-3033.00,22180,0.03207152187784911,0.0
19-3033.00,22181,0.019244821893386495,0.0
19-3033.00,22182,0.008181237838465846,0.0
19-3033.00,22183,0.00826314214149773,0.0
19-3033.00,22184,0.012580986995150638,0.0
19-3033.00,22185,0.021839528053519956,0.0
19-3033.00,22186,0.014175856567973592,0.0
19-3033.00,22187,0.00482376558225186,0.0
19-3033.00,22188,0.004544083950281782,0.0
19-3033.00,22189,0.005034390650844951,0.0
19-3033.00,22190,0.051888041208189246,0.0
19-3033.00,22191,0.005502420199559464,0.0
19-3033.00,22192,0.013353669878309214,0.0
19-3039.02,22193,0.10897668637875466,0.0
19-3039.02,22194,0.018874938820269242,0.0
19-3039.02,22195,0.047545570157560495,0.0
19-3039.02,22196,0.05567169937127957,0.0
19-3039.02,22197,0.0764721685622063,0.0
19-3039.02,22198,0.024449669423641983,0.0
19-3039.02,22199,0.08280183002096124,0.0
19-3039.02,22200,0.07927104099211939,0.0
19-3039.02,22201,0.08452136304427323,0.0
19-3039.02,22202,0.10447606083492489,0.0
19-3039.02,22203,0.009319290484396227,0.0
19-3039.02,22204,0.09647494875700528,0.0
19-3039.02,22205,0.05539231462601523,0.0
19-3039.02,22206,0.1557524185265923,0.0
19-3039.03,22207,0.028535056562473748,0.0
19-3039.03,22208,0.09801417347262859,0.0
19-3039.03,22209,0.06261783567916565,0.0
19-3039.03,22210,0.03769361761957965,0.0
19-3039.03,22211,0.11486140171068891,0.0
19-3039.03,22212,0.05643038854734696,0.0
19-3039.03,22213,0.04774256394693242,0.0
19-3039.03,22214,0.04087148104702358,0.0
19-3039.03,22215,0.05832723468078651,0.0
19-3039.03,22216,0.048999223630055405,0.0
19-3039.03,22217,0.04440420728770691,0.0
19-3039.03,22218,0.022264847379718775,0.0
19-3039.03,22219,0.10389161274313734,0.0
19-3039.03,22220,0.004697453601830393,0.0
19-3039.03,22221,0.06101040895196739,0.0
19-3039.03,22222,0.011944676357528545,0.0
19-3039.03,22223,0.04308670324555528,0.0
19-3039.03,22224,0.11460711353587391,0.0
19-3091.00,22231,0.02388142637832112,0.0
19-3091.00,22232,0.08692852227159616,0.0
19-3091.00,22233,0.012657618532317495,0.0
19-3091.00,22234,0.04077392633603629,0.0
19-3091.00,22235,0.023240907175724416,0.0
19-3091.00,22236,0.10805044553822123,0.0
19-3091.00,22237,0.005340734868147924,0.0
19-3091.00,22238,0.04057921257491095,0.0
19-3091.00,22239,0.00989610803767459,0.0
19-3091.00,22240,0.01891483805405846,0.0
19-3091.00,22241,0.01265701122219553,0.0
19-3091.00,22242,0.031706247863864535,0.0
19-3091.00,22243,0.010216439596030247,0.0
19-3091.00,22244,0.13391118963373175,0.0
19-3091.00,22245,0.005295099580454394,0.0
19-3091.00,22246,0.04077392633603629,0.0
19-3091.00,22247,0.016528820699648287,0.0
19-3091.00,22248,0.01900916032591352,0.0
19-3091.00,22249,0.0016135934519984254,0.0
19-3091.00,22250,0.0066275662160181015,0.0
19-3091.00,22251,0.01362587694590728,0.0
19-3091.00,22252,0.023556703807853907,0.0
19-3091.00,22253,0.005663090421366264,0.0
19-3091.00,22254,0.010912220597754367,0.0
19-3091.00,22255,0.018499996158618793,0.0
19-3091.00,22256,0.011693165746296664,0.0
19-3091.00,22257,0.03188295444266935,0.0
19-3091.00,22258,0.01376387351124923,0.0
19-3091.00,22259,0.21383546586898358,0.0
19-3091.00,22260,0.007963857806400812,0.0
19-4013.00,22261,0.07992892673828664,0.026791140539221055
19-4043.00,22262,0.2040979877525838,0.0
19-4043.00,22263,0.14311745375256396,0.0
19-4043.00,22264,0.12250251990811054,0.0
19-4043.00,22265,0.074000073549722,0.0
19-4043.00,22266,0.014454967175696722,0.0
19-4043.00,22267,0.01549190512027577,0.0
19-4043.00,22268,0.039283536726777486,0.0
19-4043.00,22269,0.033359798373261015,0.0
19-4043.00,22270,0.026654291842147015,0.0
19-4043.00,22271,0.04712368229356421,0.0
19-4043.00,22272,0.04207465444824336,0.0
19-4043.00,22273,0.06461405158065514,0.0
19-4043.00,22274,0.041327601523430096,0.0
19-4043.00,22275,0.032430291865896244,0.0
19-4043.00,22276,0.032971310985335886,0.0
19-4043.00,22277,0.02822374178496288,0.0
19-4043.00,22278,0.01554361536654468,0.0
19-4043.00,22279,0.003422026356897186,0.0
19-4043.00,22280,0.0013486914035629217,0.0
19-4043.00,22281,0.013645173512663537,0.0
19-4043.00,22282,0.002725930642849936,0.0
19-4043.00,22283,0.0008599366251335638,0.0
19-4043.00,22285,0.0007267574091220333,0.0
19-4051.00,22308,0.16119254011031053,0.0
19-4051.00,22309,0.06172028044241118,0.0
19-4051.00,22310,0.14212496249454784,0.0
19-4051.00,22311,0.08419527819449002,0.0
19-4051.00,22312,0.0717918980192811,0.0
19-4051.00,22313,0.15674747307290646,0.0
19-4051.00,22314,0.06643329507661677,0.0
19-4051.00,22315,0.11606648252786765,0.0
19-4051.00,22316,0.017750371764901168,0.0
19-4051.00,22318,0.015871098336245566,0.0
19-4051.00,22319,0.024664923601107395,0.0
19-4051.00,22320,0.02055813353718375,0.0
19-4051.00,22321,0.03676039101446412,0.0
19-4051.00,22323,0.015043766602481592,0.0
19-4051.00,22324,0.0009140587652641376,0.0
19-4051.00,22326,0.008165046439920755,0.0
25-2056.00,22359,0.0033712733197796465,0.0012057718363660548
25-2056.00,22360,0.007994565818002987,0.005554971195357183
25-2056.00,22361,0.005155741900718856,0.0023731374799738597
25-2056.00,22362,0.017916796415288743,0.007240407697592295
25-2056.00,22363,0.004446653838993224,0.0010058775595388936
25-2056.00,22364,0.016920662044961465,0.006593587343066543
25-2056.00,22365,0.06949748700308983,0.012309871326563046
25-2056.00,22366,0.05467806680249928,0.012762085393553991
25-2056.00,22367,0.04894324751183775,0.00811910778279064
25-2056.00,22368,0.07612734474737792,0.012056313131742871
25-2056.00,22369,0.046110550020375105,0.009402664343709044
25-2056.00,22370,0.02102680120586579,0.006387948720228228
25-2056.00,22371,0.09744721840942502,0.012217036032018114
25-2056.00,22372,0.01726844741033544,0.006503881477890621
25-2056.00,22373,0.0028591281437048864,0.0005462552375751758
25-2056.00,22374,0.03092704201896561,0.005907867633434008
25-2056.00,22375,0.003470577110325011,0.0009207914776355438
25-2056.00,22376,0.06707961855356719,0.009452157357510187
25-2056.00,22377,0.03796725335863851,0.00821966203282937
25-2056.00,22378,0.05568969455163799,0.01017812680770662
25-2056.00,22379,0.021201514648764106,0.007694466368783263
25-2056.00,22380,0.011186094901664723,0.003498003638948444
25-2056.00,22381,0.0396092766343769,0.008650713144976733
25-2056.00,22382,0.0020688382977598887,0.0010482219635290805
25-2056.00,22383,0.05246741949850756,0.011583848155643825
25-2056.00,22384,0.026174458142776726,0.008418290782003925
25-2056.00,22385,0.024396262804354335,0.007391659895836709
25-2056.00,22386,0.03253376769164903,0.006492110447947649
25-2056.00,22387,0.06599691934954498,0.012349823757878037
25-2056.00,22388,0.03946727784521147,0.011007823554403568
25-3031.00,22389,0.11711982723384594,0.019396230912557537
25-3031.00,22390,0.019924733593099014,0.011224159952884958
25-3031.00,22391,0.01612943944907699,0.011511332359091516
25-3031.00,22392,0.041390168490785126,0.012626337688135926
25-3031.00,22393,0.05789678486339354,0.014906251513340893
25-3031.00,22394,0.0825049619003732,0.01482761249474907
25-3031.00,22395,0.1246751004992202,0.01904048114020054
25-3031.00,22396,0.0936923585211871,0.014853013931095812
25-3031.00,22397,0.02351070638553868,0.012435252325837386
25-3031.00,22398,0.04644442124264423,0.01190485199675759
25-3031.00,22399,0.02816882922682314,0.012063941663214502
25-3031.00,22400,0.020821509613158068,0.012816801122513643
25-3031.00,22401,0.01497725644225997,0.010976932117635875
25-3031.00,22402,0.06102734586965662,0.01326942727546576
25-3031.00,22403,0.0843758803455264,0.013694636049392167
25-3031.00,22404,0.060507216118387615,0.016970846581636535
25-3031.00,22405,0.06164154089229729,0.013690395738623792
25-3031.00,22406,0.04519191931272697,0.015137266762919184
25-4022.00,22407,0.13126640647510798,0.016621370154951333
25-4022.00,22408,0.07383593456544522,0.012106378027462752
25-4022.00,22409,0.03987922957552562,0.007045697045269027
25-4022.00,22410,0.07207830740093012,0.013153136673479298
25-4022.00,22411,0.08189470473432625,0.014175724373312557
25-4022.00,22412,0.07673334467135035,0.012174806456429014
25-4022.00,22413,0.053484436087959504,0.011484152567079223
25-4022.00,22414,0.03735311115624164,0.011272024482686025
25-4022.00,22415,0.02610062331633169,0.007562107914450391
25-4022.00,22416,0.0289946585591765,0.00873264991421601
25-4022.00,22417,0.02536169982481313,0.008324325738372856
25-4022.00,22418,0.05594170894107348,0.01151365490584584
25-4022.00,22419,0.03261354368419323,0.01028817584170927
25-4022.00,22420,0.035593594244381174,0.008267758890014637
25-4022.00,22421,0.05656789880958382,0.026550044215816516
25-4022.00,22422,0.0055804842626625915,0.00200087811891105
25-4022.00,22423,0.02490871592999799,0.009238877891771014
25-4022.00,22424,0.014399703191559034,0.0028737088973884114
25-4022.00,22425,0.015320288691704827,0.003909745166981252
25-4022.00,22427,0.02031955264924844,0.008114337237538337
25-4022.00,22428,0.028896938137719704,0.008605547659071906
25-4022.00,22430,0.017460820280498654,0.004118559034889665
25-4022.00,22431,0.004765436771373778,0.000986840075211059
25-4022.00,22432,0.013186266341306608,0.00793629879477531
25-4022.00,22433,0.019821934321781337,0.007403105210540875
25-4022.00,22434,0.007640657375707226,0.003623539257560187
25-9042.00,22457,0.06197853314185339,0.014082911102478002
25-9042.00,22459,0.04795534261594075,0.011905007430633283
25-9042.00,22460,0.02913370608616701,0.005928463497533835
25-9042.00,22461,0.07641924969739797,0.01489672738605246
25-9042.00,22462,0.012172772840236075,0.0028920318745743892
25-9042.00,22463,0.06856553509562152,0.013281388547081429
25-9042.00,22465,0.05163097528551267,0.011421630967011041
25-9042.00,22466,0.02942586667138991,0.014677193068309122
25-9042.00,22467,0.018566847897119362,0.007634576238131543
25-9042.00,22468,0.03201088168366207,0.006020013005878135
25-9042.00,22469,0.013574641952589896,0.005980982002025812
25-9042.00,22470,0.029099620236828043,0.008340823151141092
25-9042.00,22471,0.03579355639854549,0.006811519972140256
25-9042.00,22473,0.01291727838174072,0.0030664313811394374
25-9042.00,22474,0.01938722491698235,0.0059824476551916745
25-9042.00,22476,0.03835819323895127,0.006714916596512253
25-9042.00,22477,0.02918792193238813,0.013334126991396909
25-9042.00,22478,0.11953291981117506,0.021587431798044694
25-9042.00,22479,0.029755210961375227,0.007656242904791975
25-9042.00,22480,0.08443719698352563,0.014428714604934856
25-9042.00,22481,0.11105440894379466,0.023071638547846877
25-9042.00,22482,0.024815225989856336,0.006779758396268426
25-9042.00,22483,0.024226889237346456,0.00654905792377533
25-9043.00,22484,0.014563755565136163,0.0032025124598438724
25-9043.00,22486,0.002213521734204816,0.0005733555600199308
25-9043.00,22487,0.04424523162183395,0.007864701292361522
25-9043.00,22488,0.035515724990083056,0.007290672036015463
25-9043.00,22490,0.045942429200235294,0.007252755303949779
25-9043.00,22491,0.04176570885712657,0.007433548913067337
25-9043.00,22492,0.07789001948326704,0.011855521911959066
25-9043.00,22493,0.01008240308927197,0.003980255552718612
25-9043.00,22494,0.03526612241322327,0.005410132380097503
25-9043.00,22495,0.036084718274528506,0.009514634716526147
25-9043.00,22496,0.006425263054185433,0.002965395183541447
25-9043.00,22497,0.013687805620873615,0.003293123786298509
25-9043.00,22498,0.04376346179319075,0.013096214365521995
25-9043.00,22499,0.020433759017826285,0.008645717208318644
25-9043.00,22500,0.03388119363411072,0.007683733752467773
25-9043.00,22502,0.02566679602939681,0.006263019796733111
25-9043.00,22503,0.012082631268145546,0.0036544763783301105
25-9043.00,22504,0.005488224763892412,0.002845728935949596
25-9043.00,22505,0.036995770949652534,0.006692884529374668
25-9043.00,22506,0.13494564520058652,0.013472197954141963
25-9043.00,22507,0.04565543796283271,0.01047383043549075
25-9043.00,22508,0.003148203508677493,0.0013796672696855404
25-9043.00,22509,0.09813393307717656,0.014873965063474331
25-9043.00,22510,0.015909755697430774,0.004252323322129853
25-9043.00,22511,0.08586126148515967,0.015806616042677905
25-9043.00,22512,0.04047494276747095,0.006678843017843712
25-9043.00,22513,0.03387627894048062,0.012428512618267601
27-2012.00,22514,0.08621108308052668,0.016697883197271796
27-2012.00,22515,0.09812439562173597,0.020051809379206934
27-2012.00,22516,0.06791920881786374,0.021303316411591635
27-2012.00,22517,0.06343425610674573,0.02407614824100935
27-2012.00,22518,0.017124715411753665,0.005840111850174671
27-2012.00,22520,0.025798122249437158,0.013046441997171592
27-2012.00,22521,0.02518742280169198,0.011953573211986278
27-2012.00,22522,0.10365104902185358,0.017003517137243275
27-2012.00,22523,0.04411056434207296,0.00942554558113604
27-2012.00,22524,0.020174240520239556,0.007538450919255282
27-2012.00,22525,0.04209813034321489,0.014493159549475068
27-2012.00,22526,0.05679258361026974,0.01644378756795242
27-2012.00,22527,0.0313250155961574,0.009516393017601581
27-2012.00,22528,0.03476798320151198,0.012506788938351514
27-2012.00,22529,0.01260892014930455,0.004713512907037016
27-2012.00,22530,0.02614617202614235,0.009304833364026932
27-2012.00,22531,0.011535211032721234,0.011442705344166772
27-2012.00,22532,0.04619309918958882,0.011624334257215083
27-2012.00,22533,0.050710782968123744,0.01735968911164594
27-2012.00,22534,0.023531925811765,0.01045463468752302
27-2012.00,22535,0.04412843463924955,0.016636876093609594
27-2012.00,22537,0.019610596992304583,0.008622043501731895
27-2012.00,22538,0.029755651824834924,0.014286106498188289
27-2012.00,22539,0.012243898064640692,0.009063953845350727
27-2012.00,22540,0.006816536576249492,0.002071696581687892
27-2041.00,22544,0.07472184538865814,0.013943585422278665
27-2041.00,22545,0.047647235316752704,0.012583967790333111
27-2041.00,22546,0.04383024783414456,0.011154977269781775
27-2041.00,22547,0.10431098650522933,0.014959836709651087
27-2041.00,22548,0.03506856388080633,0.012550082461262995
27-2041.00,22549,0.07841323203247307,0.014733909540717063
27-2041.00,22550,0.09877132109548643,0.016025313485296778
27-2041.00,22551,0.08636114133022245,0.01642920099959188
27-2041.00,22552,0.0019492047956274226,0.0004043761644443072
27-2041.00,22553,0.020676434119421952,0.005228778393394021
27-2041.00,22554,0.037964175621635364,0.012669256675715349
27-2041.00,22555,0.025722816896739963,0.01043906644686926
27-2041.00,22556,0.030171292352333526,0.011096946631561546
27-2041.00,22557,0.02830086162572744,0.012158669751143577
27-2041.00,22558,0.004658406079211949,0.002834335946977223
27-2041.00,22559,0.04596785331434543,0.014835326559104656
27-2041.00,22560,0.04268975287725323,0.009176959945139472
27-2041.00,22561,0.017461682686906094,0.0060275844532269255
27-2041.00,22562,0.05057373284646875,0.014947985574831395
27-2041.00,22563,0.02722474516609835,0.01155760122505794
27-2041.00,22564,0.02185221659634765,0.008317151406121092
27-2041.00,22565,0.01373394076917274,0.004541086287890393
27-2041.00,22566,0.008832476349508497,0.002881530839729044
27-2041.00,22567,0.0035443115901564693,0.0012776932140269595
27-2041.00,22568,0.01795551233138637,0.006369516395285356
27-2041.00,22569,0.006098821588325243,0.0019737094042443356
27-2041.00,22570,0.022634656150140865,0.01162791969439958
27-2041.00,22571,0.0028625328594196102,0.001999089396291066
27-2042.00,22574,0.0379083276916717,0.01007420325406594
27-2042.00,22575,0.0980312394899012,0.02256338581116146
27-2042.00,22576,0.07334098414733688,0.016361174290150493
27-2042.00,22577,0.1300808572015919,0.016577810631277383
27-2042.00,22578,0.09029777818391066,0.019170502168226602
27-2042.00,22579,0.08013493280131388,0.023232458113228376
27-2042.00,22580,0.07828240920862808,0.023273823662017377
27-2042.00,22581,0.06821951182939677,0.011433411021204397
27-2042.00,22582,0.034220891781485074,0.009735685669744646
27-2042.00,22583,0.07004132027725804,0.010078575547695926
27-2042.00,22584,0.041551353339409146,0.01581566832840323
27-2042.00,22585,0.034573756804878196,0.007201769736879504
27-2042.00,22586,0.02198068456591,0.007968007494334226
27-2042.00,22587,0.012360141569643945,0.0075545541970978075
27-2042.00,22589,0.019370711887320077,0.012262883528687022
27-2042.00,22591,0.008151408039285548,0.0052431417468859565
27-2042.00,22592,0.01909054676750756,0.014133362051507361
27-2042.00,22593,0.021337117790458306,0.009943394522641051
27-2042.00,22594,0.031534986891630305,0.012456321365411707
27-2042.00,22595,0.0075640504699331975,0.002897001074045934
27-2042.00,22596,0.01483412549882275,0.00861946790974296
27-2042.00,22598,0.0029085710761882684,0.0014459552251238899
27-2042.00,22600,0.00418429268651845,0.0018202024921423953
27-3023.00,22623,0.07536428335890065,0.0
27-3023.00,22624,0.05320171996108608,0.0
27-3023.00,22625,0.07035141911915906,0.0
27-3023.00,22626,0.0810448315916012,0.0
27-3023.00,22627,0.04008598013259245,0.0
27-3023.00,22628,0.040171894032584844,0.0
27-3023.00,22629,0.029876502801870396,0.0
27-3023.00,22630,0.06093040890553047,0.0
27-3023.00,22631,0.0721143917672536,0.0
27-3023.00,22632,0.04706703338839236,0.0
27-3023.00,22633,0.029709386757169054,0.0
27-3023.00,22634,0.034411776399491854,0.0
27-3023.00,22635,0.025730536272646563,0.0
27-3023.00,22636,0.03631907780406969,0.0
27-3023.00,22637,0.016643059445000625,0.0
27-3023.00,22638,0.04376411025009755,0.0
27-3023.00,22639,0.013312534491710633,0.0
27-3023.00,22640,0.027127625185930784,0.0
27-3023.00,22641,0.018812979228704275,0.0
27-3023.00,22642,0.02213664989912913,0.0
27-3023.00,22643,0.0198310287001918,0.0
27-3023.00,22644,0.017394815155041595,0.0
27-3023.00,22645,0.026014135247193662,0.0
27-3023.00,22646,0.011531165884153583,0.0
27-3023.00,22647,0.016551306354412904,0.0
27-3023.00,22648,0.012722882466538382,0.0
27-3023.00,22649,0.021488987135854662,0.0
27-3023.00,22650,0.021807335913365707,0.0
27-3023.00,22651,0.00791225746088269,0.0
27-3023.00,22652,0.006569884889443792,0.0
27-3043.00,22653,0.17439464839485647,0.04985929041701893
27-3043.00,22654,0.16297280066585987,0.05347971985657319
27-3043.00,22655,0.21783334464489523,0.050352882787338384
27-3043.00,22656,0.17622759042181124,0.04798382648587992
27-3043.00,22657,0.12792642552050995,0.03816197155590615
27-3043.00,22658,0.017767234424580853,0.004959798539420182
27-3043.00,22659,0.04889060764338305,0.03231672512116684
27-3043.00,22660,0.07398734828410337,0.02683068191493799
29-1214.00,22715,0.07970021951423248,0.0
29-1214.00,22716,0.059325382061602046,0.0
29-1214.00,22717,0.08399006471742929,0.0
29-1214.00,22718,0.05896858404301132,0.0
29-1214.00,22719,0.08148994179049605,0.0
29-1214.00,22720,0.046818279031294534,0.0
29-1214.00,22721,0.07469416173039142,0.0
29-1214.00,22722,0.039814940359903635,0.0
29-1214.00,22723,0.08399006471742929,0.0
29-1214.00,22724,0.06322386698386508,0.0
29-1214.00,22725,0.07612847958818886,0.0
29-1214.00,22726,0.016466175173737226,0.0
29-1214.00,22727,0.00490528164852072,0.0
29-1214.00,22728,0.04696238234380014,0.0
29-1214.00,22729,0.07468345054657037,0.0
29-1214.00,22730,0.08399006471742929,0.0
29-1214.00,22731,0.024848661032098183,0.0
29-2011.04,22778,0.043722296808646845,0.0
29-2011.04,22779,0.09505974830875474,0.0
29-2011.04,22780,0.1512170073849567,0.0
29-2011.04,22781,0.11381528920829749,0.0
29-2011.04,22782,0.0619032921329844,0.0
29-2011.04,22783,0.023833662365983294,0.0
29-2011.04,22784,0.05780096374397092,0.0
29-2011.04,22785,0.004121992357800192,0.0
29-2011.04,22786,0.054923539841023473,0.0
29-2011.04,22787,0.06040582485417761,0.0
29-2011.04,22788,0.0555127026342666,0.0
29-2011.04,22789,0.042708121393925845,0.0
29-2011.04,22790,0.041988891076196855,0.0
29-2011.04,22791,0.1027272694081022,0.0
29-2011.04,22792,0.07139690403174771,0.0
29-2011.04,22793,0.01886249444916512,0.0
29-2012.01,22794,0.0989528469011761,0.0
29-2012.01,22795,0.17791673019082513,0.0
29-2012.01,22796,0.15354457588736972,0.0
29-2012.01,22797,0.048025627936844756,0.0
29-2012.01,22798,0.06147198931779725,0.0
29-2012.01,22799,0.2104129359287656,0.0
29-2012.01,22800,0.06309290878294556,0.0
29-2012.01,22801,0.1865823850542759,0.0
29-2034.00,22802,0.051440153721209136,0.00401105667228841
29-2034.00,22803,0.04751752572051231,0.005258300986742217
29-2034.00,22804,0.05289417684245925,0.0029032582747521934
29-2034.00,22805,0.04150670988217246,0.0052575725437975255
29-2034.00,22806,0.04792207227219357,0.004294672267451657
29-2034.00,22807,0.05184469465350651,0.0040994893766955805
29-2034.00,22808,0.053534921593800834,0.0036268913932091594
29-2034.00,22809,0.048179779657211715,0.004133992389173879
29-2034.00,22810,0.043207605207656215,0.005372012735392706
29-2034.00,22811,0.04687419943714777,0.005045373464897975
29-2034.00,22812,0.03866176515414013,0.002880282173939898
29-2034.00,22813,0.05125675228757178,0.0036069593330657424
29-2034.00,22814,0.04947773777518884,0.003995183830146728
29-2034.00,22815,0.042910118011203355,0.004131351191644313
29-2034.00,22816,0.04262720967743471,0.006023795526819779
29-2034.00,22817,0.03000948584815252,0.006413372231551679
29-2034.00,22818,0.03182157551392203,0.0068865518952312115
29-2034.00,22819,0.039075411834395515,0.00844525051350416
29-2034.00,22820,0.03618964299109933,0.005716090813636859
29-2034.00,22821,0.019056981623688355,0.00510392677368772
29-2034.00,22822,0.01578462534418979,0.0038672593400944214
29-2034.00,22823,0.025886369036453225,0.0041706504687577806
29-2034.00,22824,0.030673601246348194,0.005307067616374518
29-2034.00,22825,0.01912559320189662,0.003227945255116838
29-2034.00,22826,0.022501690819094224,0.0052051807602651184
29-2034.00,22827,0.005897845295295543,0.0012640852962253059
29-2034.00,22828,0.01412175535205603,0.0036804887737306247
29-2036.00,22832,0.056116548640872004,0.0
29-2036.00,22833,0.10019290350244776,0.0
29-2036.00,22834,0.10827297615788967,0.0
29-2036.00,22835,0.00035995516108695694,0.0
29-2036.00,22836,0.07594746811777883,0.0
29-2036.00,22837,0.1251256991249542,0.0
29-2036.00,22838,0.08841908334737528,0.0
29-2036.00,22839,0.015543110118590938,0.0
29-2036.00,22840,0.020673938585187113,0.0
29-2036.00,22841,0.0041592967794431565,0.0
29-2036.00,22842,0.04147724383956423,0.0
29-2036.00,22843,0.00740987768843681,0.0
29-2036.00,22844,0.11866164100060067,0.0
29-2036.00,22846,0.019862739431394678,0.0
29-2036.00,22847,0.006029161976435475,0.0
29-2036.00,22848,0.10896555381407039,0.0
29-2036.00,22849,0.04766798942191511,0.0
29-2036.00,22850,0.039604882881825225,0.0
29-2036.00,22851,0.01550993041013146,0.0
33-1021.00,22910,0.04713694849945763,0.012397334325856638
33-1021.00,22911,0.09786179790378793,0.015103629317673336
33-1021.00,22912,0.024265218797358632,0.011635155796460147
33-1021.00,22913,0.0857078176199722,0.016465393779013265
33-1021.00,22914,0.11856384572161123,0.03824015105686832
33-1021.00,22915,0.03916093089882386,0.013102451518520653
33-1021.00,22916,0.08665870366608404,0.020655490982313653
33-1021.00,22917,0.034165082647011305,0.007097606019289533
33-1021.00,22918,0.028955191157171017,0.004527391279447998
33-1021.00,22919,0.035554971127153175,0.01258647323988574
33-1021.00,22920,0.06548813907569316,0.013307169043043406
33-1021.00,22921,0.02005424382482086,0.004429955953666364
33-1021.00,22922,0.030138643934183824,0.012703650706738467
33-1021.00,22923,0.01690344413933614,0.004941623615807147
33-1021.00,22924,0.01772526086140775,0.004549623325354042
33-1021.00,22925,0.03963155209953812,0.013707733560511907
33-1021.00,22926,0.028472884698457768,0.005222231853916368
33-1021.00,22927,0.07160392522049433,0.014334485103168034
33-1021.00,22928,0.01940946169175472,0.0063835631274030405
33-1021.00,22929,0.06440987072660802,0.007127600480824185
33-1021.00,22930,0.004473071428468149,0.0017990667653903609
33-1021.00,22931,0.007287202393851977,0.002286567031713883
33-1021.00,22932,0.00849692914646654,0.0023922055461177015
33-1021.00,22933,0.005861340818893533,0.003064264673332195
33-1021.00,22934,0.0020135219015941066,0.0007923220648155081
33-1091.00,22940,0.0666417054347921,0.03029023254042024
33-1091.00,22941,0.01536979420780186,0.00353182698653406
33-1091.00,22942,0.0685801470521993,0.031674009310867196
33-1091.00,22943,0.024824633319030648,0.026081447245227395
33-1091.00,22944,0.03713899829170587,0.026576279274849315
33-1091.00,22945,0.046325928157234963,0.026139479784256663
33-1091.00,22946,0.05619470086953171,0.024783981421697507
33-1091.00,22947,0.0857764849036335,0.016052087979251794
33-1091.00,22948,0.03590738224015534,0.012206980489062156
33-1091.00,22949,0.15084221365494846,0.02006711795300905
33-1091.00,22951,0.058482555215422984,0.011114431008418852
33-1091.00,22953,0.13212598118315108,0.02348186883727
33-1091.00,22954,0.026661318690769074,0.02670292702222584
33-1091.00,22957,0.085184751390933,0.016759033429963283
33-1091.00,22958,0.02748984895815369,0.025514894819386826
33-1091.00,22960,0.08245355643053642,0.025167755787438493
33-2011.00,22961,0.010182700061277803,0.0030174034686695573
33-2011.00,22962,0.04463298678334308,0.0071199545063524924
33-2011.00,22965,0.07769399960726844,0.011530795701713482
33-2011.00,22967,0.08243695939782944,0.012447925785831144
33-2011.00,22971,0.060030172534180505,0.015131863722189455
33-2011.00,22972,0.12063834399987744,0.039214681749883254
33-2011.00,22973,0.08435619259732625,0.023429233816474535
33-2011.00,22974,0.04145894197549125,0.00739983905854128
33-2011.00,22975,0.020409342834487452,0.00614390110023078
33-2011.00,22976,0.04351961113840395,0.013093684920564135
33-2011.00,22977,0.038685078114157355,0.011523144069812976
33-2011.00,22978,0.04588885161272348,0.007121288715967162
33-2011.00,22979,0.015525682127398159,0.007132970053085279
33-2011.00,22982,0.10157511168914034,0.03528472767737582
33-2011.00,22983,0.06853042645111998,0.011028249426827669
33-2011.00,22984,0.02514240251185713,0.009701002116903746
33-2011.00,22985,0.020825422579387954,0.007450286504112182
33-2011.00,22986,0.06165384694995149,0.022477759953363242
33-2011.00,22988,0.03681392703477851,0.008499524766594354
33-2021.00,22994,0.05557237374850431,0.015076133791576176
33-2021.00,22995,0.0563700438338151,0.03954496567961064
33-2021.00,22998,0.18214445077932717,0.026867757684634373
33-2021.00,22999,0.010908774402347724,0.00418156555707823
33-2021.00,23000,0.14205288095201918,0.027078484224605834
33-2021.00,23001,0.04184620127289772,0.014242528467783299
33-2021.00,23002,0.14021953936092887,0.025798482801356007
33-2021.00,23003,0.1544016286514774,0.026731354055567473
33-2021.00,23004,0.03870420904450023,0.009977988867156189
33-2021.00,23005,0.0749379289775177,0.014147207249349376
33-2021.00,23007,0.008102117175037215,0.002811002965186871
33-2021.00,23009,0.0026629991074618603,0.0005711355112672584
33-2021.00,23011,0.008962339983855427,0.0037182243478644204
33-2021.00,23014,0.003179945792833439,0.0032347973320444134
33-2021.00,23015,0.00299301759320718,0.0015919444485445855
33-2021.00,23016,0.0003926620008047484,0.0003301195709762101
33-2021.00,23017,0.030682608392955255,0.017061530124158845
33-2021.00,23018,0.022351294822305592,0.01002545568377829
33-2021.00,23020,0.02351498410820391,0.01568243587963787
33-3021.00,23022,0.05414296809775885,0.006875892362618442
33-3021.00,23024,0.05803711270308968,0.007872146024876753
33-3021.00,23025,0.03332088395766693,0.0045032449106430115
33-3021.00,23026,0.03336670143715632,0.00824339997779089
33-3021.00,23027,0.03135469341123558,0.006392018563883469
33-3021.00,23028,0.011738227553605948,0.0036101986168970888
33-3021.00,23029,0.1309200028674639,0.01700539474082776
33-3021.00,23030,0.05781950639357349,0.005725634163990941
33-3021.00,23031,0.010964751758678408,0.0035399656979216948
33-3021.00,23033,0.06356946455102769,0.007577488860281598
33-3021.00,23034,0.04669969781922272,0.00656222642146139
33-3021.00,23035,0.012249980655914103,0.0038268758992549244
33-3021.00,23036,0.033484988709388847,0.00524945609018503
33-3021.00,23038,0.009520599505466775,0.0038906192787877152
33-3021.00,23040,0.006994661226303801,0.0034867843582882946
33-3021.00,23041,0.02139006037922119,0.005604770581541036
33-3021.00,23043,0.0072075247134734295,0.0033409216895753627
33-3021.00,23044,0.02710561456618383,0.009626989084877325
33-3021.00,23045,0.0654375442661492,0.013137000512531402
33-3021.00,23046,0.11371358586713226,0.016275964989937736
33-3021.00,23047,0.01157818441351329,0.003394713271339454
33-3021.00,23048,0.05926281716132716,0.01189695170523156
33-3021.00,23049,0.00761799169736147,0.00371766335680285
33-3021.00,23050,0.09250243628808516,0.011954887247009296
33-3051.00,23051,0.027534540280162088,0.0040880769889234956
33-3051.00,23052,0.09327869772052289,0.008570961561239147
33-3051.00,23053,0.03877684503503601,0.004725811623416797
33-3051.00,23054,0.007668782916503816,0.0015201480355750581
33-3051.00,23055,0.07450351476536854,0.01076847419416049
33-3051.00,23056,0.049491299234918684,0.005622887171506533
33-3051.00,23057,0.03888253214116318,0.004563853011908074
33-3051.00,23058,0.007357074609881783,0.004566879512809123
33-3051.00,23059,0.09438527081026983,0.011178660597221791
33-3051.00,23060,0.06481357705655696,0.011403294118410491
33-3051.00,23061,0.02443544858650329,0.0037868911028068907
33-3051.00,23062,0.03815884751069437,0.006772975879925913
33-3051.00,23063,0.010056020547760327,0.0017456544601233963
33-3051.00,23064,0.06346978065391624,0.009944261530552985
33-3051.00,23065,0.028383506492619563,0.0068818906644361865
33-3051.00,23066,0.04296847011934795,0.00684916571137774
33-3051.00,23069,0.01492574108121548,0.004062642809127861
33-3051.00,23070,0.020428233910079262,0.005978571644114617
33-3051.00,23071,0.04567587375014127,0.009984127019244586
33-3051.00,23072,0.08267706793564616,0.0110831387418453
33-3051.00,23073,0.04303592685278442,0.012502584476615472
33-3051.00,23074,0.011038062078294629,0.0013078592467701377
33-3051.00,23075,0.006659423597259228,0.0020635466690486623
33-3051.00,23076,0.012158501491919532,0.0026007424845401134
33-3051.00,23077,0.006118772080649702,0.0014512259352483742
33-3051.00,23078,0.037726789045738764,0.009423028887192425
33-3051.00,23079,0.01539139969504606,0.004885818821142114
35-3023.00,23099,0.05817995454633842,0.008513166563985057
35-3023.00,23100,0.06208328560870987,0.009869504808606879
35-3023.00,23101,0.03548657095092554,0.009240025422286214
35-3023.00,23102,0.042368639703424624,0.009744632059735796
35-3023.00,23103,0.0363746006175225,0.008686616661185401
35-3023.00,23104,0.058594278868077485,0.009228872295164255
35-3023.00,23105,0.05187528137317868,0.00906508385140264
35-3023.00,23106,0.04413688664087769,0.008981284768658546
35-3023.00,23107,0.044940299130507615,0.007857302823570762
35-3023.00,23108,0.028583907672432886,0.005755223047795796
35-3023.00,23109,0.05002125592409341,0.011979572130046873
35-3023.00,23110,0.07216720849743108,0.011037902056640014
35-3023.00,23111,0.037590827151824616,0.007446209888416419
35-3023.00,23112,0.02128184070551555,0.006600430308192382
35-3023.00,23113,0.034483207066639515,0.0072623718157823185
35-3023.00,23114,0.026380511828320113,0.00938690879638193
35-3023.00,23115,0.046974812616428704,0.01052873899990797
35-3023.00,23116,0.04774473815729044,0.010547033713539919
35-3023.00,23117,0.021836350550296323,0.006336858480675245
35-3023.00,23119,0.020949394895652264,0.007114114678561524
35-3023.00,23120,0.03702786372674931,0.009647776797218703
35-3023.00,23121,0.04281173714328343,0.007861150063472952
35-3023.00,23123,0.040405965772034654,0.008293630849824395
35-3023.00,23124,0.012831120139670906,0.006052142155358499
35-3023.00,23125,0.02486946071277441,0.006864024411420104
39-1013.00,23127,0.0714176256589493,0.013816101977488546
39-1013.00,23128,0.03168835711556224,0.006052780552370161
39-1013.00,23129,0.07350453759146525,0.011544659137519316
39-1013.00,23130,0.054973591875546964,0.00628751000349001
39-1013.00,23131,0.05222835981423907,0.00916191272086007
39-1013.00,23132,0.08657098374822617,0.009477150407161839
39-1013.00,23133,0.05188285118257661,0.007085760225547119
39-1013.00,23134,0.054803073391223214,0.008134146046290739
39-1013.00,23135,0.04139473474420898,0.00846664136704072
39-1013.00,23136,0.05146753783770629,0.007084758812401746
39-1013.00,23137,0.05436773595963352,0.0037522358701748467
39-1013.00,23138,0.03474031667601574,0.004728234157330883
39-1013.00,23139,0.03100589729225714,0.008801195607626973
39-1013.00,23140,0.04644763612574794,0.008573327605590592
39-1013.00,23141,0.029549228029763654,0.006855256399059142
39-1013.00,23142,0.018183628559786773,0.0028899440022451604
39-1013.00,23143,0.04628336409241524,0.0077256846605516395
39-1013.00,23144,0.024953568660056043,0.00628068821643473
39-1013.00,23145,0.029388261051178536,0.005993434810031678
39-1013.00,23146,0.003099347805202205,0.0012085454698731331
39-1013.00,23147,0.038362413456735425,0.01374424060528711
39-1013.00,23149,0.010026646432548499,0.0043596313473117584
39-1013.00,23150,0.014233487595258559,0.006155832341100002
39-1013.00,23152,0.049426815303696636,0.008746746716074323
39-1022.00,23176,0.05516499130977552,0.0077339272859684675
39-1022.00,23177,0.15465846548781148,0.05318835037984643
39-1022.00,23178,0.04359604134022761,0.019598885381270602
39-1022.00,23179,0.058008692521282094,0.015534483275183288
41-3031.00,23192,0.08199179368882877,0.012558030170280123
41-3031.00,23193,0.12504877539575834,0.00520711232017484
41-3031.00,23194,0.08931504391124258,0.007734953388652695
41-3031.00,23195,0.030611517735144783,0.005685577198945362
41-3031.00,23196,0.06657614813823554,0.009359472944839003
41-3031.00,23197,0.03258704387401132,0.006721623968671264
41-3031.00,23198,0.05923830396064921,0.005609984936708491
41-3031.00,23199,0.018839352763395698,0.006234818403427159
41-3031.00,23200,0.028795537124680543,0.006001259925408489
41-3031.00,23201,0.03594582280133649,0.007566379513698923
41-3031.00,23202,0.005528954810385814,0.0021115016333870234
41-3031.00,23203,0.05836294781222208,0.008033249130327767
41-3031.00,23204,0.017135427251249967,0.006335412491113532
41-3031.00,23205,0.02135792396918117,0.006711749172622244
41-3031.00,23206,0.020186890219442578,0.004878124238248035
41-3031.00,23207,0.05163336583666544,0.006712819147540022
41-3031.00,23208,0.04778185744517378,0.005698123665011545
41-3031.00,23209,0.05461915686469031,0.009200516810381887
41-3031.00,23210,0.017721067848625816,0.006683611572215718
41-3031.00,23211,0.0071173021326842,0.0022167452145284137
41-3031.00,23212,0.016613136842125464,0.006774797577321594
41-3031.00,23213,0.01937695799503907,0.006301041389900297
41-3031.00,23214,0.010349028591871676,0.004473067018805936
41-3031.00,23215,0.03540649214974009,0.008387231504447696
41-3031.00,23216,0.030107858091560635,0.005831527515733392
41-3031.00,23217,0.01775229274605866,0.004563962003827858
43-3021.00,23237,0.024128517001472692,0.009165051454234548
43-3021.00,23238,0.09797342898254603,0.020196960465959236
43-3021.00,23239,0.04286792975565983,0.015056130586827176
43-3021.00,23240,0.05530653797651942,0.01509470459829938
43-3021.00,23241,0.0888079465495152,0.01844981957053089
43-3021.00,23242,0.17211653119770517,0.0223683189341422
43-3021.00,23243,0.03600072722471601,0.008142750306526208
43-3021.00,23244,0.055093062756608385,0.016316042546793853
43-3021.00,23245,0.08057975731635146,0.019213687719916103
43-3021.00,23246,0.10192506660342919,0.02748301683593386
43-3021.00,23247,0.016793287539961815,0.004691299987921078
43-3021.00,23248,0.01856034674208395,0.005618591979951472
43-3021.00,23249,0.015013528872420025,0.0059316302517921195
43-3021.00,23250,0.015669296850924927,0.005839351538098609
43-3021.00,23251,0.0184672893859594,0.00674403872043468
43-3021.00,23253,0.03277960511904404,0.008222559482847046
43-3021.00,23254,0.029745849668787547,0.015496697228049925
43-3021.00,23255,0.04308677359930464,0.014694463444986369
43-3021.00,23257,0.008137672964107601,0.005894421549228726
43-3021.00,23258,0.03243346283130538,0.013333499745318295
43-3021.00,23260,0.014513381061577235,0.00877331125788613
43-4031.00,23267,0.08105105248593139,0.007966040980555403
43-4031.00,23268,0.05394084653724521,0.00839079377142047
43-4031.00,23269,0.004017362463643608,0.0013697015835042548
43-4031.00,23270,0.08845167459916196,0.007597850057789669
43-4031.00,23271,0.006222079921682163,0.0029006495564647067
43-4031.00,23272,0.027280059317527645,0.007639514778916458
43-4031.00,23273,0.08612188285386903,0.00798419395619531
43-4031.00,23275,0.024817848322038844,0.00573208057842257
43-4031.00,23276,0.003708198898816027,0.0014624017683067339
43-4031.00,23277,0.067352711837845,0.008473215859786689
43-4031.00,23278,0.0633969544585549,0.005323116833480245
43-4031.00,23279,0.0012334991145469805,0.0005134519871960347
43-4031.00,23280,0.04296549921384271,0.006326510481753561
43-4031.00,23281,0.04460543719672845,0.009579573476528809
43-4031.00,23282,0.06399351144652339,0.007987869613309618
43-4031.00,23283,0.03974761641543884,0.0065493636429352145
43-4031.00,23284,0.10969516428574913,0.00912113727441846
43-4031.00,23285,0.015764535749540627,0.005911033778316892
43-4031.00,23286,0.015533765358794733,0.00383417343248654
43-4031.00,23287,0.012470739882483376,0.00485409039114946
43-4031.00,23288,0.08185461474070607,0.007976440681536426
43-4031.00,23289,0.020331592871040194,0.007056460476868025
43-4031.00,23290,0.03543815659352171,0.0076755777732831106
43-4031.00,23291,0.006803347382020351,0.00245549603332785
43-4031.00,23292,0.001242061157272388,0.0006032967197016568
43-4031.00,23293,0.0019597868954752073,0.0017890418113262398
43-4041.00,23297,0.14801381911583242,0.0
43-4041.00,23298,0.29356207871751994,0.0
43-4041.00,23300,0.14079733171139572,0.0
43-4041.00,23301,0.175299808574673,0.0
43-4041.00,23303,0.12270163171055663,0.0
43-4041.00,23304,0.038918701352065065,0.0
43-4041.00,23305,0.04604705004447462,0.0
43-4041.00,23306,0.0346595787734826,0.0
43-9041.00,23313,0.0992559079427494,0.01136597093979304
43-9041.00,23314,0.06770244919484468,0.00914661645697602
43-9041.00,23315,0.0933406209549988,0.009103810959829274
43-9041.00,23316,0.08596292691640117,0.007982371574110594
43-9041.00,23317,0.055440063434536106,0.008525946526864217
43-9041.00,23318,0.06526320327537788,0.010273805408091773
43-9041.00,23319,0.03719022383700838,0.009450462794380698
43-9041.00,23320,0.09325579654931701,0.007749967032010567
43-9041.00,23321,0.07982319102734353,0.009239063209785703
43-9041.00,23322,0.04980231959383799,0.007631207229482874
43-9041.00,23323,0.03259347630219354,0.004731945281421692
43-9041.00,23324,0.018856082632494914,0.006130691915330772
43-9041.00,23325,0.0331875935651997,0.005372488944001552
43-9041.00,23326,0.03272061280998384,0.008028815531449785
43-9041.00,23327,0.009812743796214869,0.004301182698194213
43-9041.00,23328,0.07055640356198586,0.009688074799078445
43-9041.00,23329,0.02141843255798619,0.007999011096651054
43-9041.00,23330,0.017518919149953807,0.00968586051455431
43-9041.00,23332,0.015460803238276267,0.005410003200900928
43-9041.00,23333,0.007730602520743528,0.003706437561888823
43-9041.00,23334,0.013107627138552564,0.0035844013050630214
45-1011.00,23340,0.07858529392299558,0.010793070746170022
45-1011.00,23341,0.024040476224908007,0.005343238726631856
45-1011.00,23342,0.0866343743595588,0.012113899873940164
45-1011.00,23343,0.07496965835058825,0.007349772304223355
45-1011.00,23344,0.02737084372097884,0.0023068345675431243
45-1011.00,23345,0.038103520361061294,0.01108787520246719
45-1011.00,23346,0.03345865390423994,0.009998237970956947
45-1011.00,23347,0.015335637978548143,0.004069246059314219
45-1011.00,23348,0.048937922391088864,0.010550974574832568
45-1011.00,23349,0.034020781495735695,0.005837661438302461
45-1011.00,23350,0.0336120873201027,0.00817735413134979
45-1011.00,23351,0.06475122776805999,0.01306907032244676
45-1011.00,23353,0.06702203878387016,0.009702372142609423
45-1011.00,23354,0.030635509509200846,0.008335515756533149
45-1011.00,23355,0.06881734782095328,0.01846907460694454
45-1011.00,23356,0.03939330119523056,0.011881752866634478
45-1011.00,23357,0.015857789553198026,0.003205577114910751
45-1011.00,23358,0.034894031486131835,0.006759338191016947
45-1011.00,23359,0.028103506272550413,0.005901168866821061
45-1011.00,23360,0.043800279116755346,0.013027296254532129
45-1011.00,23361,0.02856515025465734,0.0057062260157717095
45-1011.00,23362,0.014187518998788326,0.0024467209129709084
45-1011.00,23363,0.01908796481077921,0.005132206248921933
45-1011.00,23364,0.011481053853753687,0.004797342291462357
45-1011.00,23365,0.027513219710202638,0.004376582330521317
45-1011.00,23366,0.010820810836062263,0.004963174705468712
45-2092.00,23370,0.06388288417600843,0.02662717464721584
45-2092.00,23371,0.06523712891462469,0.011696992099403048
45-2092.00,23372,0.034106804402807174,0.009245808506273672
45-2092.00,23373,0.08857673637996827,0.02645531206046026
45-2092.00,23375,0.06356669170481703,0.024673322658825006
45-2092.00,23376,0.09885780105288616,0.027738409096989613
45-2092.00,23378,0.044531882440378555,0.007431945368264204
45-2092.00,23379,0.16396235435835077,0.039692174537053065
45-2092.00,23380,0.041957375777643816,0.009134579877131748
45-2092.00,23384,0.069853782072843,0.023717117178013194
45-2092.00,23385,0.013850468364100964,0.006353211393994006
45-2092.00,23386,0.014734093756143386,0.005466582873632358
45-2092.00,23388,0.01855704741432706,0.007845781051973562
45-2092.00,23391,0.005035368684688977,0.0017617233584646859
45-2092.00,23392,0.12341922249320199,0.05246289040255629
45-2092.00,23393,0.025323594509779456,0.008840062989690183
45-2092.00,23397,0.03976149325102293,0.007635240582757788
45-2092.00,23398,0.024785270246407396,0.010493130786463807
45-3031.00,23400,0.03448174044349702,0.0
45-3031.00,23401,0.013502751956360701,0.0
45-3031.00,23402,0.0625812396612264,0.0
45-3031.00,23403,0.09042527093927237,0.0
45-3031.00,23404,0.0026925760258138622,0.0
45-3031.00,23405,0.01811443826374807,0.0
45-3031.00,23406,0.003536805078353362,0.0
45-3031.00,23407,0.048510657927753505,0.0
45-3031.00,23408,0.0315735588225776,0.0
45-3031.00,23409,0.023623758649209015,0.0
45-3031.00,23410,0.05354623096631412,0.0
45-3031.00,23411,0.06946222247341786,0.0
45-3031.00,23412,0.003109476347205766,0.0
45-3031.00,23413,0.016755525456620794,0.0
45-3031.00,23414,0.04868368118877836,0.0
45-3031.00,23415,0.06913025507860164,0.0
45-3031.00,23416,0.01865038636751853,0.0
45-3031.00,23417,0.026758174549188107,0.0
45-3031.00,23418,0.008179425912114496,0.0
45-3031.00,23419,0.06183574030438759,0.0
45-3031.00,23420,0.039018833491948846,0.0
45-3031.00,23421,0.0217126034701767,0.0
45-3031.00,23423,0.023762764767984203,0.0
45-3031.00,23424,0.04850413541392936,0.0
45-3031.00,23425,0.012045309676616435,0.0
45-3031.00,23426,0.016491697093005426,0.0
45-3031.00,23427,0.05301849659443857,0.0
45-3031.00,23428,0.07230928904605101,0.0
45-3031.00,23429,0.007982954033890224,0.0
47-2031.00,23430,0.12600008374172406,0.020271471636724193
47-2031.00,23431,0.05988943956427694,0.00948665867860706
47-2031.00,23432,0.11043576783301233,0.021372865236309727
47-2031.00,23433,0.09014288599253395,0.015979410302720636
47-2031.00,23434,0.04835042047729051,0.011297708462274481
47-2031.00,23435,0.05555805323265802,0.009961553344638096
47-2031.00,23436,0.016825284259348646,0.00842741053292189
47-2031.00,23437,0.012904296583431462,0.005412852435049841
47-2031.00,23438,0.03907102894880374,0.008336547887626918
47-2031.00,23439,0.04564309243069672,0.01710810272597098
47-2031.00,23440,0.018082443683437602,0.004826396331372301
47-2031.00,23441,0.03709401366025222,0.006900128258947387
47-2031.00,23442,0.024002612407080657,0.0059992276631906215
47-2031.00,23443,0.07797531406777933,0.012852453610726329
47-2031.00,23444,0.04306161699419889,0.013006053348399509
47-2031.00,23445,0.04433322925659682,0.012514725379357036
47-2031.00,23446,0.03780507384610318,0.008733365678155827
47-2031.00,23448,0.031225182364678847,0.012660637906788558
47-2031.00,23450,0.007839324860443708,0.002821582318598766
47-2031.00,23451,0.023698147821657772,0.007088526763291067
47-2031.00,23452,0.011078542529995615,0.003132676268470685
47-2031.00,23453,0.003807992538623742,0.002157764347520123
47-2031.00,23454,0.002553190048232819,0.0011864778091695534
47-2031.00,23457,0.011776171340977413,0.0046486289027974515
47-2031.00,23458,0.020846791516165048,0.011401265381127484
47-2152.00,23459,0.0851829968270863,0.013838381479564864
47-2152.00,23460,0.05519925229875664,0.0100209355197529
47-2152.00,23461,0.01920916557835841,0.007054108396346204
47-2152.00,23462,0.03799328694930704,0.007228862867829983
47-2152.00,23463,0.04136604063864678,0.007153722985491411
47-2152.00,23464,0.032178445956311245,0.007189075415205841
47-2152.00,23465,0.05767208128800165,0.00799684369123369
47-2152.00,23466,0.06103978098678591,0.011331460366845817
47-2152.00,23467,0.053607728627401284,0.011227467359169184
47-2152.00,23468,0.01333783928453028,0.006676134741868842
47-2152.00,23469,0.03050485055016659,0.007160166185083013
47-2152.00,23470,0.03427963419436432,0.007459969381584259
47-2152.00,23471,0.06965884054524266,0.01582940554005425
47-2152.00,23472,0.014004738870769461,0.004532161109804716
47-2152.00,23473,0.04299510391373582,0.0085099684343967
47-2152.00,23474,0.07634074948453315,0.012671884096718412
47-2152.00,23475,0.04533374183848161,0.00945449210484151
47-2152.00,23476,0.04685833309673178,0.010070170277783263
47-2152.00,23477,0.020568410956618266,0.004167092921920239
47-2152.00,23478,0.016813255174806193,0.005496402421951952
47-2152.00,23479,0.029699054161427197,0.008651608850945394
47-2152.00,23480,0.008690554472791854,0.00220804434663275
47-2152.00,23481,0.034602814847614245,0.007515652328928995
47-2152.00,23482,0.014069600507956208,0.005289289463465865
47-2152.00,23483,0.009727261833532617,0.0047987434448993815
47-2152.00,23484,0.017748269019846632,0.008436294180802177
47-2152.00,23485,0.015839201019904547,0.007886094894341108
47-2152.00,23486,0.0007793442817902917,0.00030344563136261476
47-2152.00,23488,0.014699622794501085,0.002954595546744733
47-5044.00,23495,0.02799080797172177,0.007086264725573583
47-5044.00,23496,0.07718150658584572,0.013483542860984825
47-5044.00,23497,0.017113739278510762,0.005658659166941845
47-5044.00,23498,0.10289878938881458,0.008847051069827274
47-5044.00,23499,0.07059063752850749,0.011852194378207018
47-5044.00,23500,0.02858071306151823,0.008790612913758641
47-5044.00,23502,0.026639903506633176,0.008155817572604465
47-5044.00,23503,0.06786359187184568,0.013435075389429523
47-5044.00,23504,0.06786353916551532,0.013261959947262649
47-5044.00,23505,0.03431261090355874,0.010650787763101438
47-5044.00,23506,0.07908553822187556,0.00914924570381342
47-5044.00,23508,0.006795407970638263,0.003999088291135114
47-5044.00,23509,0.02581254463581942,0.0074406769425058505
49-3023.00,23522,0.05677464233564048,0.008333045691225085
49-3023.00,23523,0.1017929903923908,0.009099076122353228
49-3023.00,23524,0.058177479824217296,0.008576815751721676
49-3023.00,23525,0.024511111777227833,0.004918134846424877
49-3023.00,23526,0.06915760860461695,0.013464497109335312
49-3023.00,23527,0.07099086262406265,0.010205124190918968
49-3023.00,23528,0.04456840423489685,0.013062856620310304
49-3023.00,23529,0.03834562665489923,0.006882343280508603
49-3023.00,23530,0.017571721170595724,0.005434153210702802
49-3023.00,23531,0.04664318468083183,0.009733921694307873
49-3023.00,23532,0.013060572753142905,0.004593003922992401
49-3023.00,23533,0.07582196234002746,0.01113577605560876
49-3023.00,23534,0.08795023099545796,0.014355902975820121
49-3023.00,23535,0.047438922379573145,0.007696182704590661
49-3023.00,23536,0.05780849212171151,0.00831098136951141
49-3023.00,23537,0.04875440733527673,0.01416945815402592
49-3023.00,23538,0.015133855195493259,0.005169844120410293
49-3023.00,23539,0.006898606034547436,0.002031272536598375
49-3023.00,23540,0.030750756027919633,0.006637237907841938
49-3023.00,23541,0.018915755600721982,0.005758588312393984
49-3023.00,23542,0.021317648067756278,0.006215728120650349
49-3023.00,23543,0.011992873385700513,0.0023513669635180094
49-3023.00,23544,0.011563622263712115,0.005119092783183056
49-3023.00,23545,0.008813875415927465,0.004485833641305169
49-3023.00,23546,0.007793177331934404,0.002845511837811481
49-3023.00,23549,0.007451610451717661,0.0034472558551888795
49-9021.00,23552,0.06578442167319248,0.018737127404230614
49-9021.00,23553,0.06345750048300917,0.02077779187897679
49-9021.00,23555,0.03815232698615022,0.016588592701627124
49-9021.00,23556,0.051878148457284584,0.021141927667372724
49-9021.00,23557,0.12587848214899167,0.02787277895265246
49-9021.00,23558,0.03594647611583808,0.015145101015239323
49-9021.00,23559,0.034561002526541,0.012994867981251476
49-9021.00,23560,0.026977010624110787,0.008657379969028508
49-9021.00,23561,0.023477975427200554,0.005655212478194645
49-9021.00,23562,0.04121780433726005,0.0145811370957662
49-9021.00,23563,0.046028223899726405,0.017995562130234052
49-9021.00,23564,0.02896806178520771,0.010039854387425785
49-9021.00,23565,0.017410819956220694,0.005723964771034549
49-9021.00,23566,0.015856564989262537,0.003962066922615431
49-9021.00,23567,0.018533849128602575,0.00612231585668955
49-9021.00,23568,0.08799319841732499,0.021928961734592207
49-9021.00,23569,0.04360710251394643,0.015389764557961007
49-9021.00,23570,0.01889346775540016,0.007072547692018192
49-9021.00,23571,0.013579050299840129,0.0029119157815807655
49-9021.00,23572,0.05369099698679822,0.010325302216018616
49-9021.00,23573,0.001728077013635019,0.00087040276695136
49-9021.00,23574,0.03560119067607247,0.00566040156294887
49-9021.00,23575,0.04279483509624346,0.007700461658680463
49-9021.00,23576,0.042223413576557005,0.016061967399297685
49-9021.00,23577,0.00750506747704224,0.0030434281523948194
49-9021.00,23578,0.00841911810215756,0.0029313509377176584
49-9021.00,23579,0.009835813546383828,0.005904837855801655
51-4121.00,23582,0.05905298019422443,0.008249492287332539
51-4121.00,23583,0.08773940872726513,0.011016108925330927
51-4121.00,23584,0.048352121535279326,0.00657694733843881
51-4121.00,23585,0.0533946102346885,0.008463315707087166
51-4121.00,23586,0.027994625421424463,0.006056134434194445
51-4121.00,23587,0.04161639346090083,0.0075360038151008986
51-4121.00,23588,0.034944244411583954,0.00863876675052574
51-4121.00,23589,0.021171851944895854,0.005107427247743218
51-4121.00,23590,0.04568135541700424,0.007848332415947887
51-4121.00,23591,0.04065987947332634,0.007258727447898066
51-4121.00,23592,0.03570759734066549,0.007165903588894662
51-4121.00,23593,0.04153244325574631,0.0072686055036446364
51-4121.00,23594,0.04750708566040889,0.007235444004321575
51-4121.00,23595,0.015201963988533131,0.005075952408800699
51-4121.00,23596,0.046927108694575954,0.011950377897862323
51-4121.00,23597,0.028811448010648437,0.008526736732372276
51-4121.00,23598,0.027606883402005136,0.007223752042683962
51-4121.00,23599,0.0371697957524732,0.00565465977887268
51-4121.00,23600,0.023956594715243987,0.007968314944763523
51-4121.00,23601,0.026914874404734702,0.004464301733851382
51-4121.00,23602,0.05154978347150953,0.012215700870564634
51-4121.00,23603,0.03633432741742997,0.009750674287178305
51-4121.00,23604,0.013681493772140375,0.0048372637786587925
51-4121.00,23605,0.03582250792197515,0.00818998555081357
51-4121.00,23606,0.011223601077424622,0.005003262937087027
51-4121.00,23607,0.011104971490427006,0.004287698950272498
51-4121.00,23608,0.012972796748166567,0.0034445980386635247
51-4121.00,23609,0.028328711123085035,0.008501487676380757
51-4121.00,23610,0.007038540932213392,0.00421165047831156
51-9071.00,23620,0.05835262163605575,0.010056565694470663
51-9071.00,23621,0.07423209806169698,0.010370929738161122
51-9071.00,23622,0.06150513297630872,0.007332464687676061
51-9071.00,23623,0.0587447794082371,0.007272879070076687
51-9071.00,23624,0.07449309884656637,0.009001471447567529
51-9071.00,23625,0.06695617249931188,0.010768284192192064
51-9071.00,23626,0.03951170304663436,0.006927698587326663
51-9071.00,23627,0.04620752227583836,0.005920304289578173
51-9071.00,23628,0.08187454277358283,0.009109058577849726
51-9071.00,23629,0.026105308619842317,0.008672193274534081
51-9071.00,23630,0.011975663108202281,0.005154783591158863
51-9071.00,23631,0.004535549258945221,0.0012250503195845432
51-9071.00,23632,0.06207594073224954,0.00882398436865588
51-9071.00,23633,0.030003282127274263,0.00729377590840301
51-9071.00,23634,0.03148170119397718,0.00832841572123478
51-9071.00,23635,0.023899324074539444,0.005729946195849385
51-9071.00,23636,0.027825868057195245,0.0065696216617981435
51-9071.00,23637,0.033393461854569914,0.006648730567282886
51-9071.00,23638,0.03588584950311869,0.0064123824142603425
51-9071.00,23639,0.03518973599890343,0.009306858331594302
51-9071.00,23640,0.03868978134389809,0.007687444570474444
51-9071.00,23641,0.014472143707838201,0.006197356627011942
51-9071.00,23642,0.016150669435116168,0.004956568695856554
51-9071.00,23643,0.007605314535616233,0.004151655322222488
51-9071.00,23644,0.007555828456567385,0.004535463859690603
51-9071.00,23645,0.01830859136550018,0.005487521338332579
51-9071.00,23647,0.007290613449062915,0.004190043919088488
51-9071.00,23649,0.005677701653351011,0.002059362224945587
51-9124.00,23652,0.0529994531640821,0.014980530368663255
51-9124.00,23653,0.019918057886413876,0.00543677395198535
51-9124.00,23654,0.07753899240921375,0.009704399313282975
51-9124.00,23655,0.05203483173008832,0.015043236158560756
51-9124.00,23656,0.05363036980978553,0.017203125755008437
51-9124.00,23659,0.06895043250799937,0.01440614011786973
51-9124.00,23660,0.041210227619832146,0.01597014624536261
51-9124.00,23663,0.030172722705187643,0.015046363609281823
51-9124.00,23664,0.05818097520189287,0.013650736151203446
51-9124.00,23665,0.022488522031717317,0.008237623612682954
51-9195.00,23666,0.07150373723467938,0.0
51-9195.00,23667,0.0882049701460066,0.0
51-9195.00,23668,0.07146240731976441,0.0
51-9195.00,23669,0.05743249695775486,0.0
51-9195.00,23670,0.04995472669925406,0.0
51-9195.00,23671,0.06978897586850598,0.0
51-9195.00,23672,0.060459143247302685,0.0
51-9195.00,23673,0.025436530812061604,0.0
51-9195.00,23674,0.06917513913551337,0.0
51-9195.00,23675,0.07412602071848302,0.0
51-9195.00,23676,0.04268682389919217,0.0
51-9195.00,23677,0.032507568648853416,0.0
51-9195.00,23678,0.010934264597435022,0.0
51-9195.00,23679,0.03705152293971277,0.0
51-9195.00,23680,0.021861458014778137,0.0
51-9195.00,23681,0.03979306293432226,0.0
51-9195.00,23682,0.04179736539236417,0.0
51-9195.00,23683,0.03153882501565197,0.0
51-9195.00,23684,0.032126043306224615,0.0
51-9195.00,23687,0.02460432872951789,0.0
51-9195.00,23688,0.01940042009983606,0.0
51-9195.00,23690,0.02815416828278552,0.0
53-3051.00,23715,0.05969013047591547,0.00896421826195338
53-3051.00,23716,0.12806091601575825,0.019250186838956566
53-3051.00,23717,0.10196229085313481,0.017600011866484275
53-3051.00,23718,0.03723535129829395,0.009362692863406767
53-3051.00,23719,0.09716837302435762,0.014186125571343173
53-3051.00,23720,0.05220307907858866,0.013181552011482226
53-3051.00,23721,0.027080991449703273,0.007638289171207808
53-3051.00,23722,0.08456432808206142,0.015113286678036037
53-3051.00,23724,0.0975481720669188,0.01793703997308469
53-3051.00,23725,0.051132899198760136,0.012823678688046463
53-3051.00,23726,0.04445416211227814,0.013206011499142646
53-3051.00,23727,0.04267347607452312,0.015687616156621297
53-3051.00,23728,0.07293131680833739,0.013271153727247954
53-3051.00,23729,0.028088406936953053,0.00928270322792193
53-3051.00,23730,0.05177077981792083,0.015238216374047224
53-3051.00,23731,0.023435326706495084,0.010269797091201282
53-3053.00,23732,0.052979798426343996,0.006922930047384165
53-3053.00,23733,0.03928479661053031,0.011204482031568323
53-3053.00,23735,0.07270686411993132,0.007480236948746475
53-3053.00,23736,0.022206483572494235,0.008801617679587589
53-3053.00,23737,0.07499367657543918,0.013002596615445616
53-3053.00,23738,0.05368527990820753,0.006007225419809714
53-3053.00,23739,0.0735540517247399,0.012915444350451402
53-3053.00,23740,0.030074370620686915,0.014839047597927296
53-3053.00,23741,0.034233844108283576,0.007402716238406251
53-3053.00,23742,0.050183888235459224,0.008647629737551234
53-3053.00,23743,0.031272113253721666,0.007808394397399716
53-3053.00,23744,0.01645693716155551,0.00780694000595016
53-3053.00,23745,0.02385719602875887,0.004685926123008244
53-3053.00,23746,0.052222214584156164,0.014142253705082066
53-3053.00,23748,0.0336446368369953,0.006507477623790019
53-3053.00,23749,0.06929100749446297,0.011940050919509945
53-3053.00,23750,0.0271088812709049,0.013374833251410994
53-3053.00,23751,0.05290094615184823,0.012437427512889771
53-3053.00,23752,0.02438973215618933,0.007456265115573928
53-3053.00,23753,0.04808304903080685,0.007721671765301186
53-3053.00,23754,0.02730864614347436,0.009114908617443448
53-3053.00,23755,0.04178677903261753,0.00753034464959737
53-3053.00,23756,0.03184569603966246,0.01074393844726562
53-3053.00,23757,0.015929110912729562,0.007221416414563641
53-4022.00,23774,0.09121307988811887,0.0
53-4022.00,23775,0.08838212305628111,0.0
53-4022.00,23776,0.07860029000077405,0.0
53-4022.00,23777,0.06370374948432572,0.0
53-4022.00,23778,0.07424320590594842,0.0
53-4022.00,23779,0.07064013373526071,0.0
53-4022.00,23780,0.09474847030107106,0.0
53-4022.00,23781,0.007561978103266796,0.0
53-4022.00,23782,0.0854182294098066,0.0
53-4022.00,23783,0.04875818272809194,0.0
53-4022.00,23784,0.05926652820444313,0.0
53-4022.00,23785,0.013510603122167644,0.0
53-4022.00,23786,0.022701210068984755,0.0
53-4022.00,23787,0.01767721384682331,0.0
53-4022.00,23788,0.06080652071282557,0.0
53-4022.00,23789,0.005743088770709987,0.0
53-4022.00,23790,0.025297361096572022,0.0
53-4022.00,23791,0.009922249301652347,0.0
53-4022.00,23792,0.004886091612004528,0.0
53-4022.00,23793,0.0035702702919351305,0.0
53-4022.00,23794,0.042896469275883004,0.0
53-4022.00,23796,0.007277524661389148,0.0
53-4022.00,23798,0.018308637422469524,0.0
53-4022.00,23799,0.004866788999194703,0.0
53-5021.00,23802,0.08854771968434808,0.008187644092916436
53-5021.00,23803,0.07605107424024726,0.010903201392701426
53-5021.00,23804,0.028209977448004863,0.006136008934840871
53-5021.00,23805,0.07549544644940501,0.01072502347345213
53-5021.00,23806,0.07197102860691071,0.004705903996588087
53-5021.00,23807,0.08358090589034232,0.009169319623405437
53-5021.00,23808,0.035068056551967534,0.004570907672297364
53-5021.00,23809,0.05084004208759443,0.007324893191081521
53-5021.00,23810,0.0367571618526196,0.005180702501599887
53-5021.00,23811,0.05156079330357556,0.005394886352894486
53-5021.00,23813,0.0035825092703649676,0.0035659268435061383
53-5021.00,23814,0.04271697324286333,0.005509978849543127
53-5021.00,23815,0.05936140617547784,0.005149997545771065
53-5021.00,23816,0.025542086003810915,0.004315861674522051
53-5021.00,23817,0.02853012121335833,0.0043330782651989
53-5021.00,23818,0.035906216207084736,0.005900067252668734
53-5021.00,23819,0.04045743713174844,0.0039091925609821875
53-5021.00,23821,0.037141053245094105,0.0059149146222483295
53-5021.00,23822,0.006822500917483645,0.0040376363116227994
53-5021.00,23823,0.021299591888078985,0.003097742632979496
53-5021.00,23824,0.0111803932845546,0.002819824342894619
53-5021.00,23825,0.020624163836016098,0.0025726254782411652
53-5021.00,23826,0.005372704222570337,0.002709962328493577
53-5021.00,23827,0.030129102384506976,0.00583745926134357
53-5021.00,23828,0.02807525943870682,0.004464657717663547
53-5021.00,23829,0.005176275423264422,0.001657550762033373
53-6051.00,23850,0.1149050221434487,0.0
53-6051.00,23851,0.08220141217906539,0.0
53-6051.00,23852,0.13110112697458373,0.0
53-6051.00,23853,0.04792494826887983,0.0
53-6051.00,23854,0.10018786330384041,0.0
53-6051.00,23855,0.05392366037663626,0.0
53-6051.00,23856,0.11279841582722164,0.0
53-6051.00,23857,0.0644894852742846,0.0
53-6051.00,23858,0.07552935777986014,0.0
53-6051.00,23859,0.041207177847670466,0.0
53-6051.00,23860,0.055135265308767646,0.0
53-6051.00,23861,0.06460449323692265,0.0
53-6051.00,23864,0.021408826235483024,0.0
53-6051.00,23865,0.034582945243335446,0.0
53-7065.00,23872,0.06677194652775764,0.018684813812997948
53-7065.00,23873,0.05618021349208374,0.008433416431430175
53-7065.00,23874,0.033628651559615315,0.005770026928576186
53-7065.00,23875,0.04057689548312948,0.006468481368619548
53-7065.00,23876,0.015470058125898217,0.002623256654676432
53-7065.00,23877,0.09451286251558078,0.01548385623169875
53-7065.00,23878,0.03552281134891807,0.007516432856611298
53-7065.00,23879,0.03872505663098755,0.012941948200631234
53-7065.00,23880,0.09158409334922368,0.016275435418131836
53-7065.00,23881,0.014302561327152605,0.006008653075633834
53-7065.00,23882,0.03501529543062756,0.013487597278316225
53-7065.00,23883,0.01579994399797904,0.008164541391382714
53-7065.00,23884,0.019835596470184284,0.006611761701731141
53-7065.00,23885,0.02299665052635824,0.010775052633591693
53-7065.00,23886,0.06329785578404618,0.017206920961881627
53-7065.00,23887,0.029958436319293135,0.005713923845530567
53-7065.00,23888,0.02397195947216525,0.006952734197796394
53-7065.00,23889,0.011109383516039625,0.003063592647816183
53-7065.00,23890,0.049729328001193035,0.012867988101242251
53-7065.00,23891,0.01742481091112572,0.003356663485459239
53-7065.00,23892,0.026593855888061384,0.006990103620031927
53-7065.00,23893,0.00909503962857887,0.001994569175758799
53-7065.00,23894,0.02037568114298698,0.0023746079851320397
53-7065.00,23895,0.04985048198899444,0.009803884943138018
53-7065.00,23897,0.012934902349270335,0.006202355669808756
53-7065.00,23898,0.01670981865629689,0.00393390064670481
53-7065.00,23899,0.03924465212112913,0.008037431292262982
53-7065.00,23900,0.048781157435322915,0.012452537951525369
11-9199.11,23901,0.11583895983299193,0.0
17-2111.02,23902,0.031088576112460665,0.0
19-1013.00,23903,0.05301022206851828,0.0
19-1029.02,23904,0.006278937849944436,0.0
19-1029.02,23905,0.027333340922281592,0.0
19-2041.02,23907,0.003073484128397804,0.0
21-1014.00,23908,0.005540982325109973,0.0
21-1014.00,23909,0.0067969217577822545,0.0
21-1022.00,23910,0.05948566723037154,0.0
25-1113.00,23911,0.011162044076422661,0.006930669039091038
27-2023.00,23912,0.05906572206459641,0.0
29-1031.00,23913,0.12539210702813722,0.0
29-1031.00,23914,0.09711336012845767,0.0
29-1031.00,23915,0.10595933011652649,0.0
29-1031.00,23916,0.016006188802607978,0.0
29-1031.00,23917,0.005808206753585003,0.0
29-1122.01,23918,0.05244189371769229,0.0
29-1161.00,23919,0.016568311954113884,0.0
29-1229.02,23920,0.01167845555553403,0.0
29-2051.00,23922,0.107054701555441,0.01881636899449344
29-2051.00,23923,0.050252594132399825,0.010243583450474802
29-2052.00,23924,0.07307463677018983,0.00720998833903692
29-9091.00,23925,0.048394622122377086,0.005483216419079214
29-9099.01,23926,0.032807459016958314,0.007360879567937284
29-9099.01,23927,0.025071917735250474,0.0074047715171375785
31-9011.00,23928,0.07684117872594591,0.0
35-9011.00,23929,0.07409756774535539,0.007463656484531502
39-4011.00,23930,0.05019452371819723,0.01253540989292003
41-9012.00,23931,0.6871043896491663,0.08964008107461208
47-2043.00,23933,0.13185193224521333,0.019487252519512447
49-3052.00,23934,0.08326912658619352,0.01472626370433959
49-9041.00,23935,0.01190816609210566,0.003013571879092949
49-9097.00,23936,0.06331133575437457,0.015772002007887826
51-4081.00,23937,0.003811343810371556,0.0011976322894865507
51-4111.00,23938,0.07213997520881216,0.01470769075567035
53-2022.00,23939,0.07416919942872552,0.009815815098346947
53-2022.00,23940,0.08995043012258311,0.013442189431606827
53-2022.00,23941,0.02454275154009893,0.008181300205987938
53-2031.00,23942,0.06252113226359006,0.006132227753694365
11-9179.01,23945,0.01850335661301462,0.0
17-2199.05,23946,0.10706611793479992,0.03593228714823335
17-2199.05,23947,0.08460895323115325,0.04044369510267228
17-2199.05,23948,0.023789887971384812,0.009622165085331197
19-3094.00,23949,0.08696794245852096,0.0
19-3094.00,23950,0.03636471418299189,0.0
27-3031.00,23951,0.1793122704268838,0.0
29-1127.00,23952,0.004618579036325921,0.0021655572530523237
43-3051.00,23954,0.023562952357059113,0.019080166104400147
49-3031.00,23955,0.059206611802264955,0.024572982990244793
17-2071.00,23956,0.07872390227694752,0.03815659164685748
19-1023.00,23958,0.03056812907530959,0.00929857352236646
19-1031.03,23959,0.02671841347071089,0.017677189661551098
19-1031.03,23960,0.020659090830821958,0.008820337508744355
19-1041.00,23961,0.049518378634559886,0.0
19-1041.00,23962,0.04946042268502255,0.0
19-3041.00,23963,0.018378737782196335,0.0
19-3041.00,23964,0.009533263949780093,0.0
19-4092.00,23965,0.025584744316869537,0.01636348330467621
19-4092.00,23966,0.011288121351947348,0.005537253804238875
19-4092.00,23969,0.029596650659524243,0.01370935174500059
27-1024.00,23970,0.048434431536682344,0.0
27-1024.00,23971,0.03213263968363615,0.0
27-1024.00,23972,0.008768825427068392,0.0
29-1023.00,23973,0.11609698440166362,0.009610168706955817
29-2035.00,23974,0.08051666778804026,0.0
29-2035.00,23975,0.02827340316269208,0.0
33-3012.00,23976,0.026046223545290067,0.0060108558732907946
47-3013.00,23977,0.0011688679235069476,0.0005581761688062035
47-5071.00,23978,0.15051778537094404,0.09701186312714806
47-5071.00,23979,0.11447539387764197,0.03229934604693581
49-9062.00,23980,0.1067418822463899,0.01591477505749131
51-6061.00,23982,0.052158451174721905,0.013844020747275046
51-9023.00,23983,0.04378884791021072,0.005889653207582414
11-9171.00,23984,0.07648541339874239,0.02263319196185861
13-1141.00,23985,0.058032870663373294,0.0
15-2031.00,23986,0.03968155814921246,0.0
17-2081.00,23987,0.002107859723947466,0.0
19-3011.00,23988,0.10587647184127659,0.0
19-5011.00,23989,0.0674722613569812,0.0
21-1012.00,23990,0.11958639793142967,0.022747810675966314
21-1012.00,23991,0.016703703921085875,0.0061561409769802684
23-1011.00,23992,0.047931339525925085,0.011986170506255032
23-2011.00,23994,0.21981038515314671,0.03813782633085372
27-1025.00,23995,0.047817628581747415,0.0
29-1024.00,23996,0.17869186083594946,0.02028978212225253
33-3021.06,23997,0.04430166712602332,0.0
51-4034.00,23998,0.05032549248491086,0.009933229683946302
51-4034.00,23999,0.03383889948607495,0.004204565942968151
51-6042.00,24000,0.08608543458688381,0.02049586157965542
15-2021.00,24002,0.08137165654189098,0.0
17-2041.00,24003,0.024709364954848146,0.0
17-2111.02,24004,0.1884558748097222,0.0
25-1061.00,24005,0.0017964317071372724,0.0
27-1012.00,24006,0.03920521680621676,0.0
33-3021.02,24007,0.03285262509019259,0.007458419952503784
39-5091.00,24008,0.13210756659208744,0.0
39-6012.00,24009,0.03596198785797699,0.0
39-6012.00,24010,0.017303957860778343,0.0
